price_t0,price_t1,price_t2,price_t3,price_t4,price_t5,price_t6,price_t7,price_t8,price_t9,crossings_05,price_early,price_mid,price_late,duration_minutes,volume,coin,label
0.505,0.485,0.485,0.495,0.495,0.485,0.495,0.51,0.505,0.535,4,0.495,0.495,0.52,60,25225.208139999995,0,0
0.49,0.505,0.505,0.505,0.505,0.52,0.5,0.505,0.505,0.535,1,0.505,0.515,0.535,60,30311.146416000003,0,1
0.505,0.505,0.505,0.505,0.515,0.505,0.475,0.475,0.48,0.465,1,0.505,0.515,0.48,60,55101.40322400007,0,0
0.49,0.495,0.49,0.49,0.49,0.49,0.535,0.535,0.535,0.535,1,0.495,0.49,0.535,60,48818.67662500001,0,0
0.505,0.505,0.505,0.505,0.505,0.52,0.535,0.52,0.535,0.535,0,0.505,0.52,0.535,60,5641.994219999997,0,0
0.505,0.505,0.505,0.505,0.505,0.505,0.505,0.505,0.505,0.505,2,0.505,0.505,0.505,60,25643.539291,0,0
0.495,0.505,0.505,0.505,0.505,0.505,0.505,0.505,0.485,0.485,2,0.505,0.505,0.48,60,29655.569916999997,0,1
0.505,0.5,0.495,0.495,0.5,0.5,0.5,0.495,0.465,0.475,3,0.505,0.5,0.475,60,91969.10561299998,0,0
0.505,0.5,0.505,0.505,0.495,0.495,0.495,0.48,0.48,0.485,1,0.505,0.495,0.48,60,22663.891808000008,0,1
0.5,0.505,0.505,0.505,0.5,0.5,0.495,0.485,0.49,0.455,3,0.505,0.5,0.48,60,32870.679532999944,0,0
0.52,0.52,0.515,0.515,0.515,0.515,0.515,0.515,0.495,0.475,1,0.52,0.515,0.485,60,40883.080271999985,0,1
0.51,0.52,0.52,0.515,0.52,0.52,0.505,0.515,0.545,0.535,0,0.52,0.52,0.525,60,36448.06999799997,0,0
0.5,0.495,0.495,0.495,0.51,0.5,0.5,0.495,0.495,0.485,3,0.495,0.51,0.495,60,57797.76470100004,0,0
0.5,0.505,0.505,0.505,0.505,0.505,0.505,0.505,0.485,0.465,1,0.505,0.505,0.465,60,43140.46792000001,0,0
0.505,0.505,0.505,0.505,0.485,0.485,0.49,0.49,0.49,0.485,1,0.505,0.485,0.49,60,22085.899143999995,0,1
0.505,0.505,0.505,0.505,0.5,0.51,0.5,0.49,0.475,0.475,5,0.535,0.5,0.49,60,28792.55634300002,0,0
0.505,0.535,0.535,0.535,0.535,0.535,0.545,0.535,0.545,0.535,0,0.535,0.535,0.545,60,44859.98736700009,0,1
0.535,0.52,0.52,0.52,0.52,0.53,0.53,0.53,0.545,0.515,0,0.535,0.53,0.54,60,32454.10850900007,0,0
0.535,0.545,0.545,0.545,0.545,0.545,0.545,0.555,0.565,0.555,0,0.545,0.545,0.575,60,72761.43119699998,0,0
0.5,0.52,0.53,0.52,0.505,0.505,0.505,0.52,0.515,0.52,0,0.52,0.505,0.51,60,26874.321997000017,0,1
0.505,0.505,0.505,0.505,0.515,0.515,0.515,0.515,0.505,0.5,0,0.505,0.515,0.505,60,30881.398191000095,0,0
0.51,0.515,0.535,0.535,0.54,0.535,0.535,0.54,0.545,0.545,0,0.51,0.54,0.545,60,54313.92527599989,0,1
0.505,0.505,0.525,0.525,0.515,0.515,0.515,0.49,0.495,0.495,1,0.505,0.515,0.495,60,22621.107811,0,0
0.505,0.505,0.5,0.485,0.485,0.485,0.485,0.485,0.505,0.475,5,0.505,0.485,0.505,60,29260.844815999986,0,1
0.505,0.505,0.505,0.505,0.505,0.505,0.505,0.505,0.49,0.535,2,0.505,0.505,0.505,60,33019.726123000015,0,0
0.505,0.505,0.505,0.505,0.505,0.505,0.505,0.505,0.505,0.505,0,0.505,0.505,0.52,60,24726.448564000017,0,0
0.505,0.505,0.505,0.505,0.505,0.505,0.505,0.505,0.505,0.535,0,0.505,0.505,0.51,60,46076.54830600002,0,0
0.5,0.505,0.505,0.5,0.495,0.5,0.5,0.495,0.495,0.49,7,0.505,0.495,0.48,60,120450.39854899993,0,0
0.5,0.505,0.505,0.505,0.505,0.505,0.505,0.52,0.505,0.495,1,0.505,0.505,0.485,60,108437.17870599986,0,0
0.505,0.505,0.505,0.505,0.505,0.505,0.505,0.505,0.505,0.495,1,0.505,0.505,0.5,60,89369.97428899998,0,1
0.505,0.52,0.505,0.52,0.505,0.505,0.505,0.505,0.505,0.515,0,0.52,0.505,0.505,60,45227.11377499997,0,0
0.505,0.52,0.52,0.52,0.52,0.52,0.52,0.52,0.52,0.525,0,0.505,0.52,0.52,60,33180.408479000005,0,0
0.495,0.495,0.495,0.495,0.495,0.495,0.495,0.485,0.485,0.48,0,0.495,0.495,0.48,60,75452.284339,0,0
0.505,0.525,0.525,0.525,0.525,0.515,0.515,0.515,0.515,0.49,1,0.52,0.525,0.505,60,32609.59797000003,0,1
0.505,0.505,0.505,0.505,0.52,0.52,0.52,0.505,0.545,0.545,0,0.505,0.505,0.54,60,29661.010218000032,0,0
0.505,0.505,0.505,0.505,0.505,0.48,0.48,0.475,0.485,0.475,1,0.52,0.48,0.465,60,36790.762686000046,0,0
0.485,0.485,0.485,0.485,0.495,0.495,0.495,0.495,0.465,0.495,2,0.485,0.495,0.465,60,37968.31568699997,0,0
0.5,0.48,0.48,0.485,0.485,0.485,0.49,0.49,0.485,0.475,1,0.48,0.485,0.49,60,25318.838153000008,0,0
0.505,0.505,0.52,0.52,0.505,0.515,0.505,0.495,0.495,0.465,3,0.505,0.52,0.465,60,29512.312526000045,0,1
0.5,0.505,0.505,0.505,0.52,0.52,0.52,0.52,0.515,0.535,0,0.505,0.52,0.535,60,27066.972882000005,0,1
0.505,0.505,0.505,0.505,0.505,0.505,0.505,0.5,0.5,0.515,4,0.505,0.505,0.495,60,31937.440725999997,0,0
0.495,0.505,0.505,0.505,0.505,0.505,0.505,0.505,0.505,0.505,5,0.505,0.505,0.505,60,23513.124751000014,0,1
0.505,0.505,0.505,0.505,0.495,0.49,0.49,0.505,0.505,0.505,4,0.505,0.49,0.505,60,37659.063038000015,0,1
0.5,0.505,0.505,0.505,0.505,0.505,0.505,0.51,0.515,0.535,0,0.505,0.505,0.525,60,31108.337968000033,0,0
0.505,0.505,0.505,0.505,0.505,0.505,0.5,0.505,0.505,0.51,0,0.505,0.505,0.505,60,52851.71340500004,0,0
0.495,0.495,0.495,0.495,0.495,0.495,0.495,0.5,0.505,0.49,2,0.495,0.495,0.505,60,62227.00801899996,0,1
0.505,0.505,0.505,0.505,0.505,0.48,0.48,0.485,0.465,0.455,1,0.505,0.505,0.47,60,47122.186346000024,0,1
0.5,0.505,0.505,0.505,0.5,0.5,0.5,0.475,0.475,0.465,3,0.505,0.5,0.47,60,31747.877731000004,0,1
0.505,0.505,0.505,0.505,0.505,0.495,0.495,0.495,0.495,0.46,5,0.505,0.495,0.485,60,28940.93276100002,0,1
0.5,0.505,0.505,0.505,0.485,0.485,0.47,0.47,0.465,0.445,1,0.505,0.485,0.465,60,47783.08487999997,0,0
0.505,0.505,0.505,0.505,0.505,0.505,0.495,0.495,0.495,0.475,5,0.505,0.505,0.495,60,47010.712432,0,1
0.5,0.495,0.495,0.495,0.495,0.445,0.445,0.465,0.465,0.49,1,0.495,0.445,0.465,60,34208.96882600001,0,1
0.505,0.51,0.51,0.51,0.51,0.51,0.535,0.535,0.525,0.545,0,0.51,0.51,0.53,60,27557.61855599997,0,1
0.525,0.525,0.525,0.525,0.525,0.525,0.525,0.545,0.545,0.545,0,0.525,0.525,0.545,60,38793.02227899999,0,0
0.505,0.505,0.505,0.505,0.505,0.545,0.545,0.545,0.53,0.515,2,0.505,0.525,0.515,60,69361.18968799997,0,1
0.5,0.505,0.505,0.505,0.505,0.505,0.5,0.505,0.52,0.545,0,0.505,0.505,0.54,60,43057.57587200007,0,0
0.505,0.505,0.505,0.505,0.505,0.505,0.505,0.505,0.51,0.535,0,0.505,0.505,0.535,60,24903.812564000014,0,0
0.505,0.505,0.505,0.505,0.505,0.505,0.505,0.505,0.5,0.53,2,0.505,0.505,0.51,60,46312.86405100005,0,0
0.505,0.505,0.51,0.51,0.51,0.51,0.51,0.51,0.53,0.535,0,0.505,0.51,0.535,60,56475.175029999984,0,0
0.5,0.5,0.5,0.5,0.515,0.52,0.52,0.505,0.535,0.525,0,0.505,0.515,0.515,60,33956.84496399998,0,1
0.505,0.505,0.505,0.5,0.5,0.5,0.5,0.5,0.515,0.53,4,0.505,0.5,0.515,60,44424.29413499996,0,0
0.5,0.495,0.495,0.495,0.495,0.495,0.48,0.495,0.475,0.465,1,0.495,0.495,0.46,60,62021.067055999985,0,0
0.505,0.52,0.525,0.515,0.525,0.525,0.51,0.535,0.545,0.555,0,0.515,0.515,0.55,60,37450.38059799998,0,1
0.505,0.505,0.505,0.505,0.505,0.505,0.505,0.505,0.505,0.515,0,0.505,0.505,0.505,60,55568.133803999975,0,0
0.5,0.505,0.505,0.505,0.505,0.505,0.505,0.535,0.535,0.545,0,0.505,0.505,0.535,60,32292.325120999987,0,0
0.505,0.5,0.5,0.495,0.495,0.495,0.495,0.495,0.515,0.535,2,0.5,0.495,0.525,60,35129.624053,0,0
0.505,0.495,0.495,0.495,0.495,0.495,0.495,0.495,0.495,0.505,2,0.495,0.495,0.495,60,34647.22466999999,0,0
0.505,0.505,0.505,0.505,0.505,0.505,0.505,0.505,0.505,0.505,0,0.505,0.505,0.505,60,32529.27055200002,0,0
0.505,0.505,0.505,0.505,0.505,0.505,0.515,0.515,0.515,0.515,0,0.505,0.505,0.515,60,44052.93048799997,0,1
0.495,0.495,0.495,0.495,0.495,0.495,0.495,0.5,0.505,0.525,3,0.495,0.495,0.505,60,28747.631661000007,0,1
0.5,0.505,0.505,0.505,0.505,0.505,0.505,0.505,0.515,0.525,0,0.505,0.505,0.525,60,31541.255542000003,0,1
0.5,0.505,0.505,0.505,0.505,0.505,0.505,0.505,0.505,0.505,0,0.505,0.505,0.52,60,89760.15638599987,0,0
0.505,0.505,0.505,0.505,0.505,0.51,0.505,0.515,0.51,0.515,2,0.51,0.505,0.51,60,61920.241590000114,0,0
0.505,0.505,0.5,0.5,0.5,0.5,0.5,0.515,0.535,0.545,0,0.505,0.5,0.535,60,38264.88765000002,0,1
0.505,0.475,0.475,0.475,0.475,0.475,0.48,0.485,0.495,0.485,5,0.475,0.475,0.5,60,25299.820230999998,0,0
0.5,0.5,0.495,0.5,0.5,0.495,0.495,0.495,0.495,0.465,11,0.495,0.5,0.48,60,22044.670660000036,0,0
0.505,0.505,0.505,0.505,0.505,0.5,0.505,0.495,0.495,0.465,3,0.505,0.505,0.475,60,37508.56643899995,0,1
0.5,0.505,0.505,0.505,0.505,0.5,0.505,0.505,0.505,0.51,0,0.505,0.505,0.505,60,34184.00770299999,0,1
0.5,0.49,0.49,0.49,0.495,0.495,0.495,0.505,0.505,0.525,2,0.495,0.495,0.505,60,57300.809477000046,0,1
0.495,0.495,0.495,0.495,0.495,0.495,0.495,0.495,0.495,0.455,0,0.495,0.495,0.495,60,79558.68616000004,0,0
0.495,0.495,0.495,0.495,0.485,0.47,0.475,0.475,0.495,0.48,0,0.495,0.48,0.495,60,55919.325799999955,0,0
0.505,0.505,0.505,0.505,0.505,0.505,0.485,0.465,0.465,0.45,1,0.505,0.505,0.48,60,32681.34801200002,0,1
0.5,0.495,0.495,0.495,0.495,0.495,0.49,0.49,0.455,0.415,1,0.495,0.495,0.435,60,41625.267835000006,0,0
0.505,0.505,0.505,0.505,0.505,0.505,0.505,0.505,0.515,0.495,1,0.505,0.505,0.495,60,35743.959689,0,1
0.5,0.505,0.505,0.505,0.505,0.505,0.505,0.505,0.505,0.495,1,0.505,0.505,0.505,60,38367.423491999965,0,1
0.505,0.505,0.505,0.505,0.505,0.505,0.505,0.525,0.525,0.525,0,0.505,0.505,0.52,60,44729.56386899993,0,1
0.505,0.505,0.505,0.505,0.505,0.505,0.515,0.515,0.49,0.465,1,0.505,0.52,0.475,60,66377.53830399983,0,0
0.505,0.505,0.505,0.505,0.505,0.505,0.505,0.505,0.505,0.5,0,0.505,0.505,0.505,60,41195.09463599999,0,0
0.505,0.505,0.505,0.505,0.505,0.505,0.505,0.505,0.5,0.535,0,0.505,0.505,0.505,60,38879.106568,0,1
0.505,0.505,0.505,0.505,0.505,0.505,0.49,0.49,0.505,0.505,4,0.505,0.505,0.505,60,269289.539335,0,1
0.505,0.505,0.505,0.515,0.515,0.525,0.525,0.525,0.525,0.525,0,0.505,0.515,0.525,60,73138.22454800003,0,1
0.5,0.495,0.495,0.495,0.495,0.495,0.495,0.505,0.505,0.505,2,0.495,0.495,0.505,60,61550.57123800003,0,0
0.495,0.495,0.495,0.495,0.495,0.495,0.495,0.505,0.505,0.485,2,0.495,0.495,0.505,60,88348.70852899997,0,0
0.495,0.495,0.5,0.5,0.495,0.495,0.505,0.505,0.505,0.515,3,0.495,0.495,0.505,60,64270.78670500007,0,1
0.485,0.495,0.495,0.495,0.495,0.495,0.495,0.495,0.495,0.525,3,0.495,0.495,0.505,60,38382.31038599994,0,0
0.505,0.505,0.505,0.505,0.505,0.505,0.505,0.51,0.505,0.51,2,0.505,0.505,0.5,60,50047.316184999996,0,1
0.505,0.505,0.505,0.505,0.505,0.505,0.505,0.505,0.505,0.505,0,0.505,0.505,0.505,60,32155.448384000032,0,1
0.49,0.495,0.49,0.49,0.49,0.49,0.49,0.49,0.49,0.465,0,0.495,0.49,0.49,60,35906.28469599997,0,1
0.505,0.52,0.52,0.52,0.52,0.52,0.52,0.505,0.505,0.505,0,0.52,0.52,0.505,60,32085.158959999986,0,1
0.505,0.505,0.505,0.515,0.535,0.535,0.535,0.51,0.525,0.55,0,0.505,0.535,0.545,60,54210.04226199996,0,0
0.5,0.505,0.505,0.505,0.545,0.545,0.545,0.54,0.535,0.54,0,0.5,0.545,0.545,60,43184.242265000015,0,0
0.495,0.495,0.495,0.495,0.495,0.495,0.495,0.495,0.495,0.495,0,0.495,0.495,0.495,60,24242.970139000023,0,0
0.495,0.5,0.495,0.495,0.49,0.49,0.485,0.485,0.485,0.475,4,0.5,0.49,0.485,60,35372.35575600001,0,0
0.505,0.505,0.505,0.5,0.5,0.5,0.5,0.505,0.505,0.495,1,0.505,0.5,0.5,60,19091.993956999988,0,1
0.495,0.5,0.5,0.505,0.48,0.475,0.475,0.475,0.465,0.47,2,0.5,0.475,0.475,60,33816.989116,0,0
0.505,0.505,0.505,0.525,0.525,0.525,0.525,0.525,0.505,0.495,1,0.505,0.525,0.505,60,19321.453919000003,0,1
0.505,0.505,0.505,0.505,0.505,0.5,0.5,0.51,0.505,0.525,4,0.505,0.5,0.505,60,47051.82251999999,0,0
0.505,0.505,0.505,0.505,0.505,0.505,0.515,0.49,0.485,0.51,4,0.505,0.505,0.505,60,43420.13932800001,0,1
0.5,0.535,0.545,0.545,0.545,0.545,0.545,0.52,0.535,0.535,0,0.535,0.545,0.515,60,44872.28279500002,0,1
0.505,0.505,0.505,0.505,0.52,0.535,0.515,0.52,0.515,0.525,6,0.505,0.535,0.495,60,58711.17477500004,0,0
0.505,0.525,0.515,0.525,0.525,0.525,0.525,0.515,0.525,0.535,0,0.525,0.525,0.53,60,54808.430538000015,0,0
0.505,0.505,0.505,0.515,0.51,0.525,0.53,0.53,0.565,0.495,1,0.505,0.515,0.565,60,74343.72626699999,0,0
0.505,0.505,0.505,0.505,0.51,0.51,0.52,0.515,0.535,0.53,0,0.505,0.51,0.53,60,35103.49543,0,0
0.505,0.505,0.505,0.505,0.505,0.505,0.505,0.505,0.505,0.525,0,0.505,0.505,0.505,60,57965.52942500002,0,0
0.495,0.515,0.505,0.505,0.505,0.53,0.525,0.53,0.505,0.48,2,0.515,0.53,0.485,60,35698.04794400004,0,0
0.505,0.505,0.505,0.505,0.505,0.505,0.505,0.505,0.505,0.495,1,0.505,0.505,0.535,60,42777.189063,0,1
0.495,0.495,0.495,0.495,0.495,0.495,0.495,0.505,0.505,0.505,1,0.495,0.495,0.505,60,34160.102420999996,0,1
0.5,0.5,0.5,0.5,0.495,0.5,0.5,0.505,0.525,0.495,3,0.5,0.5,0.515,60,42991.22415099995,0,0
0.505,0.505,0.505,0.505,0.505,0.505,0.505,0.505,0.505,0.505,0,0.505,0.505,0.505,60,69142.24053900006,0,0
0.5,0.51,0.505,0.505,0.505,0.505,0.505,0.505,0.495,0.495,1,0.5,0.505,0.495,60,36971.256808000006,0,0
0.505,0.52,0.505,0.505,0.52,0.535,0.535,0.515,0.52,0.52,0,0.515,0.52,0.525,60,51824.22779600005,0,0
0.5,0.505,0.505,0.495,0.495,0.495,0.495,0.495,0.495,0.495,1,0.505,0.485,0.495,60,48222.20337000001,0,0
0.5,0.515,0.515,0.515,0.515,0.51,0.505,0.49,0.48,0.525,2,0.525,0.515,0.475,60,47336.84899700001,0,1
0.505,0.505,0.505,0.505,0.52,0.535,0.535,0.535,0.535,0.545,0,0.505,0.535,0.535,60,63053.742844999884,0,0
0.5,0.505,0.495,0.505,0.54,0.535,0.535,0.505,0.515,0.54,2,0.505,0.535,0.515,60,33634.815364999995,0,1
0.505,0.505,0.505,0.545,0.545,0.545,0.52,0.535,0.535,0.53,0,0.505,0.545,0.535,60,33696.98125400001,0,0
0.505,0.505,0.505,0.525,0.525,0.52,0.52,0.535,0.535,0.545,0,0.505,0.515,0.535,60,52865.89661399995,0,0
0.505,0.505,0.505,0.505,0.505,0.505,0.505,0.505,0.505,0.515,0,0.505,0.505,0.515,60,34146.52139099999,0,0
0.505,0.475,0.485,0.49,0.49,0.49,0.49,0.485,0.475,0.475,3,0.505,0.49,0.47,60,65879.10825599993,0,0
0.505,0.505,0.505,0.505,0.505,0.505,0.495,0.49,0.475,0.445,3,0.505,0.505,0.515,60,71371.60031800001,0,0
0.495,0.495,0.5,0.5,0.5,0.5,0.5,0.495,0.485,0.455,8,0.495,0.5,0.475,60,72725.51346500008,0,1
0.495,0.495,0.52,0.52,0.52,0.52,0.505,0.5,0.495,0.505,3,0.495,0.51,0.485,60,89270.92435499988,0,0
0.5,0.515,0.515,0.515,0.525,0.535,0.535,0.555,0.555,0.525,2,0.505,0.535,0.55,60,56829.84704600003,0,0
0.505,0.505,0.505,0.505,0.505,0.495,0.495,0.495,0.515,0.495,5,0.505,0.505,0.5,60,39847.16863899998,0,0
0.5,0.5,0.505,0.495,0.495,0.495,0.49,0.49,0.485,0.475,3,0.495,0.495,0.48,60,41358.18153099998,0,0
0.505,0.525,0.525,0.525,0.525,0.525,0.525,0.525,0.54,0.545,0,0.525,0.525,0.525,60,39951.17769699999,0,1
0.5,0.495,0.495,0.495,0.515,0.495,0.495,0.495,0.495,0.475,3,0.495,0.5,0.47,60,38841.53081499999,0,1
0.505,0.525,0.51,0.52,0.52,0.515,0.535,0.505,0.505,0.535,0,0.505,0.505,0.515,60,50439.372988,0,1
0.5,0.525,0.525,0.535,0.515,0.495,0.495,0.535,0.535,0.5,2,0.505,0.495,0.505,60,70969.81358900001,0,0
0.5,0.505,0.505,0.505,0.505,0.51,0.525,0.52,0.535,0.54,0,0.505,0.505,0.535,60,82086.44568399999,0,0
0.495,0.495,0.5,0.5,0.505,0.51,0.515,0.52,0.52,0.545,1,0.495,0.505,0.535,60,44535.96788500009,0,0
0.505,0.535,0.52,0.5,0.485,0.5,0.5,0.475,0.485,0.465,5,0.515,0.5,0.48,60,35057.55854899997,0,1
0.49,0.485,0.485,0.49,0.49,0.505,0.505,0.505,0.515,0.51,7,0.485,0.49,0.515,60,43646.48475899999,0,1
0.505,0.505,0.505,0.495,0.495,0.495,0.495,0.495,0.495,0.475,1,0.505,0.495,0.495,60,22487.263951999976,0,0
0.5,0.495,0.495,0.495,0.495,0.48,0.48,0.48,0.475,0.465,1,0.495,0.495,0.475,60,34461.46845200001,0,0
0.505,0.505,0.505,0.505,0.505,0.5,0.5,0.51,0.505,0.505,6,0.505,0.495,0.505,60,24280.72913999997,0,0
0.51,0.495,0.495,0.495,0.495,0.495,0.495,0.495,0.485,0.485,1,0.495,0.495,0.485,60,37763.01006700002,0,1
0.505,0.505,0.505,0.505,0.505,0.495,0.495,0.495,0.495,0.495,3,0.505,0.495,0.495,60,23458.763525000006,0,1
0.505,0.505,0.49,0.49,0.49,0.49,0.49,0.515,0.525,0.535,4,0.505,0.49,0.52,60,46911.11118200004,0,1
0.495,0.495,0.495,0.495,0.495,0.495,0.495,0.5,0.495,0.49,2,0.495,0.495,0.485,60,172517.0408,0,0
0.505,0.515,0.52,0.52,0.515,0.535,0.54,0.565,0.565,0.565,0,0.515,0.525,0.565,60,50061.724196999996,0,1
0.505,0.525,0.525,0.525,0.525,0.525,0.52,0.505,0.515,0.535,0,0.505,0.525,0.515,60,38086.890151000036,0,0
0.5,0.505,0.505,0.505,0.515,0.525,0.52,0.525,0.515,0.525,0,0.505,0.525,0.52,60,31031.14471899997,0,0
0.495,0.495,0.495,0.495,0.495,0.495,0.495,0.505,0.495,0.5,3,0.495,0.495,0.495,60,31159.721263,0,0
0.485,0.52,0.52,0.52,0.52,0.52,0.515,0.505,0.505,0.505,1,0.515,0.52,0.51,60,33601.399262999985,0,0
0.505,0.48,0.485,0.485,0.485,0.48,0.48,0.495,0.465,0.465,1,0.485,0.48,0.475,60,38916.181297,0,1
0.5,0.495,0.495,0.495,0.495,0.495,0.495,0.5,0.505,0.5,2,0.495,0.495,0.505,60,64418.2250849999,0,1
0.51,0.495,0.495,0.485,0.485,0.485,0.485,0.495,0.495,0.48,1,0.495,0.485,0.495,60,50667.649956000016,0,1
0.5,0.505,0.505,0.505,0.505,0.505,0.535,0.535,0.535,0.535,2,0.505,0.505,0.535,60,74763.30012499986,0,0
0.505,0.505,0.505,0.51,0.46,0.465,0.46,0.495,0.495,0.505,2,0.505,0.46,0.495,60,107160.41362499996,0,0
0.505,0.515,0.515,0.52,0.505,0.52,0.515,0.505,0.505,0.505,4,0.515,0.505,0.5,60,86404.74546899993,0,1
0.495,0.445,0.445,0.46,0.455,0.45,0.45,0.495,0.495,0.495,0,0.445,0.45,0.495,60,39674.84707000001,0,1
0.515,0.505,0.51,0.485,0.515,0.515,0.515,0.515,0.515,0.505,2,0.515,0.515,0.525,60,67770.983927,0,0
0.5,0.495,0.495,0.46,0.485,0.49,0.49,0.495,0.49,0.465,3,0.495,0.485,0.465,60,69851.38240399992,0,1
0.505,0.495,0.465,0.465,0.465,0.465,0.465,0.455,0.465,0.445,1,0.495,0.465,0.465,60,71214.79972000005,0,0
0.5,0.495,0.495,0.495,0.495,0.495,0.495,0.505,0.505,0.48,5,0.495,0.495,0.48,60,80671.53312799995,0,1
0.5,0.495,0.495,0.495,0.485,0.49,0.485,0.485,0.48,0.475,3,0.495,0.485,0.505,60,94186.82808800005,0,1
0.495,0.51,0.5,0.49,0.495,0.49,0.475,0.48,0.485,0.455,8,0.495,0.51,0.465,60,40573.370286999976,0,1
0.495,0.485,0.485,0.485,0.495,0.495,0.47,0.475,0.475,0.475,0,0.485,0.495,0.475,60,34175.38122700003,0,1
0.5,0.505,0.505,0.505,0.475,0.475,0.475,0.475,0.485,0.475,3,0.505,0.475,0.475,60,40612.907238999986,0,0
0.5,0.455,0.45,0.465,0.465,0.465,0.465,0.465,0.465,0.465,1,0.495,0.465,0.465,60,55724.689076999995,0,1
0.505,0.495,0.495,0.5,0.5,0.505,0.505,0.5,0.495,0.495,3,0.495,0.505,0.495,60,43273.62351599997,0,1
0.505,0.505,0.505,0.505,0.505,0.505,0.505,0.505,0.505,0.455,1,0.505,0.505,0.47,60,27832.118647,0,0
0.495,0.465,0.465,0.465,0.445,0.445,0.455,0.43,0.455,0.455,0,0.465,0.445,0.455,60,48203.37448299995,0,0
0.5,0.49,0.475,0.46,0.465,0.46,0.465,0.465,0.465,0.45,1,0.49,0.46,0.455,60,43672.80660299997,0,0
0.5,0.49,0.49,0.475,0.475,0.45,0.445,0.465,0.465,0.43,1,0.49,0.47,0.465,60,45897.47420900006,0,1
0.5,0.49,0.49,0.46,0.46,0.46,0.475,0.485,0.485,0.45,1,0.49,0.46,0.485,60,47649.41681200002,0,1
0.5,0.505,0.505,0.505,0.505,0.455,0.455,0.45,0.445,0.45,1,0.505,0.505,0.455,60,52343.23655099999,0,1
0.5,0.495,0.495,0.495,0.495,0.495,0.495,0.495,0.495,0.435,1,0.495,0.495,0.465,60,40887.19464000001,0,0
0.5,0.49,0.49,0.51,0.495,0.5,0.485,0.51,0.54,0.545,6,0.485,0.5,0.52,60,34785.273018,0,1
0.505,0.505,0.505,0.505,0.505,0.505,0.505,0.475,0.485,0.465,1,0.505,0.505,0.465,60,30031.883069000014,0,0
0.5,0.505,0.505,0.505,0.505,0.505,0.515,0.515,0.515,0.535,0,0.505,0.505,0.53,60,38659.28189600001,0,0
0.505,0.505,0.505,0.5,0.5,0.5,0.5,0.495,0.495,0.515,2,0.505,0.5,0.495,60,40972.56804800004,0,0
0.5,0.505,0.505,0.5,0.5,0.5,0.5,0.505,0.505,0.505,0,0.505,0.5,0.51,60,125923.92266999994,0,0
0.505,0.505,0.505,0.5,0.495,0.5,0.5,0.445,0.415,0.51,4,0.505,0.5,0.49,60,54702.592006000006,0,1
0.505,0.505,0.505,0.505,0.505,0.505,0.51,0.505,0.495,0.495,3,0.505,0.505,0.51,60,53152.65578899994,0,1
0.485,0.505,0.51,0.535,0.535,0.535,0.535,0.535,0.535,0.535,1,0.51,0.535,0.51,60,74713.04766299996,0,1
0.5,0.495,0.495,0.525,0.505,0.48,0.495,0.495,0.485,0.475,3,0.495,0.495,0.485,60,78214.48419699994,0,0
0.495,0.495,0.495,0.495,0.495,0.485,0.485,0.48,0.465,0.46,4,0.495,0.495,0.46,60,84975.92246299995,0,0
0.505,0.505,0.505,0.505,0.505,0.505,0.495,0.495,0.495,0.455,1,0.505,0.505,0.495,60,63983.663395000054,0,0
0.495,0.505,0.505,0.505,0.495,0.495,0.505,0.505,0.505,0.545,3,0.505,0.495,0.505,60,75486.33311999982,0,1
0.505,0.51,0.495,0.495,0.515,0.515,0.515,0.52,0.5,0.535,4,0.51,0.515,0.495,60,30561.156820999982,0,0
0.505,0.505,0.505,0.505,0.505,0.505,0.505,0.505,0.505,0.545,0,0.505,0.505,0.535,60,80985.97210899982,0,0
0.505,0.505,0.505,0.505,0.505,0.505,0.505,0.495,0.495,0.48,5,0.505,0.505,0.5,60,73536.0322359999,0,0
0.49,0.505,0.535,0.535,0.535,0.485,0.515,0.515,0.505,0.555,3,0.505,0.485,0.515,60,74321.87960399999,0,1
0.505,0.5,0.52,0.525,0.53,0.54,0.54,0.555,0.555,0.545,2,0.495,0.54,0.545,60,74258.4987319999,0,0
0.495,0.5,0.5,0.5,0.5,0.5,0.5,0.495,0.495,0.495,8,0.505,0.5,0.5,60,110599.72012500002,0,0
0.49,0.49,0.495,0.545,0.545,0.545,0.535,0.515,0.525,0.555,1,0.49,0.545,0.525,60,44039.693164999975,0,1
0.505,0.495,0.495,0.495,0.495,0.495,0.475,0.465,0.465,0.475,1,0.495,0.495,0.49,60,47322.953709999965,0,0
0.5,0.515,0.515,0.51,0.51,0.51,0.5,0.515,0.51,0.505,2,0.515,0.51,0.505,60,38964.258556999994,0,1
0.5,0.55,0.55,0.525,0.525,0.54,0.54,0.515,0.51,0.545,0,0.505,0.52,0.505,60,73996.78342199993,0,1
0.505,0.505,0.505,0.505,0.505,0.505,0.505,0.505,0.495,0.545,4,0.505,0.505,0.475,60,27600.298195999967,0,1
0.505,0.505,0.505,0.505,0.505,0.505,0.52,0.505,0.505,0.505,0,0.505,0.505,0.505,60,45148.41190199998,0,0
0.505,0.505,0.505,0.505,0.51,0.51,0.505,0.505,0.505,0.545,2,0.505,0.51,0.495,60,65138.74816900009,0,0
0.505,0.505,0.505,0.505,0.505,0.505,0.505,0.505,0.505,0.505,0,0.505,0.505,0.505,60,48005.07282700001,0,0
0.5,0.485,0.485,0.48,0.48,0.48,0.475,0.475,0.475,0.455,1,0.485,0.485,0.465,60,57751.47035499999,0,1
0.5,0.495,0.495,0.495,0.495,0.495,0.495,0.485,0.485,0.455,1,0.495,0.495,0.465,60,72737.75880599995,0,1
0.495,0.505,0.545,0.54,0.54,0.54,0.54,0.525,0.525,0.545,1,0.505,0.54,0.535,60,57970.59253500006,0,1
0.515,0.52,0.52,0.515,0.515,0.515,0.515,0.51,0.505,0.505,0,0.52,0.515,0.505,60,8276.044502999997,1,0
0.515,0.52,0.52,0.525,0.525,0.525,0.515,0.515,0.525,0.525,0,0.52,0.525,0.525,60,5106.748644999999,1,1
0.49,0.51,0.51,0.52,0.52,0.52,0.52,0.53,0.535,0.545,1,0.505,0.52,0.535,60,10753.555318999997,1,1
0.49,0.485,0.485,0.485,0.485,0.485,0.485,0.485,0.485,0.535,1,0.485,0.485,0.48,60,7046.509469,1,0
0.495,0.485,0.485,0.485,0.485,0.485,0.485,0.465,0.465,0.465,0,0.485,0.485,0.465,60,8537.58365,1,0
0.5,0.51,0.51,0.505,0.51,0.51,0.51,0.51,0.515,0.515,0,0.51,0.51,0.515,60,2558.6109429999997,1,0
0.505,0.485,0.485,0.485,0.485,0.485,0.485,0.485,0.485,0.535,2,0.485,0.485,0.485,60,10500.120402999999,1,0
0.505,0.485,0.485,0.485,0.485,0.485,0.485,0.485,0.475,0.47,1,0.485,0.485,0.47,60,9841.902221999999,1,1
0.49,0.485,0.485,0.485,0.485,0.485,0.485,0.475,0.47,0.465,0,0.485,0.485,0.47,60,6382.477700000003,1,1
0.505,0.52,0.52,0.52,0.52,0.52,0.52,0.52,0.52,0.525,0,0.52,0.52,0.52,60,4969.021237999999,1,1
0.5,0.51,0.51,0.51,0.505,0.51,0.51,0.51,0.51,0.48,3,0.51,0.51,0.505,60,6802.402623,1,0
0.495,0.49,0.49,0.49,0.49,0.49,0.49,0.49,0.485,0.455,0,0.485,0.49,0.47,60,7130.631483000019,1,1
0.5,0.52,0.51,0.51,0.51,0.51,0.51,0.51,0.51,0.465,3,0.515,0.51,0.505,60,12926.377282999996,1,1
0.505,0.485,0.485,0.485,0.485,0.485,0.485,0.485,0.485,0.5,2,0.485,0.485,0.48,60,9221.403019000001,1,1
0.5,0.495,0.495,0.495,0.495,0.495,0.495,0.525,0.52,0.555,2,0.495,0.495,0.555,60,16569.372945000003,1,1
0.49,0.485,0.485,0.485,0.485,0.485,0.485,0.485,0.525,0.475,2,0.485,0.485,0.49,60,19048.350442999992,1,0
0.505,0.48,0.485,0.485,0.485,0.485,0.485,0.505,0.5,0.505,4,0.485,0.485,0.52,60,4038.1566369999996,1,0
0.52,0.52,0.52,0.52,0.52,0.475,0.475,0.475,0.475,0.47,1,0.52,0.52,0.47,60,6356.286370000005,1,1
0.515,0.495,0.495,0.495,0.495,0.495,0.495,0.495,0.495,0.495,1,0.495,0.495,0.495,60,8982.616818000002,1,0
0.49,0.515,0.515,0.52,0.52,0.525,0.525,0.525,0.545,0.535,1,0.515,0.525,0.525,60,7650.552937999998,1,0
0.515,0.52,0.52,0.525,0.525,0.525,0.525,0.52,0.505,0.48,1,0.52,0.525,0.505,60,7971.927697000001,1,0
0.52,0.52,0.52,0.525,0.525,0.525,0.525,0.525,0.515,0.51,0,0.52,0.525,0.51,60,12896.889625999998,1,1
0.515,0.52,0.52,0.52,0.52,0.52,0.52,0.505,0.505,0.5,2,0.52,0.52,0.5,60,4040.800013000001,1,1
0.51,0.515,0.52,0.52,0.52,0.52,0.51,0.52,0.52,0.54,0,0.515,0.52,0.52,60,4939.517615999997,1,1
0.5,0.505,0.505,0.505,0.505,0.505,0.525,0.525,0.535,0.52,0,0.505,0.505,0.51,60,8913.077684,1,0
0.5,0.515,0.515,0.505,0.505,0.505,0.505,0.505,0.505,0.535,4,0.51,0.485,0.5,60,22496.226906999986,1,0
0.505,0.52,0.52,0.485,0.485,0.485,0.485,0.485,0.485,0.48,1,0.52,0.485,0.48,60,6778.048771000001,1,1
0.52,0.52,0.52,0.52,0.52,0.52,0.51,0.49,0.465,0.465,1,0.52,0.52,0.465,60,13914.896929999997,1,0
0.49,0.5,0.5,0.5,0.5,0.5,0.5,0.5,0.475,0.465,8,0.5,0.5,0.47,60,23730.494336999996,1,1
0.515,0.52,0.52,0.52,0.52,0.52,0.515,0.51,0.535,0.5,0,0.52,0.52,0.515,60,8121.8677050000115,1,1
0.495,0.485,0.49,0.49,0.49,0.49,0.49,0.49,0.485,0.495,2,0.485,0.49,0.49,60,6398.857853000004,1,0
0.515,0.52,0.52,0.525,0.525,0.525,0.525,0.525,0.505,0.485,1,0.52,0.525,0.505,60,8974.751735,1,0
0.515,0.52,0.52,0.51,0.51,0.51,0.51,0.51,0.51,0.535,0,0.52,0.51,0.51,60,10836.191512,1,1
0.515,0.52,0.52,0.52,0.52,0.52,0.52,0.53,0.535,0.535,0,0.52,0.52,0.535,60,11980.644070000008,1,0
0.505,0.51,0.51,0.51,0.51,0.51,0.51,0.51,0.515,0.535,0,0.51,0.51,0.515,60,10263.847226,1,0
0.48,0.505,0.505,0.505,0.505,0.485,0.495,0.495,0.495,0.505,3,0.505,0.485,0.485,60,7573.285853000003,1,0
0.485,0.485,0.485,0.485,0.485,0.485,0.485,0.485,0.535,0.48,2,0.485,0.485,0.51,60,33786.33545800002,1,0
0.5,0.485,0.485,0.485,0.485,0.485,0.485,0.485,0.485,0.465,1,0.485,0.485,0.48,60,17491.639130999996,1,1
0.505,0.52,0.505,0.505,0.48,0.485,0.485,0.485,0.485,0.465,1,0.52,0.48,0.48,60,16464.800963999987,1,0
0.52,0.52,0.51,0.515,0.515,0.525,0.525,0.515,0.535,0.505,0,0.52,0.525,0.525,60,7818.5537749999985,1,0
0.505,0.485,0.485,0.485,0.485,0.485,0.485,0.475,0.475,0.465,1,0.485,0.485,0.47,60,7351.457851999996,1,1
0.52,0.52,0.52,0.525,0.525,0.525,0.525,0.53,0.535,0.535,0,0.52,0.525,0.535,60,6243.608939999999,1,1
0.505,0.485,0.485,0.485,0.485,0.485,0.485,0.485,0.485,0.475,1,0.485,0.485,0.48,60,6645.654561000006,1,0
0.51,0.505,0.52,0.505,0.505,0.505,0.505,0.485,0.465,0.465,1,0.51,0.505,0.465,60,7276.876378000002,1,0
0.505,0.48,0.485,0.485,0.485,0.485,0.485,0.485,0.475,0.47,1,0.48,0.485,0.47,60,6501.793992000004,1,1
0.505,0.505,0.48,0.495,0.505,0.475,0.475,0.435,0.435,0.49,13,0.495,0.49,0.465,60,6958.217716999999,1,1
0.52,0.51,0.51,0.51,0.51,0.505,0.505,0.505,0.505,0.465,1,0.51,0.51,0.465,60,9064.025687,1,1
0.52,0.5,0.505,0.505,0.5,0.505,0.505,0.495,0.475,0.485,3,0.5,0.505,0.47,60,7833.268493000006,1,1
0.505,0.48,0.485,0.485,0.485,0.5,0.495,0.495,0.475,0.465,9,0.485,0.505,0.465,60,10668.263016999994,1,1
0.505,0.485,0.485,0.485,0.485,0.485,0.485,0.475,0.465,0.48,1,0.485,0.485,0.48,60,10363.588705999999,1,1
0.505,0.52,0.52,0.52,0.505,0.505,0.51,0.505,0.49,0.465,1,0.52,0.505,0.48,60,6573.426606000002,1,1
0.52,0.52,0.52,0.525,0.525,0.52,0.52,0.515,0.535,0.535,0,0.52,0.525,0.535,60,11669.574810999999,1,0
0.505,0.52,0.52,0.52,0.52,0.52,0.52,0.53,0.53,0.535,0,0.52,0.52,0.535,60,12966.976778999997,1,1
0.505,0.485,0.485,0.485,0.485,0.485,0.485,0.485,0.475,0.475,1,0.485,0.485,0.475,60,12313.955998000007,1,0
0.505,0.535,0.535,0.535,0.535,0.535,0.535,0.535,0.535,0.535,0,0.535,0.535,0.535,60,12439.134467999997,1,1
0.505,0.535,0.535,0.535,0.535,0.535,0.535,0.535,0.535,0.505,0,0.535,0.535,0.505,60,10465.493662000004,1,0
0.485,0.485,0.485,0.48,0.48,0.48,0.48,0.495,0.495,0.495,0,0.485,0.48,0.495,60,9790.957324999998,1,0
0.51,0.515,0.515,0.515,0.515,0.515,0.52,0.515,0.515,0.465,1,0.515,0.52,0.465,60,5866.970350000009,1,0
0.5,0.49,0.475,0.485,0.485,0.5,0.49,0.48,0.475,0.465,7,0.49,0.5,0.465,60,5665.152464,1,0
0.505,0.485,0.485,0.485,0.485,0.485,0.485,0.495,0.495,0.475,1,0.48,0.485,0.48,60,7295.138870999998,1,1
0.505,0.52,0.52,0.52,0.52,0.52,0.52,0.51,0.525,0.505,0,0.52,0.52,0.51,60,10080.962435000018,1,0
0.525,0.52,0.52,0.515,0.525,0.515,0.525,0.485,0.485,0.445,1,0.52,0.525,0.465,60,12589.226970999996,1,0
0.5,0.48,0.48,0.48,0.48,0.48,0.48,0.495,0.475,0.465,1,0.48,0.48,0.475,60,13386.423256999997,1,1
0.5,0.48,0.48,0.48,0.48,0.48,0.48,0.495,0.485,0.465,3,0.48,0.48,0.48,60,4720.351194999998,1,1
0.48,0.48,0.48,0.48,0.48,0.48,0.48,0.495,0.485,0.495,0,0.48,0.48,0.495,60,15305.684082000003,1,1
0.5,0.49,0.49,0.49,0.49,0.49,0.49,0.495,0.495,0.495,3,0.49,0.49,0.495,60,5101.101814999995,1,0
0.5,0.48,0.48,0.48,0.48,0.48,0.49,0.495,0.505,0.535,2,0.48,0.48,0.535,60,6028.912799,1,0
0.5,0.49,0.49,0.49,0.49,0.49,0.49,0.49,0.49,0.495,1,0.49,0.49,0.49,60,16413.552112999994,1,0
0.53,0.525,0.525,0.525,0.525,0.525,0.525,0.52,0.515,0.535,0,0.525,0.525,0.535,60,7478.086170000001,1,1
0.505,0.51,0.51,0.515,0.515,0.515,0.515,0.515,0.515,0.535,0,0.51,0.515,0.535,60,13246.181282000003,1,1
0.5,0.51,0.51,0.51,0.51,0.51,0.51,0.51,0.515,0.535,0,0.51,0.51,0.535,60,24690.819001000007,1,0
0.505,0.505,0.505,0.505,0.505,0.505,0.505,0.505,0.505,0.515,0,0.505,0.505,0.505,60,12530.320158000004,1,0
0.5,0.49,0.49,0.49,0.49,0.49,0.49,0.49,0.485,0.495,1,0.49,0.49,0.49,60,14002.371387000007,1,0
0.5,0.51,0.51,0.51,0.51,0.51,0.51,0.51,0.515,0.535,0,0.51,0.51,0.535,60,7123.436983999997,1,1
0.5,0.51,0.51,0.52,0.52,0.52,0.51,0.53,0.535,0.535,0,0.51,0.52,0.535,60,10499.818497000002,1,1
0.49,0.49,0.485,0.49,0.49,0.49,0.49,0.49,0.485,0.48,0,0.49,0.49,0.48,60,16097.455201000002,1,0
0.52,0.525,0.525,0.525,0.525,0.505,0.51,0.49,0.5,0.495,3,0.525,0.515,0.495,60,8140.786292,1,1
0.5,0.51,0.525,0.515,0.515,0.515,0.515,0.505,0.515,0.51,0,0.51,0.515,0.515,60,6361.225235000002,1,0
0.5,0.51,0.51,0.51,0.505,0.505,0.51,0.505,0.505,0.525,0,0.51,0.505,0.51,60,11870.781516999998,1,0
0.505,0.51,0.51,0.51,0.51,0.51,0.51,0.51,0.51,0.535,0,0.52,0.51,0.535,60,8300.996014999997,1,1
0.5,0.49,0.49,0.49,0.49,0.49,0.49,0.495,0.49,0.48,1,0.49,0.49,0.49,60,7236.454100000002,1,0
0.505,0.505,0.51,0.515,0.515,0.515,0.515,0.515,0.515,0.51,0,0.505,0.515,0.51,60,7151.448248000001,1,0
0.495,0.5,0.5,0.5,0.5,0.5,0.5,0.48,0.48,0.465,8,0.495,0.5,0.48,60,6573.291384000004,1,0
0.5,0.485,0.49,0.49,0.49,0.49,0.49,0.51,0.51,0.505,2,0.48,0.49,0.51,60,10674.408266,1,1
0.505,0.49,0.49,0.49,0.49,0.49,0.49,0.495,0.505,0.485,3,0.49,0.49,0.495,60,9876.057204,1,1
0.475,0.49,0.49,0.485,0.485,0.485,0.485,0.485,0.485,0.495,0,0.49,0.485,0.49,60,15342.156659999988,1,1
0.5,0.48,0.48,0.47,0.47,0.47,0.47,0.495,0.495,0.495,1,0.48,0.47,0.495,60,6118.327110999999,1,0
0.5,0.51,0.505,0.51,0.51,0.51,0.51,0.51,0.515,0.535,0,0.51,0.51,0.535,60,8598.564646000006,1,0
0.495,0.49,0.49,0.49,0.49,0.49,0.49,0.495,0.505,0.535,1,0.49,0.49,0.535,60,6776.576695,1,1
0.5,0.495,0.495,0.495,0.495,0.495,0.495,0.495,0.495,0.495,1,0.495,0.495,0.495,60,9274.824023000005,1,1
0.5,0.49,0.49,0.495,0.505,0.515,0.515,0.515,0.485,0.485,3,0.49,0.515,0.485,60,11527.023891999996,1,0
0.48,0.505,0.505,0.505,0.505,0.505,0.505,0.505,0.495,0.475,2,0.505,0.505,0.465,60,18362.04684299999,1,1
0.475,0.48,0.49,0.49,0.49,0.49,0.49,0.495,0.495,0.515,1,0.48,0.49,0.505,60,5194.748834000002,1,1
0.5,0.49,0.49,0.49,0.49,0.49,0.49,0.49,0.49,0.465,1,0.49,0.49,0.465,60,5170.890172999999,1,0
0.5,0.51,0.51,0.51,0.51,0.51,0.51,0.505,0.515,0.505,0,0.51,0.51,0.51,60,3456.6322439999994,1,1
0.5,0.5,0.5,0.5,0.5,0.495,0.495,0.495,0.495,0.49,11,0.5,0.5,0.495,60,7773.629511000004,1,0
0.52,0.505,0.505,0.505,0.505,0.505,0.505,0.515,0.51,0.485,1,0.505,0.505,0.5,60,7351.750429,1,0
0.515,0.505,0.505,0.505,0.505,0.505,0.505,0.505,0.505,0.535,0,0.505,0.505,0.535,60,8832.139702999999,1,1
0.5,0.5,0.5,0.5,0.5,0.5,0.5,0.5,0.505,0.515,0,0.5,0.5,0.505,60,9651.971198999998,1,0
0.5,0.5,0.5,0.5,0.5,0.5,0.5,0.505,0.505,0.505,0,0.5,0.5,0.505,60,9216.439116999994,1,0
0.5,0.5,0.5,0.5,0.5,0.5,0.5,0.495,0.495,0.465,3,0.5,0.5,0.465,60,12442.502401000009,1,0
0.5,0.5,0.5,0.5,0.5,0.5,0.5,0.495,0.5,0.5,2,0.5,0.5,0.5,60,8239.808311000003,1,1
0.5,0.5,0.5,0.495,0.49,0.51,0.505,0.51,0.475,0.475,3,0.5,0.49,0.475,60,15168.634203000007,1,0
0.48,0.495,0.495,0.495,0.495,0.495,0.495,0.495,0.495,0.48,0,0.495,0.495,0.495,60,24503.61145200001,1,1
0.5,0.5,0.5,0.505,0.505,0.505,0.505,0.505,0.505,0.535,0,0.5,0.505,0.535,60,10181.177433000003,1,1
0.5,0.5,0.5,0.5,0.5,0.495,0.495,0.48,0.475,0.465,5,0.495,0.495,0.465,60,10239.989052000004,1,1
0.5,0.5,0.5,0.5,0.5,0.5,0.5,0.5,0.495,0.465,3,0.5,0.5,0.48,60,7596.922174999997,1,1
0.5,0.495,0.5,0.5,0.5,0.5,0.5,0.495,0.495,0.49,9,0.5,0.5,0.495,60,10182.700044999994,1,1
0.5,0.5,0.5,0.495,0.5,0.495,0.5,0.495,0.495,0.49,9,0.5,0.495,0.495,60,8286.682473,1,0
0.51,0.505,0.505,0.5,0.5,0.5,0.5,0.505,0.505,0.51,0,0.505,0.5,0.505,60,10379.921301999999,1,1
0.51,0.505,0.505,0.505,0.505,0.505,0.51,0.505,0.505,0.485,1,0.505,0.505,0.505,60,8042.379471000002,1,0
0.5,0.5,0.5,0.5,0.5,0.5,0.5,0.505,0.505,0.495,1,0.5,0.5,0.5,60,11581.10219,1,0
0.5,0.505,0.505,0.505,0.505,0.505,0.505,0.525,0.535,0.535,0,0.5,0.505,0.535,60,8654.007633000001,1,1
0.5,0.5,0.505,0.505,0.505,0.505,0.505,0.495,0.505,0.535,2,0.5,0.505,0.535,60,12610.795449000001,1,0
0.5,0.5,0.505,0.505,0.505,0.505,0.505,0.5,0.505,0.485,3,0.495,0.505,0.505,60,19516.853147,1,0
0.515,0.505,0.505,0.505,0.505,0.505,0.505,0.505,0.505,0.495,1,0.505,0.505,0.505,60,8331.742677,1,0
0.48,0.495,0.495,0.495,0.495,0.495,0.495,0.495,0.495,0.535,1,0.495,0.495,0.5,60,7676.025384999993,1,1
0.48,0.495,0.495,0.495,0.495,0.495,0.495,0.495,0.495,0.495,0,0.495,0.495,0.495,60,7983.851750000001,1,0
0.485,0.495,0.495,0.495,0.495,0.5,0.5,0.495,0.495,0.515,5,0.495,0.495,0.505,60,7173.1085969999995,1,1
0.5,0.5,0.5,0.5,0.495,0.495,0.5,0.495,0.495,0.475,9,0.5,0.5,0.5,60,17118.277892999984,1,0
0.515,0.505,0.505,0.5,0.5,0.5,0.5,0.505,0.5,0.505,0,0.505,0.5,0.5,60,8644.917505000005,1,1
0.5,0.5,0.5,0.505,0.505,0.505,0.505,0.5,0.505,0.52,0,0.5,0.505,0.51,60,8850.400606999998,1,1
0.5,0.5,0.5,0.5,0.5,0.5,0.5,0.5,0.495,0.495,3,0.5,0.5,0.5,60,11129.606975,1,0
0.485,0.495,0.495,0.495,0.495,0.495,0.495,0.495,0.5,0.485,2,0.495,0.495,0.495,60,8035.152468999996,1,0
0.485,0.495,0.495,0.495,0.495,0.495,0.495,0.495,0.495,0.495,0,0.495,0.495,0.495,60,7178.752749000002,1,1
0.5,0.5,0.5,0.5,0.5,0.495,0.495,0.495,0.495,0.465,3,0.5,0.5,0.49,60,9984.603105,1,0
0.5,0.5,0.5,0.5,0.5,0.5,0.5,0.5,0.495,0.465,1,0.5,0.5,0.495,60,11291.143859999998,1,1
0.51,0.505,0.505,0.5,0.5,0.5,0.5,0.5,0.495,0.485,1,0.505,0.5,0.495,60,7092.498678,1,1
0.495,0.5,0.5,0.5,0.5,0.495,0.5,0.5,0.495,0.495,4,0.5,0.5,0.495,60,6178.0027809999965,1,0
0.5,0.495,0.495,0.495,0.495,0.495,0.5,0.5,0.495,0.485,5,0.5,0.495,0.5,60,8031.515826999998,1,0
0.485,0.495,0.495,0.495,0.495,0.495,0.495,0.495,0.495,0.465,0,0.495,0.495,0.495,60,7938.857595000001,1,0
0.5,0.5,0.5,0.5,0.5,0.5,0.5,0.5,0.495,0.495,1,0.5,0.5,0.495,60,4032.0804490000005,1,1
0.5,0.5,0.5,0.5,0.5,0.5,0.5,0.5,0.495,0.495,1,0.5,0.5,0.495,60,6783.461879,1,1
0.48,0.485,0.485,0.485,0.485,0.485,0.485,0.485,0.485,0.48,0,0.485,0.485,0.485,60,9090.575949,1,1
0.495,0.495,0.495,0.495,0.49,0.49,0.49,0.495,0.495,0.535,1,0.495,0.49,0.535,60,9830.210839000003,1,1
0.5,0.485,0.485,0.485,0.485,0.485,0.485,0.485,0.485,0.485,1,0.485,0.485,0.485,60,12306.671823999994,1,0
0.485,0.495,0.495,0.495,0.495,0.495,0.495,0.495,0.495,0.495,0,0.495,0.495,0.495,60,12843.574259,1,1
0.485,0.495,0.495,0.495,0.495,0.495,0.495,0.495,0.495,0.525,1,0.495,0.495,0.495,60,8519.853800999997,1,1
0.5,0.5,0.5,0.495,0.5,0.5,0.495,0.495,0.495,0.505,4,0.5,0.5,0.495,60,5490.769297999997,1,1
0.515,0.505,0.505,0.52,0.52,0.525,0.525,0.525,0.525,0.535,0,0.505,0.525,0.535,60,15942.178790000013,1,0
0.5,0.5,0.5,0.5,0.5,0.52,0.525,0.53,0.53,0.535,0,0.5,0.5,0.535,60,15757.328053,1,0
0.5,0.5,0.5,0.5,0.5,0.5,0.5,0.5,0.495,0.525,2,0.5,0.5,0.495,60,10341.912769999994,1,0
0.5,0.505,0.51,0.51,0.51,0.51,0.51,0.525,0.525,0.535,0,0.51,0.51,0.535,60,6597.431113999995,1,0
0.505,0.505,0.505,0.515,0.515,0.515,0.515,0.515,0.525,0.535,0,0.505,0.515,0.535,60,8116.499821,1,0
0.5,0.5,0.5,0.5,0.5,0.5,0.5,0.505,0.505,0.505,0,0.5,0.5,0.505,60,6078.8133689999995,1,0
0.5,0.5,0.5,0.5,0.5,0.495,0.495,0.495,0.495,0.48,3,0.5,0.5,0.495,60,8904.53482699999,1,0
0.5,0.5,0.5,0.5,0.5,0.5,0.5,0.5,0.495,0.495,3,0.5,0.5,0.495,60,7922.031810000002,1,1
0.5,0.495,0.495,0.495,0.495,0.495,0.495,0.5,0.505,0.535,2,0.5,0.495,0.535,60,52343.07282000001,1,0
0.505,0.505,0.505,0.505,0.505,0.505,0.515,0.515,0.515,0.525,0,0.505,0.505,0.515,60,17251.581204000006,1,0
0.505,0.5,0.5,0.5,0.5,0.5,0.5,0.505,0.505,0.465,1,0.5,0.5,0.465,60,10118.657049000003,1,0
0.5,0.5,0.5,0.535,0.535,0.535,0.535,0.535,0.535,0.535,0,0.5,0.535,0.535,60,11018.733506000002,1,1
0.51,0.52,0.52,0.52,0.52,0.52,0.52,0.515,0.505,0.535,0,0.52,0.52,0.535,60,11242.668627999992,1,1
0.51,0.515,0.515,0.515,0.505,0.505,0.52,0.525,0.535,0.535,0,0.515,0.505,0.535,60,15803.572769,1,1
0.51,0.495,0.495,0.495,0.485,0.49,0.485,0.495,0.525,0.535,2,0.495,0.485,0.535,60,11905.54355300001,1,0
0.51,0.505,0.505,0.505,0.505,0.505,0.505,0.505,0.515,0.51,0,0.505,0.505,0.51,60,9945.173511000005,1,0
0.5,0.485,0.485,0.485,0.485,0.485,0.485,0.475,0.475,0.465,1,0.485,0.485,0.495,60,13278.372854,1,0
0.485,0.485,0.485,0.485,0.485,0.485,0.485,0.485,0.475,0.465,0,0.485,0.485,0.475,60,13894.068610999997,1,1
0.5,0.515,0.515,0.51,0.51,0.51,0.51,0.475,0.5,0.465,7,0.515,0.51,0.5,60,9121.423098999998,1,1
0.5,0.485,0.485,0.485,0.485,0.485,0.485,0.495,0.485,0.51,2,0.485,0.485,0.51,60,10001.028611,1,1
0.515,0.515,0.515,0.515,0.515,0.515,0.515,0.52,0.52,0.525,0,0.51,0.515,0.52,60,12725.470583000011,1,1
0.5,0.515,0.515,0.505,0.51,0.515,0.515,0.515,0.515,0.505,0,0.515,0.51,0.505,60,11059.57189,1,0
0.5,0.485,0.485,0.485,0.485,0.485,0.485,0.485,0.475,0.485,1,0.485,0.485,0.49,60,8944.842896999988,1,0
0.5,0.485,0.485,0.485,0.485,0.485,0.49,0.47,0.465,0.465,1,0.485,0.485,0.465,60,8217.710399,1,0
0.505,0.515,0.515,0.515,0.515,0.52,0.52,0.52,0.525,0.56,0,0.515,0.52,0.525,60,9929.886004999995,1,1
0.49,0.48,0.48,0.48,0.48,0.48,0.48,0.505,0.51,0.525,3,0.48,0.48,0.49,60,7147.116624999999,1,1
0.51,0.52,0.52,0.525,0.525,0.525,0.525,0.505,0.49,0.485,3,0.52,0.525,0.485,60,6416.130212000002,1,0
0.51,0.49,0.49,0.49,0.49,0.49,0.49,0.49,0.485,0.495,1,0.49,0.49,0.495,60,8617.581816000004,1,1
0.5,0.515,0.515,0.515,0.52,0.52,0.52,0.515,0.535,0.535,0,0.515,0.52,0.52,60,11652.249499000007,1,0
0.5,0.515,0.515,0.515,0.515,0.515,0.515,0.53,0.525,0.535,0,0.515,0.515,0.535,60,16332.361071999998,1,1
0.495,0.485,0.485,0.485,0.485,0.485,0.495,0.515,0.535,0.535,1,0.485,0.485,0.535,60,16346.909153999999,1,0
0.505,0.505,0.505,0.505,0.505,0.505,0.505,0.485,0.465,0.465,1,0.505,0.505,0.465,60,9109.807621,1,0
0.5,0.51,0.51,0.51,0.51,0.51,0.51,0.505,0.485,0.485,5,0.51,0.51,0.505,60,9203.317624,1,0
0.5,0.485,0.485,0.485,0.485,0.485,0.5,0.475,0.47,0.465,3,0.485,0.485,0.465,60,9444.150006999998,1,1
0.505,0.505,0.505,0.505,0.51,0.51,0.51,0.505,0.465,0.465,3,0.505,0.51,0.505,60,8099.792944,1,0
0.485,0.485,0.485,0.485,0.485,0.485,0.485,0.475,0.465,0.45,0,0.485,0.485,0.465,60,12803.883215999998,1,1
0.485,0.515,0.515,0.515,0.515,0.515,0.515,0.51,0.535,0.535,1,0.515,0.515,0.535,60,8563.921685000001,1,1
0.505,0.515,0.515,0.515,0.52,0.52,0.52,0.515,0.535,0.535,0,0.515,0.52,0.535,60,10461.848487999996,1,0
0.5,0.495,0.495,0.495,0.48,0.48,0.48,0.495,0.495,0.535,2,0.495,0.48,0.535,60,11924.752632000014,1,0
0.51,0.515,0.515,0.515,0.515,0.515,0.52,0.505,0.515,0.535,0,0.515,0.515,0.535,60,8993.552118999998,1,1
0.51,0.485,0.485,0.485,0.515,0.515,0.51,0.52,0.52,0.535,2,0.485,0.515,0.52,60,13795.748199999996,1,1
0.515,0.525,0.525,0.525,0.525,0.525,0.525,0.525,0.525,0.555,0,0.525,0.525,0.535,60,9712.576210000003,1,1
0.515,0.515,0.515,0.515,0.515,0.515,0.515,0.53,0.535,0.565,0,0.515,0.515,0.535,60,13771.812166999987,1,0
0.51,0.52,0.52,0.525,0.52,0.52,0.52,0.535,0.535,0.525,0,0.515,0.52,0.535,60,10932.139482,1,0
0.495,0.49,0.49,0.49,0.49,0.49,0.495,0.495,0.495,0.495,0,0.49,0.49,0.495,60,5976.953825999999,1,0
0.485,0.485,0.485,0.485,0.485,0.485,0.485,0.49,0.485,0.535,1,0.485,0.485,0.535,60,4182.928682000001,1,0
0.51,0.49,0.49,0.485,0.485,0.485,0.485,0.495,0.495,0.535,2,0.49,0.485,0.535,60,4332.716141999999,1,1
0.5,0.49,0.48,0.495,0.5,0.5,0.485,0.485,0.485,0.475,7,0.48,0.5,0.475,60,5712.245111999998,1,1
0.515,0.49,0.49,0.49,0.49,0.485,0.485,0.495,0.495,0.495,1,0.49,0.485,0.495,60,8226.629664000002,1,1
0.515,0.51,0.51,0.515,0.515,0.515,0.515,0.515,0.505,0.505,0,0.515,0.52,0.515,60,7256.758577000007,1,0
0.5,0.485,0.485,0.485,0.485,0.485,0.485,0.495,0.495,0.535,2,0.485,0.485,0.495,60,10855.797916000001,1,1
0.49,0.51,0.51,0.51,0.51,0.51,0.51,0.505,0.5,0.465,2,0.51,0.51,0.495,60,7136.662957999998,1,0
0.5,0.485,0.485,0.485,0.49,0.49,0.49,0.495,0.485,0.495,3,0.485,0.49,0.51,60,8974.638739000002,1,1
0.5,0.505,0.505,0.505,0.505,0.505,0.505,0.505,0.525,0.555,0,0.505,0.505,0.535,60,17753.901391000007,1,1
0.5,0.515,0.515,0.515,0.515,0.51,0.51,0.51,0.525,0.535,0,0.515,0.51,0.535,60,15215.969478,1,0
0.505,0.515,0.515,0.515,0.515,0.515,0.515,0.505,0.525,0.505,0,0.515,0.515,0.505,60,7157.085890999999,1,1
0.5,0.515,0.515,0.515,0.51,0.515,0.515,0.51,0.505,0.505,0,0.515,0.515,0.505,60,6802.559880999998,1,0
0.51,0.515,0.515,0.515,0.515,0.515,0.515,0.525,0.525,0.535,0,0.515,0.515,0.535,60,6454.431420000001,1,0
0.515,0.515,0.515,0.52,0.52,0.52,0.525,0.515,0.51,0.53,0,0.515,0.52,0.51,60,9364.745771999998,1,1
0.5,0.485,0.485,0.485,0.505,0.505,0.505,0.51,0.475,0.465,3,0.485,0.505,0.465,60,4592.216048999999,1,0
0.5,0.515,0.515,0.515,0.515,0.515,0.515,0.51,0.515,0.535,0,0.515,0.515,0.535,60,12205.252762999991,1,1
0.515,0.51,0.515,0.515,0.515,0.515,0.515,0.505,0.505,0.47,1,0.515,0.515,0.5,60,11932.636589000002,1,0
0.485,0.485,0.485,0.485,0.485,0.485,0.485,0.495,0.495,0.495,0,0.485,0.485,0.495,60,10344.491950999996,1,1
0.5,0.515,0.515,0.495,0.495,0.5,0.5,0.525,0.525,0.535,2,0.515,0.495,0.535,60,9733.457042000002,1,0
0.515,0.515,0.51,0.51,0.51,0.51,0.51,0.51,0.495,0.475,1,0.515,0.51,0.465,60,12166.520676000002,1,0
0.5,0.51,0.515,0.51,0.515,0.51,0.51,0.505,0.505,0.465,1,0.51,0.515,0.465,60,7109.110554999999,1,0
0.485,0.505,0.505,0.475,0.475,0.475,0.475,0.5,0.48,0.465,4,0.505,0.475,0.48,60,7837.8032729999995,1,0
0.5,0.485,0.485,0.495,0.495,0.495,0.48,0.475,0.475,0.465,7,0.485,0.495,0.465,60,13657.649625000004,1,1
0.5,0.505,0.505,0.505,0.505,0.505,0.505,0.515,0.505,0.535,0,0.505,0.505,0.535,60,9091.891083999995,1,1
0.495,0.505,0.505,0.505,0.505,0.51,0.515,0.51,0.525,0.505,1,0.505,0.51,0.525,60,11510.915269,1,1
0.505,0.505,0.505,0.505,0.505,0.505,0.505,0.505,0.505,0.515,0,0.505,0.505,0.505,60,8167.177487000002,1,1
0.5,0.495,0.495,0.495,0.495,0.495,0.495,0.495,0.505,0.535,2,0.495,0.495,0.535,60,6710.361843999999,1,1
0.5,0.51,0.505,0.505,0.505,0.505,0.48,0.48,0.495,0.475,1,0.515,0.51,0.49,60,11369.693620999999,1,0
0.5,0.51,0.51,0.515,0.515,0.52,0.52,0.52,0.495,0.535,2,0.51,0.52,0.495,60,8551.819788000004,1,1
0.5,0.48,0.48,0.48,0.485,0.485,0.485,0.485,0.485,0.465,1,0.485,0.485,0.465,60,22955.745388000014,1,0
0.505,0.505,0.505,0.505,0.505,0.51,0.51,0.505,0.505,0.455,3,0.49,0.505,0.465,60,11831.029844999997,1,0
0.49,0.485,0.485,0.485,0.485,0.485,0.47,0.47,0.465,0.405,0,0.485,0.485,0.445,60,8476.340313999994,1,1
0.5,0.485,0.485,0.485,0.485,0.485,0.485,0.48,0.48,0.465,1,0.485,0.485,0.465,60,18356.35040900001,1,1
0.51,0.515,0.515,0.515,0.515,0.515,0.515,0.515,0.515,0.515,0,0.515,0.515,0.515,60,13934.033250000008,1,1
0.5,0.505,0.505,0.505,0.505,0.505,0.505,0.53,0.53,0.535,2,0.505,0.505,0.535,60,21326.01163700002,1,1
0.5,0.485,0.485,0.485,0.485,0.485,0.485,0.48,0.465,0.465,1,0.485,0.485,0.465,60,28999.34977900003,1,0
0.5,0.485,0.485,0.485,0.485,0.485,0.485,0.485,0.475,0.465,1,0.485,0.485,0.465,60,23629.29094699999,1,1
0.5,0.485,0.485,0.485,0.485,0.485,0.485,0.48,0.465,0.505,2,0.485,0.485,0.505,60,19337.56364100001,1,1
0.505,0.505,0.505,0.505,0.505,0.505,0.52,0.48,0.475,0.535,4,0.505,0.505,0.535,60,11022.329530000006,1,0
0.5,0.515,0.515,0.515,0.515,0.515,0.515,0.515,0.525,0.535,0,0.515,0.515,0.535,60,8686.505365999996,1,0
0.505,0.49,0.49,0.49,0.49,0.485,0.485,0.495,0.515,0.515,2,0.49,0.485,0.515,60,11193.028352,1,0
0.505,0.515,0.515,0.515,0.52,0.52,0.52,0.505,0.525,0.525,0,0.515,0.52,0.525,60,8995.356884999996,1,1
0.49,0.52,0.52,0.52,0.52,0.52,0.52,0.52,0.535,0.535,1,0.52,0.52,0.535,60,10111.659307000002,1,0
0.485,0.485,0.485,0.485,0.48,0.48,0.48,0.495,0.495,0.495,0,0.485,0.48,0.495,60,7000.000131000005,1,0
0.495,0.48,0.475,0.48,0.48,0.48,0.48,0.47,0.465,0.455,0,0.48,0.48,0.465,60,12969.962347000002,1,0
0.49,0.48,0.49,0.48,0.48,0.48,0.48,0.48,0.465,0.455,0,0.48,0.48,0.465,60,18394.655227000003,1,1
0.5,0.475,0.475,0.475,0.475,0.475,0.475,0.49,0.475,0.47,1,0.475,0.475,0.475,60,11552.289777000004,1,1
0.515,0.515,0.515,0.515,0.515,0.535,0.535,0.535,0.535,0.535,0,0.515,0.515,0.535,60,8989.820501000002,1,1
0.51,0.525,0.525,0.525,0.525,0.525,0.525,0.52,0.535,0.55,0,0.525,0.525,0.535,60,15125.77887000001,1,1
0.485,0.515,0.52,0.52,0.52,0.52,0.52,0.51,0.505,0.545,1,0.515,0.52,0.535,60,16552.201163999995,1,0
0.5,0.48,0.485,0.48,0.48,0.48,0.48,0.485,0.465,0.455,3,0.48,0.48,0.485,60,18992.962010000032,1,0
0.5,0.51,0.51,0.51,0.51,0.51,0.51,0.515,0.525,0.545,0,0.51,0.51,0.535,60,15367.303375000009,1,0
0.495,0.48,0.48,0.485,0.485,0.485,0.485,0.49,0.49,0.465,0,0.48,0.485,0.465,60,38208.791539000005,1,1
0.495,0.495,0.495,0.495,0.495,0.495,0.495,0.495,0.495,0.545,1,0.495,0.495,0.465,60,20239.06819300002,1,0
0.5,0.5,0.5,0.5,0.5,0.5,0.5,0.5,0.535,0.535,0,0.5,0.5,0.535,60,7756.888402999999,2,1
0.505,0.5,0.5,0.5,0.5,0.5,0.5,0.495,0.495,0.465,1,0.5,0.5,0.495,60,2167.290581,2,0
0.505,0.5,0.5,0.5,0.5,0.5,0.5,0.5,0.5,0.465,1,0.5,0.5,0.5,60,2980.0892970000004,2,1
0.5,0.5,0.5,0.5,0.5,0.5,0.5,0.525,0.535,0.5,0,0.5,0.5,0.525,60,3336.1745349999997,2,1
0.5,0.5,0.5,0.5,0.5,0.505,0.5,0.5,0.545,0.5,0,0.5,0.51,0.505,60,8919.205097000004,2,0
0.475,0.475,0.475,0.475,0.475,0.475,0.475,0.475,0.475,0.475,0,0.475,0.475,0.475,60,2040.4670169999984,2,0
0.505,0.5,0.5,0.5,0.5,0.5,0.5,0.5,0.465,0.465,1,0.5,0.5,0.465,60,4159.8616409999995,2,0
0.525,0.52,0.52,0.525,0.525,0.525,0.525,0.525,0.515,0.475,1,0.52,0.525,0.49,60,1424.2236869999997,2,1
0.5,0.5,0.5,0.5,0.5,0.5,0.5,0.5,0.5,0.48,1,0.5,0.5,0.5,60,2283.1756590000005,2,1
0.505,0.465,0.465,0.465,0.465,0.46,0.46,0.46,0.46,0.46,1,0.465,0.465,0.46,60,2054.8764530000008,2,1
0.5,0.5,0.5,0.5,0.5,0.5,0.495,0.495,0.455,0.455,3,0.5,0.5,0.455,60,2740.7713349999995,2,1
0.5,0.5,0.495,0.495,0.495,0.495,0.495,0.495,0.495,0.495,1,0.5,0.495,0.495,60,2443.70115,2,0
0.5,0.5,0.5,0.495,0.495,0.495,0.495,0.495,0.46,0.46,1,0.5,0.495,0.46,60,6683.827755000001,2,1
0.475,0.48,0.48,0.475,0.475,0.475,0.475,0.475,0.465,0.465,0,0.48,0.475,0.465,60,3928.256032999999,2,0
0.525,0.535,0.535,0.535,0.535,0.535,0.535,0.535,0.535,0.525,0,0.535,0.535,0.525,60,4252.169669999999,2,1
0.5,0.535,0.535,0.535,0.535,0.535,0.535,0.535,0.535,0.54,0,0.535,0.535,0.535,60,3537.5196730000002,2,1
0.525,0.535,0.535,0.535,0.535,0.535,0.535,0.535,0.535,0.535,0,0.535,0.535,0.535,60,3281.059689999999,2,1
0.5,0.5,0.5,0.5,0.5,0.5,0.5,0.5,0.535,0.535,0,0.5,0.5,0.535,60,4788.524914000001,2,0
0.5,0.5,0.5,0.5,0.5,0.5,0.5,0.5,0.465,0.465,1,0.5,0.5,0.465,60,1337.6883400000004,2,0
0.5,0.5,0.5,0.5,0.5,0.5,0.5,0.5,0.535,0.535,0,0.5,0.5,0.535,60,1796.5617599999996,2,1
0.5,0.5,0.5,0.5,0.5,0.5,0.5,0.5,0.465,0.465,1,0.5,0.5,0.465,60,2256.7326359999997,2,0
0.505,0.5,0.5,0.5,0.5,0.5,0.5,0.5,0.535,0.5,0,0.5,0.5,0.5,60,4417.6189859999995,2,1
0.5,0.5,0.5,0.5,0.5,0.5,0.5,0.5,0.5,0.5,0,0.5,0.5,0.5,60,2703.640270000001,2,0
0.53,0.52,0.52,0.525,0.525,0.525,0.525,0.525,0.525,0.525,0,0.52,0.525,0.525,60,1413.4368629999997,2,0
0.5,0.525,0.525,0.525,0.5,0.5,0.5,0.5,0.5,0.48,1,0.525,0.5,0.5,60,2045.9943240000002,2,1
0.525,0.52,0.52,0.525,0.525,0.525,0.525,0.525,0.535,0.525,0,0.52,0.525,0.535,60,1980.3247840000008,2,1
0.505,0.5,0.5,0.5,0.5,0.5,0.5,0.5,0.5,0.48,1,0.5,0.5,0.5,60,2527.7796549999994,2,1
0.5,0.5,0.5,0.5,0.5,0.5,0.5,0.5,0.5,0.52,0,0.5,0.5,0.5,60,3206.001618999998,2,1
0.525,0.52,0.52,0.525,0.525,0.525,0.525,0.525,0.535,0.535,0,0.52,0.525,0.535,60,3628.0832769999997,2,0
0.505,0.5,0.5,0.5,0.5,0.5,0.5,0.5,0.5,0.5,0,0.5,0.5,0.5,60,2884.9216570000003,2,0
0.5,0.5,0.5,0.5,0.5,0.495,0.5,0.5,0.535,0.475,11,0.5,0.5,0.5,60,5528.486771999998,2,1
0.52,0.52,0.52,0.525,0.525,0.525,0.525,0.525,0.515,0.475,1,0.52,0.525,0.49,60,2632.166391,2,1
0.525,0.535,0.535,0.535,0.535,0.535,0.535,0.535,0.535,0.525,0,0.535,0.535,0.525,60,3532.03613,2,1
0.525,0.52,0.52,0.525,0.525,0.525,0.525,0.525,0.535,0.535,0,0.52,0.525,0.535,60,2267.1556429999996,2,0
0.5,0.5,0.5,0.5,0.5,0.5,0.5,0.5,0.535,0.535,0,0.5,0.5,0.535,60,1643.2025259999998,2,0
0.505,0.5,0.5,0.5,0.5,0.5,0.5,0.5,0.5,0.465,1,0.5,0.5,0.5,60,3702.831451999999,2,1
0.5,0.5,0.5,0.5,0.5,0.5,0.5,0.5,0.465,0.465,1,0.5,0.5,0.465,60,3199.445021,2,0
0.5,0.5,0.5,0.5,0.5,0.5,0.5,0.5,0.5,0.5,0,0.5,0.5,0.5,60,2479.9831849999996,2,0
0.475,0.495,0.495,0.495,0.495,0.505,0.505,0.505,0.495,0.49,2,0.495,0.505,0.495,60,2584.235624,2,1
0.53,0.51,0.515,0.515,0.515,0.515,0.515,0.515,0.515,0.505,0,0.51,0.515,0.505,60,3167.8372379999996,2,0
0.53,0.51,0.51,0.515,0.515,0.515,0.515,0.515,0.515,0.505,0,0.51,0.515,0.505,60,1974.3869459999996,2,1
0.53,0.51,0.51,0.515,0.515,0.515,0.515,0.515,0.515,0.515,0,0.51,0.515,0.515,60,2877.3518689999996,2,1
0.505,0.505,0.505,0.505,0.505,0.505,0.505,0.51,0.525,0.525,0,0.505,0.505,0.525,60,6294.589426999999,2,1
0.53,0.51,0.51,0.515,0.515,0.515,0.515,0.515,0.515,0.52,0,0.51,0.515,0.515,60,5134.396827,2,0
0.505,0.505,0.505,0.505,0.505,0.5,0.505,0.5,0.515,0.52,0,0.505,0.5,0.515,60,4268.816397,2,0
0.505,0.505,0.505,0.505,0.505,0.505,0.505,0.51,0.51,0.525,0,0.505,0.505,0.51,60,5132.879034999994,2,1
0.475,0.495,0.495,0.5,0.5,0.5,0.5,0.5,0.5,0.51,1,0.495,0.5,0.5,60,1165.2475439999998,2,0
0.53,0.51,0.51,0.515,0.515,0.515,0.515,0.515,0.515,0.495,1,0.51,0.515,0.495,60,13189.489342000003,2,0
0.505,0.505,0.505,0.505,0.505,0.505,0.505,0.505,0.495,0.495,1,0.505,0.505,0.495,60,2795.214387999998,2,1
0.525,0.51,0.51,0.515,0.515,0.515,0.515,0.515,0.515,0.495,1,0.51,0.515,0.505,60,4141.155846000001,2,1
0.525,0.51,0.51,0.515,0.515,0.515,0.515,0.515,0.515,0.515,0,0.51,0.515,0.515,60,1817.1292429999992,2,1
0.48,0.475,0.475,0.475,0.475,0.475,0.475,0.475,0.475,0.465,0,0.475,0.475,0.47,60,5680.105177,2,0
0.53,0.475,0.475,0.475,0.475,0.475,0.475,0.475,0.475,0.475,1,0.475,0.475,0.475,60,7089.823608000002,2,0
0.5,0.505,0.505,0.505,0.505,0.505,0.505,0.505,0.495,0.49,1,0.505,0.505,0.495,60,2897.8427089999996,2,1
0.5,0.505,0.505,0.505,0.505,0.505,0.505,0.505,0.495,0.495,1,0.505,0.505,0.495,60,5822.588439000002,2,1
0.525,0.51,0.51,0.51,0.51,0.51,0.51,0.51,0.505,0.505,0,0.51,0.51,0.505,60,2698.7897749999997,2,1
0.5,0.505,0.505,0.505,0.505,0.505,0.505,0.505,0.495,0.495,1,0.505,0.505,0.495,60,3227.6009470000004,2,1
0.5,0.505,0.505,0.505,0.505,0.505,0.505,0.505,0.505,0.515,0,0.505,0.505,0.505,60,2563.433853,2,1
0.53,0.51,0.51,0.515,0.515,0.515,0.515,0.515,0.515,0.515,0,0.51,0.515,0.515,60,3386.7127210000012,2,1
0.5,0.505,0.505,0.505,0.505,0.505,0.505,0.505,0.505,0.495,1,0.505,0.505,0.505,60,4673.564099999998,2,0
0.53,0.51,0.51,0.515,0.515,0.515,0.515,0.515,0.515,0.515,0,0.51,0.515,0.515,60,1431.0161410000003,2,1
0.505,0.505,0.505,0.505,0.505,0.505,0.505,0.505,0.505,0.515,0,0.505,0.505,0.505,60,4008.591136,2,0
0.51,0.51,0.51,0.51,0.51,0.51,0.51,0.51,0.505,0.505,0,0.51,0.51,0.505,60,7115.675989,2,0
0.525,0.51,0.51,0.51,0.51,0.51,0.51,0.51,0.525,0.53,0,0.51,0.51,0.53,60,5333.620176000001,2,1
0.5,0.505,0.505,0.505,0.505,0.505,0.505,0.505,0.505,0.51,0,0.505,0.505,0.51,60,4195.5678960000005,2,0
0.5,0.505,0.505,0.505,0.505,0.505,0.505,0.505,0.505,0.515,0,0.505,0.505,0.505,60,5201.418005,2,1
0.48,0.49,0.49,0.49,0.49,0.49,0.49,0.49,0.475,0.475,2,0.49,0.49,0.475,60,2769.5399119999993,2,1
0.51,0.51,0.51,0.515,0.515,0.515,0.515,0.515,0.515,0.505,0,0.51,0.515,0.51,60,2872.2149710000003,2,1
0.5,0.505,0.505,0.505,0.505,0.505,0.505,0.505,0.505,0.515,0,0.505,0.505,0.505,60,1233.0039589999997,2,0
0.51,0.51,0.51,0.515,0.515,0.515,0.515,0.515,0.515,0.505,0,0.51,0.515,0.515,60,4196.706198999999,2,0
0.5,0.505,0.505,0.505,0.505,0.505,0.505,0.505,0.505,0.51,0,0.505,0.505,0.505,60,1746.9109569999996,2,0
0.505,0.505,0.505,0.505,0.505,0.505,0.505,0.505,0.505,0.495,1,0.505,0.505,0.505,60,1640.105954,2,0
0.5,0.505,0.505,0.505,0.505,0.505,0.505,0.505,0.505,0.505,0,0.505,0.505,0.505,60,1138.853372,2,1
0.53,0.51,0.51,0.515,0.515,0.515,0.515,0.515,0.515,0.495,1,0.51,0.515,0.505,60,8047.887662000002,2,1
0.505,0.505,0.505,0.505,0.505,0.505,0.505,0.505,0.495,0.495,1,0.505,0.505,0.495,60,3155.1928989999997,2,0
0.5,0.505,0.505,0.505,0.505,0.505,0.505,0.505,0.505,0.495,1,0.505,0.505,0.505,60,3993.9925180000023,2,0
0.475,0.495,0.495,0.5,0.5,0.5,0.5,0.5,0.5,0.515,1,0.495,0.5,0.5,60,6479.337049000005,2,1
0.5,0.505,0.505,0.515,0.515,0.515,0.515,0.515,0.515,0.495,1,0.505,0.515,0.505,60,3571.603344999998,2,1
0.51,0.51,0.5,0.49,0.49,0.49,0.49,0.49,0.495,0.505,2,0.51,0.49,0.495,60,1933.5609260000003,2,1
0.525,0.505,0.505,0.505,0.505,0.505,0.505,0.505,0.495,0.495,1,0.505,0.505,0.495,60,1662.2658889999998,2,0
0.525,0.51,0.51,0.515,0.515,0.515,0.515,0.515,0.515,0.5,0,0.51,0.515,0.505,60,2391.4661750000027,2,1
0.5,0.505,0.505,0.505,0.505,0.505,0.505,0.505,0.495,0.49,1,0.505,0.505,0.495,60,5415.664733000006,2,1
0.48,0.5,0.5,0.5,0.5,0.5,0.5,0.5,0.5,0.495,2,0.5,0.5,0.5,60,2905.1007369999998,2,1
0.5,0.505,0.505,0.505,0.505,0.505,0.505,0.505,0.495,0.49,1,0.505,0.505,0.495,60,5633.1697269999995,2,0
0.525,0.51,0.51,0.515,0.515,0.515,0.515,0.515,0.515,0.495,1,0.51,0.515,0.505,60,5063.907602000003,2,1
0.5,0.505,0.505,0.505,0.505,0.505,0.5,0.505,0.505,0.505,0,0.505,0.505,0.505,60,8120.955208,2,1
0.5,0.505,0.505,0.505,0.505,0.505,0.505,0.505,0.505,0.505,0,0.505,0.505,0.505,60,8254.351992999995,2,1
0.49,0.495,0.495,0.495,0.495,0.495,0.495,0.495,0.495,0.495,0,0.495,0.495,0.495,60,3527.6457229999987,2,0
0.5,0.505,0.505,0.51,0.51,0.51,0.51,0.51,0.51,0.515,0,0.505,0.51,0.51,60,3313.9089140000006,2,1
0.5,0.505,0.505,0.505,0.505,0.505,0.505,0.505,0.505,0.495,1,0.505,0.505,0.505,60,4490.938168999999,2,0
0.51,0.51,0.51,0.515,0.515,0.515,0.515,0.515,0.515,0.495,1,0.51,0.515,0.505,60,2198.799029,2,0
0.525,0.51,0.51,0.515,0.515,0.515,0.515,0.515,0.515,0.495,1,0.51,0.515,0.505,60,3168.268709,2,1
0.51,0.51,0.51,0.515,0.515,0.515,0.515,0.515,0.515,0.49,1,0.51,0.515,0.495,60,2449.463920999999,2,0
0.5,0.505,0.505,0.505,0.505,0.505,0.505,0.505,0.495,0.495,1,0.505,0.505,0.495,60,3168.795003000006,2,1
0.51,0.51,0.51,0.515,0.515,0.515,0.515,0.515,0.515,0.515,0,0.51,0.515,0.515,60,2410.1958549999995,2,1
0.525,0.505,0.505,0.5,0.5,0.5,0.5,0.5,0.5,0.495,1,0.505,0.5,0.5,60,3716.6359920000004,2,0
0.525,0.505,0.505,0.5,0.5,0.5,0.5,0.5,0.495,0.495,1,0.505,0.5,0.495,60,3047.727273000002,2,0
0.5,0.5,0.5,0.5,0.5,0.5,0.5,0.5,0.5,0.505,0,0.5,0.5,0.5,60,3001.902006,2,1
0.5,0.5,0.5,0.5,0.5,0.5,0.5,0.5,0.505,0.505,0,0.5,0.5,0.505,60,3142.3289849999996,2,1
0.5,0.5,0.5,0.5,0.5,0.5,0.5,0.5,0.505,0.515,0,0.5,0.5,0.505,60,1779.8320019999996,2,0
0.505,0.5,0.5,0.5,0.5,0.5,0.5,0.5,0.505,0.51,0,0.5,0.5,0.505,60,5787.554090999999,2,0
0.525,0.505,0.505,0.5,0.5,0.5,0.5,0.5,0.495,0.495,1,0.505,0.5,0.495,60,3262.5076429999976,2,0
0.495,0.495,0.495,0.495,0.495,0.495,0.495,0.495,0.495,0.495,0,0.495,0.495,0.495,60,2675.768346,2,1
0.51,0.505,0.505,0.5,0.5,0.5,0.5,0.5,0.495,0.495,1,0.505,0.5,0.495,60,6997.1079760000075,2,1
0.51,0.505,0.505,0.5,0.5,0.5,0.5,0.5,0.505,0.505,0,0.505,0.5,0.505,60,3393.5184279999985,2,1
0.51,0.505,0.505,0.5,0.5,0.5,0.5,0.5,0.5,0.495,1,0.505,0.5,0.5,60,3376.4682359999993,2,1
0.5,0.5,0.5,0.5,0.5,0.5,0.5,0.5,0.5,0.515,0,0.5,0.5,0.5,60,5679.409341999998,2,1
0.5,0.5,0.5,0.5,0.5,0.5,0.5,0.5,0.5,0.505,0,0.5,0.5,0.5,60,4556.370563000001,2,1
0.5,0.5,0.5,0.5,0.5,0.5,0.5,0.5,0.505,0.51,0,0.5,0.5,0.505,60,3651.4560080000006,2,1
0.5,0.5,0.5,0.5,0.5,0.5,0.5,0.5,0.5,0.505,0,0.5,0.5,0.5,60,5135.514464000002,2,0
0.49,0.495,0.495,0.505,0.505,0.5,0.5,0.5,0.495,0.49,2,0.495,0.505,0.495,60,6777.861173000001,2,0
0.5,0.5,0.5,0.505,0.505,0.505,0.505,0.505,0.505,0.505,0,0.5,0.505,0.505,60,8078.998278,2,1
0.5,0.5,0.5,0.5,0.5,0.5,0.5,0.5,0.505,0.51,0,0.5,0.5,0.505,60,13149.839355000004,2,1
0.515,0.505,0.505,0.5,0.505,0.505,0.505,0.505,0.515,0.505,0,0.505,0.505,0.505,60,2778.3077419999995,2,0
0.53,0.505,0.505,0.505,0.505,0.505,0.505,0.505,0.505,0.505,0,0.505,0.505,0.505,60,3282.097721000002,2,1
0.5,0.5,0.5,0.5,0.5,0.5,0.5,0.5,0.5,0.505,0,0.5,0.5,0.5,60,7999.152055999996,2,0
0.455,0.5,0.5,0.5,0.5,0.5,0.5,0.5,0.495,0.48,2,0.5,0.5,0.495,60,3255.244535,2,0
0.5,0.5,0.5,0.5,0.5,0.5,0.5,0.5,0.505,0.505,0,0.5,0.5,0.505,60,3594.717296000002,2,1
0.55,0.515,0.515,0.515,0.515,0.515,0.515,0.515,0.515,0.515,0,0.515,0.515,0.515,60,10598.255646999998,2,0
0.505,0.5,0.5,0.5,0.5,0.5,0.5,0.5,0.505,0.51,0,0.5,0.5,0.505,60,2286.787543,2,1
0.51,0.505,0.505,0.5,0.5,0.5,0.5,0.5,0.5,0.505,0,0.505,0.5,0.5,60,3838.4692500000015,2,1
0.51,0.505,0.505,0.5,0.5,0.5,0.5,0.5,0.495,0.495,1,0.505,0.5,0.495,60,5259.778166,2,0
0.52,0.505,0.505,0.5,0.5,0.505,0.505,0.505,0.505,0.505,0,0.505,0.505,0.505,60,4973.2879090000015,2,1
0.53,0.505,0.505,0.5,0.5,0.5,0.5,0.5,0.495,0.495,1,0.505,0.5,0.495,60,4723.263167000003,2,1
0.495,0.5,0.5,0.5,0.495,0.495,0.495,0.495,0.495,0.495,2,0.5,0.495,0.495,60,3478.2980709999997,2,0
0.505,0.5,0.5,0.5,0.5,0.5,0.5,0.5,0.495,0.495,1,0.5,0.5,0.495,60,4174.231732,2,0
0.505,0.5,0.5,0.5,0.5,0.5,0.5,0.5,0.495,0.495,1,0.5,0.5,0.495,60,3297.8361520000008,2,1
0.48,0.515,0.515,0.515,0.515,0.515,0.515,0.515,0.515,0.505,1,0.515,0.515,0.505,60,4153.489106999999,2,1
0.505,0.515,0.515,0.515,0.515,0.515,0.515,0.515,0.515,0.515,0,0.515,0.515,0.515,60,6072.814947,2,1
0.505,0.515,0.515,0.515,0.515,0.515,0.515,0.515,0.515,0.52,0,0.515,0.515,0.515,60,3463.672633000002,2,0
0.53,0.515,0.515,0.515,0.515,0.515,0.515,0.515,0.515,0.515,0,0.515,0.515,0.515,60,6597.231713000001,2,0
0.53,0.515,0.515,0.515,0.515,0.515,0.525,0.525,0.525,0.525,0,0.515,0.515,0.525,60,6885.500231000001,2,0
0.53,0.51,0.51,0.515,0.515,0.515,0.515,0.515,0.515,0.52,0,0.51,0.515,0.515,60,5039.337290000005,2,0
0.51,0.51,0.51,0.515,0.515,0.515,0.515,0.515,0.515,0.515,0,0.51,0.515,0.515,60,4657.210405000001,2,0
0.505,0.5,0.5,0.5,0.5,0.5,0.5,0.5,0.505,0.51,0,0.5,0.5,0.505,60,4823.100635,2,1
0.53,0.51,0.51,0.515,0.515,0.515,0.515,0.515,0.515,0.515,0,0.505,0.515,0.515,60,7458.143470999999,2,0
0.5,0.5,0.5,0.505,0.505,0.505,0.51,0.51,0.51,0.515,0,0.5,0.505,0.51,60,4011.176437999999,2,0
0.5,0.515,0.515,0.515,0.515,0.515,0.515,0.515,0.515,0.515,0,0.515,0.515,0.515,60,4266.941377,2,1
0.5,0.5,0.5,0.5,0.5,0.5,0.5,0.505,0.505,0.52,0,0.5,0.5,0.505,60,6691.9054020000085,2,1
0.48,0.495,0.495,0.495,0.495,0.495,0.485,0.485,0.485,0.515,1,0.495,0.495,0.515,60,8025.149781000003,2,0
0.51,0.5,0.5,0.495,0.495,0.495,0.495,0.495,0.495,0.505,2,0.5,0.495,0.495,60,11438.164656000004,2,0
0.5,0.5,0.5,0.5,0.5,0.5,0.5,0.5,0.5,0.495,1,0.5,0.5,0.5,60,5492.392186000001,2,0
0.53,0.505,0.505,0.515,0.515,0.515,0.515,0.515,0.515,0.515,0,0.505,0.515,0.515,60,4590.872082999999,2,0
0.5,0.505,0.505,0.505,0.505,0.505,0.505,0.51,0.515,0.52,0,0.505,0.505,0.515,60,7939.604981000002,2,1
0.525,0.505,0.505,0.515,0.515,0.515,0.515,0.515,0.515,0.515,0,0.505,0.515,0.515,60,8252.078934000001,2,0
0.525,0.505,0.505,0.515,0.515,0.515,0.515,0.515,0.515,0.525,0,0.505,0.515,0.515,60,3058.5452660000005,2,0
0.505,0.505,0.505,0.505,0.505,0.505,0.505,0.505,0.525,0.505,0,0.505,0.505,0.51,60,4348.913727999998,2,1
0.48,0.48,0.48,0.475,0.475,0.475,0.475,0.475,0.475,0.475,0,0.48,0.475,0.475,60,3954.2627810000054,2,0
0.505,0.505,0.505,0.51,0.51,0.51,0.51,0.51,0.51,0.51,0,0.505,0.51,0.51,60,5952.9796080000015,2,1
0.505,0.49,0.49,0.49,0.49,0.49,0.49,0.49,0.465,0.51,2,0.49,0.49,0.49,60,3596.7891299999997,2,1
0.525,0.51,0.51,0.515,0.515,0.515,0.515,0.515,0.515,0.495,1,0.51,0.515,0.505,60,5012.966713,2,0
0.53,0.52,0.52,0.525,0.525,0.525,0.525,0.525,0.525,0.5,2,0.52,0.525,0.525,60,2669.1281990000007,2,1
0.5,0.505,0.505,0.495,0.495,0.495,0.495,0.495,0.495,0.505,2,0.505,0.495,0.495,60,3776.8620149999992,2,1
0.53,0.51,0.51,0.515,0.515,0.515,0.515,0.515,0.515,0.495,1,0.51,0.515,0.515,60,4618.369804000002,2,0
0.505,0.505,0.505,0.495,0.495,0.495,0.495,0.495,0.495,0.495,1,0.505,0.495,0.495,60,5506.440351000001,2,1
0.5,0.505,0.505,0.505,0.505,0.505,0.505,0.505,0.495,0.495,1,0.505,0.505,0.495,60,4555.2958770000005,2,1
0.525,0.52,0.52,0.525,0.525,0.525,0.525,0.525,0.525,0.525,0,0.52,0.525,0.525,60,3000.4318190000004,2,1
0.5,0.51,0.51,0.515,0.515,0.52,0.52,0.525,0.535,0.545,0,0.51,0.52,0.535,60,8076.441343999999,2,1
0.5,0.505,0.505,0.505,0.51,0.51,0.51,0.525,0.525,0.525,0,0.505,0.51,0.525,60,6384.017262,2,0
0.475,0.495,0.495,0.495,0.495,0.495,0.495,0.495,0.495,0.51,1,0.495,0.495,0.495,60,9425.412810000005,2,0
0.53,0.51,0.51,0.515,0.515,0.515,0.515,0.515,0.515,0.515,0,0.51,0.515,0.515,60,3109.0576339999984,2,1
0.53,0.51,0.51,0.515,0.515,0.515,0.515,0.515,0.515,0.515,0,0.51,0.515,0.515,60,2027.2736789999992,2,1
0.5,0.5,0.5,0.5,0.5,0.5,0.5,0.5,0.5,0.505,0,0.5,0.5,0.5,60,2462.478032999999,2,0
0.53,0.51,0.51,0.51,0.51,0.51,0.51,0.51,0.505,0.505,0,0.51,0.51,0.505,60,1645.034164,2,0
0.505,0.51,0.51,0.51,0.51,0.51,0.51,0.515,0.525,0.525,0,0.51,0.51,0.525,60,4090.1356850000025,2,0
0.55,0.51,0.51,0.51,0.51,0.51,0.51,0.51,0.525,0.525,0,0.51,0.51,0.525,60,4555.658921000002,2,0
0.475,0.495,0.495,0.495,0.495,0.495,0.495,0.495,0.495,0.495,0,0.495,0.495,0.495,60,10247.61056200001,2,0
0.505,0.51,0.51,0.51,0.51,0.51,0.51,0.515,0.525,0.525,0,0.51,0.51,0.525,60,6616.918321000004,2,1
0.505,0.51,0.51,0.51,0.51,0.51,0.51,0.51,0.51,0.52,2,0.51,0.51,0.49,60,2752.385664,2,0
0.53,0.51,0.51,0.515,0.515,0.515,0.515,0.515,0.515,0.515,0,0.51,0.515,0.515,60,6740.592503999999,2,0
0.49,0.495,0.495,0.495,0.495,0.495,0.495,0.495,0.495,0.495,0,0.495,0.495,0.495,60,3369.310918999999,2,0
0.53,0.515,0.515,0.52,0.52,0.52,0.52,0.52,0.52,0.52,0,0.515,0.52,0.52,60,2120.6785319999994,2,1
0.53,0.495,0.495,0.495,0.495,0.495,0.495,0.495,0.495,0.495,1,0.495,0.495,0.495,60,2220.584465,2,1
0.5,0.515,0.515,0.515,0.515,0.515,0.515,0.515,0.525,0.525,0,0.515,0.515,0.525,60,1955.8064269999998,2,1
0.55,0.51,0.51,0.51,0.51,0.51,0.51,0.51,0.51,0.505,0,0.51,0.51,0.51,60,6641.616677000002,2,1
0.53,0.515,0.515,0.515,0.51,0.495,0.495,0.495,0.505,0.475,3,0.515,0.495,0.52,60,3906.4069369999993,2,1
0.475,0.495,0.495,0.485,0.485,0.485,0.485,0.485,0.485,0.495,0,0.495,0.485,0.49,60,14735.183218000006,2,1
0.5,0.515,0.515,0.515,0.515,0.515,0.515,0.515,0.525,0.52,0,0.515,0.515,0.515,60,5391.648758,2,0
0.505,0.495,0.495,0.495,0.495,0.495,0.495,0.495,0.495,0.495,1,0.495,0.495,0.495,60,2763.5259399999995,2,1
0.53,0.51,0.51,0.51,0.51,0.51,0.51,0.51,0.51,0.51,0,0.51,0.51,0.51,60,877.3359730000002,2,0
0.505,0.505,0.505,0.515,0.515,0.515,0.515,0.515,0.515,0.515,0,0.505,0.515,0.515,60,8391.205832000003,2,1
0.53,0.515,0.515,0.52,0.52,0.52,0.52,0.52,0.525,0.52,0,0.515,0.52,0.52,60,3007.261,2,1
0.495,0.49,0.49,0.49,0.49,0.49,0.49,0.485,0.475,0.445,0,0.49,0.49,0.475,60,5552.972033000003,2,0
0.545,0.515,0.515,0.515,0.515,0.515,0.515,0.515,0.515,0.51,0,0.515,0.515,0.525,60,4004.3186460000006,2,1
0.48,0.49,0.49,0.49,0.49,0.49,0.49,0.49,0.485,0.485,0,0.49,0.49,0.485,60,4264.376780999999,2,1
0.475,0.495,0.495,0.495,0.495,0.495,0.495,0.495,0.495,0.51,1,0.495,0.495,0.495,60,4161.75128,2,1
0.52,0.51,0.51,0.51,0.51,0.51,0.51,0.51,0.515,0.515,0,0.51,0.51,0.515,60,4395.302224000001,2,0
0.505,0.49,0.49,0.5,0.5,0.5,0.5,0.49,0.485,0.465,3,0.49,0.5,0.475,60,7908.466272000002,2,0
0.525,0.51,0.51,0.51,0.51,0.51,0.51,0.51,0.505,0.5,0,0.51,0.51,0.505,60,2374.1018809999996,2,1
0.53,0.51,0.51,0.51,0.51,0.51,0.51,0.51,0.505,0.505,0,0.51,0.51,0.505,60,1346.3150259999998,2,1
0.505,0.5,0.5,0.5,0.5,0.5,0.5,0.5,0.495,0.505,2,0.5,0.5,0.495,60,2100.0269669999993,2,0
0.505,0.505,0.505,0.515,0.515,0.515,0.515,0.515,0.515,0.495,1,0.505,0.515,0.515,60,832.8020619999999,2,0
0.475,0.5,0.5,0.505,0.505,0.505,0.505,0.505,0.505,0.485,2,0.5,0.505,0.485,60,2460.7397109999997,2,0
0.53,0.51,0.51,0.51,0.51,0.51,0.51,0.51,0.51,0.51,0,0.51,0.51,0.51,60,2087.4731119999997,2,1
0.505,0.49,0.49,0.5,0.5,0.505,0.505,0.505,0.505,0.52,2,0.49,0.505,0.505,60,3658.937053,2,1
0.5,0.495,0.495,0.495,0.495,0.495,0.495,0.495,0.495,0.5,2,0.495,0.495,0.495,60,4248.559506,2,1
0.5,0.505,0.505,0.505,0.505,0.505,0.51,0.51,0.515,0.505,0,0.505,0.505,0.505,60,4896.446069000001,2,0
0.495,0.495,0.495,0.485,0.485,0.485,0.485,0.485,0.485,0.495,0,0.495,0.485,0.49,60,4974.7674240000015,2,1
0.495,0.495,0.495,0.495,0.495,0.495,0.495,0.495,0.495,0.495,0,0.495,0.495,0.495,60,4063.5948829999993,2,0
0.505,0.505,0.505,0.515,0.515,0.515,0.515,0.515,0.525,0.52,0,0.505,0.515,0.525,60,4465.591946,2,1
0.505,0.505,0.505,0.515,0.515,0.515,0.515,0.515,0.505,0.505,0,0.505,0.515,0.505,60,7198.763264999999,2,0
0.525,0.5,0.5,0.5,0.5,0.5,0.5,0.495,0.495,0.5,2,0.5,0.5,0.5,60,3390.6570690000012,2,1
0.5,0.475,0.475,0.475,0.475,0.48,0.48,0.475,0.415,0.45,1,0.475,0.475,0.385,60,7296.231927999998,2,1
0.5,0.475,0.475,0.475,0.405,0.405,0.405,0.405,0.39,0.445,1,0.475,0.405,0.405,60,6874.943081,2,1
0.505,0.52,0.52,0.52,0.52,0.52,0.52,0.515,0.515,0.48,1,0.52,0.52,0.515,60,4660.209845,2,1
0.475,0.48,0.48,0.475,0.475,0.475,0.475,0.47,0.47,0.48,0,0.48,0.475,0.47,60,5755.647902,2,0
0.505,0.475,0.475,0.475,0.475,0.48,0.48,0.48,0.465,0.465,1,0.475,0.48,0.465,60,4489.7557850000085,2,0
0.505,0.505,0.505,0.5,0.5,0.5,0.5,0.5,0.505,0.505,0,0.505,0.5,0.505,60,5256.5507130000005,2,1
0.505,0.52,0.52,0.525,0.525,0.525,0.525,0.525,0.535,0.535,0,0.52,0.525,0.535,60,4331.075628000004,2,1
0.53,0.525,0.525,0.525,0.525,0.52,0.52,0.52,0.52,0.505,0,0.525,0.52,0.52,60,3961.917602,2,0
0.53,0.51,0.51,0.515,0.515,0.515,0.515,0.515,0.515,0.515,0,0.51,0.515,0.515,60,7053.29032,2,0
0.5,0.515,0.515,0.535,0.52,0.52,0.52,0.52,0.535,0.535,0,0.515,0.52,0.535,60,7196.603992000004,2,1
0.525,0.51,0.51,0.515,0.515,0.515,0.515,0.515,0.515,0.535,0,0.51,0.515,0.525,60,3531.5220929999996,2,0
0.5,0.51,0.51,0.5,0.5,0.5,0.5,0.5,0.5,0.525,0,0.51,0.5,0.52,60,7743.115718999999,2,0
0.5,0.49,0.49,0.49,0.49,0.49,0.49,0.49,0.49,0.49,1,0.49,0.49,0.49,60,5542.263759000011,2,0
0.5,0.495,0.495,0.495,0.495,0.495,0.51,0.51,0.505,0.5,2,0.495,0.495,0.505,60,6955.646799000006,2,0
0.525,0.515,0.515,0.515,0.515,0.51,0.51,0.51,0.505,0.525,0,0.515,0.515,0.52,60,5245.067458000001,2,1
0.52,0.515,0.515,0.515,0.515,0.515,0.515,0.515,0.515,0.535,0,0.515,0.515,0.52,60,4232.873473000001,2,1
0.525,0.52,0.52,0.52,0.52,0.515,0.515,0.515,0.535,0.535,0,0.52,0.515,0.535,60,4854.155358,2,1
0.48,0.495,0.495,0.495,0.495,0.485,0.505,0.505,0.485,0.475,2,0.495,0.485,0.475,60,7019.962235,2,0
0.505,0.515,0.515,0.52,0.52,0.515,0.515,0.515,0.515,0.505,0,0.515,0.515,0.515,60,4252.580414000001,2,1
0.5,0.51,0.51,0.5,0.525,0.515,0.505,0.505,0.525,0.525,0,0.51,0.515,0.525,60,3748.5004850000028,2,1
0.475,0.495,0.495,0.505,0.505,0.505,0.505,0.505,0.515,0.495,2,0.495,0.505,0.51,60,4055.4361480000007,2,0
0.52,0.505,0.505,0.5,0.475,0.475,0.495,0.485,0.485,0.48,1,0.505,0.475,0.485,60,3007.2670189999994,2,0
0.525,0.51,0.51,0.51,0.51,0.51,0.51,0.51,0.505,0.495,1,0.51,0.51,0.51,60,5774.398829,2,1
0.525,0.51,0.51,0.51,0.51,0.51,0.51,0.51,0.515,0.52,0,0.51,0.51,0.515,60,5417.313575,2,1
0.52,0.52,0.52,0.52,0.52,0.52,0.52,0.52,0.505,0.495,1,0.52,0.52,0.505,60,3654.8856339999993,2,0
0.5,0.495,0.495,0.495,0.495,0.495,0.495,0.495,0.495,0.49,1,0.495,0.495,0.49,60,6633.174220000008,2,1
0.5,0.495,0.495,0.505,0.505,0.525,0.525,0.525,0.525,0.49,3,0.495,0.505,0.51,60,5052.529191999999,2,0
0.525,0.475,0.475,0.475,0.475,0.475,0.475,0.475,0.465,0.465,1,0.475,0.475,0.465,60,5721.7935090000055,2,1
0.47,0.485,0.485,0.485,0.485,0.485,0.48,0.475,0.475,0.47,0,0.485,0.485,0.475,60,6903.297967000008,2,0
0.475,0.485,0.485,0.485,0.485,0.485,0.485,0.485,0.485,0.485,0,0.485,0.485,0.485,60,9585.503319000001,2,0
0.53,0.515,0.515,0.515,0.515,0.51,0.51,0.51,0.51,0.515,0,0.515,0.51,0.51,60,2859.1001060000003,2,1
0.5,0.46,0.46,0.46,0.46,0.46,0.46,0.46,0.46,0.46,1,0.46,0.46,0.46,60,1675.7916469999996,3,0
0.525,0.525,0.525,0.53,0.53,0.53,0.53,0.53,0.515,0.485,1,0.52,0.53,0.515,60,1197.6992110000008,3,0
0.5,0.5,0.5,0.5,0.505,0.505,0.5,0.5,0.5,0.47,5,0.5,0.5,0.5,60,1503.795369,3,1
0.525,0.525,0.525,0.53,0.53,0.53,0.53,0.53,0.545,0.48,1,0.525,0.53,0.53,60,2680.9215059999997,3,1
0.5,0.505,0.475,0.48,0.48,0.48,0.48,0.48,0.48,0.475,3,0.505,0.48,0.475,60,1875.1303309999998,3,0
0.5,0.5,0.5,0.5,0.5,0.5,0.5,0.5,0.455,0.45,1,0.5,0.5,0.455,60,3180.003302000001,3,0
0.5,0.5,0.5,0.5,0.5,0.5,0.5,0.5,0.455,0.455,1,0.5,0.5,0.455,60,2499.4831230000004,3,1
0.53,0.505,0.505,0.505,0.505,0.505,0.505,0.505,0.505,0.505,2,0.505,0.505,0.505,60,1165.115266,3,1
0.5,0.5,0.5,0.5,0.5,0.5,0.5,0.5,0.5,0.5,0,0.5,0.5,0.5,60,589.9476699999999,3,1
0.5,0.5,0.5,0.5,0.5,0.5,0.5,0.5,0.5,0.455,1,0.5,0.5,0.455,60,718.6144810000001,3,0
0.495,0.5,0.5,0.5,0.5,0.5,0.5,0.5,0.455,0.47,2,0.5,0.5,0.495,60,1313.402079,3,0
0.53,0.46,0.46,0.46,0.46,0.46,0.46,0.46,0.455,0.455,1,0.46,0.46,0.455,60,1661.3829980000003,3,1
0.5,0.5,0.5,0.5,0.5,0.5,0.5,0.5,0.455,0.455,1,0.5,0.5,0.455,60,1886.614704,3,1
0.535,0.525,0.525,0.525,0.525,0.525,0.525,0.525,0.505,0.475,1,0.525,0.525,0.505,60,2082.8704970000003,3,1
0.5,0.495,0.5,0.495,0.505,0.505,0.505,0.505,0.545,0.545,14,0.495,0.505,0.545,60,951.530926,3,1
0.5,0.5,0.475,0.475,0.475,0.475,0.475,0.475,0.475,0.495,1,0.5,0.475,0.475,60,1072.7276069999998,3,0
0.5,0.535,0.54,0.54,0.54,0.535,0.535,0.535,0.535,0.535,0,0.54,0.54,0.535,60,816.600432,3,0
0.5,0.5,0.5,0.5,0.5,0.5,0.5,0.5,0.545,0.545,0,0.5,0.5,0.545,60,4169.485235000001,3,1
0.485,0.49,0.495,0.475,0.475,0.475,0.475,0.475,0.475,0.48,6,0.495,0.475,0.475,60,1167.7546620000005,3,0
0.525,0.52,0.525,0.525,0.53,0.53,0.53,0.53,0.515,0.48,1,0.52,0.53,0.51,60,1979.832066,3,0
0.535,0.525,0.525,0.53,0.53,0.53,0.53,0.53,0.53,0.53,0,0.525,0.53,0.53,60,1344.979188,3,0
0.5,0.5,0.5,0.5,0.5,0.5,0.5,0.5,0.455,0.455,1,0.5,0.5,0.455,60,925.93298,3,0
0.525,0.525,0.525,0.525,0.53,0.53,0.525,0.525,0.525,0.525,0,0.525,0.53,0.525,60,1416.7898010000004,3,1
0.465,0.475,0.475,0.47,0.47,0.47,0.47,0.47,0.47,0.47,0,0.475,0.47,0.47,60,3096.2274429999998,3,0
0.5,0.495,0.495,0.48,0.475,0.475,0.475,0.475,0.475,0.475,3,0.495,0.475,0.475,60,1958.606323,3,0
0.5,0.5,0.5,0.5,0.5,0.5,0.5,0.5,0.475,0.475,1,0.5,0.5,0.475,60,1198.572273,3,1
0.5,0.5,0.47,0.47,0.47,0.47,0.47,0.5,0.5,0.565,2,0.5,0.47,0.54,60,11806.446493,3,1
0.5,0.5,0.5,0.5,0.5,0.5,0.5,0.5,0.455,0.455,1,0.5,0.5,0.455,60,1106.9773750000002,3,0
0.475,0.47,0.47,0.47,0.47,0.47,0.47,0.47,0.455,0.45,0,0.47,0.47,0.455,60,918.3678249999997,3,1
0.525,0.525,0.525,0.53,0.53,0.53,0.53,0.53,0.515,0.525,2,0.525,0.53,0.485,60,1705.8130939999996,3,0
0.5,0.5,0.475,0.475,0.475,0.475,0.475,0.475,0.455,0.495,1,0.5,0.475,0.475,60,992.533121,3,0
0.525,0.525,0.525,0.53,0.53,0.53,0.53,0.53,0.545,0.545,0,0.525,0.53,0.545,60,2411.6335410000006,3,0
0.535,0.525,0.525,0.53,0.53,0.53,0.53,0.53,0.545,0.545,0,0.525,0.53,0.545,60,1499.012682,3,0
0.5,0.5,0.5,0.5,0.5,0.5,0.5,0.5,0.505,0.535,0,0.5,0.5,0.505,60,4907.480685000005,3,0
0.5,0.5,0.5,0.5,0.5,0.5,0.5,0.5,0.545,0.53,0,0.5,0.5,0.5,60,3928.97347,3,1
0.5,0.495,0.495,0.495,0.495,0.505,0.495,0.495,0.465,0.46,13,0.5,0.505,0.46,60,1685.523585,3,0
0.475,0.475,0.475,0.47,0.47,0.47,0.47,0.47,0.455,0.47,0,0.475,0.47,0.455,60,1736.4501940000002,3,1
0.5,0.5,0.5,0.475,0.475,0.475,0.475,0.475,0.495,0.495,1,0.5,0.475,0.495,60,2361.125446,3,0
0.525,0.52,0.52,0.525,0.525,0.525,0.53,0.53,0.545,0.545,0,0.52,0.525,0.545,60,2037.17192,3,1
0.48,0.495,0.495,0.495,0.495,0.495,0.495,0.495,0.535,0.54,1,0.495,0.495,0.535,60,2429.218238000001,3,0
0.525,0.525,0.525,0.53,0.53,0.53,0.53,0.53,0.545,0.545,0,0.525,0.53,0.545,60,1846.9047619999997,3,0
0.525,0.525,0.525,0.53,0.53,0.53,0.53,0.53,0.53,0.53,0,0.525,0.53,0.53,60,2822.989949,3,0
0.525,0.525,0.525,0.53,0.53,0.53,0.53,0.53,0.53,0.475,1,0.525,0.53,0.53,60,2424.7246670000013,3,0
0.5,0.495,0.505,0.5,0.495,0.495,0.495,0.505,0.535,0.495,15,0.495,0.495,0.495,60,3038.9020349999987,3,1
0.475,0.475,0.475,0.47,0.47,0.47,0.47,0.47,0.485,0.515,1,0.475,0.47,0.485,60,1763.7081810000009,3,1
0.5,0.5,0.485,0.485,0.485,0.485,0.485,0.485,0.485,0.485,1,0.5,0.485,0.485,60,887.576821,3,0
0.5,0.5,0.5,0.5,0.5,0.5,0.5,0.5,0.5,0.5,0,0.5,0.5,0.5,60,2046.7734950000015,3,1
0.495,0.5,0.5,0.5,0.5,0.5,0.5,0.5,0.485,0.48,2,0.5,0.5,0.485,60,14883.536396,3,1
0.5,0.5,0.5,0.5,0.5,0.5,0.5,0.5,0.515,0.515,0,0.5,0.5,0.515,60,2835.3363990000007,3,0
0.535,0.51,0.51,0.515,0.515,0.515,0.515,0.515,0.515,0.52,0,0.51,0.515,0.515,60,1744.2198489999998,3,1
0.535,0.51,0.51,0.515,0.515,0.515,0.515,0.515,0.515,0.5,0,0.51,0.515,0.5,60,2750.618046,3,0
0.5,0.5,0.5,0.5,0.5,0.5,0.5,0.505,0.525,0.525,0,0.5,0.5,0.525,60,4890.061890000001,3,1
0.5,0.5,0.5,0.5,0.5,0.5,0.5,0.5,0.515,0.515,0,0.5,0.5,0.515,60,2842.6056850000004,3,0
0.53,0.51,0.51,0.51,0.51,0.51,0.51,0.51,0.51,0.495,3,0.51,0.51,0.515,60,1768.0219080000002,3,0
0.5,0.5,0.5,0.5,0.5,0.5,0.5,0.5,0.5,0.5,2,0.5,0.5,0.5,60,11447.971746,3,0
0.5,0.5,0.5,0.5,0.5,0.5,0.5,0.5,0.515,0.5,2,0.5,0.5,0.5,60,1431.5366430000004,3,1
0.525,0.51,0.51,0.515,0.515,0.515,0.515,0.515,0.515,0.48,1,0.51,0.515,0.5,60,1791.7358649999992,3,1
0.535,0.51,0.51,0.515,0.515,0.515,0.515,0.515,0.515,0.455,1,0.51,0.515,0.495,60,1493.2003369999998,3,0
0.465,0.49,0.49,0.485,0.485,0.485,0.485,0.485,0.485,0.465,0,0.49,0.485,0.485,60,2854.2239600000003,3,1
0.5,0.5,0.5,0.5,0.5,0.5,0.5,0.5,0.485,0.485,1,0.5,0.5,0.485,60,1413.13662,3,1
0.53,0.51,0.51,0.515,0.515,0.515,0.515,0.515,0.515,0.52,0,0.51,0.515,0.515,60,4093.472965,3,1
0.5,0.5,0.5,0.5,0.5,0.5,0.5,0.5,0.5,0.52,0,0.5,0.5,0.5,60,3643.065074000001,3,0
0.5,0.5,0.5,0.5,0.5,0.5,0.5,0.5,0.5,0.515,0,0.5,0.5,0.5,60,2018.4908399999997,3,0
0.475,0.49,0.49,0.485,0.485,0.485,0.485,0.485,0.485,0.515,1,0.49,0.485,0.5,60,1247.4304109999996,3,1
0.535,0.51,0.51,0.515,0.515,0.515,0.515,0.515,0.515,0.515,0,0.51,0.515,0.515,60,2295.1067109999994,3,1
0.54,0.52,0.52,0.52,0.52,0.52,0.52,0.52,0.525,0.525,0,0.52,0.52,0.525,60,3674.421758000001,3,0
0.5,0.525,0.525,0.525,0.525,0.525,0.525,0.525,0.525,0.525,0,0.525,0.525,0.525,60,2665.1513449999998,3,1
0.51,0.5,0.5,0.5,0.5,0.5,0.5,0.5,0.5,0.52,0,0.5,0.5,0.5,60,2300.7764530000004,3,1
0.5,0.5,0.5,0.5,0.5,0.5,0.5,0.5,0.515,0.515,0,0.5,0.5,0.515,60,1617.0306760000003,3,0
0.535,0.51,0.51,0.515,0.515,0.515,0.515,0.515,0.515,0.515,0,0.51,0.515,0.515,60,1600.994977000001,3,0
0.5,0.5,0.5,0.5,0.5,0.5,0.5,0.5,0.5,0.515,0,0.5,0.5,0.5,60,2216.350017,3,0
0.525,0.51,0.51,0.515,0.515,0.515,0.515,0.515,0.495,0.495,1,0.51,0.515,0.495,60,3754.3037959999997,3,1
0.505,0.505,0.51,0.51,0.51,0.51,0.51,0.51,0.51,0.525,0,0.505,0.51,0.515,60,2572.183034999999,3,0
0.5,0.5,0.5,0.5,0.5,0.5,0.5,0.5,0.5,0.5,0,0.5,0.5,0.5,60,1996.0282550000009,3,0
0.475,0.49,0.49,0.485,0.485,0.485,0.485,0.485,0.485,0.515,1,0.49,0.485,0.5,60,4449.719329999999,3,0
0.5,0.5,0.5,0.5,0.5,0.5,0.5,0.5,0.515,0.52,0,0.5,0.5,0.515,60,2588.3807809999994,3,1
0.5,0.495,0.495,0.495,0.495,0.495,0.495,0.495,0.495,0.495,1,0.495,0.495,0.495,60,3530.3846710000003,3,0
0.525,0.51,0.51,0.515,0.515,0.515,0.515,0.515,0.515,0.485,1,0.51,0.515,0.5,60,2173.4642100000005,3,0
0.5,0.5,0.5,0.5,0.5,0.5,0.5,0.5,0.5,0.485,1,0.5,0.5,0.5,60,2515.7386150000007,3,1
0.475,0.49,0.49,0.485,0.485,0.485,0.485,0.485,0.485,0.515,1,0.49,0.485,0.5,60,1395.477352,3,0
0.525,0.51,0.51,0.515,0.515,0.515,0.515,0.515,0.515,0.51,0,0.51,0.515,0.515,60,1492.1326510000001,3,0
0.525,0.51,0.51,0.51,0.51,0.51,0.51,0.51,0.51,0.51,0,0.51,0.51,0.51,60,1500.8952490000006,3,1
0.47,0.48,0.48,0.48,0.48,0.48,0.48,0.48,0.48,0.47,0,0.48,0.48,0.475,60,5992.602675999999,3,0
0.5,0.5,0.5,0.5,0.5,0.5,0.5,0.5,0.485,0.48,3,0.5,0.5,0.485,60,4599.676983000002,3,0
0.5,0.5,0.5,0.5,0.5,0.5,0.5,0.5,0.485,0.485,1,0.5,0.5,0.485,60,3122.898046,3,1
0.525,0.525,0.525,0.525,0.525,0.525,0.525,0.525,0.525,0.525,0,0.525,0.525,0.525,60,2615.566748999999,3,1
0.5,0.5,0.5,0.5,0.5,0.5,0.5,0.5,0.505,0.51,0,0.5,0.5,0.505,60,2850.4254770000016,3,1
0.53,0.52,0.52,0.52,0.52,0.52,0.52,0.52,0.52,0.505,0,0.52,0.52,0.52,60,3684.3506859999998,3,0
0.455,0.455,0.455,0.455,0.455,0.455,0.455,0.455,0.455,0.455,0,0.455,0.455,0.455,60,7121.754028999999,3,0
0.5,0.5,0.5,0.5,0.5,0.5,0.5,0.5,0.505,0.52,0,0.5,0.5,0.505,60,3526.4787790000005,3,1
0.5,0.5,0.5,0.5,0.5,0.5,0.5,0.5,0.505,0.53,0,0.5,0.5,0.505,60,2686.9916220000005,3,0
0.5,0.515,0.515,0.515,0.515,0.515,0.515,0.515,0.515,0.515,0,0.515,0.515,0.515,60,4505.741643000003,3,0
0.525,0.505,0.505,0.5,0.5,0.5,0.5,0.5,0.5,0.505,0,0.51,0.5,0.5,60,1329.946083,3,0
0.5,0.5,0.5,0.5,0.5,0.5,0.5,0.5,0.495,0.49,1,0.5,0.5,0.495,60,2725.584771000001,3,0
0.5,0.5,0.5,0.5,0.5,0.5,0.5,0.5,0.5,0.49,1,0.5,0.5,0.5,60,2444.805669000003,3,1
0.475,0.495,0.495,0.5,0.5,0.495,0.495,0.495,0.495,0.485,4,0.49,0.495,0.495,60,1678.2377149999998,3,1
0.5,0.5,0.5,0.5,0.5,0.5,0.5,0.5,0.495,0.49,1,0.5,0.5,0.495,60,4773.1458840000005,3,0
0.5,0.5,0.5,0.5,0.5,0.5,0.5,0.5,0.495,0.5,2,0.5,0.5,0.495,60,2078.8435880000006,3,1
0.5,0.5,0.5,0.5,0.5,0.5,0.5,0.5,0.5,0.5,0,0.5,0.5,0.5,60,4863.3707419999955,3,0
0.51,0.505,0.505,0.5,0.5,0.5,0.5,0.5,0.495,0.495,1,0.51,0.5,0.495,60,2549.7822189999993,3,0
0.51,0.505,0.505,0.5,0.5,0.5,0.505,0.505,0.515,0.515,0,0.51,0.5,0.515,60,1998.930096000001,3,0
0.5,0.5,0.5,0.5,0.5,0.5,0.5,0.5,0.505,0.51,0,0.5,0.5,0.505,60,2217.5230399999996,3,0
0.515,0.525,0.525,0.525,0.525,0.525,0.525,0.525,0.525,0.525,0,0.525,0.525,0.525,60,2626.045227,3,0
0.5,0.525,0.525,0.525,0.525,0.525,0.525,0.525,0.525,0.505,0,0.525,0.525,0.525,60,2768.9788850000014,3,1
0.505,0.5,0.5,0.5,0.5,0.5,0.5,0.5,0.505,0.515,0,0.5,0.5,0.505,60,2728.2680490000002,3,0
0.475,0.495,0.495,0.5,0.5,0.5,0.5,0.5,0.5,0.5,1,0.49,0.5,0.5,60,3832.9803320000015,3,0
0.5,0.525,0.525,0.525,0.525,0.525,0.525,0.525,0.525,0.5,0,0.525,0.525,0.51,60,1587.484091,3,0
0.5,0.5,0.5,0.5,0.5,0.5,0.5,0.5,0.5,0.5,0,0.5,0.5,0.5,60,5387.67189,3,0
0.5,0.5,0.5,0.5,0.5,0.5,0.5,0.5,0.495,0.49,1,0.5,0.5,0.495,60,2020.6871819999997,3,0
0.515,0.505,0.505,0.5,0.5,0.5,0.5,0.5,0.505,0.51,0,0.51,0.5,0.505,60,2891.0725600000005,3,1
0.5,0.5,0.5,0.5,0.5,0.5,0.5,0.5,0.505,0.51,0,0.5,0.5,0.505,60,3225.895213,3,0
0.5,0.5,0.5,0.5,0.5,0.5,0.5,0.5,0.495,0.49,1,0.5,0.5,0.495,60,2181.091587,3,1
0.495,0.5,0.5,0.5,0.5,0.5,0.5,0.5,0.495,0.49,2,0.5,0.5,0.495,60,4442.0984499999995,3,1
0.525,0.505,0.505,0.505,0.505,0.505,0.505,0.505,0.495,0.49,1,0.51,0.505,0.495,60,2894.0120080000006,3,0
0.5,0.5,0.5,0.5,0.5,0.5,0.5,0.5,0.495,0.49,1,0.5,0.5,0.495,60,3718.492454000003,3,0
0.465,0.495,0.495,0.5,0.5,0.5,0.5,0.5,0.495,0.495,2,0.49,0.5,0.495,60,6825.420335,3,1
0.5,0.5,0.5,0.5,0.5,0.5,0.5,0.5,0.495,0.495,1,0.5,0.5,0.495,60,2205.2538219999997,3,0
0.5,0.515,0.515,0.515,0.515,0.515,0.515,0.515,0.515,0.515,0,0.515,0.515,0.515,60,2871.4317600000004,3,1
0.5,0.505,0.505,0.505,0.51,0.51,0.51,0.51,0.51,0.52,0,0.515,0.51,0.515,60,3519.7097590000008,3,1
0.535,0.5,0.505,0.505,0.505,0.505,0.505,0.505,0.515,0.52,0,0.505,0.505,0.515,60,2164.4628690000004,3,0
0.5,0.495,0.5,0.5,0.5,0.5,0.5,0.5,0.5,0.525,2,0.495,0.5,0.5,60,3280.0156960000027,3,0
0.5,0.5,0.5,0.5,0.505,0.505,0.505,0.505,0.505,0.505,0,0.5,0.505,0.505,60,2922.6241839999993,3,0
0.51,0.505,0.505,0.515,0.515,0.515,0.515,0.52,0.52,0.545,0,0.505,0.515,0.545,60,5010.896225,3,0
0.5,0.5,0.5,0.495,0.49,0.485,0.485,0.485,0.505,0.545,2,0.5,0.485,0.545,60,4772.393820000003,3,1
0.475,0.495,0.5,0.505,0.505,0.505,0.525,0.525,0.525,0.525,1,0.49,0.505,0.525,60,5552.318201000002,3,0
0.525,0.505,0.505,0.515,0.515,0.515,0.515,0.515,0.515,0.5,0,0.51,0.515,0.505,60,3858.9176700000003,3,0
0.5,0.545,0.545,0.545,0.545,0.545,0.545,0.545,0.545,0.545,0,0.545,0.545,0.545,60,2784.7457730000015,3,1
0.5,0.495,0.495,0.495,0.495,0.5,0.5,0.5,0.515,0.515,2,0.5,0.5,0.515,60,8960.308456,3,0
0.5,0.5,0.5,0.5,0.5,0.5,0.5,0.505,0.505,0.5,0,0.5,0.5,0.505,60,8441.463887,3,0
0.5,0.5,0.5,0.5,0.5,0.5,0.5,0.5,0.485,0.485,1,0.5,0.5,0.485,60,5945.533359999999,3,1
0.535,0.51,0.51,0.515,0.515,0.515,0.515,0.515,0.525,0.52,0,0.51,0.515,0.52,60,3833.907762,3,1
0.465,0.475,0.475,0.47,0.47,0.47,0.47,0.47,0.47,0.46,0,0.475,0.47,0.47,60,5930.844741000003,3,0
0.5,0.445,0.445,0.44,0.44,0.44,0.44,0.44,0.44,0.445,1,0.445,0.44,0.445,60,3463.1663529999996,3,1
0.525,0.51,0.51,0.51,0.51,0.495,0.495,0.495,0.495,0.48,1,0.51,0.5,0.495,60,3467.2673699999996,3,0
0.5,0.5,0.5,0.5,0.5,0.5,0.5,0.5,0.435,0.435,3,0.5,0.5,0.435,60,4312.123217,3,1
0.5,0.5,0.5,0.5,0.5,0.5,0.5,0.5,0.5,0.465,1,0.5,0.5,0.5,60,6207.251050999999,3,1
0.5,0.5,0.5,0.5,0.5,0.5,0.5,0.5,0.545,0.595,0,0.5,0.5,0.545,60,2969.956079,3,1
0.525,0.52,0.52,0.525,0.525,0.525,0.525,0.535,0.535,0.51,0,0.52,0.525,0.535,60,5351.707571,3,0
0.525,0.51,0.51,0.52,0.52,0.52,0.52,0.52,0.52,0.455,3,0.51,0.52,0.5,60,1722.608513,3,0
0.535,0.51,0.51,0.515,0.515,0.515,0.515,0.515,0.515,0.49,1,0.51,0.515,0.515,60,3292.7948040000006,3,0
0.525,0.51,0.51,0.515,0.515,0.515,0.515,0.515,0.515,0.515,0,0.51,0.515,0.515,60,2149.2587370000006,3,0
0.5,0.5,0.5,0.5,0.495,0.495,0.495,0.495,0.515,0.515,2,0.5,0.495,0.5,60,7025.903543999999,3,0
0.5,0.5,0.5,0.5,0.495,0.495,0.495,0.495,0.495,0.515,2,0.5,0.495,0.495,60,2447.1141949999997,3,0
0.5,0.5,0.5,0.5,0.5,0.5,0.5,0.495,0.475,0.475,1,0.5,0.5,0.475,60,3325.4181049999993,3,0
0.5,0.5,0.5,0.5,0.5,0.5,0.5,0.5,0.485,0.48,1,0.5,0.5,0.485,60,5623.563939000001,3,1
0.455,0.485,0.485,0.485,0.485,0.485,0.485,0.485,0.475,0.475,0,0.485,0.485,0.475,60,2275.452866,3,1
0.51,0.51,0.505,0.505,0.505,0.505,0.505,0.505,0.5,0.49,1,0.51,0.505,0.5,60,2336.406152,3,1
0.5,0.51,0.51,0.51,0.51,0.515,0.535,0.535,0.535,0.525,0,0.51,0.51,0.52,60,1798.2579280000002,3,0
0.5,0.49,0.49,0.49,0.49,0.49,0.5,0.5,0.5,0.505,2,0.49,0.49,0.5,60,1644.7121240000001,3,0
0.535,0.51,0.515,0.515,0.515,0.515,0.515,0.515,0.505,0.515,0,0.51,0.515,0.515,60,1970.4237629999998,3,0
0.5,0.51,0.51,0.515,0.515,0.515,0.515,0.535,0.535,0.52,0,0.51,0.515,0.52,60,1892.0828999999997,3,1
0.5,0.51,0.51,0.51,0.51,0.51,0.495,0.495,0.495,0.545,2,0.51,0.51,0.545,60,3002.044001,3,1
0.5,0.51,0.51,0.51,0.515,0.515,0.515,0.515,0.525,0.545,0,0.51,0.515,0.545,60,2444.9701349999996,3,1
0.535,0.49,0.49,0.49,0.49,0.49,0.49,0.49,0.485,0.475,1,0.49,0.49,0.485,60,1796.9017599999997,3,1
0.5,0.49,0.49,0.49,0.49,0.49,0.49,0.49,0.485,0.49,5,0.49,0.49,0.5,60,2144.2273920000007,3,1
0.5,0.485,0.485,0.485,0.485,0.485,0.485,0.485,0.485,0.485,1,0.485,0.485,0.485,60,2155.986485000001,3,0
0.5,0.49,0.49,0.49,0.49,0.49,0.49,0.49,0.485,0.5,2,0.49,0.49,0.485,60,2416.612039,3,1
0.5,0.515,0.515,0.515,0.515,0.515,0.515,0.5,0.485,0.485,1,0.515,0.515,0.485,60,2825.231966000002,3,1
0.5,0.5,0.505,0.505,0.505,0.505,0.505,0.505,0.505,0.505,0,0.5,0.505,0.505,60,1689.842189,3,0
0.465,0.51,0.51,0.51,0.51,0.51,0.51,0.51,0.51,0.495,2,0.51,0.51,0.5,60,3797.681453,3,0
0.5,0.515,0.515,0.515,0.515,0.515,0.515,0.515,0.515,0.515,0,0.515,0.515,0.515,60,5127.72947,3,1
0.465,0.485,0.485,0.485,0.485,0.485,0.485,0.485,0.485,0.485,0,0.485,0.485,0.485,60,2706.6792490000016,3,1
0.5,0.485,0.485,0.485,0.485,0.485,0.485,0.485,0.485,0.465,1,0.485,0.485,0.475,60,4798.182095000005,3,1
0.525,0.51,0.51,0.5,0.5,0.5,0.5,0.5,0.5,0.515,0,0.51,0.5,0.5,60,1068.174532,3,1
0.47,0.485,0.475,0.475,0.475,0.475,0.49,0.49,0.475,0.455,0,0.485,0.475,0.455,60,1627.2285620000005,3,0
0.505,0.51,0.51,0.51,0.51,0.51,0.51,0.505,0.485,0.475,1,0.51,0.51,0.48,60,3488.1299930000027,3,1
0.5,0.51,0.51,0.51,0.51,0.51,0.51,0.51,0.505,0.505,0,0.51,0.51,0.505,60,552.894559,3,1
0.465,0.49,0.49,0.49,0.49,0.49,0.49,0.49,0.49,0.485,0,0.49,0.49,0.485,60,1481.6495139999997,3,1
0.525,0.49,0.49,0.49,0.49,0.49,0.49,0.49,0.485,0.48,1,0.49,0.49,0.485,60,2790.775495,3,0
0.505,0.505,0.505,0.505,0.505,0.505,0.505,0.505,0.505,0.49,1,0.505,0.505,0.505,60,1131.008335,3,1
0.53,0.51,0.51,0.515,0.515,0.515,0.515,0.52,0.52,0.535,0,0.51,0.515,0.535,60,1714.0086359999998,3,1
0.5,0.515,0.515,0.515,0.51,0.51,0.51,0.51,0.52,0.53,0,0.515,0.51,0.525,60,2268.866328,3,1
0.505,0.505,0.505,0.515,0.515,0.515,0.515,0.515,0.505,0.52,2,0.505,0.515,0.495,60,1875.2955940000006,3,0
0.5,0.515,0.515,0.515,0.5,0.51,0.505,0.49,0.49,0.505,2,0.515,0.51,0.49,60,1357.064211,3,0
0.5,0.515,0.515,0.515,0.515,0.515,0.515,0.515,0.515,0.515,0,0.515,0.515,0.515,60,2235.8959760000002,3,1
0.5,0.49,0.49,0.485,0.48,0.48,0.47,0.47,0.505,0.515,2,0.49,0.48,0.515,60,2831.9994409999995,3,1
0.505,0.515,0.515,0.515,0.515,0.515,0.515,0.51,0.515,0.525,0,0.515,0.515,0.51,60,1742.5079080000003,3,0
0.495,0.505,0.505,0.505,0.505,0.53,0.53,0.53,0.555,0.53,1,0.505,0.53,0.555,60,2864.6896590000006,3,1
0.475,0.5,0.5,0.5,0.5,0.5,0.5,0.465,0.545,0.555,5,0.5,0.5,0.545,60,2857.132097000001,3,0
0.535,0.54,0.53,0.54,0.54,0.54,0.54,0.54,0.54,0.555,0,0.54,0.54,0.56,60,3773.8010570000006,3,1
0.5,0.465,0.475,0.475,0.475,0.475,0.495,0.485,0.445,0.405,1,0.465,0.475,0.445,60,1742.537786,3,0
0.535,0.535,0.535,0.535,0.535,0.535,0.535,0.535,0.535,0.555,0,0.535,0.535,0.555,60,2987.3012699999995,3,1
0.5,0.465,0.465,0.465,0.465,0.465,0.465,0.465,0.435,0.415,1,0.465,0.465,0.435,60,1345.331701,3,0
0.465,0.465,0.465,0.46,0.46,0.46,0.46,0.46,0.46,0.46,0,0.465,0.46,0.46,60,2540.6811970000003,3,0
0.5,0.535,0.535,0.535,0.535,0.535,0.535,0.535,0.505,0.46,1,0.535,0.535,0.47,60,2057.4237809999995,3,1
0.5,0.46,0.46,0.46,0.46,0.46,0.46,0.46,0.46,0.46,1,0.46,0.46,0.46,60,3865.6763809999998,3,1
0.505,0.505,0.505,0.505,0.505,0.505,0.505,0.505,0.505,0.5,0,0.505,0.505,0.505,60,4665.0063900000005,3,0
0.5,0.505,0.505,0.505,0.505,0.505,0.54,0.54,0.54,0.55,0,0.505,0.505,0.54,60,2839.7902679999997,3,1
0.5,0.535,0.535,0.535,0.535,0.535,0.535,0.535,0.565,0.535,0,0.535,0.535,0.565,60,2019.0330780000008,3,1
0.5,0.5,0.5,0.5,0.5,0.5,0.5,0.5,0.435,0.485,1,0.5,0.5,0.435,60,4121.534691,3,0
0.485,0.515,0.515,0.515,0.52,0.515,0.515,0.52,0.52,0.545,1,0.515,0.515,0.5,60,3079.834466,3,1
0.5,0.51,0.51,0.515,0.515,0.515,0.525,0.525,0.525,0.52,0,0.51,0.515,0.525,60,3246.1909910000018,3,1
0.5,0.485,0.485,0.485,0.485,0.485,0.485,0.485,0.485,0.495,1,0.485,0.485,0.49,60,5274.676630000001,3,0
0.475,0.505,0.505,0.505,0.505,0.505,0.505,0.505,0.505,0.52,1,0.515,0.505,0.505,60,2009.6297209999996,3,1
0.5,0.52,0.525,0.53,0.535,0.535,0.535,0.54,0.54,0.55,0,0.52,0.535,0.54,60,3006.080639,3,1
0.51,0.515,0.52,0.52,0.52,0.52,0.52,0.52,0.545,0.48,1,0.51,0.52,0.51,60,1638.428721,3,0
0.525,0.51,0.515,0.52,0.52,0.52,0.52,0.52,0.525,0.555,0,0.51,0.52,0.555,60,2136.120291999999,3,1
0.525,0.515,0.515,0.52,0.52,0.52,0.52,0.52,0.525,0.535,0,0.515,0.52,0.525,60,2701.008489,3,1
0.525,0.495,0.495,0.495,0.495,0.495,0.495,0.495,0.475,0.505,2,0.5,0.495,0.505,60,2230.5074440000008,3,0
0.5,0.49,0.49,0.475,0.475,0.475,0.475,0.475,0.475,0.465,1,0.49,0.475,0.465,60,2767.107354,3,0
0.5,0.485,0.485,0.485,0.485,0.48,0.48,0.475,0.465,0.455,1,0.485,0.48,0.455,60,2948.949052,3,0
0.5,0.52,0.52,0.525,0.53,0.535,0.535,0.55,0.565,0.56,0,0.52,0.53,0.595,60,2782.499967,3,1
0.5,0.5,0.5,0.5,0.5,0.5,0.5,0.5,0.5,0.4,1,0.5,0.5,0.5,60,663.5740130000001,4,1
0.5,0.5,0.5,0.5,0.5,0.5,0.5,0.5,0.5,0.395,1,0.5,0.5,0.5,60,616.3086669999999,4,1
0.5,0.5,0.5,0.5,0.5,0.5,0.5,0.5,0.5,0.375,1,0.5,0.5,0.5,60,543.332628,4,0
0.5,0.5,0.5,0.5,0.5,0.5,0.5,0.5,0.5,0.61,0,0.5,0.5,0.5,60,417.969874,4,1
0.5,0.5,0.5,0.5,0.5,0.5,0.5,0.5,0.5,0.37,1,0.5,0.5,0.5,60,474.67641000000003,4,0
0.5,0.5,0.5,0.5,0.5,0.5,0.5,0.5,0.5,0.45,1,0.5,0.5,0.5,60,715.428336,4,1
0.5,0.5,0.5,0.5,0.5,0.5,0.5,0.5,0.5,0.52,0,0.5,0.5,0.5,60,2215.1850010000003,4,0
0.5,0.5,0.5,0.5,0.5,0.5,0.5,0.5,0.5,0.395,1,0.5,0.5,0.5,60,725.708314,4,0
0.51,0.51,0.51,0.51,0.51,0.51,0.51,0.51,0.51,0.635,0,0.51,0.51,0.51,60,855.3112440000001,4,0
0.505,0.505,0.505,0.505,0.505,0.505,0.505,0.505,0.505,0.41,1,0.505,0.505,0.505,60,259.45412899999997,4,0
0.5,0.5,0.5,0.5,0.5,0.5,0.5,0.5,0.5,0.5,0,0.5,0.5,0.5,60,170.447919,4,1
0.5,0.5,0.5,0.5,0.5,0.5,0.5,0.5,0.5,0.395,1,0.5,0.5,0.5,60,158.017002,4,1
0.5,0.5,0.5,0.5,0.5,0.5,0.5,0.5,0.5,0.4,1,0.5,0.5,0.5,60,660.0606110000001,4,0
0.5,0.5,0.5,0.5,0.5,0.5,0.5,0.5,0.5,0.355,1,0.5,0.5,0.5,60,328.31364299999996,4,0
0.5,0.5,0.5,0.5,0.5,0.5,0.5,0.5,0.5,0.61,0,0.5,0.5,0.5,60,764.7387750000001,4,0
0.5,0.5,0.5,0.5,0.5,0.5,0.5,0.5,0.5,0.605,0,0.5,0.5,0.5,60,177.77619699999997,4,0
0.5,0.5,0.5,0.5,0.5,0.5,0.5,0.5,0.5,0.635,0,0.5,0.5,0.5,60,301.053422,4,0
0.5,0.5,0.5,0.5,0.5,0.5,0.5,0.5,0.5,0.625,0,0.5,0.5,0.5,60,144.409209,4,0
0.5,0.5,0.5,0.5,0.5,0.5,0.5,0.5,0.5,0.62,0,0.5,0.5,0.5,60,238.96195799999998,4,1
0.5,0.5,0.5,0.5,0.5,0.5,0.5,0.5,0.5,0.63,0,0.5,0.5,0.5,60,211.310617,4,0
0.5,0.5,0.5,0.5,0.5,0.5,0.5,0.5,0.5,0.585,0,0.5,0.5,0.5,60,349.621837,4,0
0.5,0.5,0.5,0.5,0.5,0.5,0.5,0.5,0.5,0.415,1,0.5,0.5,0.5,60,655.4084829999999,4,0
0.5,0.5,0.5,0.47,0.47,0.5,0.5,0.5,0.5,0.6,2,0.5,0.47,0.5,60,708.07613,4,1
0.5,0.5,0.5,0.5,0.5,0.5,0.5,0.5,0.5,0.545,0,0.5,0.5,0.5,60,510.234131,4,1
0.5,0.5,0.5,0.5,0.5,0.5,0.5,0.5,0.5,0.5,0,0.5,0.5,0.5,60,327.336628,4,1
0.5,0.5,0.5,0.5,0.5,0.5,0.5,0.5,0.5,0.525,0,0.5,0.5,0.5,60,102.938149,4,1
0.5,0.5,0.5,0.5,0.5,0.5,0.5,0.5,0.5,0.51,0,0.5,0.5,0.5,60,205.235456,4,0
0.5,0.5,0.5,0.5,0.5,0.5,0.5,0.5,0.5,0.625,0,0.5,0.5,0.5,60,360.054623,4,0
0.5,0.5,0.5,0.5,0.5,0.5,0.5,0.5,0.5,0.585,0,0.5,0.5,0.5,60,230.55,4,1
0.5,0.5,0.5,0.5,0.5,0.5,0.5,0.5,0.5,0.63,0,0.5,0.5,0.5,60,306.884715,4,1
0.5,0.5,0.5,0.5,0.5,0.5,0.5,0.5,0.5,0.545,0,0.5,0.5,0.5,60,1704.2993,4,0
0.5,0.5,0.5,0.5,0.5,0.5,0.5,0.5,0.5,0.625,0,0.5,0.5,0.5,60,656.9229659999999,4,0
0.5,0.5,0.5,0.5,0.5,0.5,0.5,0.5,0.5,0.5,0,0.5,0.5,0.5,60,375.56779500000005,4,0
0.5,0.5,0.5,0.5,0.5,0.5,0.5,0.5,0.5,0.38,1,0.5,0.5,0.5,60,1232.2373270000003,4,1
0.5,0.5,0.5,0.5,0.5,0.5,0.5,0.5,0.5,0.31,1,0.5,0.5,0.5,60,203.519088,4,0
0.5,0.5,0.5,0.5,0.5,0.5,0.5,0.5,0.5,0.62,0,0.5,0.5,0.5,60,578.85717,4,0
0.5,0.5,0.5,0.5,0.5,0.5,0.5,0.5,0.5,0.615,0,0.5,0.5,0.5,60,566.579409,4,0
0.5,0.5,0.5,0.5,0.5,0.5,0.5,0.5,0.5,0.605,0,0.5,0.5,0.5,60,285.41313199999996,4,0
0.5,0.5,0.5,0.5,0.5,0.5,0.5,0.5,0.5,0.54,0,0.5,0.5,0.5,60,164.578437,4,1
0.5,0.5,0.5,0.5,0.5,0.5,0.5,0.5,0.5,0.69,0,0.5,0.5,0.5,60,155.882701,4,0
0.5,0.5,0.5,0.5,0.5,0.5,0.5,0.5,0.5,0.615,0,0.5,0.5,0.5,60,222.822744,4,0
0.5,0.5,0.5,0.5,0.5,0.5,0.5,0.5,0.5,0.605,0,0.5,0.5,0.5,60,481.80208100000004,4,0
0.5,0.5,0.5,0.5,0.5,0.5,0.5,0.5,0.5,0.585,0,0.5,0.5,0.5,60,864.576835,4,0
0.5,0.5,0.5,0.5,0.5,0.5,0.5,0.5,0.5,0.48,1,0.5,0.5,0.5,60,1241.799003,4,0
0.5,0.5,0.5,0.5,0.5,0.5,0.5,0.5,0.51,0.52,0,0.5,0.5,0.51,60,795.6313030000001,4,1
0.5,0.5,0.5,0.5,0.5,0.5,0.5,0.5,0.5,0.395,1,0.5,0.5,0.5,60,4179.202334000001,4,1
0.5,0.5,0.5,0.5,0.5,0.5,0.5,0.5,0.5,0.5,0,0.5,0.5,0.5,60,569.1634730000001,4,0
0.5,0.5,0.5,0.5,0.5,0.5,0.5,0.5,0.5,0.5,0,0.5,0.5,0.5,60,237.55109399999998,4,1
0.5,0.5,0.5,0.5,0.5,0.5,0.5,0.5,0.5,0.5,0,0.5,0.5,0.5,60,381.69314299999996,4,1
0.5,0.5,0.5,0.5,0.5,0.5,0.5,0.5,0.5,0.5,0,0.5,0.5,0.5,60,437.893164,4,1
0.5,0.5,0.5,0.5,0.5,0.5,0.5,0.5,0.5,0.5,0,0.5,0.5,0.5,60,564.2763,4,1
0.5,0.5,0.5,0.5,0.5,0.5,0.5,0.5,0.5,0.705,0,0.5,0.5,0.5,60,386.7976930000001,4,1
0.5,0.5,0.5,0.5,0.5,0.5,0.5,0.5,0.5,0.715,0,0.5,0.5,0.5,60,378.35454000000016,4,0
0.5,0.5,0.5,0.5,0.5,0.5,0.5,0.5,0.5,0.705,0,0.5,0.5,0.5,60,432.15757300000007,4,0
0.5,0.5,0.5,0.5,0.5,0.5,0.5,0.5,0.5,0.71,0,0.5,0.5,0.5,60,599.4352299999999,4,1
0.5,0.5,0.5,0.5,0.5,0.5,0.5,0.5,0.5,0.5,0,0.5,0.5,0.5,60,102.00458599999999,4,0
0.5,0.5,0.5,0.5,0.5,0.5,0.5,0.5,0.5,0.295,1,0.5,0.5,0.5,60,290.80026599999997,4,0
0.5,0.5,0.5,0.5,0.5,0.5,0.5,0.5,0.5,0.705,0,0.5,0.5,0.5,60,135.65813899999998,4,1
0.5,0.5,0.5,0.5,0.5,0.5,0.5,0.5,0.5,0.595,0,0.5,0.5,0.5,60,494.09120399999995,4,0
0.5,0.5,0.5,0.5,0.5,0.5,0.5,0.5,0.5,0.39,1,0.5,0.5,0.5,60,309.56597899999997,4,0
0.5,0.5,0.5,0.5,0.5,0.5,0.5,0.5,0.5,0.365,1,0.5,0.5,0.465,60,1179.005968,4,0
0.5,0.5,0.5,0.5,0.5,0.5,0.5,0.5,0.5,0.4,1,0.5,0.5,0.5,60,584.49,4,1
0.5,0.5,0.5,0.5,0.5,0.5,0.5,0.5,0.5,0.405,1,0.5,0.5,0.5,60,809.2057580000002,4,1
0.5,0.5,0.5,0.5,0.5,0.5,0.5,0.5,0.5,0.375,1,0.5,0.5,0.5,60,571.3024849999999,4,1
0.5,0.5,0.5,0.5,0.5,0.5,0.5,0.5,0.5,0.395,1,0.5,0.5,0.5,60,171.315843,4,1
0.5,0.5,0.5,0.5,0.5,0.5,0.5,0.5,0.5,0.54,0,0.5,0.5,0.5,60,168.420783,4,1
0.49,0.49,0.49,0.49,0.49,0.49,0.49,0.49,0.49,0.59,1,0.49,0.49,0.49,60,591.7457970000002,4,1
0.5,0.5,0.5,0.5,0.5,0.5,0.5,0.5,0.5,0.715,0,0.5,0.5,0.5,60,499.861433,4,1
0.5,0.5,0.5,0.5,0.5,0.5,0.5,0.5,0.5,0.71,0,0.5,0.5,0.5,60,1196.1087360000001,4,0
0.5,0.5,0.5,0.5,0.5,0.5,0.5,0.5,0.5,0.3,1,0.5,0.5,0.5,60,339.995,4,0
0.5,0.5,0.5,0.5,0.5,0.5,0.5,0.5,0.5,0.715,0,0.5,0.5,0.5,60,313.80357000000004,4,1
0.5,0.5,0.5,0.5,0.5,0.5,0.5,0.5,0.5,0.715,0,0.5,0.5,0.5,60,637.2792609999999,4,0
0.5,0.5,0.5,0.5,0.5,0.5,0.5,0.5,0.5,0.5,0,0.5,0.5,0.5,60,732.5075909999999,4,1
0.5,0.5,0.5,0.5,0.5,0.5,0.5,0.5,0.5,0.285,1,0.5,0.5,0.5,60,703.372206,4,1
0.5,0.5,0.5,0.5,0.5,0.5,0.5,0.5,0.5,0.715,0,0.5,0.5,0.5,60,815.6159309999998,4,1
0.49,0.49,0.49,0.49,0.49,0.49,0.49,0.49,0.49,0.385,0,0.49,0.49,0.49,60,1874.643736,4,0
0.5,0.5,0.5,0.5,0.5,0.5,0.5,0.5,0.5,0.4,1,0.5,0.5,0.5,60,150.14190700000003,4,0
0.5,0.5,0.5,0.5,0.5,0.5,0.5,0.5,0.5,0.625,0,0.5,0.5,0.5,60,1205.1919999999996,4,1
0.5,0.5,0.5,0.5,0.5,0.5,0.5,0.5,0.5,0.475,1,0.5,0.5,0.5,60,159.508521,4,0
0.5,0.5,0.5,0.5,0.5,0.5,0.5,0.5,0.5,0.395,1,0.5,0.5,0.5,60,247.719715,4,1
0.5,0.5,0.5,0.5,0.5,0.5,0.5,0.5,0.5,0.5,0,0.5,0.5,0.5,60,336.511349,4,1
0.5,0.5,0.5,0.5,0.5,0.5,0.5,0.5,0.5,0.46,1,0.5,0.5,0.5,60,489.180206,4,0
0.5,0.5,0.5,0.5,0.5,0.5,0.5,0.5,0.5,0.47,1,0.5,0.5,0.5,60,2191.6304230000005,4,1
0.5,0.5,0.5,0.5,0.5,0.5,0.5,0.5,0.5,0.375,1,0.5,0.5,0.5,60,353.326905,4,0
0.5,0.5,0.5,0.5,0.5,0.5,0.5,0.5,0.5,0.5,0,0.5,0.5,0.5,60,375.46482000000003,4,1
0.5,0.5,0.5,0.5,0.5,0.5,0.5,0.5,0.5,0.54,0,0.5,0.5,0.5,60,1136.5538579999998,4,0
0.5,0.5,0.5,0.5,0.5,0.5,0.5,0.5,0.5,0.47,1,0.5,0.5,0.5,60,622.171734,4,0
0.5,0.5,0.5,0.5,0.5,0.5,0.5,0.5,0.5,0.46,1,0.5,0.5,0.5,60,283.207856,4,0
0.5,0.5,0.5,0.5,0.5,0.5,0.5,0.5,0.5,0.545,0,0.5,0.5,0.5,60,177.560924,4,1
0.5,0.5,0.5,0.5,0.5,0.5,0.5,0.5,0.5,0.53,0,0.5,0.5,0.5,60,297.031653,4,0
0.5,0.5,0.5,0.5,0.5,0.5,0.5,0.5,0.5,0.47,1,0.5,0.5,0.5,60,269.991133,4,0
0.5,0.5,0.5,0.5,0.5,0.5,0.5,0.5,0.5,0.5,0,0.5,0.5,0.5,60,213.33106600000002,4,0
0.5,0.5,0.5,0.5,0.5,0.5,0.5,0.5,0.5,0.46,1,0.5,0.5,0.5,60,123.62431099999999,4,0
0.5,0.5,0.5,0.5,0.5,0.5,0.5,0.5,0.5,0.47,1,0.5,0.5,0.5,60,482.7294020000001,4,1
0.5,0.5,0.5,0.5,0.5,0.5,0.5,0.5,0.5,0.465,1,0.5,0.5,0.5,60,371.31052,4,1
0.5,0.5,0.5,0.5,0.5,0.5,0.5,0.5,0.5,0.46,1,0.5,0.5,0.5,60,371.683887,4,0
0.49,0.49,0.49,0.49,0.49,0.49,0.49,0.49,0.49,0.5,1,0.49,0.49,0.49,60,294.858837,4,1
0.5,0.5,0.5,0.5,0.5,0.5,0.5,0.5,0.5,0.5,0,0.5,0.5,0.5,60,725.9844239999999,4,1
0.505,0.5,0.5,0.5,0.5,0.5,0.5,0.5,0.5,0.605,0,0.505,0.5,0.5,60,281.1814,4,1
0.5,0.5,0.5,0.5,0.5,0.5,0.5,0.5,0.5,0.455,1,0.5,0.5,0.5,60,211.005192,4,0
0.5,0.5,0.5,0.5,0.5,0.5,0.5,0.5,0.5,0.7,0,0.5,0.5,0.5,60,383.90734199999997,4,1
0.5,0.5,0.5,0.5,0.5,0.5,0.5,0.5,0.5,0.3,1,0.5,0.5,0.5,60,358.534754,4,1
0.49,0.5,0.5,0.5,0.5,0.5,0.5,0.5,0.5,0.445,2,0.49,0.5,0.5,60,793.1871470000001,4,0
0.5,0.5,0.5,0.5,0.5,0.5,0.5,0.5,0.5,0.395,1,0.5,0.5,0.5,60,758.951708,4,0
0.5,0.5,0.5,0.5,0.5,0.5,0.5,0.5,0.5,0.5,0,0.5,0.5,0.5,60,447.34866300000004,4,1
0.5,0.525,0.525,0.525,0.525,0.525,0.525,0.525,0.525,0.71,0,0.545,0.525,0.525,60,336.65297400000003,4,0
0.5,0.5,0.5,0.5,0.5,0.5,0.5,0.5,0.5,0.5,0,0.5,0.5,0.5,60,399.0753,4,0
0.5,0.5,0.5,0.5,0.5,0.5,0.5,0.5,0.5,0.3,1,0.5,0.5,0.5,60,434.605086,4,1
0.5,0.5,0.5,0.5,0.5,0.5,0.5,0.5,0.5,0.5,0,0.5,0.5,0.5,60,178.725667,4,1
0.5,0.5,0.5,0.5,0.5,0.5,0.5,0.5,0.5,0.5,0,0.5,0.5,0.5,60,519.2003790000001,4,0
0.5,0.5,0.5,0.5,0.5,0.5,0.5,0.5,0.5,0.515,0,0.5,0.5,0.5,60,2650.8354139999997,4,1
0.5,0.5,0.5,0.5,0.5,0.5,0.5,0.5,0.5,0.49,1,0.5,0.5,0.5,60,1334.997316,4,1
0.5,0.5,0.5,0.5,0.5,0.5,0.5,0.5,0.5,0.5,0,0.5,0.5,0.5,60,1573.3904,4,1
0.5,0.5,0.5,0.5,0.5,0.5,0.5,0.5,0.5,0.5,0,0.5,0.5,0.5,60,78.539917,4,1
0.5,0.5,0.5,0.5,0.5,0.5,0.5,0.5,0.5,0.49,1,0.5,0.5,0.5,60,1981.2363090000001,4,1
0.5,0.5,0.5,0.5,0.5,0.5,0.5,0.5,0.5,0.5,0,0.5,0.5,0.5,60,1471.894945,4,1
0.5,0.5,0.5,0.5,0.5,0.5,0.5,0.5,0.5,0.5,0,0.5,0.5,0.5,60,1367.025966,4,0
0.51,0.5,0.5,0.5,0.5,0.5,0.5,0.5,0.5,0.5,0,0.5,0.5,0.5,60,1344.992651,4,1
0.5,0.5,0.5,0.5,0.5,0.5,0.5,0.5,0.5,0.5,0,0.5,0.5,0.5,60,395.700626,4,0
0.5,0.5,0.5,0.5,0.5,0.5,0.5,0.5,0.5,0.5,0,0.5,0.5,0.5,60,107.349412,4,1
0.5,0.5,0.5,0.5,0.5,0.5,0.5,0.5,0.5,0.5,0,0.5,0.5,0.5,60,675.238849,4,1
0.5,0.5,0.5,0.5,0.5,0.5,0.5,0.5,0.5,0.485,1,0.5,0.5,0.5,60,746.8951189999999,4,1
0.5,0.5,0.5,0.5,0.5,0.5,0.5,0.5,0.5,0.515,0,0.5,0.5,0.5,60,270.583177,4,1
0.5,0.5,0.5,0.5,0.5,0.5,0.5,0.5,0.5,0.39,1,0.5,0.5,0.5,60,693.890844,4,0
0.5,0.5,0.5,0.5,0.5,0.5,0.5,0.5,0.5,0.475,1,0.5,0.5,0.5,60,119.030039,4,1
0.5,0.5,0.5,0.5,0.5,0.5,0.5,0.5,0.5,0.65,0,0.5,0.5,0.5,60,2604.491836,4,1
0.5,0.5,0.5,0.5,0.5,0.5,0.5,0.5,0.5,0.525,0,0.5,0.5,0.5,60,869.2532620000001,4,0
0.5,0.5,0.5,0.5,0.5,0.5,0.5,0.5,0.5,0.3,1,0.5,0.5,0.5,60,198.906253,4,1
0.5,0.5,0.5,0.5,0.5,0.5,0.5,0.5,0.5,0.385,1,0.5,0.5,0.5,60,503.641616,4,1
0.5,0.5,0.5,0.5,0.5,0.5,0.5,0.5,0.5,0.395,1,0.5,0.5,0.5,60,545.98252,4,0
0.5,0.5,0.5,0.5,0.5,0.5,0.5,0.5,0.5,0.4,1,0.5,0.5,0.5,60,486.496367,4,1
0.5,0.5,0.5,0.5,0.5,0.5,0.5,0.5,0.5,0.4,1,0.5,0.5,0.5,60,605.003341,4,0
0.5,0.5,0.5,0.5,0.5,0.5,0.5,0.5,0.5,0.39,1,0.5,0.5,0.5,60,524.5041329999999,4,0
0.5,0.5,0.5,0.5,0.5,0.5,0.5,0.5,0.5,0.37,1,0.5,0.5,0.5,60,497.1161,4,1
0.5,0.5,0.5,0.5,0.5,0.5,0.5,0.5,0.5,0.41,1,0.5,0.5,0.5,60,434.99014999999997,4,1
0.5,0.5,0.5,0.5,0.5,0.5,0.5,0.5,0.5,0.5,0,0.5,0.5,0.5,60,456.040576,4,0
0.5,0.5,0.5,0.5,0.5,0.5,0.5,0.5,0.5,0.5,0,0.5,0.5,0.5,60,307.62735499999997,4,0
0.5,0.5,0.5,0.5,0.5,0.5,0.5,0.5,0.5,0.595,0,0.5,0.5,0.5,60,319.565876,4,0
0.5,0.5,0.5,0.5,0.5,0.5,0.5,0.5,0.5,0.5,0,0.5,0.5,0.5,60,363.832332,4,1
0.5,0.5,0.5,0.5,0.5,0.5,0.5,0.5,0.5,0.5,0,0.5,0.5,0.5,60,1505.7481,4,0
0.5,0.5,0.5,0.5,0.5,0.5,0.5,0.5,0.5,0.465,1,0.5,0.5,0.5,60,434.246621,4,0
0.5,0.5,0.5,0.5,0.5,0.5,0.5,0.5,0.5,0.285,1,0.5,0.5,0.5,60,481.54007699999977,4,1
0.5,0.5,0.5,0.5,0.5,0.5,0.5,0.5,0.5,0.705,0,0.5,0.5,0.5,60,225.52136600000003,4,0
0.5,0.5,0.5,0.5,0.5,0.5,0.5,0.5,0.5,0.405,1,0.5,0.5,0.5,60,195.15908900000005,4,0
0.5,0.5,0.5,0.5,0.5,0.5,0.5,0.5,0.5,0.6,0,0.5,0.5,0.5,60,306.80663699999997,4,1
0.5,0.5,0.5,0.5,0.5,0.5,0.5,0.5,0.5,0.39,1,0.5,0.5,0.5,60,359.865523,4,1
0.5,0.5,0.5,0.5,0.5,0.5,0.5,0.5,0.5,0.46,1,0.5,0.5,0.51,60,1171.0228149999998,4,0
0.5,0.5,0.5,0.5,0.5,0.5,0.5,0.5,0.5,0.465,1,0.5,0.5,0.51,60,700.7672660000001,4,0
0.5,0.5,0.5,0.495,0.495,0.5,0.5,0.5,0.5,0.285,3,0.5,0.5,0.5,60,650.3586519999999,4,0
0.5,0.5,0.5,0.5,0.5,0.5,0.5,0.5,0.5,0.295,1,0.5,0.5,0.5,60,462.966945,4,1
0.5,0.5,0.5,0.5,0.5,0.5,0.5,0.5,0.5,0.6,0,0.5,0.5,0.5,60,545.0775,4,1
0.5,0.5,0.5,0.5,0.5,0.5,0.5,0.5,0.5,0.53,0,0.5,0.5,0.5,60,628.2472220000001,4,1
0.5,0.5,0.5,0.5,0.5,0.5,0.5,0.5,0.5,0.54,0,0.5,0.5,0.5,60,2040.8042420000002,4,1
0.5,0.5,0.5,0.5,0.5,0.5,0.5,0.5,0.5,0.43,1,0.5,0.5,0.5,60,908.281515,4,0
0.5,0.5,0.5,0.5,0.5,0.5,0.5,0.5,0.5,0.535,2,0.5,0.5,0.49,60,3144.9725820000003,4,0
0.5,0.5,0.5,0.5,0.5,0.5,0.5,0.5,0.5,0.46,1,0.5,0.5,0.51,60,509.4456980000002,4,1
0.5,0.5,0.5,0.5,0.5,0.5,0.5,0.5,0.5,0.475,1,0.5,0.5,0.51,60,513.078315,4,1
0.5,0.5,0.5,0.5,0.5,0.5,0.5,0.5,0.5,0.525,2,0.5,0.5,0.49,60,382.11848,4,1
0.5,0.5,0.5,0.5,0.5,0.5,0.5,0.5,0.5,0.285,1,0.5,0.5,0.49,60,335.315598,4,0
0.5,0.5,0.5,0.5,0.5,0.5,0.5,0.5,0.5,0.385,1,0.5,0.5,0.5,60,608.741816,4,1
0.5,0.5,0.5,0.5,0.5,0.5,0.5,0.5,0.5,0.46,1,0.5,0.5,0.5,60,214.07272999999998,4,0
0.5,0.5,0.5,0.5,0.5,0.5,0.5,0.5,0.5,0.5,0,0.5,0.5,0.5,60,532.006316,4,1
0.5,0.5,0.5,0.5,0.5,0.5,0.5,0.5,0.5,0.5,0,0.5,0.5,0.5,60,171.07306599999998,4,0
0.5,0.5,0.5,0.5,0.5,0.5,0.5,0.5,0.5,0.5,0,0.5,0.5,0.5,60,210.08375,4,0
0.5,0.5,0.5,0.5,0.5,0.5,0.5,0.5,0.5,0.295,1,0.5,0.5,0.49,60,307.79346300000003,4,1
0.465,0.465,0.465,0.465,0.465,0.465,0.465,0.465,0.465,0.495,0,0.465,0.465,0.475,60,276.440056,4,0
0.5,0.5,0.5,0.5,0.5,0.5,0.5,0.5,0.5,0.295,1,0.5,0.5,0.495,60,350.2576019999999,4,1
0.5,0.5,0.5,0.5,0.5,0.5,0.5,0.5,0.5,0.285,1,0.5,0.5,0.5,60,98.99567299999998,4,0
0.5,0.5,0.5,0.5,0.5,0.5,0.5,0.5,0.5,0.46,1,0.5,0.5,0.51,60,281.079591,4,1
0.5,0.5,0.5,0.5,0.5,0.5,0.5,0.5,0.5,0.5,0,0.5,0.5,0.5,60,408.81013,4,1
0.5,0.5,0.5,0.5,0.5,0.5,0.5,0.5,0.5,0.5,0,0.5,0.5,0.5,60,98.847701,4,1
0.5,0.5,0.5,0.5,0.5,0.5,0.5,0.5,0.5,0.465,1,0.5,0.5,0.5,60,115.780368,4,0
0.5,0.5,0.5,0.5,0.5,0.5,0.5,0.5,0.5,0.295,1,0.5,0.5,0.5,60,337.6716390000001,4,0
0.5,0.5,0.5,0.5,0.5,0.5,0.5,0.5,0.5,0.5,0,0.5,0.5,0.5,60,336.00780799999995,4,1
0.5,0.5,0.5,0.5,0.5,0.5,0.5,0.5,0.5,0.5,0,0.5,0.5,0.5,60,341.193121,4,1
0.5,0.5,0.5,0.5,0.5,0.5,0.5,0.5,0.5,0.5,0,0.5,0.5,0.5,60,348.73777800000005,4,1
0.5,0.5,0.5,0.5,0.5,0.5,0.5,0.5,0.5,0.5,0,0.5,0.5,0.5,60,87.11644,4,1
0.5,0.5,0.5,0.5,0.5,0.5,0.5,0.5,0.5,0.5,0,0.5,0.5,0.5,60,63.36225,4,0
0.5,0.5,0.5,0.5,0.5,0.5,0.5,0.5,0.5,0.5,0,0.5,0.5,0.5,60,299.477848,4,1
0.5,0.5,0.5,0.5,0.5,0.5,0.5,0.5,0.5,0.5,0,0.5,0.5,0.5,60,317.963486,4,1
0.5,0.5,0.5,0.5,0.5,0.46,0.46,0.46,0.54,0.515,2,0.5,0.5,0.54,60,225.17268399999998,4,1
0.5,0.5,0.5,0.5,0.5,0.5,0.5,0.46,0.46,0.43,1,0.5,0.5,0.46,60,695.6589470000001,4,1
0.5,0.5,0.5,0.5,0.5,0.465,0.465,0.465,0.465,0.43,1,0.5,0.465,0.465,60,725.2736029999998,4,1
0.5,0.5,0.5,0.5,0.5,0.5,0.5,0.5,0.5,0.435,1,0.5,0.5,0.5,60,359.95582199999996,4,1
0.5,0.5,0.5,0.5,0.5,0.5,0.5,0.5,0.5,0.395,1,0.5,0.5,0.5,60,1596.3088039999993,4,1
0.5,0.5,0.5,0.5,0.5,0.5,0.5,0.5,0.5,0.705,0,0.5,0.5,0.5,60,766.783628,4,1
0.5,0.5,0.5,0.5,0.5,0.5,0.5,0.5,0.5,0.4,1,0.5,0.5,0.5,60,278.1420310000003,4,0
0.49,0.49,0.49,0.49,0.49,0.49,0.49,0.49,0.49,0.385,0,0.49,0.49,0.49,60,476.41006200000004,4,1
0.505,0.505,0.505,0.505,0.505,0.505,0.505,0.505,0.505,0.395,1,0.505,0.505,0.505,60,243.636362,4,0
0.53,0.53,0.53,0.53,0.53,0.53,0.495,0.495,0.495,0.385,1,0.53,0.53,0.495,60,214.10534600000003,4,0
0.495,0.49,0.49,0.495,0.495,0.495,0.495,0.495,0.495,0.6,1,0.495,0.495,0.495,60,334.877202,4,0
0.5,0.5,0.5,0.5,0.5,0.5,0.5,0.5,0.5,0.705,0,0.5,0.5,0.5,60,307.559301,4,0
0.5,0.5,0.5,0.5,0.5,0.5,0.5,0.5,0.5,0.61,0,0.5,0.5,0.5,60,83.23942,4,1
0.53,0.53,0.53,0.53,0.53,0.53,0.53,0.53,0.53,0.505,0,0.53,0.53,0.53,60,1733.124925,4,1
0.5,0.5,0.5,0.5,0.5,0.5,0.5,0.5,0.5,0.285,1,0.5,0.5,0.5,60,298.105051,4,1
0.5,0.5,0.5,0.5,0.5,0.5,0.5,0.5,0.5,0.5,0,0.5,0.5,0.5,60,694.9685410000001,4,1
0.5,0.5,0.5,0.5,0.5,0.5,0.5,0.5,0.5,0.5,0,0.5,0.5,0.5,60,610.864586,4,1
0.5,0.5,0.5,0.5,0.5,0.5,0.5,0.5,0.5,0.3,1,0.5,0.5,0.5,60,688.1671469999999,4,0
0.5,0.5,0.5,0.5,0.5,0.5,0.5,0.5,0.5,0.71,0,0.5,0.5,0.5,60,2871.757537,4,1
0.5,0.5,0.5,0.5,0.5,0.5,0.5,0.5,0.5,0.705,0,0.5,0.5,0.5,60,212.15333399999997,4,0
0.5,0.5,0.5,0.5,0.5,0.5,0.5,0.5,0.5,0.46,1,0.5,0.5,0.5,60,877.819823,4,1
0.5,0.5,0.5,0.5,0.5,0.5,0.5,0.5,0.5,0.59,0,0.5,0.5,0.5,60,94.60149399999999,4,0
0.5,0.5,0.5,0.5,0.5,0.5,0.5,0.5,0.5,0.59,0,0.5,0.5,0.5,60,241.95718499999998,4,0
0.5,0.5,0.5,0.5,0.5,0.5,0.5,0.5,0.5,0.5,0,0.5,0.5,0.5,60,64.395499,4,1
0.5,0.5,0.5,0.5,0.5,0.5,0.5,0.5,0.5,0.595,0,0.5,0.5,0.5,60,2152.5926,4,1
0.5,0.5,0.5,0.5,0.5,0.5,0.5,0.5,0.5,0.5,0,0.5,0.5,0.5,60,2122.8947829999997,4,0
0.5,0.5,0.5,0.5,0.5,0.5,0.5,0.5,0.5,0.585,0,0.5,0.5,0.5,60,572.538194,4,1
0.5,0.5,0.5,0.5,0.5,0.5,0.5,0.5,0.5,0.54,0,0.5,0.5,0.5,60,487.22139500000003,4,0
0.5,0.5,0.5,0.5,0.5,0.5,0.5,0.5,0.5,0.405,1,0.5,0.5,0.5,60,1053.1454910000002,4,0
0.5,0.5,0.5,0.5,0.5,0.5,0.5,0.5,0.5,0.595,0,0.5,0.5,0.5,60,181.196674,4,1
0.5,0.5,0.5,0.5,0.5,0.5,0.5,0.5,0.5,0.41,1,0.5,0.5,0.5,60,949.10213,4,0
0.5,0.5,0.5,0.5,0.5,0.5,0.5,0.5,0.5,0.41,1,0.5,0.5,0.5,60,770.3737,4,1
0.5,0.5,0.5,0.5,0.5,0.5,0.5,0.5,0.5,0.41,1,0.5,0.5,0.5,60,93.48946800000002,4,1
0.5,0.5,0.5,0.5,0.5,0.5,0.5,0.5,0.5,0.4,1,0.5,0.5,0.5,60,1674.828228,4,0
0.5,0.5,0.5,0.5,0.5,0.5,0.5,0.5,0.5,0.5,0,0.5,0.5,0.5,60,753.296383,4,0
0.5,0.5,0.5,0.5,0.5,0.5,0.5,0.5,0.5,0.5,0,0.5,0.5,0.5,60,98.55856,4,1
0.5,0.5,0.5,0.5,0.5,0.5,0.5,0.5,0.5,0.63,0,0.5,0.5,0.5,60,65.40785199999999,5,1
0.5,0.5,0.5,0.5,0.5,0.5,0.5,0.5,0.5,0.385,1,0.5,0.5,0.5,60,437.10750399999995,5,0
0.5,0.5,0.5,0.5,0.5,0.5,0.5,0.5,0.5,0.39,1,0.5,0.5,0.5,60,229.29308999999998,5,1
0.5,0.5,0.5,0.5,0.5,0.5,0.5,0.5,0.5,0.365,1,0.5,0.5,0.5,60,329.8674040000001,5,1
0.5,0.5,0.5,0.5,0.5,0.5,0.5,0.5,0.5,0.47,1,0.5,0.5,0.5,60,2399.14178,5,1
0.5,0.5,0.5,0.5,0.5,0.5,0.5,0.5,0.5,0.5,0,0.5,0.5,0.5,60,460.039771,5,0
0.5,0.5,0.5,0.5,0.5,0.5,0.5,0.5,0.5,0.5,0,0.5,0.5,0.5,60,349.697592,5,0
0.5,0.5,0.5,0.5,0.5,0.5,0.5,0.5,0.5,0.37,1,0.5,0.5,0.5,60,896.2120050000001,5,0
0.5,0.5,0.5,0.5,0.5,0.5,0.5,0.5,0.5,0.375,1,0.5,0.5,0.5,60,287.04262400000005,5,0
0.5,0.5,0.5,0.5,0.5,0.5,0.5,0.5,0.5,0.605,0,0.5,0.5,0.5,60,846.3610690000002,5,1
0.5,0.5,0.5,0.5,0.5,0.5,0.5,0.5,0.5,0.415,1,0.5,0.5,0.5,60,223.18596,5,1
0.5,0.5,0.5,0.5,0.5,0.5,0.5,0.5,0.5,0.605,0,0.5,0.5,0.5,60,195.32251100000002,5,1
0.5,0.5,0.5,0.5,0.5,0.5,0.5,0.5,0.5,0.6,0,0.5,0.5,0.5,60,314.40770000000003,5,1
0.5,0.5,0.5,0.5,0.5,0.5,0.5,0.5,0.5,0.375,1,0.5,0.5,0.5,60,406.284543,5,0
0.5,0.5,0.5,0.5,0.5,0.5,0.5,0.5,0.5,0.375,1,0.5,0.5,0.5,60,408.52223100000003,5,1
0.5,0.5,0.5,0.5,0.5,0.5,0.5,0.5,0.5,0.39,1,0.5,0.5,0.5,60,90.337175,5,0
0.5,0.5,0.505,0.505,0.505,0.505,0.505,0.505,0.505,0.465,1,0.5,0.505,0.505,60,116.283627,5,1
0.5,0.5,0.5,0.5,0.5,0.5,0.5,0.5,0.5,0.405,3,0.5,0.5,0.5,60,646.0295600000001,5,1
0.5,0.5,0.5,0.5,0.5,0.5,0.5,0.5,0.5,0.54,0,0.5,0.5,0.5,60,242.30221699999998,5,1
0.5,0.5,0.5,0.5,0.5,0.5,0.5,0.5,0.5,0.3,1,0.5,0.5,0.5,60,3210.1656079999993,5,1
0.5,0.5,0.5,0.5,0.5,0.5,0.5,0.5,0.5,0.61,0,0.5,0.5,0.5,60,1273.221248,5,1
0.5,0.5,0.5,0.5,0.5,0.5,0.5,0.5,0.5,0.38,1,0.5,0.5,0.5,60,432.09126100000003,5,0
0.5,0.5,0.5,0.5,0.5,0.5,0.5,0.5,0.5,0.48,1,0.5,0.5,0.5,60,491.486037,5,1
0.5,0.5,0.5,0.5,0.5,0.5,0.5,0.5,0.5,0.605,0,0.5,0.5,0.5,60,668.5631179999999,5,1
0.5,0.5,0.5,0.5,0.5,0.5,0.5,0.5,0.5,0.615,0,0.5,0.5,0.5,60,606.934164,5,1
0.5,0.53,0.53,0.53,0.53,0.53,0.5,0.5,0.5,0.375,1,0.5,0.53,0.5,60,1215.680863,5,0
0.5,0.5,0.5,0.5,0.5,0.5,0.5,0.5,0.5,0.295,1,0.5,0.5,0.5,60,329.724846,5,0
0.5,0.5,0.5,0.5,0.5,0.5,0.5,0.5,0.5,0.5,0,0.5,0.5,0.5,60,474.467659,5,1
0.5,0.5,0.5,0.5,0.5,0.5,0.5,0.5,0.5,0.465,1,0.5,0.5,0.5,60,656.68365,5,0
0.5,0.5,0.5,0.5,0.5,0.5,0.5,0.5,0.5,0.385,1,0.5,0.5,0.5,60,609.938676,5,0
0.5,0.5,0.5,0.5,0.5,0.5,0.5,0.5,0.5,0.475,1,0.5,0.5,0.5,60,1809.258375,5,1
0.5,0.5,0.5,0.5,0.5,0.5,0.5,0.5,0.5,0.545,0,0.5,0.5,0.5,60,1061.2845190000003,5,1
0.5,0.5,0.5,0.5,0.5,0.5,0.5,0.5,0.5,0.41,1,0.5,0.5,0.5,60,1765.176042,5,0
0.5,0.5,0.5,0.5,0.5,0.5,0.5,0.5,0.5,0.605,0,0.5,0.5,0.5,60,3761.6686359999994,5,1
0.5,0.5,0.5,0.5,0.5,0.5,0.5,0.5,0.5,0.615,0,0.5,0.5,0.5,60,6160.562257000001,5,1
0.5,0.5,0.5,0.5,0.5,0.5,0.5,0.5,0.5,0.615,0,0.5,0.5,0.5,60,464.40540500000003,5,1
0.5,0.5,0.5,0.5,0.5,0.5,0.5,0.5,0.5,0.61,0,0.5,0.5,0.5,60,366.13177,5,1
0.5,0.5,0.5,0.5,0.5,0.5,0.5,0.5,0.5,0.63,0,0.5,0.5,0.5,60,431.20351200000005,5,0
0.5,0.5,0.5,0.5,0.5,0.5,0.5,0.5,0.5,0.63,0,0.5,0.5,0.5,60,1195.7145060000003,5,0
0.5,0.5,0.5,0.5,0.5,0.5,0.5,0.5,0.5,0.5,0,0.5,0.5,0.5,60,1721.365038,5,1
0.5,0.5,0.5,0.5,0.5,0.5,0.5,0.5,0.5,0.455,1,0.5,0.5,0.5,60,1943.696112,5,1
0.5,0.5,0.5,0.5,0.5,0.5,0.5,0.5,0.5,0.31,1,0.5,0.5,0.5,60,582.641731,5,1
0.5,0.5,0.5,0.5,0.5,0.5,0.5,0.5,0.5,0.61,0,0.5,0.5,0.5,60,1429.4627100000005,5,1
0.5,0.5,0.5,0.5,0.5,0.5,0.5,0.5,0.5,0.63,0,0.5,0.5,0.5,60,347.429353,5,0
0.5,0.5,0.5,0.5,0.5,0.5,0.5,0.5,0.5,0.61,0,0.5,0.5,0.5,60,668.300086,5,1
0.5,0.5,0.5,0.5,0.5,0.5,0.5,0.5,0.5,0.4,1,0.5,0.5,0.5,60,314.677103,5,0
0.5,0.5,0.5,0.5,0.5,0.5,0.5,0.5,0.5,0.455,1,0.5,0.5,0.5,60,510.85591400000004,5,1
0.5,0.5,0.5,0.5,0.5,0.5,0.5,0.5,0.5,0.62,0,0.5,0.5,0.535,60,459.56313800000004,5,0
0.5,0.5,0.5,0.5,0.5,0.5,0.5,0.5,0.5,0.38,1,0.5,0.5,0.5,60,503.25353900000005,5,0
0.5,0.5,0.5,0.5,0.5,0.5,0.5,0.5,0.5,0.39,1,0.5,0.5,0.5,60,284.619188,5,0
0.5,0.5,0.5,0.5,0.5,0.5,0.5,0.5,0.5,0.5,0,0.5,0.5,0.5,60,210.475313,5,1
0.5,0.5,0.5,0.5,0.5,0.5,0.5,0.5,0.5,0.465,1,0.5,0.5,0.5,60,216.15294300000002,5,0
0.5,0.5,0.5,0.5,0.5,0.5,0.5,0.5,0.5,0.525,0,0.5,0.5,0.5,60,128.964431,5,0
0.5,0.5,0.5,0.5,0.5,0.5,0.5,0.5,0.5,0.5,0,0.5,0.5,0.5,60,99.671245,5,0
0.5,0.5,0.5,0.5,0.5,0.5,0.5,0.5,0.5,0.5,0,0.5,0.5,0.5,60,562.957068,5,0
0.5,0.5,0.5,0.5,0.5,0.5,0.5,0.5,0.5,0.505,0,0.5,0.5,0.5,60,321.81494499999997,5,1
0.5,0.5,0.5,0.5,0.5,0.5,0.5,0.5,0.5,0.5,0,0.5,0.5,0.5,60,484.153915,5,1
0.5,0.5,0.5,0.5,0.5,0.5,0.5,0.5,0.5,0.7,0,0.5,0.5,0.5,60,202.82994499999998,5,1
0.5,0.5,0.5,0.5,0.5,0.5,0.5,0.5,0.5,0.715,0,0.5,0.5,0.5,60,499.06762200000003,5,1
0.5,0.5,0.5,0.5,0.5,0.5,0.5,0.5,0.5,0.705,0,0.5,0.5,0.5,60,484.60936599999997,5,0
0.5,0.5,0.5,0.5,0.5,0.5,0.5,0.5,0.5,0.4,1,0.5,0.5,0.5,60,552.995896,5,0
0.5,0.5,0.5,0.5,0.5,0.5,0.5,0.49,0.49,0.405,1,0.5,0.5,0.49,60,1980.277107,5,0
0.5,0.5,0.5,0.5,0.5,0.5,0.5,0.5,0.5,0.395,1,0.5,0.5,0.5,60,1918.52181,5,1
0.5,0.5,0.5,0.5,0.5,0.5,0.5,0.5,0.5,0.395,1,0.5,0.5,0.5,60,398.05554600000005,5,1
0.5,0.5,0.5,0.5,0.5,0.5,0.5,0.5,0.5,0.34,1,0.5,0.5,0.5,60,1205.6303700000003,5,1
0.5,0.5,0.5,0.5,0.5,0.5,0.5,0.5,0.5,0.705,0,0.5,0.5,0.5,60,351.75906,5,0
0.5,0.5,0.5,0.5,0.5,0.5,0.5,0.5,0.5,0.715,0,0.5,0.5,0.5,60,721.844571,5,1
0.5,0.5,0.5,0.5,0.5,0.5,0.5,0.5,0.5,0.715,0,0.5,0.5,0.5,60,237.144894,5,0
0.5,0.5,0.5,0.5,0.5,0.5,0.5,0.5,0.5,0.715,0,0.5,0.5,0.5,60,981.9458760000001,5,1
0.5,0.5,0.5,0.5,0.5,0.5,0.5,0.5,0.5,0.715,0,0.5,0.5,0.5,60,2188.605712,5,0
0.5,0.5,0.5,0.5,0.5,0.5,0.5,0.5,0.5,0.71,0,0.5,0.5,0.5,60,690.192962,5,0
0.5,0.5,0.5,0.5,0.5,0.5,0.5,0.5,0.5,0.705,0,0.5,0.5,0.5,60,191.277199,5,0
0.5,0.5,0.5,0.5,0.5,0.5,0.5,0.5,0.5,0.54,0,0.5,0.5,0.5,60,276.063619,5,1
0.5,0.5,0.5,0.5,0.5,0.5,0.5,0.5,0.5,0.5,0,0.5,0.5,0.5,60,615.412351,5,0
0.5,0.5,0.5,0.5,0.5,0.5,0.5,0.5,0.5,0.39,1,0.5,0.5,0.5,60,607.077854,5,1
0.5,0.5,0.5,0.5,0.5,0.5,0.5,0.5,0.5,0.46,1,0.5,0.5,0.5,60,223.867184,5,1
0.505,0.505,0.505,0.505,0.505,0.505,0.505,0.505,0.505,0.515,0,0.505,0.505,0.5,60,150.85956099999999,5,0
0.51,0.51,0.51,0.5,0.5,0.5,0.5,0.5,0.5,0.705,0,0.51,0.5,0.5,60,199.515973,5,0
0.5,0.5,0.5,0.5,0.5,0.5,0.5,0.5,0.465,0.475,1,0.5,0.5,0.475,60,308.098139,5,0
0.5,0.5,0.5,0.5,0.5,0.5,0.5,0.5,0.5,0.295,1,0.5,0.5,0.5,60,301.46743299999997,5,0
0.5,0.5,0.5,0.5,0.5,0.5,0.5,0.5,0.5,0.435,1,0.5,0.5,0.5,60,355.77965900000004,5,0
0.5,0.5,0.5,0.5,0.5,0.5,0.5,0.5,0.5,0.5,0,0.5,0.5,0.5,60,535.833125,5,0
0.5,0.5,0.5,0.5,0.5,0.5,0.5,0.5,0.5,0.54,0,0.5,0.5,0.5,60,433.236258,5,1
0.5,0.5,0.5,0.5,0.5,0.5,0.5,0.5,0.5,0.54,0,0.5,0.5,0.5,60,788.685822,5,1
0.5,0.5,0.5,0.5,0.5,0.5,0.5,0.5,0.5,0.47,1,0.5,0.5,0.5,60,514.618374,5,0
0.5,0.5,0.5,0.5,0.5,0.5,0.5,0.5,0.5,0.525,0,0.5,0.5,0.5,60,397.589764,5,0
0.5,0.5,0.5,0.5,0.5,0.5,0.5,0.5,0.5,0.5,0,0.5,0.5,0.5,60,112.17466800000003,5,0
0.5,0.5,0.5,0.5,0.5,0.5,0.5,0.5,0.5,0.47,1,0.5,0.5,0.5,60,910.6990129999999,5,0
0.5,0.5,0.5,0.5,0.5,0.5,0.5,0.5,0.5,0.475,1,0.5,0.5,0.5,60,36.257119,5,1
0.5,0.5,0.5,0.5,0.5,0.5,0.5,0.5,0.5,0.47,1,0.5,0.5,0.5,60,241.60760799999997,5,1
0.5,0.5,0.5,0.5,0.5,0.5,0.5,0.5,0.5,0.44,1,0.5,0.5,0.5,60,669.935552,5,0
0.5,0.5,0.5,0.5,0.5,0.5,0.5,0.47,0.47,0.415,1,0.5,0.5,0.47,60,293.183966,5,0
0.5,0.5,0.5,0.5,0.5,0.5,0.5,0.475,0.475,0.46,1,0.5,0.5,0.475,60,140.859131,5,0
0.5,0.5,0.5,0.5,0.5,0.5,0.5,0.5,0.475,0.42,1,0.5,0.5,0.475,60,288.87799400000006,5,1
0.5,0.5,0.5,0.5,0.5,0.5,0.5,0.5,0.5,0.41,1,0.5,0.5,0.5,60,183.275799,5,0
0.51,0.5,0.5,0.5,0.5,0.5,0.5,0.455,0.5,0.405,3,0.51,0.5,0.5,60,493.39136,5,1
0.51,0.5,0.5,0.5,0.5,0.5,0.5,0.5,0.5,0.375,1,0.51,0.5,0.48,60,335.94221600000003,5,0
0.5,0.5,0.5,0.5,0.5,0.5,0.5,0.5,0.5,0.5,0,0.5,0.5,0.5,60,578.546736,5,0
0.5,0.5,0.5,0.5,0.5,0.5,0.5,0.5,0.5,0.5,0,0.5,0.5,0.5,60,315.749897,5,0
0.51,0.5,0.5,0.5,0.5,0.5,0.5,0.5,0.5,0.63,0,0.51,0.5,0.5,60,323.697387,5,0
0.5,0.5,0.5,0.5,0.5,0.5,0.5,0.5,0.5,0.5,0,0.5,0.5,0.5,60,105.104277,5,1
0.5,0.5,0.5,0.5,0.5,0.5,0.5,0.5,0.5,0.335,1,0.5,0.5,0.5,60,826.425217,5,0
0.5,0.5,0.5,0.5,0.5,0.5,0.5,0.5,0.5,0.5,0,0.5,0.5,0.5,60,553.739681,5,0
0.5,0.5,0.5,0.5,0.5,0.505,0.505,0.505,0.505,0.5,0,0.5,0.5,0.505,60,921.6265159999998,5,0
0.5,0.5,0.5,0.5,0.5,0.5,0.5,0.5,0.5,0.5,0,0.5,0.5,0.5,60,628.679796,5,1
0.5,0.5,0.5,0.5,0.5,0.5,0.5,0.5,0.5,0.485,1,0.5,0.5,0.5,60,303.405719,5,0
0.5,0.495,0.495,0.495,0.495,0.5,0.5,0.5,0.5,0.5,2,0.5,0.5,0.5,60,1415.640066,5,1
0.5,0.5,0.5,0.5,0.5,0.5,0.5,0.5,0.5,0.515,0,0.5,0.5,0.5,60,2254.972169,5,1
0.5,0.5,0.5,0.5,0.5,0.5,0.5,0.5,0.5,0.5,0,0.5,0.5,0.5,60,1438.2674160000001,5,0
0.5,0.5,0.5,0.5,0.5,0.5,0.5,0.5,0.5,0.51,0,0.5,0.5,0.5,60,1439.6250989999999,5,1
0.5,0.5,0.5,0.5,0.5,0.5,0.5,0.5,0.5,0.49,1,0.5,0.5,0.5,60,3251.515033,5,0
0.5,0.5,0.5,0.5,0.5,0.5,0.5,0.5,0.5,0.49,1,0.5,0.5,0.5,60,2045.064286,5,1
0.5,0.5,0.5,0.5,0.5,0.5,0.5,0.5,0.5,0.5,0,0.5,0.5,0.5,60,2786.915228,5,1
0.5,0.5,0.5,0.5,0.5,0.5,0.5,0.5,0.5,0.5,0,0.5,0.5,0.5,60,621.945935,5,0
0.5,0.5,0.5,0.5,0.5,0.5,0.5,0.5,0.5,0.5,0,0.5,0.5,0.5,60,1168.029087,5,1
0.5,0.5,0.5,0.5,0.5,0.5,0.5,0.5,0.5,0.515,0,0.5,0.5,0.5,60,726.904617,5,1
0.5,0.5,0.5,0.5,0.5,0.5,0.5,0.5,0.5,0.515,0,0.5,0.5,0.5,60,699.406225,5,1
0.5,0.5,0.5,0.5,0.5,0.5,0.5,0.5,0.5,0.515,0,0.5,0.5,0.5,60,202.754392,5,0
0.5,0.5,0.5,0.5,0.5,0.5,0.5,0.5,0.5,0.605,0,0.5,0.5,0.5,60,1380.0721940000003,5,0
0.5,0.5,0.5,0.5,0.5,0.5,0.5,0.5,0.5,0.7,0,0.5,0.5,0.5,60,1108.881612,5,0
0.51,0.5,0.5,0.5,0.5,0.5,0.5,0.5,0.5,0.315,1,0.51,0.5,0.5,60,851.071698,5,1
0.5,0.5,0.5,0.5,0.5,0.5,0.5,0.5,0.5,0.345,1,0.5,0.5,0.5,60,558.899588,5,1
0.5,0.5,0.5,0.5,0.5,0.5,0.5,0.5,0.5,0.3,1,0.5,0.5,0.5,60,909.1850239999999,5,1
0.5,0.5,0.5,0.5,0.5,0.5,0.5,0.5,0.5,0.465,1,0.5,0.5,0.5,60,579.8448129999999,5,0
0.5,0.5,0.5,0.5,0.5,0.5,0.5,0.5,0.5,0.4,1,0.5,0.5,0.5,60,679.3004609999999,5,1
0.51,0.5,0.5,0.5,0.5,0.5,0.5,0.5,0.5,0.7,0,0.51,0.5,0.5,60,586.7665959999999,5,1
0.5,0.5,0.5,0.5,0.5,0.5,0.5,0.5,0.5,0.4,1,0.5,0.5,0.5,60,343.9321039999999,5,0
0.5,0.5,0.5,0.5,0.5,0.5,0.5,0.5,0.5,0.4,1,0.5,0.5,0.5,60,583.248624,5,0
0.5,0.5,0.5,0.5,0.5,0.5,0.5,0.5,0.5,0.5,0,0.5,0.5,0.5,60,1797.9256849999992,5,1
0.5,0.5,0.5,0.5,0.5,0.5,0.5,0.5,0.5,0.7,0,0.5,0.5,0.5,60,119.18430999999998,5,0
0.5,0.5,0.5,0.5,0.5,0.52,0.52,0.52,0.52,0.55,0,0.5,0.5,0.52,60,204.572506,5,0
0.5,0.5,0.5,0.5,0.5,0.5,0.5,0.5,0.5,0.705,0,0.5,0.5,0.5,60,546.0521180000001,5,0
0.5,0.5,0.5,0.5,0.5,0.5,0.5,0.5,0.5,0.3,1,0.5,0.5,0.5,60,842.0711560000002,5,1
0.5,0.5,0.5,0.5,0.5,0.5,0.5,0.5,0.5,0.5,0,0.5,0.5,0.5,60,168.54798699999998,5,1
0.5,0.5,0.5,0.5,0.5,0.5,0.5,0.5,0.5,0.405,1,0.5,0.5,0.5,60,96.380467,5,0
0.5,0.5,0.5,0.5,0.5,0.5,0.5,0.5,0.5,0.4,1,0.51,0.5,0.5,60,954.404132,5,1
0.5,0.5,0.5,0.5,0.5,0.5,0.5,0.5,0.5,0.5,0,0.5,0.5,0.5,60,16101.310373,5,0
0.5,0.5,0.5,0.5,0.5,0.5,0.5,0.5,0.5,0.595,0,0.5,0.5,0.5,60,548.204602,5,0
0.5,0.5,0.5,0.5,0.5,0.5,0.5,0.5,0.5,0.595,0,0.5,0.5,0.5,60,404.9147300000001,5,1
0.5,0.5,0.5,0.5,0.5,0.5,0.5,0.5,0.5,0.405,1,0.5,0.5,0.5,60,875.880721,5,0
0.5,0.5,0.5,0.5,0.5,0.5,0.5,0.5,0.5,0.46,1,0.5,0.5,0.5,60,389.437733,5,1
0.5,0.5,0.5,0.5,0.5,0.5,0.5,0.5,0.5,0.705,0,0.5,0.5,0.5,60,7705.144365000001,5,0
0.5,0.5,0.5,0.5,0.5,0.5,0.5,0.5,0.5,0.5,0,0.5,0.5,0.5,60,1457.8491390000002,5,1
0.5,0.495,0.495,0.495,0.495,0.495,0.495,0.495,0.495,0.5,2,0.5,0.495,0.495,60,490.29713300000003,5,0
0.5,0.5,0.5,0.5,0.5,0.5,0.5,0.5,0.5,0.305,1,0.5,0.5,0.5,60,3505.120579,5,0
0.5,0.5,0.5,0.5,0.5,0.5,0.5,0.5,0.5,0.39,1,0.5,0.5,0.5,60,74.70013200000001,5,0
0.5,0.5,0.5,0.5,0.5,0.5,0.5,0.5,0.5,0.5,0,0.5,0.5,0.5,60,375.820742,5,0
0.5,0.5,0.5,0.5,0.5,0.5,0.5,0.5,0.5,0.5,0,0.5,0.5,0.5,60,1407.6393019999998,5,1
0.5,0.5,0.5,0.5,0.5,0.5,0.5,0.5,0.5,0.53,0,0.5,0.5,0.5,60,939.395818,5,1
0.5,0.5,0.5,0.5,0.5,0.5,0.5,0.5,0.5,0.47,1,0.5,0.5,0.5,60,387.525016,5,0
0.5,0.5,0.5,0.5,0.5,0.5,0.5,0.5,0.5,0.63,2,0.5,0.5,0.5,60,939.126552,5,1
0.5,0.5,0.5,0.5,0.5,0.5,0.5,0.5,0.5,0.29,3,0.5,0.5,0.5,60,1030.603642,5,0
0.5,0.5,0.5,0.5,0.5,0.5,0.5,0.5,0.5,0.285,1,0.5,0.5,0.5,60,1064.1598490000001,5,0
0.5,0.5,0.5,0.5,0.5,0.5,0.5,0.5,0.5,0.6,0,0.5,0.5,0.5,60,6809.354423000001,5,1
0.495,0.495,0.495,0.495,0.495,0.495,0.495,0.495,0.495,0.46,0,0.495,0.495,0.495,60,302.52780000000007,5,1
0.5,0.5,0.5,0.5,0.5,0.5,0.5,0.5,0.5,0.5,0,0.5,0.5,0.5,60,1033.582737,5,1
0.5,0.5,0.5,0.5,0.5,0.5,0.5,0.5,0.5,0.495,1,0.5,0.5,0.5,60,1929.371958,5,0
0.5,0.5,0.5,0.5,0.5,0.5,0.5,0.5,0.5,0.555,0,0.5,0.5,0.5,60,1015.2468710000002,5,1
0.51,0.51,0.51,0.51,0.51,0.51,0.51,0.51,0.51,0.5,0,0.51,0.51,0.51,60,1476.9730820000002,5,0
0.5,0.5,0.5,0.5,0.5,0.5,0.5,0.5,0.5,0.36,1,0.5,0.5,0.5,60,808.04724,5,0
0.5,0.5,0.5,0.5,0.5,0.5,0.5,0.5,0.5,0.295,1,0.5,0.5,0.49,60,1336.3881530000003,5,1
0.5,0.5,0.5,0.5,0.5,0.5,0.5,0.5,0.5,0.44,1,0.5,0.5,0.5,60,510.707878,5,1
0.5,0.5,0.5,0.5,0.5,0.5,0.5,0.5,0.5,0.445,1,0.5,0.5,0.5,60,963.7930409999999,5,1
0.5,0.5,0.5,0.5,0.5,0.5,0.5,0.5,0.5,0.435,1,0.5,0.5,0.5,60,593.112478,5,0
0.5,0.5,0.5,0.5,0.5,0.5,0.5,0.5,0.5,0.5,0,0.5,0.5,0.5,60,1019.921398,5,1
0.5,0.5,0.5,0.5,0.5,0.5,0.5,0.5,0.5,0.4,1,0.5,0.5,0.5,60,155.765434,5,1
0.5,0.5,0.5,0.5,0.5,0.5,0.5,0.5,0.5,0.39,1,0.5,0.5,0.5,60,367.030005,5,0
0.5,0.5,0.5,0.5,0.5,0.5,0.5,0.5,0.5,0.5,0,0.5,0.5,0.5,60,510.131269,5,1
0.5,0.5,0.5,0.5,0.5,0.5,0.5,0.5,0.5,0.5,0,0.5,0.5,0.5,60,193.20674400000001,5,0
0.5,0.5,0.5,0.5,0.5,0.5,0.5,0.5,0.5,0.5,0,0.5,0.5,0.5,60,400.435261,5,1
0.5,0.5,0.5,0.5,0.5,0.5,0.5,0.5,0.5,0.5,0,0.5,0.5,0.5,60,392.187081,5,0
0.5,0.5,0.5,0.5,0.5,0.5,0.5,0.5,0.5,0.705,0,0.5,0.5,0.5,60,495.839559,5,0
0.5,0.5,0.5,0.5,0.5,0.5,0.5,0.5,0.5,0.295,1,0.5,0.5,0.5,60,439.815242,5,0
0.49,0.49,0.49,0.49,0.49,0.49,0.49,0.49,0.49,0.4,0,0.49,0.49,0.49,60,332.94109299999997,5,1
0.5,0.5,0.5,0.5,0.5,0.5,0.5,0.5,0.5,0.495,1,0.5,0.5,0.5,60,2728.866572,5,1
0.5,0.5,0.5,0.5,0.5,0.5,0.5,0.5,0.5,0.295,1,0.5,0.5,0.5,60,395.667709,5,0
0.5,0.5,0.5,0.5,0.5,0.5,0.5,0.5,0.5,0.385,1,0.5,0.5,0.5,60,995.611602,5,1
0.5,0.5,0.5,0.5,0.5,0.5,0.5,0.5,0.5,0.5,0,0.5,0.5,0.5,60,389.906479,5,1
0.5,0.5,0.5,0.5,0.5,0.5,0.5,0.5,0.5,0.5,0,0.5,0.5,0.5,60,246.86607500000002,5,1
0.5,0.5,0.5,0.5,0.5,0.5,0.5,0.5,0.5,0.5,0,0.5,0.5,0.5,60,548.453848,5,1
0.5,0.5,0.5,0.5,0.5,0.5,0.5,0.5,0.5,0.5,0,0.5,0.5,0.5,60,406.008,5,0
0.5,0.5,0.5,0.5,0.5,0.5,0.5,0.5,0.5,0.435,1,0.5,0.5,0.5,60,594.005583,5,1
0.5,0.5,0.5,0.5,0.5,0.5,0.5,0.5,0.5,0.4,1,0.5,0.5,0.5,60,1111.156759,5,1
0.5,0.5,0.5,0.5,0.5,0.5,0.5,0.5,0.5,0.6,0,0.5,0.5,0.5,60,267.891536,5,1
0.49,0.49,0.49,0.49,0.49,0.49,0.49,0.49,0.49,0.395,0,0.49,0.49,0.49,60,79.680714,5,0
0.5,0.5,0.5,0.5,0.5,0.5,0.5,0.5,0.5,0.295,1,0.5,0.5,0.5,60,298.971466,5,1
0.505,0.505,0.505,0.505,0.505,0.505,0.505,0.505,0.505,0.705,0,0.505,0.505,0.505,60,56.204817,5,1
0.47,0.47,0.47,0.47,0.47,0.47,0.47,0.47,0.47,0.495,0,0.47,0.47,0.47,60,240.89243100000002,5,1
0.525,0.525,0.525,0.525,0.525,0.525,0.525,0.525,0.525,0.6,0,0.525,0.525,0.525,60,269.709366,5,0
0.53,0.53,0.53,0.53,0.53,0.53,0.53,0.53,0.53,0.505,0,0.53,0.53,0.53,60,84.666665,5,1
0.475,0.475,0.475,0.475,0.475,0.475,0.475,0.475,0.475,0.495,0,0.475,0.475,0.475,60,917.5772010000001,5,1
0.53,0.53,0.53,0.53,0.53,0.53,0.53,0.53,0.53,0.71,0,0.53,0.53,0.53,60,91.32899,5,0
0.5,0.5,0.5,0.5,0.5,0.5,0.5,0.5,0.5,0.6,0,0.5,0.5,0.5,60,963.7266769999999,5,1
0.5,0.5,0.5,0.5,0.5,0.5,0.5,0.5,0.5,0.395,1,0.5,0.5,0.5,60,632.127658,5,1
0.5,0.5,0.5,0.5,0.5,0.5,0.5,0.5,0.5,0.39,1,0.5,0.5,0.5,60,1000.9654889999999,5,1
0.53,0.53,0.53,0.53,0.53,0.535,0.535,0.535,0.535,0.505,0,0.53,0.53,0.535,60,376.2131,5,1
0.5,0.5,0.5,0.5,0.5,0.5,0.5,0.5,0.5,0.285,1,0.5,0.5,0.5,60,58.730008000000005,5,1
0.5,0.5,0.5,0.5,0.5,0.5,0.5,0.5,0.5,0.295,1,0.5,0.5,0.5,60,977.476829,5,1
0.5,0.5,0.5,0.5,0.5,0.5,0.5,0.5,0.5,0.54,0,0.5,0.5,0.5,60,845.028258,5,1
0.5,0.5,0.5,0.5,0.5,0.5,0.5,0.5,0.5,0.61,0,0.5,0.5,0.5,60,1325.5775019999999,5,1
0.5,0.5,0.5,0.5,0.5,0.5,0.5,0.5,0.5,0.5,0,0.5,0.5,0.5,60,1013.633073,5,1
0.5,0.5,0.5,0.5,0.5,0.5,0.5,0.5,0.5,0.295,1,0.5,0.5,0.5,60,997.569562,5,0
0.5,0.5,0.5,0.5,0.5,0.5,0.5,0.5,0.5,0.285,1,0.5,0.5,0.5,60,4364.618232000001,5,0
0.5,0.5,0.5,0.5,0.5,0.5,0.5,0.5,0.5,0.285,1,0.5,0.5,0.5,60,355.12488299999995,5,1
0.5,0.5,0.5,0.5,0.5,0.5,0.5,0.5,0.5,0.665,0,0.5,0.5,0.5,60,995.6198199999999,5,1
0.5,0.5,0.5,0.5,0.5,0.5,0.5,0.5,0.5,0.705,0,0.5,0.5,0.5,60,49.784926,5,1
0.5,0.5,0.5,0.5,0.5,0.5,0.5,0.5,0.5,0.59,0,0.5,0.5,0.5,60,79.311914,5,0
0.5,0.5,0.5,0.5,0.5,0.5,0.5,0.5,0.5,0.59,0,0.5,0.5,0.5,60,251.29122099999995,5,0
0.5,0.5,0.5,0.5,0.5,0.5,0.5,0.5,0.5,0.6,0,0.5,0.5,0.5,60,1007.8131730000001,5,0
0.5,0.5,0.5,0.5,0.5,0.5,0.5,0.5,0.5,0.5,0,0.5,0.5,0.5,60,1382.46644,5,0
0.5,0.5,0.5,0.5,0.5,0.5,0.5,0.5,0.5,0.41,1,0.5,0.5,0.5,60,2533.296958,5,0
0.5,0.5,0.5,0.5,0.5,0.5,0.5,0.5,0.5,0.54,0,0.5,0.5,0.5,60,184.654956,5,1
0.5,0.5,0.5,0.5,0.5,0.5,0.5,0.5,0.5,0.41,1,0.5,0.5,0.5,60,711.546376,5,0
0.5,0.5,0.5,0.5,0.5,0.5,0.5,0.5,0.5,0.41,1,0.5,0.5,0.5,60,447.54038,5,0
0.5,0.5,0.5,0.5,0.5,0.5,0.5,0.5,0.5,0.41,1,0.5,0.5,0.5,60,268.275094,5,1
0.5,0.5,0.5,0.5,0.5,0.5,0.5,0.5,0.5,0.59,0,0.5,0.5,0.5,60,162.607828,5,1
0.5,0.5,0.5,0.5,0.5,0.5,0.5,0.5,0.5,0.59,0,0.5,0.5,0.5,60,645.997573,5,0
0.5,0.5,0.5,0.5,0.5,0.5,0.5,0.5,0.5,0.59,0,0.5,0.5,0.5,60,283.696342,5,1
0.5,0.5,0.5,0.5,0.5,0.5,0.5,0.5,0.5,0.41,1,0.5,0.5,0.5,60,84.32509999999999,5,1
0.5,0.5,0.5,0.5,0.5,0.5,0.5,0.5,0.5,0.5,0,0.5,0.5,0.5,60,851.602165,5,1
0.5,0.5,0.5,0.5,0.5,0.5,0.5,0.5,0.5,0.41,1,0.5,0.5,0.5,60,467.36755200000005,5,0
0.5,0.5,0.5,0.5,0.5,0.5,0.5,0.5,0.5,0.5,0,0.5,0.5,0.5,60,611.9342479999999,5,1
0.5,0.5,0.5,0.5,0.5,0.5,0.5,0.5,0.5,0.5,0,0.5,0.5,0.5,60,89.299251,6,0
0.5,0.5,0.5,0.5,0.5,0.5,0.5,0.5,0.5,0.5,0,0.5,0.5,0.5,60,0.0,6,0
0.5,0.5,0.5,0.5,0.5,0.5,0.5,0.5,0.5,0.5,0,0.5,0.5,0.5,60,78.46000000000001,6,0
0.5,0.5,0.5,0.5,0.5,0.5,0.5,0.5,0.5,0.61,0,0.5,0.5,0.5,60,390.36,6,1
0.5,0.5,0.5,0.5,0.5,0.5,0.5,0.5,0.5,0.5,0,0.5,0.5,0.5,60,25.0,6,1
0.505,0.505,0.505,0.5,0.5,0.5,0.5,0.5,0.5,0.5,0,0.505,0.5,0.5,60,39.971783,6,1
0.5,0.5,0.5,0.5,0.5,0.5,0.5,0.5,0.5,0.42,1,0.5,0.5,0.5,60,42.720862000000004,6,0
0.5,0.5,0.5,0.5,0.5,0.5,0.5,0.5,0.5,0.475,1,0.5,0.5,0.5,60,30.0,6,1
0.5,0.5,0.5,0.495,0.495,0.5,0.5,0.5,0.5,0.47,3,0.5,0.5,0.5,60,45.322579,6,1
0.5,0.5,0.5,0.5,0.5,0.5,0.5,0.5,0.5,0.5,0,0.5,0.5,0.5,60,39.9909,6,1
0.5,0.5,0.5,0.5,0.495,0.5,0.5,0.5,0.5,0.46,3,0.5,0.495,0.5,60,238.214605,6,0
0.5,0.5,0.5,0.5,0.5,0.5,0.5,0.5,0.5,0.545,0,0.5,0.5,0.5,60,195.763457,6,1
0.5,0.5,0.5,0.5,0.5,0.5,0.5,0.5,0.5,0.53,0,0.5,0.5,0.5,60,49.98374,6,1
0.5,0.5,0.5,0.5,0.5,0.5,0.5,0.5,0.5,0.485,1,0.5,0.5,0.5,60,49.990468,6,1
0.5,0.5,0.5,0.5,0.5,0.5,0.5,0.5,0.5,0.5,0,0.5,0.5,0.5,60,49.9904,6,0
0.5,0.5,0.5,0.5,0.5,0.5,0.5,0.5,0.5,0.52,0,0.5,0.5,0.5,60,52.9815,6,1
0.5,0.5,0.5,0.5,0.5,0.5,0.5,0.5,0.5,0.45,1,0.5,0.5,0.5,60,49.991,6,0
0.5,0.5,0.5,0.5,0.5,0.5,0.5,0.5,0.5,0.5,0,0.5,0.5,0.5,60,93.75,6,0
0.51,0.51,0.51,0.5,0.5,0.5,0.5,0.5,0.5,0.585,0,0.51,0.5,0.5,60,176.45969999999997,6,1
0.5,0.5,0.5,0.5,0.5,0.5,0.5,0.5,0.5,0.48,1,0.5,0.5,0.5,60,124.987662,6,0
0.5,0.5,0.5,0.5,0.5,0.5,0.5,0.5,0.5,0.5,0,0.5,0.5,0.5,60,49.996166,6,0
0.5,0.5,0.5,0.5,0.5,0.5,0.5,0.5,0.5,0.54,0,0.5,0.5,0.5,60,605.9186,6,0
0.5,0.5,0.5,0.5,0.5,0.5,0.5,0.5,0.5,0.5,0,0.5,0.5,0.5,60,65.0,6,0
0.5,0.5,0.5,0.515,0.515,0.515,0.515,0.515,0.515,0.5,0,0.5,0.515,0.555,60,77.45,6,1
0.5,0.5,0.5,0.5,0.5,0.5,0.5,0.5,0.5,0.565,0,0.5,0.5,0.5,60,341.11809999999997,6,1
0.5,0.5,0.5,0.5,0.5,0.5,0.5,0.5,0.5,0.5,0,0.5,0.5,0.5,60,31.960783,6,0
0.505,0.505,0.505,0.505,0.505,0.505,0.505,0.505,0.52,0.47,1,0.505,0.505,0.52,60,60.124100999999996,6,1
0.5,0.5,0.5,0.5,0.5,0.505,0.505,0.505,0.54,0.525,0,0.5,0.5,0.54,60,77.652756,6,1
0.5,0.5,0.5,0.5,0.5,0.5,0.5,0.5,0.5,0.515,0,0.5,0.5,0.5,60,50.0,6,1
0.5,0.5,0.5,0.5,0.5,0.5,0.5,0.5,0.5,0.495,1,0.5,0.5,0.5,60,247.641614,6,0
0.5,0.5,0.5,0.5,0.5,0.5,0.5,0.5,0.5,0.5,0,0.5,0.5,0.5,60,233.147516,6,1
0.5,0.5,0.5,0.5,0.5,0.5,0.5,0.505,0.5,0.545,0,0.5,0.5,0.5,60,211.279292,6,1
0.5,0.5,0.5,0.5,0.5,0.5,0.5,0.5,0.5,0.5,0,0.5,0.5,0.5,60,127.79165,6,0
0.5,0.5,0.5,0.5,0.5,0.5,0.5,0.5,0.5,0.5,0,0.5,0.5,0.5,60,119.97819999999999,6,0
0.5,0.5,0.5,0.5,0.5,0.5,0.5,0.5,0.5,0.5,0,0.5,0.5,0.5,60,138.475827,6,1
0.5,0.5,0.5,0.5,0.5,0.5,0.5,0.5,0.5,0.5,0,0.5,0.5,0.5,60,131.80642600000002,6,1
0.5,0.5,0.5,0.5,0.5,0.5,0.5,0.5,0.5,0.5,0,0.5,0.5,0.5,60,98.390475,6,0
0.5,0.5,0.5,0.5,0.5,0.5,0.5,0.5,0.5,0.47,1,0.5,0.5,0.5,60,79.150987,6,1
0.5,0.5,0.5,0.5,0.5,0.5,0.5,0.5,0.5,0.5,0,0.5,0.5,0.5,60,279.84432300000003,6,0
0.5,0.5,0.5,0.5,0.5,0.5,0.5,0.5,0.5,0.5,0,0.5,0.5,0.5,60,103.259006,6,0
0.5,0.5,0.5,0.5,0.5,0.5,0.5,0.5,0.5,0.47,1,0.5,0.5,0.5,60,110.96878599999998,6,0
0.5,0.5,0.5,0.5,0.5,0.5,0.5,0.5,0.5,0.52,0,0.5,0.5,0.5,60,119.965181,6,0
0.5,0.5,0.5,0.5,0.5,0.5,0.5,0.5,0.5,0.5,0,0.5,0.5,0.5,60,71.647375,6,0
0.5,0.5,0.5,0.5,0.5,0.5,0.5,0.5,0.5,0.5,0,0.5,0.5,0.5,60,55.55344900000001,6,1
0.5,0.5,0.5,0.5,0.5,0.5,0.5,0.5,0.5,0.5,0,0.5,0.5,0.5,60,169.734909,6,0
0.5,0.5,0.5,0.5,0.5,0.5,0.5,0.5,0.5,0.5,0,0.5,0.5,0.5,60,96.10267900000001,6,0
0.5,0.5,0.5,0.5,0.5,0.5,0.5,0.5,0.5,0.495,1,0.5,0.5,0.5,60,218.41798599999998,6,0
0.46,0.46,0.46,0.46,0.46,0.46,0.46,0.46,0.46,0.26,0,0.46,0.46,0.46,60,73.508764,6,0
0.5,0.5,0.5,0.5,0.5,0.5,0.5,0.5,0.5,0.495,1,0.5,0.5,0.5,60,123.258154,6,1
0.5,0.5,0.5,0.5,0.5,0.5,0.5,0.5,0.5,0.5,0,0.5,0.5,0.5,60,73.9769,6,0
0.5,0.5,0.5,0.5,0.5,0.5,0.5,0.5,0.5,0.5,0,0.5,0.5,0.5,60,176.937332,6,1
0.5,0.5,0.5,0.5,0.5,0.5,0.5,0.5,0.5,0.515,0,0.5,0.5,0.5,60,61.215299,6,0
0.51,0.5,0.5,0.5,0.5,0.5,0.5,0.495,0.495,0.5,8,0.495,0.5,0.5,60,149.11556,6,1
0.5,0.5,0.5,0.5,0.5,0.495,0.5,0.5,0.5,0.5,6,0.495,0.495,0.5,60,154.030865,6,0
0.5,0.5,0.5,0.5,0.5,0.5,0.5,0.5,0.5,0.495,1,0.5,0.5,0.5,60,72.555532,6,1
0.5,0.5,0.5,0.5,0.5,0.5,0.5,0.5,0.5,0.5,0,0.5,0.5,0.5,60,74.971566,6,1
0.5,0.5,0.5,0.5,0.5,0.5,0.5,0.5,0.5,0.5,0,0.5,0.5,0.5,60,45.427411,6,0
0.5,0.5,0.5,0.5,0.5,0.5,0.5,0.5,0.5,0.435,1,0.5,0.5,0.5,60,29.834911,6,1
0.5,0.5,0.5,0.5,0.5,0.5,0.5,0.5,0.5,0.5,0,0.5,0.5,0.5,60,93.751301,6,0
0.5,0.5,0.5,0.5,0.5,0.5,0.5,0.5,0.5,0.57,0,0.5,0.5,0.5,60,77.941472,6,1
0.5,0.5,0.5,0.5,0.5,0.5,0.5,0.5,0.5,0.5,0,0.5,0.5,0.5,60,39.991,6,1
0.5,0.5,0.5,0.5,0.5,0.5,0.5,0.5,0.5,0.5,0,0.5,0.5,0.5,60,44.982782,6,0
0.5,0.5,0.5,0.5,0.5,0.5,0.5,0.5,0.5,0.5,0,0.5,0.5,0.5,60,69.194786,6,1
0.5,0.5,0.5,0.5,0.5,0.5,0.5,0.5,0.5,0.5,0,0.5,0.5,0.5,60,59.994,6,0
0.5,0.5,0.5,0.5,0.5,0.5,0.5,0.5,0.5,0.5,0,0.5,0.5,0.5,60,51.658115,6,0
0.5,0.5,0.5,0.5,0.5,0.5,0.5,0.5,0.5,0.49,1,0.5,0.5,0.5,60,86.750006,6,0
0.5,0.5,0.5,0.5,0.5,0.5,0.5,0.5,0.5,0.5,0,0.5,0.5,0.5,60,84.9833,6,0
0.5,0.5,0.5,0.5,0.5,0.5,0.5,0.5,0.5,0.5,0,0.5,0.5,0.5,60,89.08736200000001,6,1
0.5,0.5,0.5,0.5,0.5,0.5,0.5,0.5,0.5,0.525,0,0.5,0.5,0.5,60,120.85319999999999,6,1
0.5,0.5,0.5,0.5,0.5,0.5,0.5,0.5,0.5,0.47,1,0.5,0.5,0.5,60,56.14938000000001,6,1
0.5,0.5,0.5,0.5,0.5,0.5,0.5,0.5,0.5,0.515,0,0.5,0.5,0.5,60,56.043620000000004,6,1
0.5,0.5,0.5,0.5,0.5,0.5,0.5,0.5,0.5,0.505,0,0.5,0.5,0.5,60,48.768918,6,0
0.5,0.5,0.5,0.5,0.5,0.5,0.5,0.5,0.5,0.5,0,0.5,0.5,0.5,60,333.641249,6,1
0.51,0.51,0.51,0.5,0.5,0.5,0.5,0.5,0.5,0.5,0,0.51,0.5,0.5,60,1169.789254,6,1
0.5,0.5,0.5,0.5,0.5,0.5,0.5,0.5,0.5,0.5,0,0.5,0.5,0.5,60,419.508718,6,1
0.495,0.495,0.495,0.495,0.495,0.5,0.5,0.5,0.5,0.5,1,0.495,0.5,0.5,60,136.818401,6,1
0.5,0.5,0.5,0.495,0.495,0.5,0.5,0.5,0.5,0.5,2,0.5,0.5,0.5,60,253.175451,6,1
0.5,0.5,0.5,0.5,0.5,0.5,0.5,0.5,0.5,0.5,0,0.5,0.5,0.5,60,242.37967099999997,6,0
0.495,0.5,0.5,0.5,0.5,0.5,0.5,0.5,0.5,0.5,1,0.495,0.5,0.5,60,150.4471,6,1
0.5,0.5,0.5,0.5,0.5,0.5,0.5,0.5,0.5,0.5,0,0.5,0.5,0.5,60,157.22171500000002,6,1
0.5,0.5,0.5,0.5,0.5,0.5,0.5,0.5,0.5,0.5,0,0.5,0.5,0.5,60,70.46650700000001,6,1
0.5,0.5,0.5,0.5,0.5,0.5,0.5,0.5,0.5,0.5,0,0.5,0.5,0.5,60,56.408236,6,1
0.5,0.5,0.5,0.5,0.5,0.5,0.5,0.5,0.5,0.5,0,0.5,0.5,0.5,60,54.959016000000005,6,0
0.5,0.5,0.51,0.51,0.51,0.51,0.51,0.51,0.51,0.5,0,0.5,0.51,0.51,60,59.983416,6,1
0.5,0.5,0.5,0.495,0.495,0.49,0.49,0.49,0.49,0.5,2,0.5,0.495,0.49,60,63.198752,6,0
0.5,0.5,0.505,0.505,0.505,0.51,0.51,0.51,0.51,0.5,0,0.5,0.51,0.51,60,97.10924100000001,6,1
0.5,0.5,0.5,0.5,0.5,0.5,0.5,0.5,0.5,0.5,0,0.5,0.5,0.5,60,859.773627,6,1
0.5,0.5,0.5,0.5,0.5,0.5,0.5,0.5,0.5,0.5,0,0.5,0.5,0.5,60,234.320815,6,1
0.5,0.5,0.5,0.5,0.5,0.5,0.5,0.5,0.5,0.5,0,0.5,0.5,0.5,60,286.64265,6,0
0.49,0.5,0.5,0.5,0.5,0.5,0.5,0.5,0.5,0.52,1,0.49,0.5,0.5,60,77.53933300000001,6,1
0.505,0.5,0.5,0.495,0.495,0.49,0.49,0.49,0.49,0.515,2,0.505,0.49,0.49,60,358.597782,6,1
0.5,0.5,0.5,0.5,0.5,0.5,0.5,0.5,0.5,0.495,1,0.5,0.5,0.5,60,61.596373,6,0
0.5,0.5,0.5,0.5,0.5,0.5,0.5,0.5,0.5,0.49,1,0.5,0.5,0.5,60,179.142415,6,1
0.5,0.5,0.5,0.5,0.5,0.5,0.5,0.5,0.5,0.49,1,0.5,0.5,0.5,60,56.563106000000005,6,0
0.5,0.5,0.5,0.5,0.5,0.5,0.5,0.5,0.5,0.495,1,0.5,0.5,0.5,60,325.0,6,1
0.5,0.5,0.5,0.5,0.5,0.5,0.5,0.5,0.5,0.5,0,0.5,0.5,0.5,60,287.67623299999997,6,1
0.5,0.5,0.5,0.5,0.5,0.5,0.5,0.5,0.5,0.41,1,0.5,0.5,0.5,60,181.640433,6,0
0.5,0.5,0.5,0.5,0.5,0.5,0.5,0.5,0.5,0.495,1,0.5,0.5,0.5,60,91.860523,6,1
0.5,0.5,0.5,0.5,0.5,0.5,0.5,0.5,0.5,0.5,0,0.5,0.5,0.5,60,102.153652,6,1
0.5,0.5,0.5,0.5,0.5,0.5,0.5,0.5,0.5,0.5,0,0.5,0.5,0.5,60,91.6733,6,1
0.5,0.5,0.5,0.5,0.5,0.5,0.5,0.5,0.5,0.5,0,0.5,0.5,0.5,60,219.840629,6,0
0.5,0.5,0.5,0.5,0.5,0.5,0.5,0.5,0.5,0.5,0,0.5,0.5,0.5,60,97.06886099999998,6,0
0.5,0.5,0.5,0.5,0.5,0.5,0.5,0.5,0.5,0.5,0,0.5,0.5,0.5,60,282.086771,6,1
0.5,0.5,0.5,0.5,0.5,0.5,0.5,0.5,0.5,0.5,0,0.5,0.5,0.5,60,177.78372000000002,6,0
0.5,0.5,0.5,0.5,0.5,0.5,0.5,0.5,0.5,0.5,0,0.5,0.5,0.5,60,155.2797,6,1
0.5,0.5,0.5,0.5,0.5,0.5,0.5,0.5,0.5,0.5,0,0.5,0.5,0.5,60,63.706772,6,0
0.5,0.5,0.5,0.5,0.5,0.5,0.5,0.5,0.5,0.5,0,0.5,0.5,0.5,60,179.36634800000002,6,1
0.5,0.5,0.5,0.5,0.5,0.5,0.5,0.5,0.5,0.5,0,0.5,0.5,0.5,60,559.972174,6,0
0.5,0.5,0.5,0.5,0.5,0.5,0.5,0.5,0.5,0.5,0,0.5,0.5,0.5,60,187.96278300000003,6,1
0.5,0.5,0.5,0.5,0.5,0.5,0.5,0.5,0.5,0.5,0,0.5,0.5,0.5,60,127.971293,6,1
0.5,0.5,0.5,0.5,0.5,0.5,0.5,0.5,0.5,0.385,1,0.5,0.5,0.5,60,151.77769800000002,6,1
0.5,0.5,0.5,0.5,0.5,0.5,0.5,0.5,0.5,0.4,1,0.5,0.5,0.5,60,104.3775,6,0
0.5,0.5,0.5,0.5,0.5,0.5,0.5,0.5,0.5,0.5,0,0.5,0.5,0.5,60,181.03965,6,1
0.5,0.5,0.5,0.5,0.5,0.5,0.5,0.5,0.5,0.595,0,0.5,0.5,0.5,60,172.2786,6,0
0.5,0.5,0.5,0.5,0.5,0.5,0.5,0.5,0.5,0.5,0,0.5,0.5,0.5,60,158.449466,6,1
0.5,0.5,0.5,0.5,0.5,0.5,0.5,0.5,0.5,0.52,0,0.5,0.5,0.5,60,109.340636,6,1
0.5,0.5,0.5,0.5,0.5,0.5,0.5,0.5,0.5,0.5,0,0.5,0.5,0.5,60,358.613195,6,1
0.5,0.5,0.5,0.5,0.5,0.5,0.5,0.5,0.5,0.52,0,0.5,0.5,0.5,60,168.57297,6,0
0.5,0.5,0.5,0.5,0.5,0.5,0.5,0.5,0.5,0.5,0,0.5,0.5,0.5,60,124.332966,6,1
0.5,0.5,0.5,0.5,0.5,0.5,0.5,0.5,0.5,0.5,0,0.5,0.5,0.5,60,159.835642,6,0
0.495,0.5,0.5,0.5,0.5,0.5,0.5,0.5,0.5,0.5,1,0.495,0.5,0.5,60,64.9831,6,1
0.5,0.5,0.5,0.5,0.5,0.5,0.5,0.5,0.5,0.5,0,0.5,0.5,0.5,60,164.95350000000002,6,1
0.5,0.5,0.5,0.5,0.5,0.5,0.5,0.5,0.5,0.5,0,0.5,0.5,0.5,60,74.31006,6,0
0.5,0.5,0.5,0.5,0.5,0.5,0.5,0.5,0.5,0.5,0,0.5,0.5,0.5,60,62.447687,6,0
0.5,0.5,0.5,0.5,0.5,0.5,0.5,0.5,0.5,0.5,0,0.5,0.5,0.5,60,58.125,6,1
0.5,0.5,0.5,0.5,0.5,0.5,0.5,0.5,0.5,0.5,0,0.5,0.5,0.5,60,75.5857,6,0
0.5,0.5,0.5,0.5,0.5,0.5,0.5,0.5,0.5,0.5,0,0.5,0.5,0.5,60,72.18224000000001,6,0
0.5,0.5,0.5,0.5,0.5,0.5,0.5,0.5,0.5,0.25,1,0.5,0.5,0.455,60,113.181732,6,1
0.5,0.5,0.5,0.5,0.5,0.5,0.5,0.5,0.5,0.5,0,0.5,0.5,0.5,60,56.920375,6,0
0.5,0.5,0.5,0.5,0.5,0.5,0.5,0.5,0.5,0.495,1,0.5,0.5,0.5,60,115.33604700000001,6,1
0.5,0.5,0.5,0.5,0.5,0.5,0.5,0.5,0.5,0.5,0,0.5,0.5,0.5,60,70.483558,6,0
0.5,0.5,0.5,0.5,0.5,0.5,0.5,0.5,0.5,0.5,0,0.5,0.5,0.5,60,148.50706300000002,6,0
0.5,0.5,0.5,0.5,0.5,0.5,0.5,0.5,0.5,0.5,0,0.5,0.5,0.5,60,66.04165,6,1
0.5,0.5,0.5,0.5,0.5,0.5,0.5,0.5,0.5,0.5,0,0.5,0.5,0.5,60,193.301916,6,1
0.5,0.5,0.5,0.5,0.5,0.5,0.5,0.5,0.5,0.5,0,0.5,0.5,0.5,60,54.9732,6,0
0.5,0.5,0.5,0.5,0.5,0.5,0.5,0.5,0.5,0.5,0,0.5,0.5,0.5,60,109.68862100000001,6,0
0.5,0.5,0.5,0.5,0.5,0.5,0.5,0.5,0.5,0.5,0,0.5,0.5,0.5,60,98.22246600000001,6,0
0.5,0.5,0.5,0.5,0.5,0.5,0.5,0.5,0.5,0.5,0,0.5,0.5,0.5,60,4222.2808,6,1
0.5,0.5,0.5,0.5,0.5,0.5,0.5,0.5,0.5,0.5,0,0.5,0.5,0.5,60,61.78811,6,1
0.5,0.5,0.5,0.5,0.5,0.5,0.5,0.5,0.5,0.36,1,0.5,0.5,0.5,60,221.77086200000002,6,1
0.5,0.5,0.5,0.5,0.5,0.5,0.5,0.5,0.5,0.645,0,0.5,0.5,0.5,60,91.647187,6,0
0.5,0.5,0.5,0.5,0.5,0.5,0.5,0.5,0.5,0.5,0,0.5,0.5,0.5,60,78.10584,6,1
0.5,0.5,0.5,0.5,0.5,0.5,0.5,0.5,0.5,0.5,0,0.5,0.5,0.5,60,110.09404,6,1
0.5,0.5,0.5,0.5,0.5,0.5,0.5,0.5,0.5,0.5,0,0.5,0.5,0.5,60,46.04165,6,1
0.5,0.5,0.5,0.5,0.5,0.5,0.5,0.5,0.5,0.5,0,0.5,0.5,0.5,60,128.236874,6,1
0.5,0.5,0.5,0.505,0.505,0.5,0.5,0.5,0.5,0.5,0,0.5,0.505,0.5,60,45.137776,6,0
0.505,0.505,0.505,0.5,0.5,0.5,0.5,0.5,0.5,0.5,0,0.505,0.5,0.5,60,43.77585,6,0
0.5,0.5,0.5,0.5,0.5,0.5,0.5,0.5,0.5,0.5,0,0.5,0.5,0.5,60,3033.1225220000006,6,1
0.5,0.5,0.5,0.5,0.5,0.5,0.5,0.5,0.5,0.5,0,0.5,0.5,0.5,60,47.383700000000005,6,0
0.505,0.505,0.505,0.5,0.5,0.5,0.5,0.5,0.5,0.5,0,0.505,0.5,0.5,60,47.777776,6,0
0.49,0.49,0.49,0.5,0.5,0.5,0.5,0.5,0.5,0.5,1,0.49,0.5,0.5,60,37.233073,6,0
0.5,0.5,0.5,0.5,0.5,0.5,0.5,0.5,0.5,0.5,0,0.5,0.5,0.5,60,55.101616,6,1
0.5,0.5,0.5,0.5,0.5,0.5,0.5,0.5,0.5,0.5,0,0.5,0.5,0.5,60,81.55891600000001,6,0
0.5,0.5,0.5,0.5,0.5,0.5,0.5,0.5,0.5,0.5,0,0.5,0.5,0.5,60,79.140579,6,1
0.5,0.5,0.5,0.5,0.5,0.5,0.5,0.5,0.5,0.5,0,0.5,0.5,0.5,60,192.70113400000002,6,0
0.5,0.5,0.5,0.5,0.5,0.5,0.5,0.5,0.5,0.5,0,0.5,0.5,0.5,60,1074.517688,6,0
0.5,0.5,0.5,0.5,0.5,0.5,0.5,0.5,0.5,0.5,0,0.5,0.5,0.5,60,65.2641,6,1
0.49,0.49,0.49,0.5,0.5,0.5,0.5,0.5,0.5,0.5,1,0.49,0.5,0.5,60,110.94455699999999,6,1
0.5,0.5,0.5,0.5,0.5,0.5,0.5,0.5,0.5,0.5,0,0.5,0.5,0.5,60,41.612902,6,1
0.5,0.5,0.5,0.5,0.5,0.5,0.5,0.5,0.5,0.5,0,0.5,0.5,0.5,60,58.175233000000006,6,0
0.5,0.5,0.5,0.5,0.5,0.5,0.5,0.5,0.5,0.5,0,0.5,0.5,0.5,60,96.95395400000001,6,1
0.5,0.5,0.465,0.465,0.465,0.465,0.465,0.465,0.465,0.26,1,0.5,0.465,0.465,60,89.010266,6,1
0.465,0.465,0.465,0.465,0.465,0.465,0.465,0.465,0.465,0.26,0,0.465,0.465,0.465,60,423.975232,6,1
0.5,0.5,0.5,0.5,0.5,0.5,0.5,0.5,0.465,0.26,1,0.5,0.5,0.465,60,52.207099,6,0
0.5,0.5,0.5,0.5,0.5,0.5,0.5,0.5,0.5,0.5,0,0.5,0.5,0.5,60,72.923699,6,0
0.5,0.5,0.5,0.5,0.5,0.5,0.5,0.5,0.5,0.5,0,0.5,0.5,0.5,60,34.9924,6,0
0.5,0.5,0.5,0.5,0.5,0.5,0.5,0.5,0.5,0.5,0,0.5,0.5,0.5,60,36.115899999999996,6,1
0.5,0.5,0.5,0.5,0.5,0.5,0.5,0.5,0.5,0.5,0,0.5,0.5,0.5,60,107.244717,6,0
0.5,0.5,0.5,0.5,0.5,0.5,0.5,0.5,0.5,0.5,0,0.5,0.5,0.5,60,102.009567,6,1
0.5,0.5,0.5,0.5,0.5,0.5,0.5,0.5,0.5,0.5,0,0.5,0.5,0.5,60,140.96526200000002,6,0
0.5,0.5,0.5,0.5,0.5,0.5,0.5,0.5,0.5,0.49,1,0.5,0.5,0.5,60,50.596869,6,0
0.5,0.5,0.5,0.5,0.5,0.5,0.5,0.5,0.5,0.5,0,0.5,0.5,0.5,60,342.63533299999995,6,1
0.5,0.5,0.5,0.5,0.5,0.5,0.5,0.5,0.5,0.5,0,0.5,0.5,0.5,60,69.292776,6,0
0.5,0.5,0.5,0.5,0.5,0.5,0.5,0.5,0.5,0.49,1,0.5,0.5,0.5,60,36.0101,6,0
0.5,0.5,0.5,0.5,0.5,0.5,0.5,0.5,0.5,0.485,1,0.5,0.5,0.5,60,66.871289,6,0
0.5,0.5,0.5,0.5,0.5,0.5,0.5,0.5,0.5,0.485,1,0.5,0.5,0.5,60,16.369862,6,0
0.5,0.5,0.5,0.5,0.5,0.5,0.5,0.5,0.5,0.495,1,0.5,0.5,0.5,60,35.052827,6,0
0.5,0.5,0.5,0.5,0.5,0.5,0.5,0.5,0.5,0.5,0,0.5,0.5,0.5,60,16.785712,6,0
0.5,0.5,0.5,0.5,0.5,0.5,0.5,0.5,0.5,0.5,0,0.5,0.5,0.5,60,16.2941,6,0
0.5,0.5,0.5,0.5,0.5,0.5,0.5,0.5,0.5,0.495,1,0.5,0.5,0.5,60,22.142856000000002,6,0
0.5,0.5,0.5,0.5,0.5,0.5,0.5,0.5,0.5,0.5,0,0.5,0.5,0.5,60,2931.3734999999997,6,0
0.5,0.5,0.5,0.5,0.5,0.5,0.5,0.5,0.5,0.5,0,0.5,0.5,0.5,60,54.001,6,0
0.5,0.5,0.5,0.5,0.5,0.5,0.5,0.5,0.5,0.675,0,0.5,0.5,0.5,60,61.5656,6,1
0.5,0.5,0.5,0.5,0.5,0.5,0.5,0.5,0.5,0.5,0,0.5,0.5,0.5,60,22.25262,6,0
0.51,0.51,0.51,0.5,0.5,0.5,0.5,0.5,0.5,0.5,0,0.51,0.5,0.5,60,28.524893,6,0
0.505,0.505,0.505,0.505,0.505,0.5,0.5,0.5,0.5,0.635,0,0.505,0.505,0.5,60,18.048777,6,1
0.495,0.495,0.495,0.505,0.505,0.5,0.5,0.5,0.5,0.5,1,0.495,0.505,0.5,60,33.225805,6,1
0.5,0.5,0.5,0.5,0.5,0.5,0.5,0.5,0.5,0.5,0,0.5,0.5,0.5,60,45.0,6,1
0.5,0.5,0.5,0.505,0.505,0.5,0.5,0.5,0.5,0.5,0,0.5,0.5,0.5,60,47.553601,6,1
0.505,0.505,0.505,0.495,0.495,0.5,0.5,0.5,0.5,0.64,2,0.505,0.495,0.5,60,62.706465,6,1
0.505,0.505,0.505,0.5,0.5,0.5,0.5,0.5,0.5,0.495,1,0.505,0.5,0.5,60,44.9973,6,1
0.505,0.505,0.505,0.505,0.505,0.5,0.5,0.5,0.5,0.64,0,0.505,0.505,0.5,60,44.98535,6,0
0.5,0.5,0.5,0.5,0.5,0.5,0.5,0.5,0.5,0.5,0,0.5,0.5,0.5,60,149.64647,6,1
0.5,0.5,0.5,0.5,0.5,0.5,0.5,0.5,0.5,0.5,0,0.5,0.5,0.5,60,6.272270000000001,6,1
0.5,0.5,0.5,0.5,0.5,0.5,0.5,0.5,0.5,0.765,0,0.5,0.5,0.565,60,47.469131000000004,6,0
0.5,0.5,0.5,0.5,0.5,0.5,0.5,0.5,0.5,0.5,0,0.5,0.5,0.5,60,70.948756,6,0
0.5,0.5,0.5,0.5,0.5,0.5,0.5,0.5,0.5,0.505,0,0.5,0.5,0.5,60,64.449656,6,0
0.495,0.49,0.49,0.5,0.5,0.5,0.5,0.5,0.5,0.5,3,0.5,0.5,0.5,60,75.11085,6,0
0.49,0.49,0.49,0.5,0.5,0.5,0.5,0.5,0.5,0.5,1,0.49,0.5,0.5,60,80.77777,6,1
0.5,0.5,0.5,0.505,0.505,0.5,0.5,0.5,0.5,0.5,0,0.5,0.505,0.5,60,56.182941,6,0
0.5,0.5,0.5,0.5,0.5,0.5,0.5,0.5,0.5,0.5,0,0.5,0.5,0.5,60,46.498850000000004,6,0
0.5,0.5,0.5,0.5,0.5,0.5,0.5,0.5,0.5,0.5,0,0.5,0.5,0.5,60,55.553325,6,1
0.5,0.5,0.5,0.5,0.5,0.5,0.5,0.5,0.5,0.36,1,0.5,0.5,0.5,60,29.972800000000003,6,0
0.5,0.5,0.5,0.5,0.5,0.5,0.5,0.5,0.5,0.5,0,0.5,0.5,0.5,60,41.789,6,1
0.5,0.5,0.5,0.5,0.5,0.5,0.5,0.5,0.5,0.365,1,0.5,0.5,0.5,60,53.5355,6,0
0.5,0.5,0.5,0.5,0.5,0.5,0.5,0.5,0.5,0.5,0,0.5,0.5,0.5,60,21.0204,6,1
0.5,0.5,0.5,0.5,0.5,0.5,0.5,0.5,0.5,0.5,0,0.5,0.5,0.5,60,442.4627,6,0
0.5,0.5,0.5,0.5,0.5,0.5,0.5,0.5,0.5,0.5,0,0.5,0.5,0.5,60,69.10185,6,0
0.5,0.5,0.5,0.5,0.5,0.5,0.5,0.5,0.5,0.5,0,0.5,0.5,0.5,60,36.075257,6,1
0.5,0.5,0.5,0.5,0.5,0.5,0.5,0.5,0.5,0.5,0,0.5,0.5,0.5,60,47.061918000000006,6,0
0.5,0.5,0.5,0.5,0.5,0.5,0.5,0.5,0.5,0.5,0,0.5,0.5,0.5,60,70.272725,6,1
0.5,0.5,0.5,0.5,0.5,0.5,0.5,0.5,0.5,0.5,0,0.5,0.5,0.5,60,101.71533699999999,6,1
0.5,0.5,0.5,0.5,0.5,0.5,0.5,0.5,0.5,0.5,0,0.5,0.5,0.5,60,127.77116700000003,6,1
0.5,0.5,0.5,0.5,0.5,0.5,0.5,0.5,0.5,0.5,0,0.5,0.5,0.5,60,89.228713,6,0
0.5,0.5,0.5,0.5,0.5,0.5,0.5,0.5,0.5,0.5,0,0.5,0.5,0.5,60,126.863325,6,1
0.5,0.5,0.5,0.5,0.5,0.5,0.5,0.5,0.5,0.5,0,0.5,0.5,0.5,60,149.937417,6,0
0.5,0.5,0.5,0.5,0.5,0.5,0.5,0.5,0.5,0.5,0,0.5,0.5,0.5,60,149.92994999999996,6,1
0.5,0.5,0.5,0.505,0.505,0.5,0.5,0.5,0.5,0.5,0,0.5,0.505,0.5,60,49.429415999999996,6,0
0.5,0.5,0.5,0.5,0.5,0.5,0.5,0.5,0.5,0.5,0,0.5,0.5,0.5,60,65.0273,6,0
0.5,0.5,0.5,0.5,0.5,0.5,0.5,0.5,0.5,0.5,0,0.5,0.5,0.5,60,126.485588,6,1
0.5,0.5,0.5,0.5,0.5,0.5,0.5,0.5,0.5,0.5,0,0.5,0.5,0.5,60,48.4919,6,1
0.5,0.5,0.5,0.5,0.5,0.5,0.5,0.5,0.5,0.5,0,0.5,0.5,0.5,60,54.982416,6,1
0.5,0.5,0.5,0.5,0.5,0.5,0.5,0.5,0.5,0.5,0,0.5,0.5,0.5,60,59.121098,6,1
0.5,0.5,0.5,0.5,0.5,0.5,0.5,0.5,0.5,0.505,0,0.5,0.5,0.5,60,399.9822,6,0
0.5,0.5,0.5,0.5,0.5,0.5,0.5,0.5,0.5,0.5,0,0.5,0.5,0.5,60,42.083325,6,1
0.5,0.5,0.5,0.5,0.5,0.5,0.5,0.5,0.5,0.5,0,0.5,0.5,0.5,60,39.990899999999996,6,1
0.5,0.5,0.5,0.5,0.5,0.5,0.5,0.5,0.5,0.5,0,0.5,0.5,0.5,60,87.041906,6,1
0.5,0.5,0.5,0.5,0.5,0.5,0.5,0.5,0.5,0.5,0,0.5,0.5,0.5,60,134.80535,6,0
0.5,0.5,0.5,0.5,0.5,0.5,0.5,0.5,0.5,0.5,0,0.5,0.5,0.5,60,34.974883000000005,6,0
0.5,0.5,0.5,0.5,0.5,0.5,0.5,0.5,0.5,0.5,0,0.5,0.5,0.5,60,154.98444999999998,6,0
0.51,0.51,0.51,0.5,0.5,0.5,0.5,0.5,0.5,0.58,0,0.51,0.5,0.5,60,168.639565,6,0
0.5,0.5,0.5,0.5,0.5,0.5,0.5,0.5,0.5,0.5,0,0.5,0.5,0.5,60,179.27581999999998,6,1
