price_t0,price_t1,price_t2,price_t3,price_t4,price_t5,price_t6,price_t7,price_t8,price_t9,crossings_05,price_early,price_mid,price_late,duration_minutes,volume,coin,label
0.505,0.605,0.775,0.795,0.795,0.935,0.955,0.975,0.995,0.995,0,0.525,0.915,0.995,15,28776.454974000007,0,1
0.455,0.685,0.725,0.875,0.895,0.985,0.975,0.965,0.945,0.995,1,0.645,0.915,0.985,15,44645.92154599997,0,1
0.435,0.335,0.285,0.505,0.175,0.125,0.085,0.065,0.095,0.105,2,0.465,0.235,0.125,15,44740.29073899996,0,0
0.525,0.405,0.455,0.655,0.675,0.905,0.805,0.815,0.865,0.995,2,0.705,0.845,0.975,15,34762.14486800003,0,1
0.565,0.705,0.685,0.685,0.675,0.795,0.955,0.995,0.995,0.9995,0,0.705,0.835,0.995,15,26519.898680000006,0,1
0.405,0.455,0.625,0.415,0.355,0.125,0.155,0.005,0.005,0.005,2,0.475,0.315,0.005,15,20338.165670000006,0,0
0.505,0.385,0.315,0.235,0.175,0.215,0.175,0.015,0.005,0.005,1,0.405,0.175,0.005,15,29544.841120000012,0,0
0.485,0.505,0.455,0.195,0.215,0.065,0.045,0.055,0.005,0.005,2,0.775,0.175,0.005,15,36661.334090000004,0,0
0.425,0.275,0.265,0.145,0.095,0.365,0.205,0.135,0.095,0.025,0,0.265,0.185,0.035,15,48517.14637899998,0,0
0.485,0.625,0.635,0.385,0.575,0.695,0.665,0.895,0.945,0.965,3,0.555,0.605,0.965,15,35176.827348999985,0,1
0.405,0.285,0.305,0.365,0.405,0.205,0.235,0.025,0.005,0.005,0,0.245,0.375,0.005,15,22667.594240000017,0,0
0.455,0.515,0.535,0.365,0.415,0.465,0.815,0.705,0.805,0.995,3,0.46,0.445,0.865,15,31073.104613999985,0,1
0.515,0.625,0.675,0.895,0.945,0.965,0.975,0.995,0.995,0.995,0,0.555,0.945,0.995,15,22260.404123000004,0,1
0.515,0.435,0.315,0.285,0.195,0.095,0.035,0.075,0.755,0.605,2,0.565,0.165,0.725,15,48993.41959999994,0,1
0.515,0.445,0.435,0.565,0.605,0.555,0.685,0.865,0.845,0.995,2,0.445,0.685,0.925,15,31088.468412000006,0,1
0.495,0.205,0.195,0.115,0.185,0.075,0.045,0.005,0.005,0.0005,0,0.255,0.13,0.005,15,32689.5944,0,0
0.505,0.665,0.735,0.895,0.875,0.905,0.945,0.995,0.995,0.9995,2,0.495,0.925,0.9985,15,46652.59068000005,0,1
0.425,0.335,0.235,0.435,0.405,0.205,0.145,0.005,0.025,0.005,0,0.355,0.455,0.015,15,51526.82154300001,0,0
0.435,0.405,0.215,0.205,0.285,0.555,0.655,0.685,0.665,0.965,1,0.455,0.225,0.705,15,71020.31609100006,0,1
0.475,0.665,0.575,0.245,0.285,0.165,0.105,0.045,0.105,0.005,2,0.495,0.315,0.035,15,39090.653738999965,0,0
0.515,0.295,0.185,0.195,0.325,0.275,0.265,0.265,0.155,0.485,1,0.465,0.345,0.315,15,51256.115614000046,0,1
0.575,0.315,0.345,0.405,0.495,0.745,0.835,0.955,0.975,0.995,2,0.505,0.595,0.985,15,45957.41742499995,0,1
0.485,0.625,0.745,0.735,0.505,0.195,0.035,0.055,0.025,0.005,2,0.495,0.375,0.005,15,70030.5302449999,0,0
0.625,0.625,0.725,0.795,0.935,0.945,0.915,0.985,0.995,0.995,0,0.635,0.945,0.995,15,52912.446585000005,0,1
0.505,0.445,0.245,0.16,0.155,0.035,0.015,0.005,0.005,0.005,1,0.285,0.055,0.005,15,39260.154614999985,0,0
0.435,0.555,0.335,0.355,0.275,0.055,0.045,0.005,0.005,0.005,2,0.635,0.165,0.005,15,29242.387600999988,0,0
0.515,0.305,0.355,0.555,0.365,0.355,0.275,0.415,0.065,0.005,3,0.395,0.235,0.005,15,31562.54923899997,0,0
0.505,0.555,0.705,0.455,0.595,0.395,0.295,0.305,0.335,0.945,6,0.415,0.545,0.805,15,53708.56470100004,0,1
0.515,0.735,0.795,0.555,0.345,0.045,0.035,0.105,0.055,0.005,3,0.475,0.125,0.035,15,39684.816921000005,0,0
0.42,0.405,0.275,0.205,0.265,0.405,0.435,0.895,0.915,0.925,1,0.405,0.495,0.925,15,36610.035363000025,0,1
0.465,0.625,0.715,0.815,0.795,0.795,0.915,0.975,0.975,0.995,1,0.535,0.815,0.985,15,27683.11467,0,1
0.525,0.485,0.595,0.835,0.845,0.885,0.935,0.985,0.995,0.995,2,0.485,0.885,0.995,15,24433.824628000017,0,1
0.52,0.605,0.715,0.705,0.785,0.785,0.805,0.885,0.785,0.935,0,0.545,0.725,0.805,15,27252.120774999985,0,1
0.455,0.345,0.375,0.405,0.095,0.035,0.035,0.005,0.005,0.005,0,0.465,0.035,0.005,15,19185.056157999996,0,0
0.505,0.635,0.745,0.895,0.955,0.985,0.995,0.995,0.9975,0.9995,0,0.575,0.975,0.9975,15,37521.052218999976,0,1
0.505,0.515,0.475,0.425,0.325,0.445,0.575,0.365,0.535,0.535,6,0.595,0.425,0.375,15,36217.77712900001,0,1
0.545,0.935,0.955,0.965,0.945,0.9795,0.9985,0.9945,0.994,0.9995,0,0.915,0.958,0.9985,15,36278.21614100001,0,1
0.565,0.505,0.355,0.155,0.095,0.065,0.075,0.025,0.005,0.005,1,0.505,0.045,0.0025,15,31635.17979800002,0,0
0.515,0.545,0.495,0.495,0.575,0.375,0.105,0.055,0.035,0.005,7,0.485,0.585,0.005,15,35591.30139799998,0,0
0.555,0.555,0.405,0.395,0.355,0.285,0.315,0.735,0.615,0.135,3,0.545,0.215,0.505,15,71456.0448959999,0,0
0.595,0.535,0.565,0.355,0.255,0.115,0.085,0.015,0.015,0.015,1,0.565,0.185,0.025,15,74047.04975700007,0,0
0.615,0.435,0.155,0.235,0.195,0.285,0.345,0.365,0.265,0.005,1,0.535,0.285,0.035,15,78841.44155199997,0,0
0.495,0.455,0.275,0.145,0.115,0.095,0.095,0.005,0.005,0.005,2,0.565,0.055,0.005,15,25144.013647,0,0
0.575,0.715,0.705,0.755,0.825,0.935,0.935,0.975,0.995,0.995,2,0.345,0.925,0.995,15,39567.45629899996,0,1
0.505,0.515,0.535,0.715,0.645,0.665,0.405,0.665,0.825,0.955,2,0.555,0.645,0.855,15,42055.356244999944,0,1
0.485,0.535,0.305,0.275,0.265,0.355,0.405,0.185,0.115,0.055,2,0.525,0.305,0.125,15,31346.480446999998,0,0
0.495,0.645,0.725,0.505,0.515,0.645,0.595,0.6,0.305,0.085,6,0.585,0.455,0.165,15,51140.286201,0,0
0.485,0.375,0.435,0.495,0.515,0.695,0.435,0.735,0.705,0.865,3,0.455,0.695,0.535,15,34569.192127,0,1
0.605,0.565,0.725,0.865,0.775,0.935,0.935,0.985,0.995,0.995,0,0.565,0.845,0.995,15,35933.87677000002,0,1
0.535,0.685,0.565,0.615,0.655,0.72,0.585,0.385,0.135,0.195,1,0.625,0.735,0.035,15,74023.23988200004,0,0
0.535,0.465,0.365,0.485,0.365,0.515,0.715,0.285,0.135,0.035,5,0.465,0.425,0.025,15,39979.65610299998,0,0
0.495,0.165,0.365,0.585,0.585,0.105,0.065,0.015,0.005,0.005,4,0.525,0.27,0.005,15,44797.79212999997,0,0
0.515,0.515,0.465,0.695,0.855,0.915,0.945,0.985,0.985,0.995,2,0.505,0.925,0.995,15,35834.37803000001,0,1
0.505,0.185,0.155,0.095,0.055,0.035,0.025,0.005,0.015,0.0005,1,0.515,0.075,0.005,15,44871.402688,0,0
0.495,0.625,0.635,0.305,0.215,0.215,0.305,0.405,0.365,0.105,2,0.645,0.255,0.295,15,44133.430779999886,0,0
0.575,0.755,0.785,0.875,0.945,0.895,0.935,0.815,0.975,0.995,0,0.685,0.805,0.985,15,42238.29919500002,0,1
0.475,0.745,0.695,0.745,0.715,0.885,0.785,0.885,0.825,0.005,2,0.745,0.795,0.135,15,57485.17897300006,0,0
0.535,0.645,0.815,0.785,0.675,0.455,0.355,0.145,0.135,0.145,1,0.645,0.625,0.135,15,69206.67362700003,0,0
0.555,0.495,0.605,0.555,0.645,0.905,0.815,0.665,0.805,0.985,2,0.645,0.725,0.985,15,78082.36767799998,0,1
0.495,0.405,0.315,0.265,0.275,0.235,0.105,0.055,0.055,0.005,0,0.465,0.295,0.005,15,30075.894517,0,0
0.485,0.535,0.585,0.615,0.355,0.265,0.355,0.525,0.285,0.055,4,0.485,0.355,0.095,15,44050.487875000006,0,0
0.515,0.355,0.235,0.095,0.045,0.055,0.025,0.005,0.005,0.0005,1,0.355,0.055,0.005,15,39431.86884499999,0,0
0.495,0.555,0.625,0.615,0.765,0.895,0.935,0.925,0.955,0.385,2,0.775,0.905,0.875,15,33768.48944300002,0,0
0.495,0.825,0.905,0.865,0.875,0.925,0.945,0.825,0.875,0.995,1,0.565,0.915,0.975,15,27315.478963000012,0,1
0.455,0.535,0.425,0.085,0.105,0.085,0.035,0.005,0.005,0.005,2,0.455,0.095,0.005,15,22717.080514000005,0,0
0.465,0.665,0.685,0.665,0.675,0.685,0.875,0.965,0.985,0.995,1,0.465,0.555,0.985,15,23778.417788999977,0,1
0.525,0.445,0.385,0.445,0.465,0.6,0.575,0.265,0.295,0.38,3,0.475,0.535,0.185,15,16102.94253200001,0,1
0.515,0.515,0.725,0.765,0.925,0.955,0.975,0.995,0.995,0.995,2,0.465,0.965,0.995,15,21367.297037999997,0,1
0.52,0.445,0.415,0.575,0.455,0.105,0.035,0.025,0.005,0.005,3,0.535,0.145,0.005,15,20325.102127,0,0
0.515,0.365,0.415,0.485,0.515,0.865,0.845,0.955,0.995,0.995,4,0.525,0.465,0.995,15,24733.966045999994,0,1
0.325,0.535,0.535,0.585,0.515,0.185,0.175,0.125,0.055,0.005,2,0.405,0.335,0.005,15,37742.16781300001,0,0
0.465,0.715,0.705,0.725,0.765,0.925,0.805,0.705,0.605,0.825,3,0.505,0.915,0.485,15,28794.228844999972,0,1
0.505,0.805,0.545,0.465,0.475,0.835,0.735,0.895,0.955,0.995,2,0.805,0.745,0.995,15,21996.564435000022,0,1
0.455,0.275,0.505,0.425,0.385,0.195,0.345,0.295,0.175,0.495,2,0.325,0.215,0.265,15,29523.250686000025,0,0
0.505,0.745,0.645,0.595,0.765,0.775,0.885,0.975,0.985,0.995,0,0.575,0.845,0.995,15,28444.053799,0,1
0.695,0.385,0.265,0.155,0.105,0.045,0.025,0.015,0.005,0.005,1,0.385,0.075,0.005,15,29601.575868000007,0,0
0.545,0.515,0.425,0.385,0.465,0.645,0.665,0.805,0.815,0.245,3,0.615,0.525,0.865,15,35983.95898699998,0,0
0.505,0.515,0.545,0.525,0.355,0.505,0.845,0.935,0.915,0.985,4,0.505,0.555,0.945,15,25428.832396000005,0,1
0.54,0.895,0.875,0.945,0.935,0.925,0.915,0.995,0.995,0.995,0,0.895,0.955,0.995,15,26738.163309000003,0,1
0.565,0.465,0.615,0.495,0.585,0.555,0.395,0.605,0.395,0.285,7,0.425,0.535,0.435,15,36166.913354,0,0
0.545,0.775,0.735,0.675,0.235,0.175,0.355,0.145,0.075,0.065,1,0.695,0.355,0.015,15,43145.459094999926,0,0
0.495,0.555,0.495,0.265,0.345,0.345,0.345,0.195,0.195,0.195,2,0.535,0.345,0.195,15,13778.195139000001,0,0
0.555,0.715,0.795,0.855,0.925,0.965,0.965,0.995,0.9955,0.9995,0,0.715,0.945,0.994,15,21049.79529500001,0,1
0.465,0.575,0.455,0.205,0.145,0.075,0.145,0.085,0.325,0.935,3,0.415,0.115,0.775,15,48210.34176399999,0,1
0.535,0.535,0.515,0.685,0.725,0.615,0.775,0.935,0.945,0.995,0,0.515,0.675,0.945,15,34412.659152999964,0,1
0.475,0.435,0.445,0.495,0.655,0.775,0.835,0.865,0.925,0.795,5,0.595,0.575,0.925,15,40353.93092099999,0,1
0.515,0.535,0.485,0.645,0.645,0.625,0.645,0.865,0.955,0.995,2,0.535,0.615,0.965,15,33830.75295199998,0,1
0.575,0.585,0.785,0.655,0.655,0.745,0.685,0.645,0.555,0.005,1,0.555,0.675,0.225,15,58001.59134699997,0,0
0.505,0.565,0.465,0.625,0.585,0.395,0.405,0.115,0.035,0.005,5,0.425,0.415,0.005,15,27255.563756000032,0,0
0.535,0.625,0.725,0.805,0.875,0.955,0.985,0.995,0.995,0.955,2,0.495,0.955,0.995,15,45439.76115700004,0,1
0.485,0.665,0.505,0.705,0.565,0.695,0.775,0.635,0.755,0.975,1,0.605,0.635,0.855,15,53161.130194000005,0,1
0.545,0.515,0.455,0.775,0.555,0.535,0.725,0.565,0.785,0.155,5,0.445,0.655,0.735,15,72231.4646569999,0,0
0.545,0.485,0.455,0.705,0.805,0.895,0.955,0.725,0.925,0.625,2,0.505,0.915,0.955,15,60981.48830299996,0,1
0.505,0.775,0.755,0.815,0.775,0.945,0.935,0.975,0.985,0.995,0,0.605,0.775,0.995,15,53736.57146099994,0,1
0.575,0.525,0.675,0.805,0.855,0.965,0.975,0.955,0.965,0.995,0,0.615,0.955,0.965,15,63732.243054999984,0,1
0.545,0.565,0.445,0.395,0.355,0.575,0.475,0.735,0.795,0.995,8,0.455,0.525,0.935,15,55271.04592699992,0,1
0.505,0.315,0.195,0.095,0.125,0.035,0.0205,0.0025,0.004,0.0005,1,0.435,0.015,0.0015,15,51128.13972599999,0,0
0.505,0.465,0.365,0.335,0.195,0.305,0.195,0.105,0.035,0.0055,1,0.565,0.185,0.015,15,37387.517313000004,0,0
0.515,0.435,0.335,0.555,0.525,0.485,0.515,0.725,0.905,0.875,4,0.485,0.515,0.905,15,37600.981941999984,0,1
0.605,0.585,0.695,0.695,0.715,0.685,0.635,0.905,0.935,0.9995,2,0.495,0.645,0.975,15,51172.53274100006,0,1
0.555,0.615,0.555,0.565,0.485,0.435,0.315,0.085,0.045,0.005,5,0.635,0.575,0.025,15,42299.64249399997,0,0
0.525,0.595,0.655,0.655,0.715,0.695,0.685,0.575,0.285,0.105,1,0.515,0.725,0.235,15,49355.469849999965,0,0
0.535,0.575,0.605,0.635,0.355,0.345,0.285,0.335,0.535,0.445,3,0.615,0.425,0.205,15,52591.04652699995,0,0
0.535,0.545,0.595,0.695,0.635,0.545,0.295,0.175,0.035,0.005,5,0.475,0.485,0.015,15,40261.68750100006,0,0
0.425,0.235,0.505,0.605,0.645,0.375,0.395,0.515,0.45,0.005,4,0.345,0.395,0.45,15,58619.03335399987,0,0
0.505,0.395,0.265,0.165,0.175,0.175,0.155,0.285,0.455,0.965,2,0.475,0.165,0.795,15,49306.37389400003,0,1
0.535,0.535,0.385,0.275,0.285,0.335,0.265,0.345,0.405,0.135,1,0.585,0.425,0.185,15,28442.769285,0,0
0.465,0.415,0.355,0.105,0.055,0.125,0.095,0.065,0.055,0.005,0,0.485,0.145,0.005,15,34504.86480800001,0,0
0.505,0.425,0.265,0.355,0.285,0.175,0.115,0.135,0.185,0.055,1,0.385,0.195,0.125,15,31987.98180900001,0,0
0.495,0.395,0.405,0.315,0.255,0.205,0.145,0.045,0.085,0.005,0,0.365,0.315,0.025,15,34578.51215899997,0,0
0.435,0.485,0.555,0.735,0.865,0.925,0.935,0.695,0.745,0.995,1,0.495,0.925,0.845,15,29703.991121999978,0,1
0.465,0.615,0.665,0.775,0.865,0.835,0.855,0.945,0.975,0.995,1,0.515,0.895,0.995,15,28815.754925999998,0,1
0.455,0.565,0.515,0.395,0.455,0.375,0.445,0.585,0.575,0.065,4,0.545,0.495,0.405,15,59020.32749499994,0,0
0.445,0.615,0.595,0.615,0.605,0.755,0.735,0.755,0.715,0.945,1,0.565,0.795,0.505,15,31025.548953999973,0,1
0.535,0.305,0.315,0.365,0.275,0.235,0.165,0.765,0.765,0.975,2,0.455,0.265,0.845,15,31580.357959,0,1
0.455,0.715,0.745,0.785,0.715,0.795,0.875,0.955,0.975,0.995,1,0.565,0.835,0.995,15,22497.127389,0,1
0.505,0.495,0.485,0.395,0.385,0.345,0.465,0.605,0.415,0.275,7,0.545,0.385,0.575,15,33672.912999,0,0
0.475,0.575,0.775,0.805,0.925,0.985,0.975,0.995,0.9975,0.997,1,0.645,0.955,0.9965,15,44519.008744000006,0,1
0.495,0.125,0.115,0.065,0.035,0.035,0.025,0.025,0.015,0.005,0,0.205,0.045,0.005,15,36503.154583999974,0,0
0.495,0.565,0.535,0.835,0.785,0.775,0.645,0.855,0.595,0.285,2,0.625,0.735,0.525,15,35615.88655699993,0,0
0.455,0.495,0.395,0.215,0.165,0.325,0.225,0.115,0.005,0.005,0,0.495,0.225,0.005,15,30478.75546800006,0,0
0.505,0.655,0.615,0.545,0.645,0.775,0.845,0.955,0.835,0.93,0,0.665,0.705,0.585,15,84620.25104700003,0,1
0.545,0.705,0.775,0.825,0.835,0.915,0.935,0.945,0.975,0.995,0,0.715,0.935,0.975,15,22976.695737000005,0,1
0.515,0.39,0.235,0.085,0.075,0.035,0.015,0.005,0.0055,0.003,1,0.39,0.035,0.005,15,38603.73388100001,0,0
0.535,0.645,0.585,0.665,0.575,0.705,0.905,0.825,0.965,0.995,2,0.485,0.705,0.965,15,28024.981707000017,0,1
0.515,0.495,0.525,0.425,0.615,0.15,0.105,0.285,0.575,0.035,7,0.475,0.245,0.575,15,37939.82183600001,0,0
0.465,0.675,0.605,0.685,0.775,0.915,0.935,0.985,0.995,0.995,1,0.525,0.915,0.995,15,26995.296767000033,0,1
0.525,0.425,0.385,0.175,0.215,0.075,0.135,0.045,0.035,0.005,1,0.385,0.115,0.005,15,28639.375602,0,0
0.485,0.545,0.735,0.895,0.825,0.765,0.645,0.755,0.935,0.995,1,0.455,0.705,0.965,15,32518.864990999995,0,1
0.535,0.405,0.335,0.375,0.315,0.325,0.265,0.115,0.175,0.005,1,0.455,0.335,0.055,15,30040.432534000003,0,0
0.495,0.275,0.215,0.225,0.125,0.245,0.145,0.335,0.215,0.105,0,0.405,0.225,0.165,15,31696.050589999984,0,0
0.415,0.285,0.195,0.305,0.335,0.245,0.195,0.045,0.035,0.005,0,0.355,0.295,0.015,15,26352.331071000008,0,0
0.535,0.595,0.695,0.825,0.705,0.835,0.775,0.995,0.995,0.995,0,0.545,0.795,0.995,15,34808.61486300001,0,1
0.475,0.405,0.335,0.445,0.405,0.295,0.325,0.385,0.265,0.075,0,0.375,0.285,0.145,15,38689.70231099998,0,0
0.515,0.645,0.665,0.335,0.465,0.605,0.535,0.725,0.575,0.705,4,0.535,0.635,0.495,15,38889.03271999997,0,1
0.495,0.625,0.635,0.815,0.865,0.915,0.945,0.915,0.575,0.055,2,0.455,0.905,0.115,15,37696.19871,0,0
0.495,0.545,0.505,0.365,0.46,0.505,0.195,0.105,0.055,0.015,4,0.575,0.575,0.055,15,24324.909042999996,0,0
0.505,0.565,0.315,0.505,0.455,0.225,0.575,0.795,0.775,0.995,6,0.475,0.315,0.855,15,50115.88700899998,0,1
0.545,0.655,0.785,0.925,0.825,0.945,0.975,0.965,0.995,0.995,0,0.645,0.945,0.995,15,32792.05771000004,0,1
0.525,0.435,0.365,0.445,0.485,0.305,0.325,0.135,0.115,0.025,1,0.515,0.455,0.065,15,20341.05232300003,0,0
0.485,0.135,0.085,0.105,0.075,0.055,0.055,0.035,0.005,0.005,0,0.165,0.055,0.005,15,33178.34305999997,0,0
0.495,0.425,0.445,0.665,0.695,0.715,0.615,0.275,0.165,0.045,2,0.425,0.605,0.165,15,30899.766522999962,0,0
0.395,0.645,0.715,0.455,0.145,0.055,0.075,0.015,0.005,0.005,2,0.465,0.065,0.005,15,54579.53216899992,0,0
0.415,0.425,0.315,0.235,0.295,0.505,0.525,0.755,0.835,0.975,1,0.475,0.365,0.775,15,46133.59585699996,0,1
0.435,0.355,0.355,0.325,0.245,0.195,0.245,0.825,0.915,0.995,1,0.435,0.145,0.995,15,36674.862661000014,0,1
0.445,0.355,0.555,0.305,0.305,0.455,0.585,0.905,0.775,0.875,5,0.625,0.375,0.815,15,39097.26769399992,0,1
0.465,0.455,0.315,0.625,0.735,0.825,0.945,0.995,0.995,0.995,1,0.475,0.785,0.995,15,21884.11925900001,0,1
0.475,0.255,0.205,0.465,0.375,0.185,0.155,0.075,0.005,0.005,0,0.315,0.295,0.005,15,29815.446758999988,0,0
0.475,0.635,0.615,0.575,0.495,0.515,0.615,0.805,0.925,0.995,3,0.575,0.365,0.975,15,20952.897137000033,0,1
0.525,0.685,0.825,0.865,0.815,0.825,0.905,0.965,0.965,0.995,0,0.605,0.805,0.975,15,23581.341019999996,0,1
0.505,0.645,0.685,0.8,0.675,0.455,0.515,0.335,0.195,0.005,5,0.495,0.625,0.025,15,24469.516828999997,0,0
0.495,0.83,0.785,0.685,0.675,0.705,0.835,0.825,0.805,0.485,2,0.515,0.665,0.405,15,32458.392173000004,0,1
0.535,0.775,0.775,0.855,0.895,0.965,0.975,0.995,0.995,0.9995,0,0.655,0.955,0.995,15,22685.251241000024,0,1
0.525,0.295,0.425,0.325,0.205,0.205,0.075,0.025,0.055,0.045,1,0.385,0.155,0.035,15,109099.03199899996,0,0
0.445,0.545,0.675,0.595,0.715,0.975,0.945,0.985,0.985,0.995,1,0.515,0.945,0.995,15,29772.272392000028,0,1
0.545,0.455,0.585,0.755,0.825,0.935,0.945,0.995,0.995,0.995,2,0.455,0.905,0.995,15,26194.134884000003,0,1
0.515,0.825,0.835,0.865,0.925,0.945,0.955,0.985,0.995,0.995,0,0.625,0.895,0.995,15,33727.513553000004,0,1
0.545,0.405,0.275,0.365,0.265,0.285,0.125,0.035,0.005,0.005,1,0.545,0.255,0.005,15,27190.719115999993,0,0
0.575,0.585,0.555,0.625,0.645,0.845,0.835,0.935,0.955,0.41,1,0.575,0.655,0.855,15,57716.280061000034,0,1
0.525,0.505,0.795,0.745,0.665,0.745,0.865,0.795,0.855,0.855,2,0.485,0.755,0.835,15,25632.98693700001,0,1
0.455,0.555,0.485,0.555,0.445,0.315,0.165,0.095,0.055,0.005,4,0.605,0.315,0.005,15,27313.396644000015,0,0
0.535,0.665,0.465,0.435,0.445,0.675,0.595,0.455,0.585,0.895,4,0.565,0.555,0.595,15,54019.54609299995,0,1
0.475,0.495,0.385,0.425,0.235,0.545,0.615,0.105,0.095,0.145,2,0.495,0.355,0.055,15,32926.50816000001,0,0
0.475,0.555,0.485,0.795,0.775,0.785,0.865,0.975,0.985,0.975,3,0.495,0.815,0.985,15,21995.28342700001,0,1
0.545,0.67,0.815,0.535,0.625,0.775,0.655,0.875,0.685,0.555,0,0.705,0.695,0.805,15,43928.08179799998,0,0
0.505,0.215,0.295,0.245,0.305,0.495,0.605,0.655,0.555,0.025,3,0.295,0.465,0.085,15,25226.775663000008,0,0
0.455,0.675,0.595,0.525,0.585,0.625,0.615,0.215,0.075,0.025,2,0.565,0.605,0.035,15,33588.83457900002,0,0
0.495,0.525,0.385,0.665,0.615,0.665,0.625,0.525,0.445,0.495,6,0.495,0.545,0.805,15,39552.07038500004,0,0
0.465,0.205,0.305,0.415,0.265,0.215,0.245,0.145,0.165,0.025,0,0.445,0.195,0.075,15,44802.95047000001,0,0
0.475,0.645,0.705,0.795,0.665,0.445,0.675,0.795,0.855,0.925,3,0.425,0.455,0.785,15,44776.05794899996,0,1
0.545,0.545,0.495,0.275,0.585,0.615,0.775,0.755,0.695,0.375,3,0.525,0.595,0.555,15,47956.63910699989,0,1
0.595,0.155,0.255,0.155,0.225,0.535,0.585,0.295,0.075,0.405,3,0.555,0.265,0.075,15,102284.83453400011,0,0
0.525,0.555,0.395,0.225,0.195,0.095,0.065,0.005,0.005,0.005,3,0.455,0.185,0.005,15,56110.44848800004,0,0
0.645,0.795,0.655,0.465,0.435,0.235,0.175,0.485,0.405,0.805,2,0.655,0.275,0.645,15,57332.95385700004,0,1
0.495,0.135,0.165,0.065,0.045,0.025,0.005,0.015,0.005,0.005,0,0.425,0.025,0.005,15,31588.50274199999,0,0
0.495,0.315,0.245,0.185,0.135,0.065,0.035,0.015,0.005,0.0005,0,0.405,0.115,0.0015,15,27718.643465999994,0,0
0.465,0.635,0.635,0.695,0.555,0.305,0.235,0.265,0.095,0.015,2,0.515,0.565,0.025,15,31207.187389999963,0,0
0.465,0.725,0.765,0.895,0.905,0.915,0.865,0.975,0.985,0.995,1,0.625,0.925,0.995,15,28500.421517999937,0,1
0.465,0.355,0.325,0.355,0.265,0.505,0.465,0.425,0.435,0.315,2,0.345,0.385,0.325,15,36796.87209999996,0,0
0.445,0.395,0.455,0.435,0.495,0.515,0.635,0.635,0.695,0.965,1,0.395,0.485,0.975,15,41576.199495999914,0,1
0.485,0.575,0.475,0.335,0.265,0.495,0.635,0.605,0.765,0.625,3,0.555,0.275,0.625,15,35119.92098200002,0,0
0.555,0.655,0.665,0.735,0.835,0.955,0.965,0.995,0.995,0.995,0,0.565,0.955,0.995,15,19768.198788999976,0,1
0.515,0.265,0.215,0.145,0.115,0.055,0.055,0.025,0.005,0.005,1,0.395,0.105,0.005,15,35459.116115000026,0,0
0.495,0.235,0.245,0.595,0.295,0.225,0.265,0.085,0.055,0.045,2,0.265,0.285,0.055,15,39577.77534200001,0,0
0.425,0.235,0.335,0.165,0.175,0.155,0.045,0.005,0.005,0.005,0,0.225,0.125,0.005,15,19412.65789100001,0,0
0.545,0.785,0.825,0.985,0.995,0.995,0.995,0.995,0.995,0.995,0,0.785,0.995,0.995,15,26714.513234,0,1
0.535,0.635,0.665,0.695,0.675,0.455,0.285,0.185,0.075,0.025,1,0.685,0.685,0.035,15,21752.84800899999,0,0
0.455,0.345,0.355,0.265,0.225,0.175,0.125,0.025,0.045,0.005,0,0.425,0.205,0.015,15,24950.866875000007,0,0
0.495,0.445,0.365,0.555,0.575,0.615,0.675,0.715,0.805,0.965,1,0.495,0.745,0.875,15,36792.87810000002,0,1
0.475,0.525,0.375,0.305,0.365,0.235,0.145,0.055,0.035,0.005,2,0.485,0.305,0.005,15,19005.889027999994,0,0
0.595,0.745,0.885,0.895,0.825,0.785,0.845,0.875,0.975,0.995,0,0.825,0.835,0.985,15,25973.324269000008,0,1
0.465,0.695,0.755,0.675,0.655,0.465,0.335,0.085,0.165,0.035,2,0.605,0.615,0.155,15,34940.45005100002,0,0
0.48,0.455,0.385,0.525,0.725,0.965,0.955,0.985,0.995,0.995,1,0.415,0.935,0.995,15,38268.54773899997,0,1
0.515,0.435,0.615,0.615,0.695,0.725,0.745,0.905,0.895,0.855,2,0.435,0.595,0.925,15,24885.286300000003,0,1
0.505,0.52,0.645,0.685,0.655,0.505,0.345,0.115,0.055,0.025,5,0.465,0.445,0.095,15,30772.012034000018,0,0
0.595,0.345,0.295,0.325,0.545,0.595,0.565,0.855,0.945,0.955,2,0.585,0.685,0.955,15,48168.762442999956,0,1
0.495,0.415,0.405,0.615,0.765,0.815,0.795,0.225,0.175,0.005,2,0.455,0.815,0.195,15,64750.12142000001,0,0
0.46,0.325,0.345,0.455,0.385,0.245,0.455,0.965,0.985,0.995,3,0.535,0.285,0.995,15,55186.90529800002,0,1
0.485,0.955,0.975,0.965,0.975,0.995,0.995,0.995,0.995,0.9995,1,0.665,0.995,0.995,15,42312.23027700001,0,1
0.445,0.665,0.685,0.72,0.655,0.315,0.225,0.235,0.145,0.025,2,0.455,0.795,0.035,15,37562.931899999996,0,0
0.545,0.435,0.505,0.455,0.415,0.275,0.295,0.975,0.945,0.985,4,0.435,0.225,0.96,15,41360.085508000004,0,1
0.465,0.375,0.435,0.655,0.525,0.345,0.405,0.385,0.365,0.945,3,0.445,0.535,0.325,15,33028.157852000004,0,1
0.455,0.325,0.265,0.235,0.155,0.175,0.285,0.145,0.055,0.025,0,0.495,0.115,0.025,15,33938.293792000004,0,0
0.485,0.805,0.865,0.945,0.955,0.965,0.965,0.985,0.995,0.9995,1,0.755,0.945,0.9985,15,26982.344755,0,1
0.505,0.655,0.615,0.395,0.325,0.265,0.235,0.155,0.055,0.025,1,0.585,0.275,0.045,15,56511.89236799994,0,0
0.465,0.445,0.435,0.505,0.615,0.505,0.265,0.105,0.075,0.025,4,0.565,0.525,0.085,15,45466.26665799997,0,0
0.395,0.385,0.495,0.415,0.375,0.145,0.045,0.015,0.005,0.005,0,0.425,0.145,0.005,15,27769.318143999993,0,0
0.505,0.725,0.675,0.845,0.795,0.695,0.585,0.675,0.855,0.855,0,0.795,0.585,0.895,15,35613.41567600001,0,1
0.465,0.625,0.625,0.455,0.675,0.595,0.365,0.495,0.465,0.755,5,0.625,0.605,0.785,15,33307.48507299997,0,1
0.345,0.365,0.345,0.525,0.475,0.285,0.335,0.305,0.375,0.005,4,0.295,0.555,0.055,15,47542.67366599999,0,0
0.415,0.495,0.535,0.255,0.385,0.385,0.285,0.795,0.965,0.955,5,0.615,0.315,0.975,15,63737.484725999995,0,1
0.425,0.545,0.595,0.665,0.665,0.855,0.915,0.955,0.975,0.995,1,0.325,0.935,0.995,15,52225.689368999956,0,1
0.425,0.435,0.575,0.635,0.685,0.885,0.935,0.945,0.955,0.995,1,0.435,0.845,0.955,15,41518.0929999999,0,1
0.425,0.765,0.675,0.545,0.775,0.905,0.845,0.945,0.925,0.995,1,0.755,0.895,0.935,15,43450.524524000066,0,1
0.505,0.465,0.415,0.505,0.365,0.375,0.375,0.665,0.745,0.105,5,0.505,0.425,0.695,15,36624.155753999956,0,1
0.535,0.765,0.765,0.395,0.365,0.135,0.065,0.235,0.43,0.895,2,0.645,0.185,0.255,15,46271.21668800004,0,1
0.555,0.635,0.665,0.605,0.685,0.865,0.875,0.975,0.995,0.995,0,0.635,0.775,0.995,15,28832.074137999993,0,1
0.505,0.495,0.485,0.545,0.665,0.655,0.445,0.115,0.055,0.005,3,0.525,0.625,0.025,15,34583.80689199995,0,0
0.515,0.695,0.665,0.665,0.535,0.465,0.365,0.745,0.945,0.985,2,0.695,0.325,0.945,15,42272.24082400005,0,1
0.495,0.525,0.405,0.465,0.425,0.325,0.295,0.255,0.535,0.085,4,0.445,0.305,0.395,15,38367.330358000014,0,0
0.585,0.705,0.765,0.635,0.685,0.565,0.365,0.825,0.755,0.145,3,0.615,0.715,0.475,15,49727.17115800001,0,0
0.595,0.505,0.515,0.505,0.455,0.335,0.395,0.895,0.765,0.705,2,0.585,0.275,0.725,15,65063.905108000006,0,1
0.535,0.065,0.065,0.055,0.025,0.015,0.005,0.005,0.005,0.0005,1,0.395,0.015,0.005,15,60231.84665100007,0,0
0.635,0.195,0.215,0.385,0.385,0.715,0.825,0.815,0.865,0.515,4,0.335,0.805,0.435,15,65192.63522599992,0,1
0.545,0.225,0.205,0.205,0.155,0.115,0.165,0.095,0.075,0.005,1,0.415,0.155,0.095,15,28515.488111000013,0,0
0.535,0.735,0.625,0.615,0.665,0.285,0.335,0.445,0.415,0.295,3,0.535,0.675,0.525,15,34877.796680999985,0,0
0.545,0.685,0.705,0.675,0.675,0.665,0.525,0.315,0.235,0.635,2,0.675,0.675,0.415,15,31543.26014999996,0,0
0.575,0.365,0.395,0.395,0.535,0.625,0.695,0.695,0.355,0.575,4,0.515,0.665,0.355,15,36434.84150999998,0,0
0.505,0.465,0.275,0.245,0.155,0.135,0.095,0.085,0.065,0.025,3,0.465,0.265,0.065,15,26224.71761299998,0,0
0.525,0.515,0.735,0.535,0.345,0.285,0.295,0.185,0.355,0.125,1,0.515,0.345,0.105,15,49481.25925300004,0,0
0.595,0.525,0.525,0.64,0.685,0.755,0.695,0.705,0.605,0.845,0,0.525,0.785,0.675,15,27197.305637999983,0,1
0.525,0.795,0.895,0.805,0.595,0.485,0.165,0.035,0.025,0.005,1,0.745,0.585,0.005,15,32668.905577999965,0,0
0.505,0.495,0.435,0.675,0.565,0.575,0.545,0.585,0.775,0.835,2,0.465,0.615,0.645,15,39247.45547699996,0,1
0.485,0.605,0.585,0.645,0.775,0.925,0.945,0.965,0.985,0.995,1,0.625,0.885,0.995,15,22251.392134,0,1
0.565,0.585,0.745,0.835,0.875,0.905,0.915,0.945,0.985,0.995,0,0.585,0.885,0.985,15,33763.805930000046,0,1
0.59,0.825,0.645,0.295,0.195,0.155,0.215,0.055,0.025,0.005,1,0.785,0.235,0.005,15,46277.287728999974,0,0
0.515,0.395,0.265,0.115,0.075,0.035,0.025,0.005,0.005,0.005,1,0.405,0.055,0.005,15,29465.891155000012,0,0
0.575,0.685,0.775,0.725,0.725,0.685,0.665,0.845,0.685,0.25,1,0.675,0.815,0.395,15,45806.63342099995,0,0
0.495,0.565,0.675,0.525,0.625,0.595,0.665,0.675,0.395,0.005,2,0.505,0.725,0.145,15,47043.11775799997,0,0
0.455,0.445,0.655,0.725,0.665,0.745,0.745,0.775,0.725,0.955,3,0.445,0.615,0.675,15,33680.90199600004,0,1
0.545,0.455,0.555,0.695,0.745,0.935,0.935,0.935,0.875,0.9255,2,0.385,0.865,0.797,15,52118.39792000013,0,1
0.435,0.395,0.175,0.395,0.395,0.375,0.395,0.275,0.445,0.235,0,0.395,0.325,0.185,15,53578.786415999995,0,0
0.505,0.665,0.665,0.545,0.355,0.525,0.495,0.565,0.645,0.885,4,0.575,0.605,0.735,15,39085.48153399998,0,1
0.54,0.525,0.585,0.295,0.385,0.695,0.635,0.885,0.915,0.935,4,0.405,0.455,0.865,15,58653.8178149999,0,1
0.375,0.085,0.135,0.095,0.115,0.165,0.255,0.455,0.315,0.005,0,0.045,0.125,0.095,15,78686.13150699968,0,0
0.505,0.375,0.395,0.255,0.165,0.025,0.075,0.015,0.015,0.005,1,0.315,0.095,0.005,15,48934.93958499996,0,0
0.465,0.645,0.675,0.725,0.745,0.855,0.845,0.945,0.885,0.255,2,0.455,0.825,0.905,15,45532.074128000175,0,0
0.495,0.245,0.255,0.065,0.055,0.035,0.035,0.015,0.005,0.005,0,0.355,0.055,0.005,15,47287.23567700002,0,0
0.515,0.705,0.695,0.765,0.845,0.915,0.945,0.975,0.915,0.995,0,0.515,0.895,0.965,15,35139.899462,0,1
0.465,0.615,0.595,0.375,0.255,0.565,0.545,0.305,0.485,0.065,4,0.565,0.285,0.365,15,44330.68178500001,0,0
0.565,0.715,0.715,0.795,0.845,0.355,0.105,0.075,0.165,0.955,2,0.675,0.725,0.715,15,75691.65815299982,0,1
0.565,0.565,0.555,0.415,0.335,0.295,0.445,0.515,0.635,0.055,3,0.545,0.325,0.325,15,76905.34514199979,0,0
0.365,0.245,0.295,0.135,0.105,0.045,0.035,0.015,0.005,0.005,0,0.305,0.055,0.005,15,63860.04694499998,0,0
0.625,0.705,0.67,0.635,0.525,0.565,0.695,0.755,0.765,0.955,2,0.705,0.605,0.775,15,58748.029001999916,0,1
0.48,0.645,0.585,0.395,0.425,0.085,0.075,0.005,0.005,0.005,2,0.595,0.185,0.005,15,41594.70269600002,0,0
0.505,0.355,0.225,0.245,0.135,0.185,0.125,0.665,0.535,0.04,3,0.355,0.185,0.395,15,66550.31342800012,0,0
0.505,0.585,0.715,0.805,0.815,0.955,0.965,0.7965,0.846,0.9985,0,0.615,0.895,0.9965,15,42142.75678899996,0,1
0.495,0.495,0.405,0.605,0.665,0.635,0.705,0.615,0.595,0.255,2,0.425,0.585,0.595,15,45896.51258799998,0,0
0.455,0.455,0.495,0.505,0.315,0.095,0.145,0.065,0.005,0.005,2,0.455,0.105,0.005,15,40625.855288999985,0,0
0.535,0.245,0.285,0.085,0.185,0.075,0.125,0.145,0.47,0.755,2,0.255,0.155,0.915,15,46711.41595099999,0,1
0.585,0.615,0.615,0.655,0.335,0.235,0.385,0.325,0.385,0.32,1,0.545,0.385,0.415,15,47901.66044999992,0,0
0.475,0.235,0.315,0.235,0.225,0.525,0.575,0.745,0.855,0.955,1,0.285,0.265,0.925,15,32887.488665,0,1
0.505,0.365,0.315,0.475,0.615,0.795,0.745,0.865,0.755,0.25,3,0.365,0.765,0.675,15,49251.69536999997,0,0
0.565,0.645,0.545,0.695,0.695,0.935,0.925,0.965,0.995,0.995,0,0.585,0.885,0.995,15,30827.670918999982,0,1
0.525,0.445,0.505,0.665,0.635,0.235,0.265,0.355,0.195,0.015,3,0.435,0.355,0.175,15,41179.771692000024,0,0
0.515,0.595,0.615,0.515,0.445,0.65,0.555,0.535,0.655,0.055,3,0.575,0.425,0.525,15,47817.644551000005,0,0
0.575,0.855,0.895,0.915,0.945,0.905,0.945,0.995,0.995,0.995,0,0.855,0.815,0.995,15,37268.87635199996,0,1
0.525,0.465,0.445,0.255,0.205,0.295,0.235,0.455,0.44,0.155,1,0.645,0.105,0.345,15,35153.06994600003,0,0
0.53,0.235,0.135,0.195,0.175,0.055,0.055,0.07,0.105,0.065,1,0.395,0.165,0.105,15,37098.322692000016,0,0
0.555,0.375,0.325,0.335,0.235,0.175,0.185,0.2,0.155,0.155,1,0.365,0.205,0.155,15,68237.19167900001,0,1
0.525,0.645,0.545,0.855,0.925,0.955,0.925,0.635,0.225,0.005,1,0.575,0.955,0.005,15,34815.929594999965,0,0
0.595,0.535,0.475,0.405,0.325,0.525,0.215,0.06,0.49,0.105,3,0.645,0.585,0.49,15,50273.222150999885,0,0
0.535,0.235,0.255,0.225,0.435,0.415,0.455,0.105,0.055,0.035,1,0.345,0.335,0.065,15,30737.884887000007,0,0
0.505,0.465,0.465,0.535,0.215,0.155,0.055,0.005,0.005,0.005,3,0.425,0.145,0.005,15,30731.396083999993,0,0
0.53,0.635,0.635,0.705,0.745,0.595,0.655,0.935,0.985,0.994,0,0.575,0.585,0.9985,15,59807.35883000003,0,1
0.425,0.335,0.485,0.715,0.805,0.945,0.955,0.975,0.9445,0.6255,1,0.385,0.925,0.7455,15,60562.04308400001,0,0
0.555,0.615,0.595,0.495,0.345,0.285,0.285,0.565,0.335,0.165,3,0.655,0.305,0.205,15,37358.41213599999,0,0
0.505,0.255,0.29,0.365,0.28,0.325,0.315,0.645,0.725,0.945,2,0.445,0.355,0.525,15,54869.810568,0,1
0.535,0.445,0.495,0.375,0.445,0.435,0.515,0.585,0.425,0.895,6,0.525,0.445,0.505,15,39816.98630899993,0,1
0.495,0.755,0.835,0.805,0.885,0.905,0.925,0.975,0.965,0.955,1,0.665,0.875,0.975,15,46580.69014899992,0,1
0.445,0.555,0.405,0.535,0.465,0.575,0.475,0.585,0.435,0.095,8,0.505,0.565,0.135,15,43760.39455800001,0,0
0.565,0.605,0.55,0.925,0.945,0.965,0.985,0.995,0.9975,0.9995,0,0.505,0.955,0.9975,15,50661.86318299992,0,1
0.515,0.655,0.715,0.755,0.755,0.685,0.895,0.975,0.965,0.975,0,0.685,0.725,0.935,15,30912.287085000004,0,1
0.495,0.665,0.755,0.735,0.735,0.825,0.845,0.875,0.875,0.675,1,0.605,0.745,0.745,15,41793.044935999984,0,0
0.505,0.565,0.565,0.7,0.875,0.895,0.915,0.985,0.985,0.995,0,0.565,0.905,0.985,15,37898.45075100001,0,1
0.505,0.485,0.545,0.715,0.645,0.675,0.715,0.705,0.805,0.935,2,0.495,0.655,0.855,15,39641.51333099997,0,1
0.535,0.645,0.625,0.52,0.705,0.725,0.895,0.985,0.995,0.995,0,0.545,0.635,0.995,15,38645.08981599999,0,1
0.485,0.235,0.255,0.055,0.035,0.015,0.015,0.005,0.005,0.0005,0,0.315,0.055,0.005,15,47997.10561999998,0,0
0.525,0.345,0.535,0.855,0.825,0.885,0.935,0.975,0.965,0.9905,2,0.425,0.875,0.945,15,58019.19418999997,0,1
0.49,0.335,0.255,0.515,0.475,0.875,0.775,0.965,0.955,0.755,3,0.385,0.765,0.975,15,57898.20959100002,0,0
0.435,0.445,0.525,0.375,0.475,0.57,0.505,0.365,0.455,0.005,4,0.445,0.445,0.085,15,59969.49363699994,0,0
0.475,0.785,0.885,0.915,0.965,0.975,0.965,0.995,0.995,0.995,1,0.785,0.985,0.995,15,65478.44528300006,0,1
0.525,0.395,0.315,0.155,0.165,0.065,0.045,0.005,0.025,0.005,1,0.365,0.145,0.025,15,40780.284267999974,0,0
0.505,0.635,0.485,0.545,0.685,0.755,0.825,0.905,0.695,0.555,2,0.685,0.745,0.665,15,51861.515002000044,0,1
0.495,0.765,0.845,0.875,0.785,0.65,0.435,0.475,0.745,0.965,3,0.655,0.815,0.835,15,46399.28268400002,0,1
0.455,0.355,0.34,0.095,0.125,0.075,0.055,0.185,0.215,0.075,0,0.495,0.045,0.125,15,41757.50507100001,0,0
0.505,0.565,0.615,0.69,0.745,0.925,0.935,0.925,0.935,0.995,0,0.525,0.835,0.975,15,42383.268226,0,1
0.535,0.495,0.435,0.385,0.285,0.465,0.475,0.545,0.395,0.875,6,0.495,0.395,0.34,15,65559.04545599993,0,0
0.505,0.55,0.675,0.705,0.615,0.335,0.42,0.485,0.345,0.055,3,0.545,0.39,0.485,15,91849.14452499975,0,0
0.465,0.145,0.215,0.29,0.185,0.085,0.005,0.005,0.005,0.0005,0,0.415,0.115,0.005,15,60725.60279299999,0,0
0.505,0.455,0.515,0.45,0.405,0.405,0.425,0.115,0.095,0.015,3,0.465,0.49,0.035,15,32623.437441,0,0
0.555,0.395,0.455,0.305,0.235,0.085,0.065,0.035,0.025,0.005,3,0.365,0.135,0.035,15,48734.62808500006,0,0
0.585,0.635,0.565,0.735,0.735,0.575,0.585,0.005,0.005,0.0025,1,0.665,0.705,0.0025,15,55795.35364600007,0,0
0.455,0.535,0.525,0.615,0.595,0.505,0.575,0.875,0.755,0.505,1,0.605,0.605,0.555,15,46144.731135999995,0,1
0.575,0.585,0.665,0.635,0.485,0.345,0.275,0.305,0.465,0.125,1,0.545,0.405,0.225,15,54045.65339700004,0,0
0.545,0.645,0.715,0.775,0.735,0.865,0.915,0.975,0.995,0.9995,0,0.685,0.845,0.995,15,27023.313591000016,0,1
0.465,0.545,0.405,0.455,0.705,0.845,0.715,0.415,0.125,0.215,6,0.405,0.755,0.475,15,55958.06777299986,0,0
0.565,0.415,0.355,0.355,0.645,0.895,0.915,0.655,0.845,0.885,2,0.575,0.795,0.805,15,46239.47858499996,0,1
0.565,0.585,0.605,0.675,0.615,0.585,0.725,0.685,0.545,0.055,3,0.48,0.605,0.245,15,47688.031344,0,0
0.485,0.585,0.565,0.615,0.715,0.275,0.285,0.285,0.075,0.025,2,0.385,0.305,0.065,15,24742.612809000057,0,0
0.435,0.585,0.745,0.805,0.855,0.785,0.505,0.06,0.025,0.005,2,0.585,0.925,0.015,15,44869.01799500005,0,0
0.505,0.585,0.545,0.645,0.625,0.355,0.415,0.215,0.335,0.705,2,0.665,0.52,0.515,15,35351.89087000001,0,1
0.385,0.21,0.26,0.375,0.395,0.185,0.115,0.025,0.025,0.005,0,0.455,0.355,0.015,15,64715.42406900006,0,0
0.505,0.525,0.705,0.575,0.575,0.215,0.335,0.11,0.055,0.005,3,0.525,0.265,0.035,15,38411.34921600002,0,0
0.455,0.355,0.265,0.165,0.145,0.055,0.065,0.07,0.005,0.005,0,0.455,0.085,0.005,15,59420.038147999956,0,0
0.465,0.455,0.655,0.685,0.685,0.765,0.665,0.795,0.895,0.995,1,0.455,0.86,0.965,15,41591.456936000024,0,1
0.465,0.125,0.165,0.145,0.115,0.015,0.035,0.0205,0.014,0.006,0,0.385,0.045,0.0175,15,55347.155051000016,0,0
0.465,0.445,0.515,0.39,0.355,0.665,0.635,0.845,0.765,0.995,5,0.535,0.565,0.93,15,49355.63912399998,0,1
0.445,0.325,0.245,0.315,0.225,0.185,0.185,0.115,0.165,0.005,0,0.325,0.195,0.035,15,34317.965346000005,0,0
0.485,0.545,0.405,0.495,0.475,0.705,0.655,0.54,0.545,0.345,4,0.505,0.645,0.58,15,52765.89799099997,0,0
0.505,0.595,0.805,0.905,0.935,0.725,0.705,0.415,0.525,0.955,2,0.535,0.965,0.82,15,64927.31226100004,0,1
0.515,0.585,0.465,0.425,0.225,0.125,0.135,0.045,0.055,0.005,1,0.625,0.275,0.005,15,66153.283171,0,0
0.495,0.415,0.395,0.765,0.855,0.915,0.955,0.965,0.995,0.995,1,0.395,0.865,0.995,15,46164.78142600001,0,1
0.525,0.545,0.505,0.465,0.505,0.285,0.215,0.155,0.225,0.035,5,0.475,0.395,0.055,15,50002.85433600003,0,1
0.56,0.565,0.55,0.765,0.795,0.865,0.965,0.985,0.995,0.9995,2,0.425,0.845,0.995,15,34899.07015599996,0,1
0.34,0.195,0.115,0.125,0.025,0.035,0.015,0.005,0.005,0.005,0,0.265,0.035,0.005,15,23522.62682699997,0,0
0.525,0.725,0.755,0.795,0.815,0.815,0.625,0.785,0.905,0.425,1,0.635,0.845,0.175,15,72533.02968200012,0,1
0.555,0.925,0.875,0.945,0.975,0.985,0.995,0.995,0.995,0.9995,0,0.955,0.985,0.995,15,52748.80094000001,0,1
0.505,0.485,0.475,0.565,0.455,0.84,0.915,0.965,0.965,0.995,4,0.53,0.705,0.975,15,40374.94195299999,0,1
0.535,0.425,0.325,0.375,0.575,0.595,0.665,0.085,0.005,0.005,3,0.435,0.565,0.005,15,36934.109187,0,0
0.44,0.285,0.345,0.235,0.165,0.045,0.065,0.005,0.005,0.005,2,0.53,0.115,0.005,15,35493.16242499997,0,0
0.475,0.755,0.705,0.785,0.685,0.655,0.915,0.975,0.995,0.995,1,0.535,0.685,0.995,15,28650.341292999987,0,1
0.515,0.515,0.485,0.155,0.065,0.105,0.455,0.805,0.955,0.965,2,0.515,0.065,0.955,15,35070.95882300002,0,1
0.565,0.595,0.705,0.355,0.24,0.375,0.385,0.335,0.305,0.555,2,0.545,0.155,0.135,15,62822.41385699999,0,0
0.545,0.455,0.485,0.635,0.655,0.225,0.135,0.045,0.035,0.005,3,0.625,0.285,0.005,15,31280.20776799996,0,0
0.435,0.305,0.375,0.375,0.425,0.525,0.605,0.635,0.355,0.425,2,0.305,0.545,0.355,15,56562.372773999945,0,1
0.505,0.805,0.875,0.855,0.815,0.935,0.965,0.965,0.985,0.995,0,0.745,0.935,0.995,15,29308.730382999984,0,1
0.465,0.435,0.385,0.375,0.165,0.305,0.255,0.3,0.035,0.04,2,0.405,0.505,0.025,15,36636.162787,0,0
0.495,0.255,0.345,0.525,0.495,0.635,0.535,0.665,0.835,0.995,3,0.395,0.505,0.835,15,66267.28759199998,0,1
0.495,0.495,0.585,0.545,0.255,0.295,0.255,0.305,0.365,0.025,4,0.495,0.245,0.135,15,35734.539721000016,0,0
0.465,0.465,0.355,0.275,0.315,0.225,0.225,0.085,0.075,0.005,0,0.465,0.205,0.005,15,34065.81885000001,0,0
0.545,0.715,0.845,0.835,0.865,0.975,0.985,0.9985,0.9945,0.9995,0,0.79,0.885,0.9945,15,42446.441307,0,1
0.505,0.495,0.435,0.675,0.715,0.675,0.605,0.265,0.275,0.625,4,0.575,0.845,0.125,15,47989.66771200004,0,0
0.485,0.215,0.115,0.075,0.035,0.017,0.0205,0.015,0.0155,0.0065,0,0.315,0.025,0.005,15,43457.939194000006,0,0
0.475,0.205,0.315,0.375,0.275,0.235,0.265,0.225,0.275,0.065,0,0.315,0.195,0.115,15,34626.15523300002,0,0
0.445,0.255,0.235,0.125,0.155,0.065,0.295,0.185,0.085,0.125,2,0.345,0.075,0.505,15,48485.36843300006,0,0
0.445,0.355,0.505,0.795,0.855,0.945,0.935,0.965,0.975,0.995,1,0.385,0.915,0.995,15,31861.179692999973,0,1
0.455,0.585,0.735,0.875,0.865,0.935,0.945,0.9505,0.9395,0.995,1,0.635,0.84,0.9695,15,36551.81612499997,0,1
0.475,0.545,0.575,0.695,0.745,0.875,0.825,0.785,0.835,0.945,1,0.615,0.725,0.925,15,32164.649267000004,0,1
0.555,0.835,0.785,0.885,0.915,0.965,0.995,0.995,0.995,0.9995,0,0.675,0.915,0.9995,15,33783.48748100001,0,1
0.495,0.485,0.465,0.425,0.505,0.385,0.455,0.185,0.095,0.325,4,0.455,0.465,0.155,15,31712.30259200004,0,0
0.46,0.445,0.35,0.815,0.775,0.785,0.805,0.815,0.775,0.19,2,0.445,0.785,0.595,15,59174.71705499999,0,1
0.495,0.525,0.715,0.825,0.695,0.955,0.965,0.995,0.997,0.9975,1,0.495,0.845,0.9985,15,31787.943230999997,0,1
0.505,0.375,0.335,0.505,0.425,0.435,0.445,0.375,0.265,0.005,3,0.505,0.345,0.125,15,46410.83269999992,0,0
0.635,0.695,0.925,0.935,0.935,0.805,0.885,0.945,0.995,0.995,0,0.695,0.865,0.995,15,37564.577982,0,1
0.495,0.595,0.695,0.745,0.755,0.815,0.835,0.915,0.945,0.985,1,0.495,0.765,0.905,15,33917.944556999995,0,1
0.485,0.665,0.575,0.475,0.555,0.755,0.815,0.69,0.755,0.105,4,0.665,0.695,0.165,15,45696.55977700002,0,0
0.485,0.745,0.805,0.815,0.865,0.925,0.975,0.985,0.985,0.9985,1,0.595,0.895,0.995,15,47135.87622400003,0,1
0.455,0.425,0.435,0.455,0.215,0.315,0.335,0.335,0.415,0.045,0,0.425,0.275,0.145,15,36239.91638400004,0,0
0.525,0.705,0.825,0.57,0.705,0.875,0.945,0.995,0.995,0.995,0,0.645,0.835,0.995,15,27151.26683399999,0,1
0.515,0.735,0.705,0.825,0.905,0.955,0.975,0.995,0.995,0.9995,0,0.745,0.865,0.9975,15,45840.273359,0,1
0.515,0.475,0.495,0.605,0.485,0.785,0.685,0.205,0.255,0.035,5,0.515,0.665,0.325,15,52182.87184999998,0,0
0.495,0.605,0.665,0.705,0.775,0.805,0.815,0.875,0.935,0.995,1,0.405,0.835,0.935,15,33631.60782300003,0,1
0.465,0.395,0.545,0.655,0.595,0.165,0.085,0.095,0.005,0.005,4,0.415,0.595,0.005,15,35991.306275,0,0
0.495,0.125,0.205,0.165,0.235,0.145,0.095,0.105,0.025,0.005,0,0.335,0.195,0.005,15,43249.46914199997,0,0
0.35,0.445,0.545,0.735,0.675,0.765,0.615,0.405,0.195,0.005,4,0.515,0.685,0.035,15,57919.575840999874,0,0
0.545,0.475,0.465,0.755,0.735,0.655,0.635,0.695,0.565,0.945,2,0.405,0.555,0.835,15,55288.82602499996,0,1
0.545,0.455,0.485,0.445,0.515,0.855,0.805,0.935,0.965,0.995,2,0.545,0.715,0.995,15,37992.770669999925,0,1
0.505,0.515,0.655,0.655,0.835,0.725,0.795,0.955,0.955,0.9995,0,0.615,0.805,0.985,15,48058.17801900003,0,1
0.505,0.615,0.675,0.555,0.285,0.545,0.575,0.235,0.085,0.025,3,0.555,0.305,0.055,15,60854.37509799998,0,0
0.515,0.395,0.435,0.645,0.655,0.835,0.795,0.465,0.595,0.755,4,0.455,0.665,0.855,15,82885.16780900005,0,1
0.515,0.225,0.145,0.115,0.135,0.075,0.035,0.035,0.035,0.0095,1,0.355,0.115,0.035,15,60830.385066,0,0
0.505,0.545,0.465,0.265,0.095,0.305,0.445,0.035,0.005,0.0005,1,0.545,0.225,0.003,15,53265.649405,0,0
0.415,0.365,0.585,0.565,0.505,0.675,0.795,0.875,0.915,0.995,3,0.405,0.475,0.955,15,44686.41581400003,0,1
0.505,0.525,0.585,0.665,0.715,0.775,0.755,0.855,0.945,0.985,2,0.655,0.635,0.975,15,35470.56998799999,0,1
0.525,0.465,0.635,0.635,0.605,0.765,0.845,0.895,0.955,0.995,2,0.315,0.575,0.975,15,43789.013907999986,0,1
0.6,0.635,0.685,0.825,0.795,0.935,0.915,0.945,0.965,0.995,0,0.675,0.845,0.995,15,40369.95324900001,0,1
0.495,0.505,0.505,0.385,0.345,0.375,0.525,0.265,0.135,0.025,4,0.485,0.305,0.115,15,41461.74229900001,0,0
0.525,0.545,0.795,0.905,0.965,0.975,0.9775,0.997,0.9985,0.9995,0,0.585,0.9665,0.9995,15,48798.614967,0,1
0.505,0.705,0.845,0.905,0.955,0.985,0.385,0.7885,0.5895,0.0205,3,0.62,0.965,0.4505,15,80390.89677699996,0,0
0.635,0.525,0.345,0.425,0.555,0.445,0.545,0.635,0.585,0.905,6,0.735,0.595,0.615,15,43498.01127900009,0,1
0.435,0.205,0.215,0.155,0.175,0.075,0.025,0.005,0.0015,0.0005,0,0.325,0.055,0.0015,15,55358.68677400002,0,0
0.485,0.565,0.495,0.335,0.385,0.185,0.125,0.065,0.025,0.005,2,0.515,0.335,0.005,15,46328.72908700006,0,0
0.455,0.415,0.545,0.425,0.575,0.535,0.315,0.3,0.155,0.025,4,0.465,0.515,0.105,15,36770.66176899999,0,0
0.445,0.565,0.655,0.765,0.835,0.725,0.675,0.295,0.525,0.495,6,0.565,0.885,0.505,15,68843.45010000002,0,0
0.415,0.465,0.485,0.395,0.525,0.485,0.375,0.295,0.075,0.005,2,0.465,0.395,0.075,15,44222.426658000004,0,0
0.42,0.655,0.515,0.555,0.395,0.225,0.675,0.725,0.805,0.935,3,0.655,0.355,0.945,15,43579.02735800002,0,1
0.445,0.475,0.325,0.385,0.395,0.525,0.585,0.415,0.69,0.9,5,0.505,0.595,0.915,15,49622.30900500004,0,1
0.485,0.405,0.195,0.075,0.075,0.025,0.005,0.006,0.0055,0.0145,0,0.405,0.025,0.0075,15,51278.68937799999,0,0
0.535,0.785,0.785,0.855,0.945,0.965,0.939,0.995,0.9965,0.9995,0,0.735,0.965,0.9975,15,36948.74951900001,0,1
0.515,0.595,0.345,0.615,0.615,0.785,0.875,0.975,0.995,0.9995,6,0.305,0.455,0.995,15,32208.37623800004,0,1
0.505,0.715,0.775,0.805,0.645,0.755,0.785,0.855,0.895,0.945,0,0.515,0.785,0.895,15,27574.257474999995,0,1
0.405,0.405,0.325,0.595,0.72,0.575,0.695,0.725,0.865,0.895,1,0.405,0.695,0.905,15,33492.919477,0,0
0.535,0.335,0.475,0.475,0.425,0.615,0.755,0.685,0.955,0.995,2,0.545,0.335,0.965,15,25374.792025,0,1
0.465,0.705,0.805,0.605,0.665,0.565,0.215,0.485,0.745,0.595,5,0.585,0.685,0.655,15,57756.87531800011,0,1
0.495,0.345,0.295,0.355,0.315,0.235,0.395,0.315,0.325,0.855,3,0.535,0.285,0.745,15,40687.43624399995,0,1
0.415,0.545,0.535,0.515,0.425,0.475,0.475,0.715,0.775,0.995,5,0.455,0.585,0.865,15,39358.27012100004,0,1
0.675,0.725,0.675,0.605,0.395,0.695,0.755,0.915,0.965,0.995,2,0.675,0.565,0.975,15,48377.71316200002,0,1
0.525,0.515,0.385,0.415,0.595,0.765,0.605,0.605,0.485,0.425,3,0.595,0.655,0.435,15,56156.89118200005,0,1
0.555,0.465,0.385,0.505,0.675,0.635,0.675,0.405,0.375,0.845,4,0.555,0.565,0.375,15,47058.94878499988,0,1
0.475,0.455,0.575,0.555,0.765,0.865,0.765,0.885,0.935,0.82,3,0.545,0.825,0.855,15,35814.13052100001,0,1
0.475,0.395,0.365,0.295,0.245,0.235,0.125,0.295,0.315,0.655,1,0.365,0.265,0.075,15,39964.24179099998,0,0
0.505,0.775,0.755,0.795,0.705,0.755,0.715,0.755,0.925,0.995,0,0.595,0.745,0.955,15,34987.83419800001,0,1
0.505,0.445,0.645,0.425,0.405,0.355,0.315,0.415,0.53,0.165,5,0.615,0.375,0.205,15,58573.18178299997,0,0
0.495,0.545,0.565,0.735,0.805,0.465,0.265,0.175,0.005,0.005,2,0.555,0.785,0.005,15,69638.70568899994,0,0
0.515,0.575,0.525,0.465,0.505,0.385,0.695,0.905,0.875,0.995,4,0.515,0.435,0.975,15,48265.729188999976,0,1
0.565,0.345,0.225,0.14,0.085,0.125,0.155,0.095,0.085,0.035,1,0.465,0.055,0.065,15,73755.61906999991,0,0
0.545,0.615,0.425,0.375,0.515,0.575,0.565,0.65,0.835,0.925,2,0.695,0.535,0.915,15,75082.10232800002,0,0
0.54,0.585,0.735,0.725,0.815,0.855,0.945,0.9125,0.9755,0.965,0,0.685,0.815,0.9005,15,81054.88219999996,0,1
0.495,0.455,0.615,0.915,0.925,0.965,0.985,0.995,0.9985,0.9995,1,0.4,0.895,0.9985,15,61706.17621600006,0,1
0.455,0.435,0.505,0.555,0.605,0.795,0.845,0.905,0.495,0.045,2,0.365,0.695,0.045,15,68722.58704600002,0,0
0.465,0.765,0.815,0.51,0.695,0.935,0.945,0.975,0.975,0.997,1,0.635,0.785,0.995,15,64370.40084900002,0,1
0.505,0.665,0.835,0.675,0.565,0.745,0.615,0.555,0.775,0.065,1,0.665,0.765,0.4,15,34904.09727999995,0,0
0.535,0.645,0.615,0.435,0.235,0.535,0.635,0.755,0.805,0.335,3,0.625,0.425,0.375,15,39275.36670899999,0,0
0.535,0.685,0.645,0.59,0.685,0.825,0.795,0.925,0.875,0.995,0,0.645,0.765,0.865,15,37763.032546,0,1
0.575,0.675,0.535,0.375,0.605,0.665,0.825,0.895,0.975,0.995,2,0.665,0.645,0.975,15,59665.57313700001,0,1
0.515,0.695,0.705,0.735,0.775,0.865,0.925,0.935,0.955,0.995,0,0.745,0.765,0.965,15,51329.85997600001,0,1
0.505,0.335,0.315,0.065,0.035,0.0515,0.0515,0.37,0.9225,0.9655,2,0.3,0.045,0.9205,15,76384.76424700006,0,1
0.535,0.735,0.795,0.855,0.855,0.895,0.725,0.965,0.975,0.995,0,0.635,0.835,0.995,15,40581.62447500002,0,1
0.525,0.705,0.385,0.255,0.195,0.215,0.185,0.025,0.025,0.0005,1,0.685,0.205,0.0045,15,42744.65871199997,0,0
0.435,0.545,0.545,0.175,0.095,0.035,0.0205,0.0055,0.026,0.025,2,0.585,0.045,0.035,15,63514.43204899997,0,0
0.555,0.635,0.775,0.715,0.705,0.735,0.685,0.605,0.785,0.355,1,0.525,0.525,0.755,15,42571.86390999998,0,1
0.575,0.455,0.475,0.325,0.265,0.235,0.315,0.235,0.025,0.015,1,0.565,0.385,0.005,15,38020.51226600001,0,0
0.505,0.565,0.335,0.215,0.125,0.385,0.365,0.335,0.555,0.965,2,0.565,0.325,0.815,15,34984.889053000006,0,1
0.525,0.515,0.615,0.475,0.645,0.545,0.715,0.755,0.915,0.9985,2,0.625,0.525,0.935,15,34455.49037799997,0,1
0.575,0.275,0.405,0.505,0.525,0.745,0.665,0.655,0.935,0.175,3,0.285,0.815,0.935,15,44581.262913000006,0,0
0.525,0.415,0.355,0.355,0.215,0.115,0.085,0.055,0.055,0.045,1,0.425,0.105,0.045,15,42825.09603199999,0,0
0.55,0.725,0.675,0.795,0.785,0.495,0.575,0.955,0.955,0.945,2,0.575,0.45,0.955,15,39356.66266699998,0,1
0.455,0.375,0.475,0.415,0.485,0.365,0.255,0.485,0.345,0.405,2,0.425,0.425,0.305,15,40857.846976,0,0
0.465,0.495,0.315,0.5,0.525,0.335,0.285,0.35,0.275,0.255,4,0.505,0.695,0.085,15,41436.16538299992,0,0
0.525,0.555,0.445,0.455,0.505,0.465,0.305,0.355,0.405,0.785,6,0.525,0.525,0.435,15,41703.13193499999,0,0
0.455,0.395,0.585,0.795,0.855,0.905,0.965,0.775,0.765,0.65,1,0.305,0.875,0.825,15,38548.253901000026,0,1
0.495,0.595,0.605,0.505,0.535,0.635,0.755,0.975,0.995,0.9995,1,0.545,0.715,0.9945,15,37626.56550900002,0,1
0.475,0.61,0.455,0.105,0.08,0.055,0.045,0.185,0.265,0.315,2,0.545,0.045,0.455,15,39773.647309000015,0,1
0.485,0.655,0.845,0.885,0.945,0.945,0.925,0.915,0.925,0.975,1,0.435,0.955,0.955,15,31218.704379999952,0,1
0.505,0.465,0.415,0.595,0.585,0.565,0.545,0.795,0.805,0.935,4,0.405,0.535,0.855,15,29202.565556000012,0,1
0.525,0.495,0.345,0.625,0.465,0.295,0.735,0.635,0.915,0.995,4,0.495,0.445,0.915,15,52693.03107699996,0,1
0.555,0.705,0.605,0.615,0.715,0.815,0.935,0.885,0.825,0.965,2,0.705,0.805,0.905,15,37476.04948600004,0,1
0.575,0.265,0.335,0.495,0.345,0.375,0.465,0.145,0.035,0.0015,1,0.485,0.295,0.005,15,45178.53845100001,0,0
0.415,0.375,0.175,0.075,0.035,0.055,0.025,0.0225,0.0095,0.0015,0,0.375,0.045,0.0025,15,46366.88126799994,0,0
0.485,0.355,0.555,0.575,0.695,0.715,0.695,0.945,0.965,0.9965,1,0.355,0.675,0.9795,15,40570.85925100003,0,1
0.525,0.485,0.545,0.605,0.545,0.725,0.725,0.755,0.885,0.895,2,0.505,0.555,0.765,15,20640.08254200002,0,1
0.435,0.115,0.055,0.415,0.22,0.185,0.155,0.045,0.025,0.005,0,0.23,0.205,0.025,15,33254.79453000002,0,0
0.505,0.545,0.415,0.695,0.745,0.815,0.865,0.965,0.935,0.9915,4,0.33,0.825,0.975,15,37705.422363999984,0,1
0.635,0.665,0.755,0.775,0.785,0.845,0.745,0.955,0.975,0.975,0,0.705,0.785,0.975,15,45977.695599000006,0,1
0.61,0.615,0.345,0.385,0.265,0.43,0.275,0.115,0.105,0.055,1,0.615,0.235,0.105,15,40787.49779500006,0,0
0.575,0.215,0.215,0.165,0.105,0.085,0.155,0.315,0.695,0.755,2,0.19,0.105,0.775,15,56758.588703999965,0,0
0.525,0.385,0.295,0.465,0.675,0.855,0.645,0.225,0.255,0.14,3,0.335,0.845,0.095,15,42252.265478000045,0,0
0.555,0.315,0.305,0.45,0.375,0.455,0.365,0.355,0.585,0.525,2,0.385,0.495,0.875,15,51254.06447900008,0,1
0.535,0.265,0.215,0.285,0.405,0.205,0.085,0.055,0.045,0.005,1,0.37,0.185,0.005,15,34430.87019299999,0,0
0.475,0.565,0.465,0.765,0.935,0.945,0.79,0.845,0.895,0.965,3,0.515,0.935,0.945,15,36591.70946399995,0,1
0.505,0.635,0.645,0.355,0.42,0.695,0.795,0.725,0.865,0.975,2,0.635,0.485,0.865,15,35058.88414399996,0,1
0.495,0.455,0.415,0.315,0.485,0.245,0.125,0.225,0.435,0.44,4,0.535,0.435,0.435,15,60950.41851199993,0,0
0.485,0.695,0.495,0.455,0.58,0.535,0.495,0.345,0.345,0.375,6,0.73,0.465,0.445,15,22923.589399000008,0,1
0.545,0.285,0.425,0.745,0.625,0.665,0.665,0.925,0.965,0.995,4,0.515,0.445,0.975,15,27779.92141599996,0,1
0.475,0.355,0.375,0.325,0.215,0.355,0.265,0.185,0.105,0.005,0,0.455,0.225,0.035,15,39023.56470000003,0,0
0.425,0.305,0.43,0.295,0.385,0.445,0.635,0.905,0.945,0.995,1,0.435,0.265,0.995,15,44874.31471900004,0,1
0.495,0.545,0.615,0.495,0.615,0.645,0.725,0.245,0.205,0.395,4,0.545,0.555,0.365,15,55662.007024999955,0,1
0.485,0.645,0.565,0.655,0.615,0.515,0.84,0.795,0.685,0.955,1,0.645,0.545,0.845,15,29654.180409000015,0,1
0.565,0.415,0.285,0.395,0.275,0.425,0.415,0.255,0.365,0.285,1,0.495,0.365,0.365,15,24114.261576999976,0,0
0.525,0.615,0.545,0.655,0.755,0.785,0.945,0.875,0.975,0.995,0,0.615,0.805,0.975,15,31387.627749000014,0,1
0.525,0.545,0.595,0.695,0.835,0.835,0.835,0.685,0.595,0.025,1,0.525,0.805,0.055,15,27529.977404000023,0,0
0.525,0.565,0.625,0.685,0.365,0.175,0.115,0.075,0.045,0.045,1,0.625,0.165,0.045,15,26525.764604000025,0,0
0.39,0.345,0.305,0.135,0.135,0.065,0.105,0.045,0.035,0.005,2,0.525,0.105,0.025,15,29360.28787700003,0,0
0.425,0.495,0.505,0.315,0.535,0.255,0.175,0.185,0.095,0.105,4,0.485,0.585,0.065,15,33706.275504000034,0,0
0.385,0.255,0.315,0.415,0.735,0.935,0.915,0.975,0.9905,0.9975,1,0.375,0.795,0.997,15,30223.628317999995,0,1
0.425,0.665,0.685,0.745,0.685,0.785,0.94,0.975,0.985,0.9845,1,0.545,0.805,0.985,15,35645.84048399998,0,1
0.475,0.475,0.675,0.605,0.735,0.795,0.815,0.775,0.465,0.935,3,0.405,0.875,0.875,15,32390.70175899998,0,1
0.475,0.625,0.695,0.585,0.695,0.675,0.425,0.295,0.085,0.125,2,0.475,0.705,0.045,15,22965.729423,0,0
0.565,0.645,0.505,0.295,0.575,0.575,0.755,0.775,0.855,0.905,2,0.545,0.515,0.895,15,45446.22793299993,0,1
0.505,0.325,0.435,0.425,0.49,0.315,0.305,0.145,0.095,0.015,3,0.545,0.57,0.095,15,17421.49824000001,0,0
0.485,0.255,0.175,0.115,0.07,0.055,0.025,0.055,0.04,0.016,2,0.515,0.075,0.075,15,39801.02796000001,0,0
0.505,0.435,0.335,0.445,0.265,0.435,0.415,0.405,0.525,0.595,2,0.505,0.305,0.525,15,34633.71596299998,0,0
0.38,0.515,0.645,0.775,0.825,0.785,0.785,0.645,0.785,0.865,1,0.515,0.685,0.665,15,33566.96329099997,0,1
0.525,0.465,0.575,0.725,0.575,0.735,0.845,0.875,0.925,0.975,2,0.505,0.715,0.975,15,21656.179101000038,0,1
0.505,0.515,0.315,0.595,0.665,0.725,0.775,0.625,0.695,0.895,2,0.545,0.655,0.735,15,45084.44729999997,0,1
0.485,0.455,0.475,0.355,0.575,0.865,0.815,0.535,0.57,0.065,6,0.455,0.725,0.135,15,43190.567809000044,0,0
0.565,0.795,0.635,0.445,0.605,0.3,0.245,0.255,0.505,0.175,5,0.585,0.445,0.315,15,51080.546321999944,0,0
0.475,0.405,0.375,0.605,0.655,0.665,0.415,0.425,0.49,0.395,2,0.435,0.695,0.49,15,37193.233923000036,0,0
0.43,0.375,0.225,0.595,0.415,0.535,0.635,0.945,0.925,0.685,3,0.465,0.385,0.795,15,39918.90082600002,0,1
0.505,0.755,0.705,0.785,0.885,0.885,0.915,0.945,0.955,0.995,0,0.625,0.905,0.975,15,38295.01058899998,0,1
0.57,0.645,0.725,0.835,0.585,0.775,0.795,0.945,0.945,0.945,0,0.645,0.815,0.935,15,41740.86428000002,0,1
0.595,0.825,0.805,0.865,0.875,0.935,0.955,0.965,0.945,0.995,0,0.685,0.895,0.975,15,31211.484009000047,0,1
0.425,0.465,0.345,0.275,0.165,0.085,0.035,0.0355,0.0295,0.0025,2,0.685,0.245,0.004,15,66193.96362999991,0,0
0.515,0.385,0.305,0.225,0.285,0.355,0.425,0.955,0.955,0.935,2,0.525,0.345,0.955,15,43056.997922000024,0,1
0.575,0.455,0.485,0.615,0.645,0.845,0.945,0.955,0.995,0.9975,2,0.505,0.745,0.995,15,25119.87537500001,0,1
0.515,0.545,0.405,0.205,0.145,0.045,0.045,0.045,0.035,0.005,3,0.485,0.055,0.015,15,41940.69508700001,0,0
0.585,0.545,0.415,0.87,0.825,0.575,0.655,0.42,0.415,0.655,4,0.535,0.755,0.475,15,64992.88165300004,0,1
0.525,0.285,0.235,0.095,0.115,0.075,0.215,0.005,0.015,0.005,1,0.405,0.075,0.005,15,69153.09905500003,0,0
0.705,0.765,0.785,0.845,0.845,0.885,0.905,0.975,0.975,0.995,0,0.845,0.805,0.995,15,24075.846945000005,0,1
0.595,0.425,0.355,0.505,0.465,0.205,0.225,0.125,0.085,0.005,3,0.595,0.425,0.025,15,39353.57923300003,0,0
0.515,0.735,0.775,0.265,0.345,0.485,0.495,0.49,0.135,0.125,3,0.65,0.385,0.185,15,32961.613170000026,0,0
0.505,0.555,0.495,0.575,0.215,0.365,0.465,0.225,0.265,0.285,3,0.545,0.325,0.255,15,27291.00874300005,0,0
0.535,0.26,0.375,0.525,0.475,0.595,0.815,0.935,0.925,0.975,4,0.355,0.515,0.935,15,42814.23274999992,0,1
0.585,0.595,0.775,0.835,0.855,0.925,0.905,0.385,0.075,0.005,1,0.635,0.915,0.025,15,50528.75131499994,0,0
0.525,0.155,0.185,0.315,0.415,0.325,0.215,0.115,0.215,0.175,1,0.365,0.445,0.435,15,179370.654927,0,1
0.505,0.445,0.705,0.455,0.385,0.405,0.505,0.555,0.785,0.555,4,0.445,0.345,0.705,15,70991.58913300002,0,1
0.485,0.485,0.505,0.365,0.305,0.425,0.205,0.265,0.325,0.13,4,0.545,0.375,0.355,15,29128.855117000014,0,0
0.495,0.575,0.615,0.595,0.395,0.735,0.825,0.845,0.835,0.995,3,0.625,0.525,0.955,15,29868.186978999955,0,1
0.505,0.515,0.495,0.635,0.415,0.365,0.325,0.365,0.425,0.765,10,0.445,0.595,0.425,15,54657.49593800006,0,1
0.525,0.565,0.495,0.595,0.245,0.185,0.165,0.055,0.075,0.055,3,0.545,0.185,0.085,15,32002.285782000003,0,0
0.505,0.605,0.605,0.355,0.365,0.485,0.675,0.655,0.735,0.945,4,0.435,0.375,0.835,15,37354.133790000036,0,1
0.545,0.545,0.475,0.455,0.275,0.235,0.365,0.225,0.115,0.005,3,0.495,0.255,0.055,15,36247.58583999999,0,0
0.505,0.525,0.625,0.655,0.625,0.785,0.425,0.715,0.795,0.975,2,0.545,0.715,0.805,15,47332.079385000055,0,1
0.535,0.705,0.585,0.645,0.565,0.725,0.665,0.575,0.815,0.555,4,0.745,0.685,0.455,15,53373.57998700001,0,1
0.505,0.295,0.295,0.465,0.505,0.465,0.345,0.735,0.715,0.375,5,0.295,0.395,0.505,15,55578.35970699997,0,0
0.505,0.245,0.235,0.325,0.27,0.525,0.455,0.585,0.135,0.585,6,0.485,0.615,0.135,15,54645.39362100001,0,1
0.495,0.285,0.125,0.035,0.045,0.075,0.045,0.015,0.005,0.005,0,0.325,0.045,0.005,15,49117.31960899998,0,0
0.505,0.595,0.675,0.805,0.835,0.815,0.915,0.895,0.685,0.915,0,0.535,0.855,0.685,15,45255.263815,0,1
0.525,0.615,0.465,0.595,0.595,0.795,0.835,0.965,0.985,0.995,2,0.615,0.585,0.995,15,45379.598606000014,0,1
0.495,0.185,0.595,0.505,0.505,0.29,0.375,0.505,0.56,0.275,4,0.495,0.435,0.575,15,40684.68575199997,0,1
0.465,0.385,0.365,0.41,0.665,0.715,0.745,0.815,0.855,0.965,1,0.425,0.705,0.855,15,46923.99428499995,0,1
0.585,0.605,0.385,0.395,0.495,0.275,0.305,0.925,0.925,0.985,4,0.495,0.355,0.975,15,62292.244668999985,0,1
0.355,0.195,0.125,0.105,0.085,0.175,0.355,0.275,0.815,0.435,2,0.315,0.085,0.815,15,86831.603216,0,0
0.395,0.145,0.075,0.055,0.045,0.015,0.005,0.0085,0.005,0.0005,0,0.285,0.025,0.0005,15,65874.11699300003,0,0
0.405,0.295,0.545,0.595,0.475,0.145,0.115,0.055,0.025,0.005,4,0.255,0.385,0.005,15,35569.766015,0,0
0.46,0.675,0.665,0.665,0.665,0.665,0.995,0.995,0.995,0.995,1,0.565,0.665,0.995,15,27836.081812000008,0,1
0.505,0.675,0.745,0.625,0.825,0.765,0.755,0.185,0.215,0.205,1,0.615,0.795,0.245,15,103724.911658,0,0
0.505,0.475,0.415,0.395,0.585,0.385,0.47,0.205,0.205,0.455,5,0.465,0.455,0.515,15,45757.11094599995,0,1
0.525,0.595,0.615,0.435,0.535,0.145,0.135,0.065,0.035,0.03,3,0.645,0.295,0.035,15,47646.560521,0,0
0.55,0.515,0.355,0.195,0.205,0.085,0.075,0.085,0.055,0.005,1,0.595,0.145,0.025,15,37623.47875500004,0,0
0.505,0.785,0.915,0.825,0.925,0.985,0.985,0.9955,0.993,0.9995,0,0.705,0.985,0.9985,15,47515.08661200001,0,1
0.515,0.435,0.485,0.42,0.545,0.725,0.845,0.945,0.975,0.995,2,0.295,0.705,0.995,15,35506.851987,0,1
0.535,0.545,0.565,0.545,0.315,0.425,0.255,0.68,0.805,0.895,2,0.645,0.275,0.815,15,61772.67722099994,0,1
0.515,0.445,0.415,0.265,0.205,0.095,0.045,0.025,0.055,0.045,1,0.445,0.205,0.075,15,52556.077483999994,0,1
0.495,0.465,0.375,0.635,0.635,0.775,0.625,0.735,0.715,0.635,3,0.505,0.775,0.685,15,121090.23773499999,0,0
0.455,0.295,0.175,0.125,0.115,0.045,0.025,0.015,0.003,0.0025,0,0.415,0.035,0.003,15,66025.63456399998,0,0
0.485,0.465,0.345,0.315,0.515,0.885,0.955,0.985,0.995,0.998,3,0.52,0.695,0.9985,15,48476.721762000045,0,1
0.525,0.685,0.705,0.68,0.795,0.82,0.425,0.975,0.995,0.9995,2,0.605,0.855,0.9965,15,34748.657257000035,0,1
0.525,0.425,0.525,0.495,0.32,0.255,0.325,0.545,0.445,0.095,5,0.445,0.315,0.265,15,62072.47186999997,0,0
0.505,0.615,0.615,0.555,0.565,0.775,0.755,0.945,0.995,0.995,0,0.705,0.635,0.995,15,37034.881843999945,0,1
0.565,0.435,0.615,0.785,0.795,0.8,0.885,0.895,0.955,0.995,2,0.495,0.705,0.965,15,38453.46621100004,0,1
0.535,0.425,0.375,0.31,0.48,0.34,0.41,0.375,0.155,0.005,3,0.425,0.655,0.025,15,42575.654029000005,0,0
0.615,0.075,0.035,0.035,0.015,0.005,0.005,0.0015,0.0015,0.0005,1,0.265,0.005,0.0005,15,50497.95120199999,0,0
0.515,0.575,0.415,0.67,0.665,0.645,0.385,0.74,0.325,0.035,5,0.685,0.725,0.455,15,44259.82453599997,0,0
0.505,0.535,0.475,0.295,0.415,0.205,0.045,0.01,0.005,0.0005,3,0.485,0.185,0.0015,15,29584.698261999994,0,0
0.535,0.485,0.425,0.835,0.695,0.715,0.765,0.975,0.985,0.995,2,0.495,0.835,0.995,15,41811.897696000044,0,1
0.505,0.285,0.195,0.255,0.555,0.645,0.585,0.675,0.305,0.055,5,0.405,0.595,0.105,15,47736.64068999996,0,0
0.455,0.485,0.595,0.485,0.305,0.185,0.255,0.055,0.025,0.0045,2,0.485,0.185,0.006,15,25825.482060000006,0,0
0.495,0.595,0.795,0.735,0.805,0.855,0.845,0.955,0.985,0.995,1,0.595,0.815,0.995,15,29849.62338300001,0,1
0.485,0.485,0.545,0.615,0.655,0.615,0.815,0.955,0.865,0.995,5,0.545,0.755,0.965,15,26028.286924000004,0,1
0.495,0.375,0.375,0.355,0.295,0.275,0.245,0.125,0.135,0.015,0,0.495,0.335,0.035,15,30437.152142999996,0,0
0.495,0.445,0.295,0.315,0.375,0.695,0.585,0.54,0.785,0.995,3,0.615,0.585,0.975,15,34251.62017799999,0,1
0.585,0.405,0.395,0.385,0.505,0.405,0.435,0.455,0.195,0.015,3,0.595,0.585,0.135,15,32567.041443,0,0
0.535,0.805,0.805,0.915,0.935,0.985,0.985,0.9835,0.9895,0.9995,0,0.635,0.975,0.9905,15,42894.83511599999,0,1
0.575,0.475,0.51,0.335,0.275,0.145,0.105,0.025,0.055,0.06,3,0.545,0.205,0.055,15,39450.77445199998,0,0
0.595,0.685,0.785,0.885,0.755,0.945,0.945,0.975,0.845,0.805,0,0.635,0.955,0.845,15,63651.31975800014,0,0
0.505,0.74,0.765,0.795,0.795,0.685,0.785,0.735,0.825,0.46,1,0.505,0.815,0.805,15,49140.248174999964,0,0
0.495,0.635,0.645,0.585,0.435,0.53,0.215,0.565,0.725,0.955,5,0.495,0.365,0.955,15,46600.95991799989,0,1
0.435,0.405,0.315,0.035,0.045,0.025,0.025,0.005,0.0045,0.0005,0,0.455,0.025,0.003,15,63576.79324900004,0,0
0.445,0.265,0.345,0.555,0.625,0.685,0.68,0.725,0.865,0.925,1,0.385,0.565,0.885,15,53810.466867999916,0,1
0.495,0.645,0.725,0.795,0.785,0.685,0.655,0.915,0.905,0.995,1,0.515,0.785,0.915,15,50961.34668899997,0,1
0.42,0.405,0.575,0.715,0.785,0.665,0.675,0.85,0.865,0.125,2,0.425,0.765,0.61,15,85400.499021,0,0
0.455,0.335,0.405,0.155,0.105,0.015,0.005,0.014,0.0165,0.9385,1,0.35,0.055,0.185,15,121574.06529000003,0,1
0.465,0.405,0.385,0.215,0.205,0.065,0.145,0.435,0.605,0.665,1,0.495,0.085,0.875,15,113125.482067,0,0
0.435,0.21,0.205,0.265,0.145,0.265,0.215,0.46,0.245,0.745,1,0.385,0.275,0.385,15,124621.03058199986,0,1
0.455,0.585,0.545,0.565,0.775,0.815,0.895,0.985,0.995,0.995,1,0.785,0.705,0.995,15,88878.45724099984,0,1
0.425,0.535,0.635,0.745,0.855,0.965,0.985,0.995,0.995,0.9995,1,0.535,0.885,0.995,15,69930.00160899997,0,1
0.435,0.555,0.56,0.255,0.3,0.125,0.065,0.155,0.395,0.555,3,0.555,0.285,0.395,15,79727.12587900016,0,1
0.405,0.325,0.295,0.545,0.765,0.415,0.595,0.545,0.505,0.855,3,0.38,0.685,0.685,15,58287.867657000046,0,1
0.465,0.635,0.605,0.615,0.615,0.215,0.325,0.405,0.305,0.275,2,0.635,0.475,0.295,15,92706.76667699969,0,1
0.475,0.475,0.455,0.455,0.585,0.825,0.905,0.985,0.985,0.9995,1,0.415,0.715,0.9985,15,53108.44343900005,0,1
0.485,0.765,0.705,0.75,0.575,0.19,0.495,0.845,0.965,0.995,3,0.625,0.235,0.995,15,68512.25138100013,0,1
0.64,0.545,0.695,0.875,0.76,0.775,0.775,0.875,0.935,0.655,0,0.625,0.79,0.755,15,56802.6265710001,0,0
0.385,0.505,0.425,0.365,0.085,0.195,0.255,0.045,0.015,0.0015,2,0.405,0.095,0.015,15,77233.80293399992,0,0
0.405,0.605,0.395,0.175,0.305,0.875,0.845,0.815,0.615,0.965,3,0.705,0.575,0.785,15,68629.28085200005,0,1
0.455,0.615,0.595,0.725,0.695,0.545,0.705,0.865,0.955,0.995,1,0.505,0.645,0.985,15,34663.50017700007,0,1
0.475,0.51,0.505,0.925,0.945,0.935,0.965,0.995,0.9985,0.9995,1,0.455,0.925,0.999,15,47986.479087,0,1
0.585,0.585,0.435,0.275,0.475,0.575,0.425,0.885,0.875,0.985,4,0.615,0.485,0.985,15,35577.14030299998,0,1
0.535,0.375,0.405,0.585,0.695,0.705,0.645,0.825,0.775,0.865,2,0.395,0.545,0.765,15,40772.1062359999,0,0
0.455,0.455,0.505,0.575,0.655,0.215,0.115,0.015,0.005,0.0005,2,0.455,0.385,0.0045,15,29523.068949999993,0,0
0.545,0.555,0.805,0.925,0.925,0.955,0.885,0.9605,0.9785,0.9825,0,0.645,0.925,0.978,15,101325.47570200001,0,1
0.415,0.685,0.725,0.745,0.765,0.255,0.185,0.405,0.925,0.215,4,0.815,0.655,0.765,15,70687.47456599998,0,0
0.525,0.305,0.215,0.165,0.21,0.095,0.055,0.015,0.005,0.1545,1,0.305,0.105,0.009,15,44727.82822000005,0,0
0.505,0.295,0.275,0.445,0.17,0.035,0.025,0.005,0.0105,0.0085,1,0.415,0.185,0.0085,15,35756.61548299998,0,0
0.435,0.365,0.365,0.485,0.555,0.375,0.255,0.035,0.015,0.005,2,0.485,0.535,0.015,15,39583.67365999994,0,0
0.515,0.675,0.755,0.64,0.725,0.815,0.795,0.655,0.59,0.75,0,0.665,0.885,0.865,15,44463.77517900001,0,1
0.485,0.325,0.325,0.095,0.135,0.065,0.125,0.015,0.045,0.005,0,0.285,0.055,0.015,15,30814.663254000036,0,0
0.495,0.435,0.225,0.155,0.105,0.325,0.385,0.965,0.975,0.995,3,0.595,0.155,0.975,15,49723.722929999945,0,1
0.495,0.405,0.285,0.355,0.235,0.165,0.175,0.125,0.055,0.005,0,0.405,0.345,0.025,15,31686.85688899998,0,0
0.495,0.685,0.875,0.935,0.955,0.9595,0.9795,0.9775,0.9895,0.9985,1,0.595,0.955,0.9965,15,35322.44925799999,0,1
0.505,0.535,0.485,0.285,0.395,0.57,0.575,0.205,0.155,0.015,3,0.645,0.365,0.035,15,60155.343088,0,0
0.505,0.435,0.355,0.205,0.245,0.475,0.525,0.89,0.905,0.965,2,0.535,0.295,0.915,15,49468.26909299998,0,1
0.405,0.255,0.265,0.165,0.215,0.215,0.215,0.035,0.015,0.005,0,0.325,0.235,0.015,15,44805.41421299999,0,0
0.455,0.785,0.835,0.905,0.935,0.985,0.985,0.9695,0.9495,0.9985,1,0.795,0.965,0.9925,15,52047.09543400004,0,1
0.475,0.435,0.595,0.735,0.585,0.675,0.785,0.915,0.915,0.975,1,0.335,0.715,0.975,15,29195.557153000052,0,1
0.565,0.405,0.395,0.645,0.805,0.955,0.975,0.995,0.9985,0.9995,2,0.515,0.895,0.9985,15,32115.82933999999,0,1
0.515,0.245,0.225,0.075,0.085,0.035,0.035,0.0355,0.012,0.0025,1,0.395,0.075,0.0015,15,27878.049421999982,0,0
0.535,0.375,0.615,0.665,0.715,0.805,0.675,0.165,0.085,0.005,3,0.325,0.695,0.025,15,37154.768045000026,0,0
0.575,0.655,0.725,0.765,0.795,0.825,0.915,0.905,0.975,0.985,0,0.635,0.805,0.985,15,26761.30654100003,0,1
0.465,0.385,0.335,0.365,0.375,0.435,0.295,0.375,0.145,0.035,2,0.4,0.335,0.145,15,31503.328703000017,0,0
0.455,0.375,0.405,0.405,0.245,0.255,0.255,0.105,0.105,0.145,2,0.605,0.365,0.105,15,27214.46190500003,0,0
0.545,0.615,0.565,0.605,0.555,0.765,0.925,0.955,0.945,0.995,2,0.555,0.315,0.985,15,47697.428282000015,0,1
0.525,0.435,0.365,0.31,0.255,0.345,0.135,0.065,0.165,0.135,1,0.435,0.315,0.455,15,40806.53468100001,0,0
0.455,0.255,0.205,0.255,0.345,0.195,0.345,0.705,0.74,0.205,4,0.555,0.305,0.715,15,44227.844497999846,0,0
0.435,0.455,0.365,0.865,0.94,0.925,0.975,0.995,0.995,0.9995,1,0.475,0.945,0.9985,15,52223.94655499994,0,1
0.445,0.705,0.725,0.545,0.685,0.695,0.835,0.955,0.975,0.995,1,0.625,0.775,0.995,15,34948.37200600002,0,1
0.5,0.335,0.545,0.645,0.745,0.745,0.745,0.835,0.705,0.995,4,0.335,0.725,0.965,15,44916.680227000004,0,1
0.505,0.165,0.205,0.755,0.705,0.885,0.935,0.955,0.985,0.995,2,0.505,0.775,0.995,15,37466.09249800001,0,1
0.625,0.785,0.805,0.905,0.875,0.88,0.915,0.955,0.945,0.995,0,0.84,0.875,0.995,15,31539.620282000014,0,1
0.495,0.595,0.665,0.785,0.845,0.815,0.885,0.975,0.9975,0.999,1,0.545,0.845,0.9975,15,41356.23561400005,0,1
0.555,0.405,0.385,0.445,0.445,0.795,0.855,0.83,0.985,0.995,2,0.435,0.645,0.985,15,45729.73703299999,0,1
0.435,0.335,0.325,0.365,0.365,0.575,0.585,0.895,0.925,0.955,1,0.315,0.405,0.885,15,3556.9330340000006,1,1
0.46,0.425,0.615,0.345,0.305,0.215,0.275,0.205,0.155,0.095,4,0.505,0.285,0.145,15,5001.985602999999,1,0
0.43,0.645,0.585,0.695,0.715,0.985,0.925,0.755,0.645,0.575,1,0.525,0.785,0.765,15,10470.357765000008,1,0
0.435,0.375,0.345,0.375,0.135,0.135,0.145,0.105,0.105,0.055,0,0.495,0.235,0.075,15,7169.156631999998,1,0
0.555,0.685,0.585,0.395,0.335,0.655,0.845,0.945,0.955,0.9945,2,0.605,0.565,0.975,15,8858.844354000006,1,1
0.495,0.625,0.635,0.385,0.345,0.195,0.375,0.005,0.02,0.005,2,0.485,0.305,0.025,15,7443.578068000002,1,0
0.715,0.615,0.645,0.825,0.785,0.865,0.955,0.965,0.985,0.995,0,0.585,0.825,0.995,15,9819.496672000001,1,1
0.565,0.345,0.295,0.105,0.085,0.045,0.055,0.005,0.005,0.005,1,0.415,0.055,0.005,15,13004.257034999995,1,0
0.525,0.565,0.745,0.715,0.735,0.515,0.185,0.195,0.025,0.005,1,0.655,0.655,0.02,15,8701.863756,1,0
0.445,0.495,0.645,0.605,0.755,0.825,0.845,0.965,0.975,0.875,3,0.515,0.825,0.985,15,20817.734112,1,1
0.44,0.82,0.795,0.885,0.905,0.895,0.845,0.585,0.555,0.975,1,0.845,0.915,0.655,15,14330.674327000002,1,1
0.415,0.765,0.675,0.755,0.775,0.915,0.945,0.975,0.995,0.9995,1,0.705,0.925,0.9985,15,12535.727686,1,1
0.47,0.515,0.645,0.745,0.775,0.755,0.895,0.985,0.995,0.995,1,0.545,0.825,0.995,15,7972.443340000002,1,1
0.455,0.385,0.535,0.535,0.615,0.725,0.845,0.855,0.925,0.995,1,0.435,0.765,0.975,15,13508.075192000004,1,1
0.505,0.275,0.325,0.105,0.165,0.225,0.435,0.625,0.965,0.995,2,0.425,0.125,0.995,15,10606.340822999999,1,1
0.495,0.775,0.725,0.405,0.375,0.255,0.225,0.085,0.205,0.005,2,0.615,0.395,0.085,15,7472.681446,1,0
0.475,0.575,0.565,0.615,0.805,0.725,0.455,0.195,0.065,0.015,2,0.535,0.655,0.065,15,12583.549432000005,1,0
0.525,0.505,0.435,0.355,0.355,0.095,0.085,0.015,0.215,0.64,4,0.425,0.225,0.655,15,14970.297856000008,1,0
0.465,0.715,0.61,0.485,0.345,0.065,0.07,0.015,0.005,0.005,2,0.695,0.205,0.005,15,8087.880550999999,1,0
0.575,0.505,0.295,0.395,0.205,0.085,0.055,0.025,0.015,0.3915,3,0.465,0.215,0.015,15,7481.179866000003,1,0
0.505,0.355,0.235,0.225,0.085,0.285,0.255,0.215,0.145,0.055,1,0.375,0.235,0.085,15,6463.198013000004,1,0
0.565,0.525,0.545,0.845,0.805,0.895,0.875,0.965,0.965,0.985,2,0.475,0.785,0.985,15,7174.735078999999,1,1
0.495,0.365,0.405,0.51,0.345,0.235,0.135,0.225,0.025,0.005,2,0.475,0.165,0.005,15,7874.8777110000065,1,0
0.525,0.635,0.795,0.395,0.555,0.22,0.205,0.185,0.285,0.895,4,0.515,0.455,0.765,15,8899.280612000004,1,1
0.445,0.435,0.545,0.735,0.745,0.505,0.755,0.865,0.815,0.805,1,0.435,0.605,0.855,15,7490.630517999998,1,1
0.505,0.345,0.465,0.635,0.675,0.635,0.585,0.695,0.945,0.985,4,0.345,0.605,0.975,15,7412.8731270000035,1,1
0.505,0.475,0.655,0.815,0.865,0.885,0.945,0.975,0.995,0.995,2,0.475,0.885,0.995,15,5325.283473000001,1,1
0.545,0.655,0.765,0.645,0.695,0.635,0.605,0.615,0.215,0.085,1,0.625,0.635,0.175,15,5085.14048,1,0
0.455,0.155,0.105,0.085,0.075,0.185,0.055,0.005,0.005,0.0015,0,0.235,0.135,0.0055,15,6866.2663090000015,1,0
0.385,0.395,0.375,0.355,0.275,0.135,0.135,0.295,0.265,0.135,2,0.295,0.165,0.505,15,7545.576233000001,1,0
0.455,0.715,0.665,0.705,0.845,0.915,0.945,0.975,0.965,0.985,1,0.505,0.865,0.975,15,8082.414481000002,1,1
0.515,0.595,0.585,0.615,0.675,0.555,0.23,0.105,0.075,0.095,3,0.445,0.695,0.035,15,6621.8231220000025,1,0
0.475,0.565,0.515,0.595,0.615,0.645,0.385,0.585,0.705,0.725,5,0.395,0.355,0.615,15,3980.7784020000045,1,1
0.615,0.795,0.695,0.765,0.705,0.815,0.845,0.975,0.994,0.9985,0,0.745,0.825,0.997,15,7407.897133000002,1,1
0.575,0.505,0.155,0.325,0.335,0.575,0.745,0.825,0.635,0.065,3,0.565,0.485,0.245,15,15104.238573000011,1,0
0.475,0.385,0.285,0.195,0.205,0.265,0.335,0.045,0.145,0.005,2,0.525,0.225,0.035,15,9680.747847999995,1,0
0.495,0.335,0.595,0.565,0.605,0.615,0.625,0.915,0.925,0.995,3,0.335,0.615,0.965,15,9968.659117000001,1,1
0.57,0.825,0.775,0.945,0.955,0.965,0.955,0.935,0.835,0.69,2,0.47,0.965,0.955,15,19846.897920000003,1,1
0.575,0.3,0.215,0.195,0.185,0.055,0.035,0.005,0.005,0.005,1,0.575,0.085,0.005,15,16208.090430000006,1,0
0.445,0.505,0.325,0.055,0.025,0.025,0.035,0.005,0.005,0.0015,2,0.445,0.025,0.005,15,9912.503531000006,1,0
0.515,0.645,0.545,0.535,0.585,0.485,0.485,0.615,0.615,0.005,5,0.575,0.565,0.125,15,9212.771757,1,0
0.465,0.275,0.155,0.075,0.065,0.085,0.045,0.025,0.005,0.0045,0,0.275,0.165,0.005,15,5902.134065,1,0
0.465,0.585,0.315,0.245,0.225,0.495,0.565,0.585,0.535,0.785,5,0.535,0.405,0.625,15,5515.790667000003,1,1
0.4,0.345,0.445,0.585,0.775,0.315,0.215,0.185,0.155,0.005,2,0.385,0.435,0.085,15,6425.865965000002,1,0
0.505,0.395,0.485,0.195,0.285,0.485,0.555,0.625,0.765,0.965,2,0.375,0.355,0.915,15,4845.019841000003,1,1
0.465,0.665,0.795,0.675,0.725,0.835,0.875,0.875,0.525,0.295,2,0.565,0.715,0.275,15,6327.364359000004,1,0
0.455,0.395,0.345,0.235,0.275,0.32,0.455,0.485,0.565,0.705,3,0.485,0.165,0.525,15,6263.235992000002,1,0
0.495,0.495,0.555,0.635,0.665,0.425,0.215,0.165,0.125,0.775,3,0.415,0.485,0.395,15,5700.808035,1,1
0.475,0.435,0.505,0.535,0.555,0.715,0.585,0.875,0.915,0.995,3,0.585,0.665,0.855,15,6780.013835,1,1
0.505,0.445,0.405,0.475,0.455,0.255,0.535,0.595,0.805,0.985,2,0.495,0.305,0.965,15,10487.435149,1,1
0.565,0.655,0.765,0.785,0.695,0.945,0.935,0.975,0.985,0.995,0,0.535,0.775,0.995,15,10217.671914000013,1,1
0.545,0.535,0.525,0.405,0.415,0.345,0.595,0.205,0.075,0.005,5,0.455,0.355,0.015,15,11440.861415,1,0
0.565,0.685,0.655,0.775,0.795,0.765,0.685,0.685,0.095,0.095,1,0.615,0.855,0.025,15,19924.870713000008,1,0
0.505,0.425,0.355,0.405,0.315,0.385,0.615,0.215,0.125,0.015,3,0.435,0.295,0.005,15,8476.262488999995,1,0
0.58,0.415,0.465,0.515,0.665,0.905,0.895,0.925,0.675,0.935,4,0.465,0.895,0.415,15,12012.579664000006,1,1
0.475,0.145,0.285,0.305,0.245,0.025,0.015,0.005,0.005,0.0005,0,0.435,0.095,0.0015,15,11533.250914000004,1,0
0.515,0.125,0.085,0.055,0.035,0.025,0.025,0.015,0.015,0.0015,1,0.395,0.035,0.005,15,7955.730150000005,1,0
0.44,0.765,0.715,0.745,0.755,0.925,0.825,0.855,0.175,0.065,2,0.795,0.835,0.175,15,14279.499194999995,1,0
0.555,0.665,0.545,0.715,0.675,0.755,0.875,0.875,0.805,0.955,2,0.665,0.685,0.515,15,12808.696560000008,1,1
0.535,0.595,0.625,0.885,0.385,0.27,0.195,0.085,0.035,0.005,1,0.515,0.435,0.015,15,10307.454653999996,1,0
0.555,0.505,0.525,0.515,0.495,0.305,0.265,0.035,0.005,0.005,3,0.475,0.285,0.005,15,10072.26096,1,0
0.535,0.635,0.695,0.395,0.435,0.265,0.065,0.095,0.035,0.005,1,0.635,0.255,0.005,15,10424.291692999997,1,0
0.485,0.245,0.155,0.255,0.165,0.055,0.085,0.025,0.005,0.005,0,0.425,0.075,0.005,15,5028.889369,1,0
0.49,0.485,0.475,0.375,0.705,0.525,0.655,0.595,0.425,0.215,6,0.515,0.565,0.285,15,8865.421192000002,1,1
0.565,0.695,0.555,0.975,0.985,0.995,0.985,0.985,0.985,0.9985,0,0.515,0.995,0.995,15,12623.68570799999,1,1
0.335,0.29,0.255,0.295,0.445,0.585,0.665,0.525,0.335,0.675,3,0.31,0.555,0.545,15,31965.646957999994,1,1
0.5,0.485,0.605,0.605,0.825,0.925,0.945,0.965,0.975,0.985,2,0.725,0.87,0.975,15,9196.930385000001,1,1
0.47,0.335,0.435,0.425,0.475,0.065,0.135,0.055,0.035,0.005,0,0.495,0.095,0.035,15,12483.782555,1,0
0.625,0.565,0.725,0.785,0.905,0.945,0.985,0.995,0.995,0.995,2,0.485,0.945,0.995,15,4509.663205000001,1,1
0.59,0.415,0.475,0.535,0.845,0.945,0.955,0.945,0.895,0.635,2,0.525,0.835,0.885,15,5355.821686999999,1,1
0.435,0.265,0.235,0.155,0.105,0.015,0.015,0.005,0.005,0.005,0,0.365,0.045,0.005,15,3314.843812999998,1,0
0.425,0.335,0.425,0.245,0.235,0.235,0.365,0.165,0.345,0.045,2,0.435,0.215,0.255,15,8534.301616999997,1,0
0.405,0.24,0.285,0.465,0.395,0.915,0.815,0.945,0.995,0.995,1,0.445,0.555,0.995,15,7767.017092999999,1,1
0.425,0.625,0.735,0.835,0.865,0.905,0.855,0.955,0.945,0.935,1,0.465,0.925,0.815,15,5837.090183999998,1,1
0.495,0.645,0.735,0.775,0.765,0.885,0.965,0.985,0.985,0.995,1,0.635,0.845,0.995,15,5254.560462000002,1,1
0.42,0.525,0.565,0.525,0.525,0.395,0.245,0.015,0.025,0.005,2,0.535,0.355,0.015,15,6001.654226000001,1,0
0.495,0.375,0.585,0.575,0.535,0.395,0.655,0.825,0.665,0.995,5,0.415,0.395,0.955,15,5885.602708,1,1
0.445,0.545,0.515,0.575,0.775,0.575,0.785,0.545,0.225,0.065,4,0.545,0.795,0.06,15,4708.630625000003,1,0
0.4,0.675,0.595,0.615,0.845,0.865,0.925,0.965,0.975,0.995,1,0.535,0.895,0.985,15,5559.970557999999,1,1
0.475,0.475,0.395,0.415,0.405,0.835,0.875,0.965,0.995,0.995,1,0.365,0.605,0.995,15,5523.090792,1,1
0.505,0.555,0.675,0.655,0.725,0.595,0.695,0.725,0.655,0.495,1,0.615,0.585,0.685,15,7989.462683000006,1,1
0.58,0.145,0.125,0.185,0.165,0.175,0.295,0.385,0.105,0.005,1,0.095,0.155,0.085,15,18249.68915000001,1,0
0.48,0.605,0.705,0.645,0.63,0.765,0.935,0.965,0.965,0.995,1,0.645,0.785,0.985,15,4560.485304999999,1,1
0.465,0.405,0.435,0.485,0.605,0.515,0.485,0.355,0.465,0.395,4,0.495,0.615,0.195,15,6184.708049,1,1
0.53,0.455,0.555,0.755,0.755,0.515,0.415,0.245,0.075,0.065,3,0.425,0.565,0.145,15,6253.625577999998,1,0
0.505,0.565,0.485,0.495,0.475,0.215,0.255,0.005,0.005,0.0005,3,0.545,0.265,0.004,15,6112.449615000001,1,0
0.51,0.545,0.465,0.335,0.515,0.515,0.515,0.505,0.505,0.505,4,0.525,0.515,0.505,15,3892.248046,1,1
0.54,0.625,0.715,0.745,0.835,0.945,0.955,0.985,0.9985,0.9985,0,0.625,0.895,0.9985,15,9530.594557000004,1,1
0.485,0.545,0.295,0.105,0.095,0.045,0.07,0.005,0.005,0.005,2,0.475,0.055,0.005,15,6758.957073,1,0
0.495,0.665,0.615,0.625,0.63,0.715,0.745,0.725,0.945,0.985,1,0.505,0.765,0.975,15,7257.837862999998,1,1
0.435,0.395,0.325,0.165,0.135,0.065,0.135,0.045,0.125,0.035,0,0.365,0.125,0.155,15,4895.500016999999,1,0
0.475,0.565,0.465,0.265,0.225,0.185,0.385,0.175,0.335,0.965,3,0.435,0.235,0.755,15,4744.543574000005,1,1
0.5,0.755,0.805,0.645,0.495,0.755,0.855,0.945,0.975,0.995,2,0.585,0.635,0.995,15,5312.174384,1,1
0.61,0.625,0.825,0.735,0.765,0.925,0.915,0.935,0.935,0.285,1,0.555,0.845,0.945,15,8360.842023000001,1,1
0.495,0.505,0.415,0.465,0.255,0.165,0.255,0.055,0.035,0.005,2,0.385,0.165,0.005,15,9374.077332000004,1,0
0.555,0.535,0.495,0.895,0.845,0.925,0.955,0.915,0.965,0.985,2,0.505,0.935,0.985,15,21192.60479200001,1,1
0.565,0.175,0.255,0.465,0.605,0.535,0.615,0.145,0.485,0.035,5,0.425,0.665,0.525,15,13990.501392999999,1,0
0.63,0.515,0.675,0.405,0.195,0.175,0.115,0.045,0.005,0.005,1,0.525,0.17,0.005,15,12663.015906999988,1,0
0.435,0.385,0.345,0.235,0.215,0.045,0.015,0.015,0.015,0.005,0,0.38,0.135,0.015,15,13515.322507999987,1,0
0.535,0.375,0.345,0.295,0.175,0.015,0.015,0.0055,0.0035,0.0005,1,0.415,0.055,0.0025,15,11392.857769000004,1,0
0.59,0.435,0.475,0.545,0.585,0.845,0.855,0.645,0.665,0.305,3,0.545,0.835,0.545,15,15757.614709,1,0
0.435,0.275,0.165,0.085,0.055,0.005,0.005,0.005,0.005,0.005,0,0.285,0.025,0.005,15,10181.521915,1,0
0.42,0.435,0.625,0.515,0.595,0.855,0.9,0.945,0.985,0.995,1,0.335,0.685,0.995,15,15004.805646999992,1,1
0.535,0.685,0.695,0.965,0.905,0.945,0.955,0.985,0.995,0.995,0,0.655,0.905,0.995,15,15922.695821000012,1,1
0.56,0.365,0.355,0.255,0.345,0.505,0.525,0.325,0.535,0.855,6,0.365,0.325,0.955,15,18619.242219000007,1,1
0.455,0.385,0.265,0.205,0.135,0.235,0.155,0.035,0.025,0.005,0,0.455,0.125,0.005,15,7778.311414000002,1,0
0.495,0.575,0.545,0.645,0.775,0.855,0.975,0.995,0.995,0.995,1,0.515,0.845,0.995,15,5814.329546999999,1,1
0.595,0.585,0.685,0.645,0.655,0.695,0.685,0.845,0.945,0.9895,2,0.465,0.665,0.995,15,10766.260439000007,1,1
0.505,0.545,0.475,0.325,0.265,0.295,0.195,0.035,0.04,0.005,1,0.595,0.355,0.025,15,10816.397667000003,1,0
0.495,0.525,0.645,0.625,0.645,0.655,0.715,0.715,0.315,0.535,3,0.475,0.645,0.405,15,7139.193777000002,1,0
0.555,0.565,0.795,0.655,0.435,0.415,0.305,0.815,0.925,0.945,4,0.545,0.555,0.895,15,6371.395567999998,1,1
0.465,0.365,0.285,0.215,0.055,0.035,0.015,0.005,0.005,0.005,0,0.425,0.045,0.005,15,8811.238599,1,0
0.405,0.135,0.195,0.275,0.215,0.055,0.045,0.035,0.005,0.005,0,0.245,0.065,0.005,15,10388.349950999998,1,0
0.415,0.635,0.545,0.665,0.615,0.915,0.955,0.995,0.995,0.995,1,0.515,0.905,0.995,15,14093.872732999997,1,1
0.495,0.435,0.315,0.255,0.265,0.305,0.385,0.91,0.945,0.995,1,0.485,0.225,0.995,15,6740.184991,1,1
0.505,0.425,0.445,0.215,0.155,0.475,0.585,0.545,0.645,0.945,2,0.375,0.215,0.715,15,6335.461685000003,1,1
0.52,0.365,0.435,0.715,0.705,0.645,0.705,0.925,0.865,0.795,2,0.345,0.715,0.705,15,9756.552345999999,1,1
0.545,0.535,0.705,0.905,0.945,0.965,0.985,0.905,0.335,0.505,2,0.535,0.965,0.535,15,20351.19992099999,1,0
0.55,0.315,0.265,0.765,0.585,0.745,0.745,0.935,0.985,0.99,2,0.415,0.565,0.995,15,9543.180199000008,1,1
0.605,0.535,0.515,0.675,0.765,0.945,0.965,0.995,0.995,0.995,0,0.605,0.915,0.995,15,6114.400364999999,1,1
0.475,0.465,0.475,0.395,0.455,0.255,0.155,0.455,0.325,0.005,2,0.525,0.465,0.055,15,6269.945890999998,1,0
0.455,0.245,0.155,0.095,0.075,0.025,0.015,0.015,0.005,0.005,0,0.305,0.055,0.005,15,6724.213857,1,0
0.465,0.475,0.545,0.565,0.605,0.635,0.565,0.705,0.685,0.955,1,0.495,0.805,0.605,15,4242.512046000002,1,1
0.515,0.455,0.315,0.315,0.165,0.235,0.105,0.035,0.025,0.015,1,0.605,0.155,0.015,15,6119.8094299999975,1,0
0.545,0.535,0.635,0.635,0.785,0.755,0.855,0.775,0.895,0.045,3,0.625,0.805,0.775,15,11643.455492999996,1,0
0.485,0.555,0.455,0.345,0.335,0.615,0.635,0.575,0.055,0.005,4,0.555,0.395,0.025,15,6558.324248999998,1,0
0.525,0.335,0.295,0.405,0.345,0.125,0.055,0.095,0.225,0.725,2,0.465,0.265,0.305,15,5216.140428000001,1,1
0.565,0.785,0.905,0.895,0.885,0.915,0.955,0.935,0.945,0.995,0,0.715,0.955,0.965,15,9237.019869000002,1,1
0.565,0.585,0.615,0.635,0.785,0.755,0.695,0.805,0.875,0.955,0,0.615,0.795,0.945,15,4911.721047000002,1,1
0.44,0.445,0.425,0.645,0.465,0.365,0.185,0.19,0.045,0.005,4,0.635,0.435,0.035,15,8453.750951999993,1,0
0.495,0.295,0.195,0.295,0.255,0.125,0.055,0.015,0.005,0.005,0,0.285,0.165,0.005,15,4588.700594000003,1,0
0.495,0.535,0.535,0.235,0.295,0.165,0.125,0.095,0.145,0.305,2,0.525,0.325,0.205,15,6234.268108,1,0
0.425,0.275,0.285,0.245,0.165,0.085,0.065,0.125,0.21,0.395,0,0.285,0.115,0.21,15,6531.3880979999985,1,1
0.455,0.645,0.835,0.955,0.965,0.965,0.955,0.975,0.995,0.995,1,0.475,0.935,0.995,15,12838.341586000002,1,1
0.505,0.435,0.615,0.515,0.42,0.675,0.765,0.845,0.915,0.985,4,0.405,0.845,0.965,15,10670.385127999998,1,1
0.5,0.735,0.595,0.665,0.555,0.675,0.915,0.945,0.965,0.995,0,0.735,0.595,0.975,15,7463.774963000002,1,1
0.5,0.385,0.355,0.405,0.205,0.415,0.315,0.755,0.925,0.995,2,0.465,0.415,0.975,15,7750.752110999998,1,1
0.495,0.355,0.335,0.695,0.655,0.635,0.755,0.795,0.605,0.635,3,0.335,0.615,0.465,15,8741.225326000005,1,1
0.445,0.405,0.475,0.495,0.245,0.075,0.045,0.035,0.005,0.005,0,0.385,0.125,0.005,15,7001.8100890000005,1,0
0.475,0.455,0.465,0.575,0.575,0.655,0.735,0.955,0.995,0.995,3,0.555,0.775,0.995,15,12033.223302000002,1,1
0.395,0.255,0.175,0.205,0.175,0.075,0.055,0.005,0.0055,0.005,0,0.295,0.125,0.005,15,7919.714304000001,1,0
0.505,0.535,0.435,0.865,0.965,0.915,0.965,0.985,0.9825,0.9985,4,0.435,0.865,0.997,15,5899.0036489999975,1,1
0.535,0.645,0.675,0.585,0.715,0.595,0.735,0.885,0.855,0.945,2,0.465,0.715,0.925,15,5977.924475000001,1,1
0.475,0.495,0.465,0.355,0.465,0.495,0.205,0.075,0.065,0.065,2,0.495,0.575,0.165,15,6473.143704999999,1,0
0.525,0.695,0.335,0.605,0.595,0.365,0.745,0.925,0.935,0.995,6,0.495,0.445,0.965,15,8642.124047000001,1,1
0.525,0.405,0.225,0.265,0.385,0.285,0.245,0.165,0.315,0.455,3,0.405,0.425,0.655,15,11382.831288999994,1,1
0.555,0.655,0.385,0.355,0.285,0.095,0.065,0.025,0.025,0.005,1,0.555,0.215,0.005,15,5572.295515000001,1,0
0.475,0.685,0.775,0.625,0.245,0.225,0.195,0.035,0.015,0.005,2,0.585,0.105,0.005,15,10045.359880999998,1,0
0.525,0.515,0.395,0.355,0.405,0.785,0.795,0.955,0.965,0.995,2,0.575,0.655,0.975,15,5527.251665000002,1,1
0.5,0.385,0.335,0.515,0.825,0.625,0.405,0.195,0.055,0.035,3,0.435,0.565,0.055,15,6474.154861,1,0
0.465,0.395,0.645,0.515,0.485,0.635,0.755,0.985,0.935,0.985,5,0.645,0.475,0.925,15,10498.284997999997,1,1
0.495,0.585,0.525,0.625,0.625,0.365,0.395,0.465,0.255,0.505,5,0.525,0.655,0.505,15,7175.694118999999,1,1
0.495,0.665,0.795,0.795,0.695,0.765,0.905,0.975,0.995,0.995,1,0.595,0.625,0.995,15,6534.6713800000025,1,1
0.505,0.555,0.715,0.805,0.805,0.805,0.865,0.835,0.865,0.995,0,0.525,0.805,0.925,15,6658.498004000001,1,1
0.465,0.775,0.745,0.795,0.845,0.895,0.955,0.965,0.995,0.995,1,0.485,0.865,0.925,15,6992.920671000003,1,1
0.535,0.805,0.845,0.925,0.955,0.985,0.995,0.995,0.995,0.9975,0,0.695,0.985,0.995,15,6185.004820999999,1,1
0.585,0.365,0.405,0.415,0.275,0.325,0.085,0.025,0.055,0.005,1,0.405,0.245,0.035,15,7628.255568999999,1,0
0.445,0.325,0.435,0.285,0.175,0.145,0.165,0.055,0.015,0.005,0,0.405,0.195,0.015,15,7782.223754000002,1,0
0.465,0.555,0.375,0.495,0.585,0.6,0.665,0.785,0.725,0.975,3,0.555,0.595,0.745,15,7939.056937000001,1,1
0.445,0.465,0.635,0.625,0.725,0.965,0.785,0.885,0.925,0.995,1,0.375,0.945,0.985,15,6392.986629000002,1,1
0.485,0.625,0.485,0.445,0.545,0.545,0.435,0.705,0.795,0.995,9,0.645,0.485,0.995,15,7200.587949000006,1,1
0.525,0.895,0.805,0.765,0.805,0.755,0.735,0.695,0.605,0.645,0,0.645,0.875,0.625,15,5654.2914420000025,1,1
0.615,0.575,0.585,0.075,0.045,0.035,0.015,0.005,0.005,0.005,1,0.525,0.045,0.005,15,12196.217791000003,1,0
0.485,0.265,0.245,0.305,0.205,0.145,0.175,0.035,0.035,0.005,0,0.295,0.175,0.005,15,4189.302288000002,1,0
0.505,0.575,0.425,0.295,0.185,0.085,0.035,0.025,0.025,0.005,1,0.675,0.125,0.005,15,3569.9798160000005,1,0
0.555,0.695,0.605,0.465,0.485,0.465,0.485,0.375,0.425,0.725,4,0.555,0.535,0.405,15,7492.3079370000005,1,1
0.495,0.585,0.445,0.575,0.355,0.695,0.725,0.425,0.095,0.175,6,0.585,0.505,0.085,15,10152.778242,1,0
0.525,0.715,0.755,0.925,0.955,0.945,0.965,0.995,0.995,0.9985,0,0.555,0.965,0.9985,15,6877.737041000001,1,1
0.525,0.655,0.805,0.565,0.505,0.695,0.615,0.835,0.665,0.375,1,0.735,0.575,0.875,15,8207.616740999996,1,0
0.505,0.595,0.715,0.395,0.315,0.215,0.305,0.715,0.535,0.885,2,0.615,0.335,0.775,15,6419.651862000002,1,1
0.465,0.595,0.545,0.255,0.325,0.295,0.435,0.575,0.455,0.025,4,0.585,0.225,0.255,15,7696.971582999998,1,0
0.485,0.605,0.445,0.585,0.675,0.605,0.615,0.775,0.725,0.565,3,0.685,0.715,0.825,15,16261.006249000002,1,0
0.495,0.495,0.395,0.325,0.095,0.055,0.035,0.06,0.02,0.005,0,0.435,0.065,0.015,15,7830.793877999998,1,0
0.565,0.505,0.535,0.825,0.985,0.915,0.915,0.995,0.995,0.995,0,0.505,0.845,0.995,15,9169.555599000001,1,1
0.545,0.365,0.545,0.775,0.545,0.405,0.625,0.495,0.645,0.375,9,0.375,0.545,0.365,15,19077.16142700001,1,1
0.57,0.675,0.605,0.605,0.535,0.755,0.745,0.745,0.615,0.945,0,0.595,0.675,0.745,15,6887.735406000003,1,1
0.575,0.155,0.195,0.14,0.28,0.695,0.775,0.505,0.555,0.895,2,0.485,0.365,0.655,15,23857.34045,1,0
0.575,0.705,0.435,0.525,0.605,0.67,0.555,0.775,0.155,0.005,3,0.665,0.645,0.005,15,13648.578972000007,1,0
0.505,0.465,0.305,0.235,0.175,0.035,0.025,0.005,0.005,0.005,1,0.445,0.105,0.005,15,5598.241714000006,1,0
0.575,0.805,0.785,0.655,0.675,0.305,0.275,0.595,0.635,0.945,2,0.655,0.335,0.785,15,9159.468938999988,1,1
0.535,0.535,0.435,0.385,0.305,0.365,0.255,0.155,0.165,0.03,1,0.63,0.305,0.075,15,3525.5933919999998,1,0
0.505,0.115,0.155,0.055,0.035,0.015,0.015,0.005,0.005,0.005,1,0.425,0.025,0.005,15,5429.807853000002,1,0
0.495,0.335,0.245,0.155,0.135,0.085,0.085,0.025,0.005,0.0015,0,0.475,0.105,0.0045,15,4199.429254999998,1,0
0.495,0.625,0.585,0.325,0.385,0.545,0.665,0.825,0.705,0.255,4,0.665,0.415,0.315,15,8160.049402999996,1,1
0.475,0.615,0.685,0.835,0.795,0.715,0.595,0.875,0.715,0.855,1,0.565,0.885,0.515,15,7533.000905999999,1,1
0.485,0.285,0.295,0.385,0.745,0.435,0.485,0.785,0.845,0.095,4,0.37,0.505,0.745,15,6128.225726000005,1,0
0.515,0.475,0.475,0.525,0.445,0.845,0.835,0.915,0.945,0.975,4,0.405,0.645,0.905,15,7053.938372,1,1
0.475,0.155,0.165,0.26,0.095,0.05,0.045,0.025,0.005,0.005,0,0.235,0.105,0.005,15,5649.223897000003,1,0
0.5,0.525,0.535,0.645,0.395,0.335,0.615,0.775,0.875,0.995,4,0.425,0.335,0.995,15,8220.068926999998,1,1
0.435,0.145,0.145,0.105,0.065,0.195,0.095,0.005,0.005,0.005,0,0.155,0.195,0.005,15,6335.819606999999,1,0
0.435,0.345,0.345,0.305,0.385,0.545,0.615,0.405,0.365,0.675,3,0.345,0.495,0.555,15,8140.588636999998,1,1
0.505,0.395,0.445,0.375,0.385,0.585,0.595,0.955,0.965,0.975,2,0.285,0.375,0.975,15,5968.875889999999,1,1
0.505,0.665,0.615,0.505,0.665,0.655,0.465,0.305,0.545,0.555,4,0.675,0.645,0.345,15,7995.008721000003,1,1
0.525,0.315,0.215,0.125,0.155,0.075,0.055,0.035,0.035,0.005,1,0.345,0.105,0.005,15,4360.290062000002,1,0
0.465,0.235,0.315,0.135,0.135,0.135,0.035,0.015,0.005,0.005,0,0.295,0.115,0.005,15,4933.797616999998,1,0
0.455,0.325,0.255,0.325,0.345,0.315,0.305,0.235,0.255,0.095,2,0.435,0.515,0.125,15,5538.159683000002,1,0
0.505,0.615,0.535,0.645,0.705,0.395,0.315,0.465,0.465,0.88,2,0.545,0.515,0.655,15,5584.496158000001,1,1
0.42,0.555,0.475,0.525,0.535,0.455,0.365,0.205,0.075,0.005,4,0.505,0.495,0.055,15,5542.482287000002,1,0
0.5,0.715,0.885,0.855,0.765,0.865,0.955,0.905,0.965,0.9945,0,0.635,0.905,0.8605,15,4617.188705000004,1,1
0.455,0.615,0.695,0.645,0.605,0.505,0.365,0.215,0.285,0.055,2,0.565,0.575,0.315,15,5360.3853510000035,1,0
0.455,0.365,0.255,0.335,0.445,0.745,0.685,0.815,0.885,0.935,1,0.385,0.635,0.855,15,4691.1008219999985,1,1
0.5,0.525,0.715,0.755,0.835,0.805,0.835,0.955,0.965,0.995,2,0.455,0.725,0.975,15,4974.407420999998,1,1
0.515,0.345,0.415,0.205,0.065,0.035,0.025,0.055,0.645,0.845,2,0.335,0.045,0.735,15,13737.242786000012,1,1
0.495,0.585,0.705,0.715,0.585,0.675,0.595,0.545,0.425,0.295,2,0.585,0.715,0.165,15,8179.613156,1,0
0.4,0.355,0.335,0.455,0.655,0.555,0.755,0.975,0.985,0.995,5,0.565,0.435,0.995,15,20689.914906999988,1,1
0.5,0.975,0.985,0.985,0.985,0.995,0.995,0.995,0.995,0.9995,0,0.835,0.985,0.995,15,14895.308277999997,1,1
0.455,0.525,0.565,0.675,0.695,0.415,0.365,0.575,0.335,0.045,4,0.415,0.775,0.125,15,7291.038120999999,1,0
0.485,0.445,0.595,0.795,0.785,0.435,0.485,0.225,0.46,0.845,3,0.475,0.755,0.405,15,22174.040367999994,1,1
0.485,0.425,0.39,0.355,0.165,0.145,0.135,0.065,0.035,0.005,2,0.61,0.115,0.005,15,3858.462571000002,1,0
0.485,0.355,0.315,0.215,0.195,0.265,0.155,0.045,0.025,0.005,0,0.485,0.215,0.025,15,6366.331652999998,1,0
0.425,0.305,0.625,0.655,0.935,0.915,0.725,0.545,0.465,0.915,3,0.435,0.935,0.745,15,14300.218563999997,1,1
0.5,0.375,0.415,0.485,0.455,0.685,0.775,0.965,0.985,0.985,2,0.445,0.575,0.985,15,5514.9387369999995,1,1
0.505,0.565,0.665,0.715,0.695,0.645,0.315,0.13,0.095,0.265,1,0.505,0.555,0.155,15,9182.892865999998,1,0
0.505,0.675,0.735,0.635,0.875,0.865,0.645,0.905,0.955,0.995,0,0.685,0.825,0.975,15,5048.626531999993,1,1
0.495,0.205,0.285,0.075,0.055,0.035,0.025,0.045,0.025,0.005,0,0.365,0.065,0.005,15,5700.666272,1,0
0.405,0.675,0.705,0.445,0.685,0.645,0.655,0.935,0.995,0.995,3,0.745,0.655,0.995,15,15873.900716000002,1,1
0.445,0.665,0.835,0.775,0.735,0.915,0.955,0.965,0.995,0.995,1,0.395,0.955,0.995,15,7598.093500000001,1,1
0.425,0.405,0.415,0.305,0.335,0.505,0.625,0.235,0.185,0.145,2,0.405,0.465,0.165,15,12189.056798999985,1,1
0.415,0.255,0.235,0.125,0.065,0.335,0.415,0.795,0.765,0.955,1,0.345,0.405,0.715,15,11243.875995000004,1,1
0.4,0.245,0.215,0.165,0.065,0.085,0.115,0.005,0.005,0.005,0,0.495,0.065,0.005,15,8126.744172999999,1,0
0.415,0.815,0.795,0.705,0.855,0.945,0.945,0.985,0.965,0.995,1,0.825,0.975,0.985,15,14290.969547000006,1,1
0.485,0.955,0.915,0.965,0.975,0.985,0.995,0.995,0.9985,0.9995,1,0.915,0.985,0.9985,15,10243.623057000004,1,1
0.495,0.465,0.425,0.685,0.425,0.465,0.425,0.795,0.845,0.425,4,0.48,0.465,0.865,15,8674.813116999998,1,1
0.515,0.645,0.675,0.665,0.805,0.875,0.935,0.955,0.945,0.985,0,0.595,0.895,0.935,15,4221.159467999998,1,1
0.525,0.455,0.395,0.475,0.465,0.395,0.345,0.205,0.215,0.005,1,0.605,0.305,0.135,15,8843.941388,1,0
0.495,0.385,0.535,0.525,0.465,0.605,0.565,0.905,0.915,0.935,3,0.485,0.545,0.805,15,7272.959542999999,1,1
0.515,0.445,0.505,0.525,0.475,0.545,0.735,0.645,0.925,0.835,6,0.545,0.525,0.825,15,5622.808395,1,1
0.435,0.485,0.405,0.425,0.675,0.845,0.975,0.955,0.935,0.995,3,0.435,0.705,0.965,15,5879.025249,1,1
0.475,0.445,0.375,0.285,0.355,0.225,0.195,0.135,0.075,0.105,2,0.525,0.255,0.075,15,5881.555616000002,1,0
0.515,0.405,0.475,0.335,0.425,0.305,0.265,0.355,0.185,0.095,1,0.405,0.425,0.095,15,6522.062396000003,1,0
0.535,0.525,0.665,0.525,0.565,0.865,0.855,0.965,0.995,0.995,0,0.525,0.605,0.995,15,5278.075224999999,1,1
0.505,0.575,0.635,0.695,0.715,0.895,0.815,0.815,0.805,0.885,0,0.525,0.815,0.905,15,3784.718473,1,1
0.565,0.405,0.425,0.345,0.255,0.125,0.045,0.035,0.025,0.005,1,0.475,0.205,0.015,15,8281.651354,1,0
0.575,0.605,0.675,0.575,0.595,0.545,0.405,0.695,0.565,0.125,3,0.565,0.675,0.295,15,10821.264885999992,1,0
0.585,0.375,0.395,0.395,0.325,0.325,0.535,0.865,0.685,0.87,2,0.545,0.175,0.83,15,14385.151337000005,1,1
0.555,0.055,0.065,0.015,0.015,0.015,0.005,0.005,0.005,0.0005,1,0.365,0.015,0.005,15,20848.342144999973,1,0
0.545,0.545,0.545,0.675,0.505,0.435,0.395,0.065,0.055,0.015,1,0.615,0.445,0.095,15,5526.245107000001,1,0
0.525,0.415,0.315,0.295,0.115,0.165,0.065,0.065,0.035,0.005,3,0.415,0.145,0.035,15,4703.222143000001,1,0
0.555,0.535,0.725,0.645,0.705,0.905,0.925,0.955,0.975,0.995,0,0.535,0.785,0.995,15,4767.9268329999995,1,1
0.545,0.525,0.845,0.525,0.165,0.085,0.055,0.105,0.135,0.015,1,0.525,0.105,0.035,15,8800.666459000004,1,0
0.495,0.225,0.145,0.065,0.065,0.025,0.015,0.005,0.005,0.005,0,0.375,0.025,0.005,15,8305.670857,1,0
0.635,0.765,0.775,0.885,0.935,0.915,0.935,0.995,0.995,0.995,0,0.665,0.915,0.995,15,6507.317057000001,1,1
0.515,0.665,0.775,0.665,0.745,0.745,0.795,0.935,0.915,0.725,0,0.545,0.875,0.905,15,5901.409506999999,1,1
0.515,0.435,0.585,0.685,0.675,0.755,0.815,0.855,0.805,0.985,2,0.435,0.645,0.835,15,5441.141085,1,1
0.485,0.655,0.525,0.525,0.515,0.425,0.255,0.465,0.475,0.635,5,0.535,0.625,0.215,15,7790.310364000004,1,0
0.535,0.665,0.695,0.535,0.285,0.485,0.455,0.465,0.585,0.745,4,0.645,0.635,0.625,15,9447.469269000003,1,1
0.565,0.075,0.105,0.07,0.045,0.035,0.015,0.005,0.005,0.005,1,0.105,0.055,0.005,15,16816.204165000003,1,0
0.555,0.615,0.595,0.795,0.755,0.825,0.895,0.875,0.845,0.275,1,0.685,0.755,0.575,15,12382.381868000008,1,0
0.565,0.625,0.365,0.215,0.205,0.055,0.015,0.005,0.005,0.005,1,0.625,0.155,0.005,15,12156.027840999992,1,0
0.555,0.445,0.505,0.215,0.265,0.345,0.195,0.125,0.155,0.165,3,0.43,0.315,0.085,15,12436.206369999994,1,1
0.495,0.19,0.195,0.125,0.065,0.035,0.035,0.005,0.005,0.005,0,0.335,0.065,0.005,15,6361.733271,1,0
0.455,0.265,0.175,0.135,0.115,0.185,0.155,0.255,0.145,0.045,0,0.335,0.115,0.085,15,9033.710647999997,1,0
0.475,0.545,0.375,0.165,0.225,0.095,0.025,0.025,0.005,0.735,3,0.57,0.125,0.005,15,21185.706447000062,1,1
0.51,0.415,0.445,0.295,0.475,0.615,0.395,0.245,0.295,0.13,3,0.275,0.685,0.195,15,10396.123338000003,1,1
0.505,0.735,0.795,0.735,0.435,0.465,0.415,0.365,0.385,0.825,4,0.545,0.405,0.725,15,11028.797426000003,1,1
0.465,0.535,0.595,0.365,0.385,0.675,0.765,0.905,0.965,0.985,3,0.525,0.715,0.975,15,6970.859362000002,1,1
0.475,0.695,0.805,0.735,0.775,0.615,0.405,0.055,0.035,0.005,2,0.745,0.855,0.025,15,6701.865493000003,1,0
0.555,0.635,0.835,0.855,0.955,0.955,0.935,0.965,0.915,0.9195,2,0.425,0.895,0.959,15,10403.913386000004,1,1
0.565,0.665,0.555,0.735,0.825,0.695,0.715,0.815,0.875,0.935,0,0.555,0.785,0.795,15,11371.814063000003,1,1
0.555,0.495,0.415,0.185,0.165,0.055,0.015,0.015,0.005,0.005,1,0.545,0.075,0.005,15,10679.245131,1,0
0.325,0.305,0.305,0.145,0.115,0.035,0.055,0.025,0.015,0.005,0,0.295,0.075,0.005,15,6275.2996250000015,1,0
0.42,0.445,0.515,0.295,0.355,0.365,0.545,0.655,0.665,0.035,6,0.595,0.265,0.075,15,19716.522448999996,1,0
0.475,0.625,0.735,0.745,0.775,0.905,0.915,0.645,0.635,0.825,1,0.635,0.865,0.835,15,7158.587402999998,1,1
0.535,0.265,0.295,0.175,0.415,0.285,0.435,0.535,0.865,0.965,2,0.265,0.465,0.975,15,12322.289176000004,1,1
0.435,0.515,0.425,0.425,0.385,0.325,0.225,0.055,0.045,0.025,2,0.465,0.315,0.045,15,5840.470975000004,1,0
0.485,0.315,0.305,0.375,0.585,0.755,0.715,0.945,0.955,0.875,1,0.315,0.645,0.955,15,6480.953052999996,1,1
0.535,0.325,0.315,0.285,0.175,0.355,0.635,0.865,0.905,0.965,2,0.495,0.21,0.945,15,10390.334154000004,1,1
0.555,0.505,0.465,0.365,0.405,0.64,0.645,0.615,0.735,0.055,3,0.555,0.395,0.585,15,15738.728612000003,1,0
0.505,0.835,0.875,0.895,0.955,0.905,0.955,0.995,0.995,0.995,0,0.815,0.855,0.995,15,5809.642500999999,1,1
0.505,0.685,0.705,0.695,0.465,0.115,0.175,0.285,0.45,0.315,1,0.745,0.24,0.205,15,14752.138943,1,0
0.495,0.435,0.425,0.465,0.435,0.445,0.335,0.115,0.155,0.005,0,0.355,0.475,0.035,15,5188.951626000001,1,0
0.565,0.715,0.815,0.905,0.925,0.965,0.945,0.995,0.995,0.995,0,0.625,0.925,0.995,15,7959.073229999997,1,1
0.545,0.485,0.455,0.425,0.425,0.345,0.275,0.035,0.025,0.045,3,0.355,0.585,0.015,15,9104.243321000002,1,0
0.585,0.435,0.325,0.415,0.375,0.275,0.255,0.255,0.085,0.005,1,0.405,0.295,0.085,15,15256.778802000003,1,0
0.515,0.405,0.315,0.205,0.225,0.115,0.125,0.035,0.035,0.005,1,0.465,0.205,0.005,15,7634.004766999999,1,0
0.47,0.375,0.685,0.705,0.485,0.305,0.435,0.715,0.655,0.795,7,0.505,0.615,0.725,15,10484.193755000006,1,1
0.545,0.305,0.305,0.245,0.225,0.815,0.795,0.885,0.755,0.975,2,0.375,0.465,0.775,15,12197.491043999991,1,1
0.565,0.695,0.725,0.785,0.895,0.945,0.965,0.955,0.965,0.995,0,0.665,0.915,0.995,15,10360.102750000004,1,1
0.485,0.485,0.635,0.815,0.905,0.875,0.895,0.99,0.99,0.995,1,0.495,0.885,0.995,15,7515.138088,1,1
0.555,0.715,0.745,0.835,0.855,0.745,0.805,0.985,0.995,0.9995,0,0.605,0.665,0.995,15,11026.817695999993,1,1
0.545,0.285,0.535,0.725,0.785,0.925,0.905,0.925,0.905,0.185,3,0.335,0.875,0.615,15,18165.245359999997,1,0
0.525,0.535,0.395,0.235,0.225,0.435,0.425,0.285,0.055,0.005,1,0.505,0.445,0.025,15,9491.659404,1,0
0.535,0.665,0.745,0.865,0.835,0.625,0.395,0.255,0.325,0.595,2,0.605,0.885,0.285,15,11571.585671000003,1,1
0.475,0.485,0.295,0.385,0.235,0.325,0.235,0.195,0.065,0.005,2,0.525,0.305,0.005,15,5677.741381999995,1,0
0.57,0.665,0.665,0.815,0.455,0.455,0.465,0.785,0.555,0.305,5,0.585,0.565,0.525,15,10822.100611000014,1,0
0.505,0.615,0.695,0.785,0.915,0.955,0.965,0.995,0.995,0.995,0,0.625,0.975,0.995,15,6109.886189000001,1,1
0.565,0.665,0.64,0.605,0.705,0.705,0.915,0.985,0.995,0.995,0,0.595,0.615,0.995,15,7050.867089999996,1,1
0.535,0.345,0.335,0.065,0.025,0.015,0.015,0.005,0.005,0.005,1,0.395,0.065,0.005,15,10616.876612000002,1,0
0.565,0.565,0.505,0.685,0.535,0.655,0.575,0.765,0.575,0.535,4,0.565,0.515,0.425,15,11623.268264000011,1,0
0.515,0.785,0.855,0.895,0.815,0.675,0.595,0.515,0.665,0.915,2,0.655,0.825,0.765,15,7283.882492000005,1,1
0.565,0.785,0.805,0.765,0.925,0.985,0.985,0.995,0.995,0.9995,0,0.745,0.965,0.995,15,8300.150716,1,1
0.49,0.105,0.185,0.255,0.145,0.17,0.02,0.005,0.005,0.005,0,0.285,0.135,0.005,15,12312.797360000002,1,0
0.555,0.515,0.615,0.615,0.485,0.715,0.775,0.335,0.26,0.225,5,0.495,0.68,0.185,15,9748.178658000003,1,0
0.51,0.585,0.395,0.265,0.355,0.155,0.205,0.125,0.035,0.005,1,0.655,0.195,0.035,15,5945.596283,1,0
0.515,0.625,0.645,0.465,0.465,0.545,0.245,0.225,0.345,0.695,4,0.615,0.575,0.345,15,8730.000568000005,1,1
0.59,0.525,0.555,0.585,0.465,0.645,0.725,0.945,0.985,0.995,2,0.505,0.555,0.995,15,9582.861816000008,1,1
0.565,0.265,0.375,0.695,0.725,0.695,0.445,0.205,0.125,0.515,4,0.325,0.58,0.285,15,18549.606128,1,0
0.555,0.605,0.455,0.655,0.555,0.4,0.525,0.005,0.005,0.0005,5,0.6,0.535,0.0055,15,12851.596500000012,1,0
0.575,0.655,0.735,0.775,0.685,0.785,0.665,0.62,0.515,0.625,0,0.555,0.645,0.505,15,15744.720026000019,1,0
0.485,0.165,0.155,0.055,0.055,0.015,0.005,0.005,0.0015,0.0005,2,0.515,0.035,0.0005,15,5552.611015999998,1,0
0.495,0.615,0.425,0.375,0.555,0.715,0.805,0.275,0.275,0.485,4,0.595,0.625,0.315,15,8253.624642000002,1,0
0.535,0.465,0.335,0.29,0.335,0.255,0.275,0.595,0.865,0.975,2,0.405,0.255,0.865,15,8002.385579000004,1,1
0.475,0.325,0.215,0.115,0.06,0.025,0.015,0.0105,0.0105,0.0055,0,0.325,0.035,0.0055,15,8212.099735000002,1,0
0.445,0.345,0.205,0.065,0.035,0.015,0.015,0.005,0.005,0.005,0,0.44,0.015,0.005,15,8936.998651000002,1,0
0.515,0.725,0.775,0.885,0.885,0.915,0.945,0.995,0.995,0.9975,0,0.79,0.845,0.9995,15,6149.445608999999,1,1
0.555,0.205,0.185,0.175,0.145,0.155,0.245,0.495,0.545,0.825,2,0.485,0.185,0.805,15,13865.312747999995,1,0
0.565,0.375,0.335,0.205,0.165,0.295,0.295,0.035,0.025,0.005,1,0.375,0.155,0.005,15,11220.785201000002,1,0
0.505,0.575,0.655,0.545,0.685,0.745,0.815,0.915,0.965,0.995,2,0.455,0.695,0.965,15,6209.378975999998,1,1
0.505,0.715,0.765,0.395,0.545,0.695,0.735,0.845,0.905,0.935,2,0.585,0.695,0.935,15,6299.8734069999955,1,1
0.425,0.635,0.795,0.845,0.855,0.765,0.705,0.425,0.375,0.075,2,0.635,0.935,0.065,15,9196.141945000005,1,0
0.495,0.265,0.305,0.455,0.495,0.325,0.235,0.395,0.575,0.635,5,0.385,0.515,0.405,15,14059.646986000009,1,1
0.505,0.695,0.655,0.835,0.765,0.655,0.805,0.925,0.965,0.995,0,0.615,0.595,0.985,15,3947.801262,1,1
0.485,0.365,0.285,0.095,0.055,0.04,0.035,0.0145,0.005,0.0045,0,0.475,0.075,0.005,15,4710.875780999998,1,0
0.505,0.325,0.465,0.605,0.655,0.655,0.595,0.785,0.815,0.995,2,0.365,0.665,0.995,15,5919.067893000001,1,1
0.505,0.455,0.365,0.245,0.205,0.135,0.125,0.055,0.085,0.465,1,0.515,0.275,0.265,15,8883.687863999998,1,0
0.465,0.145,0.145,0.105,0.085,0.015,0.015,0.006,0.006,0.0005,0,0.435,0.015,0.0055,15,9998.230988000003,1,0
0.475,0.545,0.385,0.495,0.515,0.535,0.795,0.955,0.975,0.995,7,0.575,0.445,0.975,15,8583.015329000003,1,1
0.55,0.545,0.48,0.895,0.925,0.965,0.985,0.995,0.995,0.995,2,0.525,0.955,0.995,15,12599.143413999998,1,1
0.575,0.655,0.485,0.215,0.205,0.195,0.215,0.465,0.415,0.565,2,0.595,0.195,0.505,15,11020.725784000006,1,0
0.555,0.325,0.235,0.255,0.205,0.175,0.085,0.055,0.07,0.005,1,0.355,0.175,0.005,15,6530.250745000001,1,0
0.555,0.515,0.445,0.655,0.585,0.745,0.745,0.655,0.705,0.565,4,0.495,0.665,0.705,15,12343.08825700001,1,0
0.525,0.565,0.685,0.715,0.675,0.355,0.235,0.045,0.025,0.005,1,0.515,0.715,0.045,15,10878.886321999997,1,0
0.515,0.545,0.505,0.455,0.295,0.255,0.205,0.205,0.135,0.005,3,0.385,0.235,0.005,15,8446.730841999999,1,0
0.525,0.455,0.295,0.335,0.175,0.105,0.045,0.005,0.005,0.005,1,0.545,0.23,0.005,15,5661.2621329999965,1,0
0.505,0.535,0.455,0.245,0.175,0.365,0.245,0.535,0.575,0.99,6,0.445,0.295,0.425,15,9099.158643000004,1,1
0.405,0.265,0.175,0.175,0.025,0.065,0.03,0.005,0.005,0.005,0,0.28,0.065,0.005,15,5221.1791,1,0
0.405,0.455,0.325,0.215,0.215,0.195,0.195,0.015,0.005,0.005,0,0.485,0.195,0.005,15,5359.725864000002,1,0
0.465,0.595,0.555,0.565,0.455,0.825,0.895,0.955,0.975,0.955,3,0.645,0.685,0.985,15,9193.544274999995,1,1
0.545,0.955,0.885,0.955,0.945,0.985,0.965,0.985,0.995,0.995,0,0.795,0.985,0.995,15,13780.641828999987,1,1
0.565,0.575,0.465,0.485,0.335,0.565,0.725,0.215,0.195,0.011,3,0.655,0.495,0.005,15,17802.693406000002,1,1
0.455,0.705,0.715,0.835,0.855,0.865,0.945,0.995,0.995,0.995,1,0.565,0.825,0.995,15,8884.122039,1,1
0.47,0.505,0.545,0.785,0.765,0.765,0.815,0.635,0.855,0.965,1,0.575,0.715,0.875,15,6281.717941000013,1,1
0.505,0.585,0.37,0.545,0.705,0.505,0.435,0.615,0.715,0.395,5,0.585,0.725,0.485,15,7208.704971000003,1,0
0.505,0.515,0.705,0.445,0.345,0.405,0.255,0.055,0.055,0.005,3,0.485,0.305,0.035,15,5840.528111000006,1,0
0.495,0.595,0.755,0.865,0.925,0.805,0.715,0.435,0.285,0.025,2,0.515,0.895,0.055,15,8348.886272000003,1,0
0.495,0.395,0.475,0.355,0.495,0.705,0.775,0.705,0.475,0.255,2,0.395,0.675,0.345,15,8095.991916,1,1
0.515,0.805,0.855,0.835,0.845,0.955,0.975,0.925,0.905,0.995,0,0.725,0.965,0.995,15,6182.750607000002,1,1
0.455,0.455,0.575,0.345,0.105,0.115,0.105,0.095,0.065,0.005,4,0.505,0.115,0.005,15,4782.0492300000005,1,0
0.43,0.395,0.315,0.205,0.165,0.065,0.025,0.006,0.0055,0.0005,0,0.445,0.055,0.0025,15,8587.802569999998,1,0
0.47,0.315,0.235,0.365,0.695,0.815,0.945,0.9755,0.9375,0.9945,1,0.385,0.655,0.9185,15,6736.488811000001,1,1
0.435,0.255,0.365,0.535,0.505,0.605,0.815,0.735,0.845,0.965,1,0.335,0.645,0.925,15,8348.127676000002,1,1
0.455,0.385,0.475,0.315,0.175,0.325,0.555,0.585,0.615,0.865,3,0.505,0.185,0.695,15,8860.009908,1,1
0.445,0.595,0.735,0.905,0.835,0.905,0.905,0.905,0.9485,0.994,1,0.565,0.805,0.9475,15,10333.019286000002,1,1
0.395,0.625,0.705,0.675,0.775,0.765,0.885,0.885,0.885,0.994,1,0.645,0.805,0.945,15,7110.453013000003,1,1
0.445,0.275,0.385,0.445,0.455,0.315,0.185,0.185,0.1,0.275,0,0.305,0.225,0.125,15,10557.187940000003,1,0
0.485,0.485,0.475,0.355,0.345,0.275,0.335,0.275,0.12,0.735,3,0.445,0.365,0.275,15,8669.230176000001,1,0
0.725,0.685,0.745,0.785,0.825,0.785,0.845,0.905,0.785,0.995,0,0.815,0.825,0.815,15,4969.927703,1,1
0.505,0.595,0.755,0.775,0.775,0.945,0.955,0.995,0.995,0.995,0,0.525,0.865,0.995,15,4898.054619000001,1,1
0.545,0.425,0.385,0.625,0.485,0.445,0.495,0.425,0.425,0.025,3,0.565,0.365,0.195,15,9633.316962999992,1,0
0.565,0.525,0.415,0.435,0.395,0.115,0.085,0.005,0.005,0.0005,3,0.525,0.165,0.005,15,14194.057860000008,1,0
0.255,0.195,0.075,0.075,0.085,0.015,0.015,0.0025,0.0015,0.0005,0,0.155,0.035,0.0005,15,10001.112777,1,0
0.515,0.735,0.635,0.605,0.655,0.795,0.855,0.715,0.665,0.165,1,0.735,0.685,0.145,15,12200.505505,1,0
0.445,0.555,0.345,0.235,0.275,0.225,0.305,0.195,0.195,0.005,4,0.555,0.225,0.065,15,8316.753469999998,1,0
0.485,0.745,0.835,0.805,0.825,0.905,0.935,0.975,0.995,0.996,1,0.615,0.855,0.9995,15,4975.951672000001,1,1
0.525,0.415,0.425,0.325,0.415,0.545,0.235,0.085,0.035,0.005,3,0.405,0.275,0.045,15,8026.951249999998,1,0
0.515,0.615,0.795,0.825,0.845,0.865,0.885,0.945,0.965,0.995,2,0.405,0.805,0.975,15,11202.587276000002,1,1
0.505,0.565,0.615,0.715,0.625,0.845,0.755,0.265,0.325,0.375,3,0.545,0.715,0.605,15,20972.557705999992,1,0
0.495,0.345,0.535,0.725,0.715,0.275,0.135,0.035,0.005,0.005,4,0.425,0.785,0.005,15,6907.886763000003,1,0
0.505,0.515,0.225,0.075,0.065,0.295,0.355,0.315,0.135,0.015,3,0.435,0.135,0.075,15,12491.511159000005,1,0
0.425,0.375,0.455,0.405,0.455,0.865,0.805,0.955,0.975,0.995,1,0.465,0.655,0.995,15,9300.141442000004,1,1
0.505,0.605,0.775,0.885,0.885,0.785,0.845,0.975,0.995,0.9995,0,0.535,0.855,0.9995,15,5704.477587000001,1,1
0.495,0.535,0.595,0.395,0.215,0.125,0.055,0.005,0.005,0.005,2,0.645,0.195,0.0055,15,12158.351517000001,1,0
0.57,0.595,0.5,0.315,0.325,0.385,0.585,0.555,0.925,0.545,2,0.515,0.345,0.865,15,26103.898007000003,1,0
0.555,0.505,0.465,0.365,0.335,0.105,0.035,0.045,0.035,0.055,3,0.465,0.045,0.235,15,11824.865810999987,1,0
0.475,0.305,0.215,0.775,0.405,0.105,0.055,0.145,0.145,0.005,2,0.305,0.235,0.02,15,9065.661924000002,1,0
0.525,0.545,0.875,0.875,0.895,0.985,0.985,0.997,0.996,0.9985,0,0.565,0.955,0.9965,15,16192.326721000001,1,1
0.575,0.575,0.765,0.945,0.975,0.985,0.995,0.994,0.9945,0.9995,0,0.555,0.995,0.9965,15,14192.977182,1,1
0.52,0.535,0.425,0.265,0.125,0.265,0.295,0.035,0.005,0.0035,1,0.535,0.185,0.005,15,7905.044669000001,1,0
0.445,0.525,0.645,0.285,0.135,0.035,0.015,0.015,0.0065,0.0035,2,0.375,0.115,0.1015,15,14753.507934000003,1,0
0.465,0.585,0.575,0.515,0.545,0.455,0.665,0.545,0.905,0.805,3,0.495,0.605,0.725,15,7929.879819000006,1,1
0.535,0.545,0.745,0.865,0.915,0.945,0.975,0.995,0.995,0.9995,0,0.585,0.925,0.995,15,11726.931972999995,1,1
0.525,0.345,0.365,0.425,0.26,0.295,0.525,0.545,0.535,0.895,4,0.395,0.295,0.545,15,11752.854566000002,1,1
0.565,0.495,0.405,0.455,0.475,0.335,0.345,0.185,0.215,0.185,3,0.465,0.535,0.265,15,15389.097878000015,1,0
0.615,0.565,0.365,0.405,0.545,0.385,0.525,0.625,0.495,0.865,8,0.725,0.565,0.415,15,25808.15197900003,1,0
0.415,0.125,0.155,0.055,0.085,0.01,0.0015,0.0025,0.002,0.0005,0,0.285,0.035,0.002,15,12721.997361000002,1,0
0.545,0.575,0.335,0.525,0.305,0.365,0.185,0.225,0.225,0.005,3,0.565,0.355,0.045,15,5318.215867000004,1,0
0.535,0.595,0.655,0.815,0.875,0.895,0.915,0.975,0.995,0.9995,0,0.595,0.825,0.9995,15,5445.199930000002,1,1
0.545,0.735,0.67,0.755,0.765,0.565,0.255,0.085,0.02,0.02,1,0.565,0.805,0.055,15,8051.522240000003,1,0
0.525,0.435,0.345,0.285,0.165,0.06,0.045,0.0055,0.005,0.0005,1,0.435,0.105,0.0045,15,12253.298976,1,0
0.555,0.485,0.605,0.585,0.595,0.585,0.895,0.84,0.965,0.9995,2,0.485,0.655,0.995,15,6302.571178000001,1,1
0.445,0.385,0.265,0.235,0.335,0.695,0.805,0.33,0.535,0.945,5,0.395,0.355,0.485,15,13695.280095999982,1,1
0.425,0.345,0.275,0.195,0.255,0.165,0.075,0.095,0.0055,0.004,0,0.425,0.175,0.0055,15,7423.396480000002,1,0
0.455,0.345,0.545,0.585,0.355,0.345,0.255,0.405,0.145,0.875,3,0.385,0.425,0.525,15,9868.398594,1,1
0.485,0.43,0.615,0.885,0.91,0.895,0.945,0.935,0.975,0.9975,3,0.565,0.915,0.9875,15,5303.902696000004,1,1
0.495,0.49,0.515,0.515,0.65,0.915,0.955,0.995,0.995,0.9985,1,0.485,0.725,0.995,15,8405.446569999998,1,1
0.455,0.455,0.425,0.495,0.365,0.345,0.535,0.325,0.165,0.015,2,0.485,0.345,0.045,15,9147.452728000002,1,0
0.505,0.555,0.565,0.615,0.515,0.695,0.785,0.705,0.875,0.655,0,0.655,0.735,0.535,15,6746.0781670000015,1,1
0.445,0.445,0.425,0.145,0.295,0.025,0.015,0.0015,0.0015,0.0005,0,0.425,0.075,0.0015,15,8044.548030000003,1,0
0.505,0.275,0.295,0.265,0.195,0.255,0.215,0.145,0.105,0.005,1,0.455,0.225,0.045,15,4033.9401530000014,1,0
0.525,0.44,0.325,0.205,0.115,0.075,0.175,0.235,0.195,0.605,2,0.43,0.115,0.385,15,5925.2234480000025,1,1
0.375,0.415,0.375,0.695,0.845,0.855,0.885,0.895,0.995,0.995,1,0.415,0.795,0.995,15,10576.099576999999,1,1
0.425,0.445,0.265,0.365,0.505,0.635,0.705,0.335,0.505,0.805,3,0.465,0.555,0.545,15,15645.887703000002,1,1
0.52,0.645,0.615,0.715,0.795,0.935,0.955,0.935,0.975,0.9995,0,0.655,0.875,0.9985,15,5529.246254000001,1,1
0.515,0.125,0.165,0.075,0.055,0.015,0.0455,0.0805,0.033,0.0025,1,0.215,0.035,0.004,15,8553.288997000001,1,0
0.385,0.315,0.315,0.145,0.095,0.055,0.055,0.005,0.015,0.0005,2,0.505,0.195,0.005,15,13467.288716000006,1,0
0.595,0.725,0.605,0.455,0.405,0.585,0.615,0.735,0.785,0.985,2,0.635,0.545,0.845,15,11566.362324,1,1
0.445,0.635,0.695,0.835,0.905,0.975,0.935,0.985,0.995,0.9985,1,0.605,0.935,0.995,15,9763.133888000008,1,1
0.455,0.675,0.655,0.585,0.835,0.835,0.885,0.965,0.955,0.995,1,0.495,0.815,0.985,15,7358.855176999998,1,1
0.475,0.445,0.345,0.505,0.685,0.605,0.605,0.37,0.345,0.805,5,0.545,0.545,0.345,15,13009.459222999998,1,1
0.565,0.965,0.985,0.995,0.9965,0.9885,0.9875,0.9945,0.998,0.9995,0,0.625,0.9765,0.998,15,13584.758105000004,1,1
0.585,0.615,0.685,0.325,0.365,0.515,0.525,0.305,0.245,0.005,3,0.52,0.395,0.195,15,9322.792014999992,1,0
0.44,0.205,0.205,0.175,0.205,0.065,0.065,0.025,0.005,0.0005,2,0.505,0.055,0.005,15,9912.638569,1,0
0.455,0.425,0.525,0.495,0.645,0.705,0.465,0.575,0.685,0.465,8,0.535,0.755,0.665,15,8449.492593000003,1,1
0.445,0.405,0.355,0.265,0.245,0.225,0.125,0.305,0.195,0.635,1,0.385,0.325,0.075,15,9789.303509999992,1,1
0.52,0.43,0.645,0.815,0.845,0.985,0.965,0.9895,0.995,0.994,2,0.43,0.965,0.996,15,8912.358048,1,1
0.565,0.545,0.785,0.69,0.745,0.885,0.845,0.965,0.975,0.9985,0,0.545,0.865,0.975,15,7824.501664999999,1,1
0.515,0.565,0.585,0.645,0.745,0.235,0.175,0.065,0.005,0.005,1,0.605,0.685,0.005,15,10395.771465000005,1,0
0.495,0.565,0.515,0.375,0.335,0.145,0.435,0.725,0.615,0.835,3,0.525,0.275,0.93,15,12376.128504000006,1,0
0.565,0.585,0.645,0.785,0.875,0.935,0.985,0.9965,0.9945,0.9995,2,0.375,0.945,0.995,15,11184.609286000008,1,1
0.565,0.475,0.375,0.145,0.165,0.135,0.055,0.165,0.255,0.01,1,0.475,0.175,0.015,15,15397.432519999984,1,0
0.555,0.315,0.22,0.09,0.055,0.145,0.195,0.175,0.175,0.035,1,0.43,0.075,0.065,15,11439.394462000004,1,0
0.485,0.395,0.255,0.38,0.145,0.175,0.265,0.355,0.155,0.005,0,0.395,0.265,0.055,15,9171.502303999998,1,0
0.6,0.655,0.755,0.785,0.835,0.875,0.975,0.9745,0.9975,0.986,0,0.705,0.855,0.9705,15,12826.804515999998,1,1
0.555,0.235,0.205,0.125,0.175,0.005,0.015,0.005,0.0045,0.0015,1,0.505,0.035,0.0015,15,16336.254703999995,1,0
0.475,0.295,0.225,0.185,0.125,0.115,0.075,0.015,0.015,0.005,0,0.365,0.105,0.105,15,7988.180393999999,1,0
0.435,0.475,0.325,0.205,0.14,0.075,0.055,0.055,0.205,0.005,2,0.525,0.065,0.115,15,16483.514708000006,1,0
0.44,0.305,0.285,0.355,0.205,0.135,0.125,0.255,0.065,0.015,0,0.305,0.165,0.055,15,10868.822834000006,1,0
0.535,0.455,0.605,0.945,0.925,0.875,0.935,0.995,0.995,0.9985,2,0.295,0.895,0.995,15,10072.97349600001,1,1
0.515,0.655,0.875,0.835,0.855,0.935,0.875,0.925,0.965,0.885,0,0.655,0.935,0.855,15,6264.350709000002,1,1
0.575,0.725,0.785,0.805,0.895,0.765,0.925,0.935,0.975,0.9895,0,0.525,0.745,0.9895,15,11762.812551000003,1,1
0.515,0.555,0.645,0.705,0.685,0.325,0.325,0.215,0.225,0.03,3,0.415,0.415,0.105,15,6004.221894000004,1,0
0.545,0.375,0.435,0.595,0.715,0.845,0.895,0.895,0.935,0.755,2,0.385,0.865,0.715,15,6275.938227000003,1,0
0.46,0.625,0.625,0.625,0.685,0.635,0.495,0.445,0.285,0.775,5,0.605,0.705,0.215,15,9841.815786999996,1,0
0.465,0.355,0.175,0.115,0.095,0.085,0.045,0.005,0.005,0.0045,0,0.485,0.09,0.005,15,6801.117383000001,1,0
0.51,0.585,0.475,0.445,0.705,0.785,0.935,0.955,0.995,0.995,2,0.675,0.745,0.995,15,9717.944673000004,1,1
0.48,0.225,0.275,0.465,0.205,0.125,0.075,0.085,0.075,0.005,0,0.195,0.125,0.045,15,9650.793597999998,1,0
0.455,0.585,0.485,0.405,0.655,0.495,0.455,0.765,0.805,0.865,5,0.435,0.675,0.665,15,9987.189750000001,1,0
0.535,0.795,0.845,0.885,0.885,0.965,0.975,0.995,0.9955,0.9995,0,0.755,0.925,0.9975,15,6934.916173000003,1,1
0.505,0.655,0.715,0.655,0.695,0.605,0.555,0.115,0.065,0.005,1,0.685,0.765,0.065,15,11524.877377,1,0
0.555,0.425,0.555,0.735,0.825,0.815,0.705,0.915,0.94,0.995,2,0.335,0.815,0.965,15,9728.424967999994,1,1
0.505,0.715,0.435,0.255,0.155,0.095,0.135,0.035,0.025,0.0005,1,0.665,0.105,0.005,15,11014.269132,1,0
0.515,0.525,0.675,0.585,0.555,0.565,0.515,0.505,0.485,0.025,3,0.515,0.355,0.315,15,4154.202015000001,1,0
0.415,0.175,0.155,0.145,0.155,0.185,0.165,0.275,0.495,0.785,1,0.275,0.145,0.775,15,4532.938200000002,1,1
0.545,0.435,0.575,0.675,0.725,0.845,0.885,0.985,0.995,0.9995,2,0.405,0.765,0.9985,15,7991.161635,1,1
0.505,0.645,0.755,0.665,0.735,0.405,0.505,0.705,0.945,0.9985,2,0.665,0.535,0.965,15,9435.514553,1,1
0.55,0.515,0.375,0.375,0.225,0.125,0.0525,0.0325,0.04,0.0055,3,0.465,0.115,0.0105,15,6476.756978999995,1,0
0.41,0.165,0.05,0.145,0.165,0.025,0.015,0.005,0.0055,0.0005,0,0.165,0.155,0.0045,15,11653.171197999998,1,0
0.44,0.455,0.495,0.395,0.415,0.235,0.275,0.375,0.375,0.075,0,0.485,0.355,0.355,15,6794.433077,1,0
0.465,0.615,0.565,0.655,0.695,0.595,0.525,0.63,0.545,0.855,3,0.595,0.875,0.625,15,8670.95937199999,1,1
0.495,0.545,0.415,0.68,0.755,0.875,0.915,0.955,0.975,0.995,3,0.385,0.905,0.9945,15,9730.732844,1,1
0.445,0.465,0.215,0.315,0.265,0.275,0.38,0.615,0.425,0.505,3,0.365,0.235,0.23,15,7024.129852,1,0
0.43,0.535,0.385,0.515,0.645,0.565,0.455,0.575,0.575,0.835,5,0.505,0.625,0.575,15,6099.1770019999985,1,1
0.645,0.705,0.795,0.565,0.625,0.26,0.365,0.365,0.385,0.855,2,0.735,0.695,0.425,15,7568.678891000007,1,1
0.49,0.425,0.365,0.135,0.085,0.265,0.335,0.335,0.16,0.016,2,0.505,0.295,0.115,15,9343.553962999995,1,0
0.435,0.545,0.325,0.215,0.205,0.085,0.045,0.005,0.015,0.0015,2,0.605,0.185,0.015,15,9839.337873999992,1,0
0.495,0.495,0.445,0.765,0.835,0.905,0.965,0.995,0.995,0.997,1,0.375,0.805,0.9975,15,6571.849883,1,1
0.49,0.62,0.415,0.075,0.075,0.055,0.075,0.115,0.165,0.255,2,0.525,0.035,0.215,15,10760.99993299999,1,1
0.455,0.675,0.585,0.705,0.545,0.545,0.425,0.315,0.09,0.035,2,0.565,0.645,0.1,15,4049.2823019999987,1,0
0.565,0.735,0.695,0.855,0.835,0.825,0.855,0.965,0.975,0.984,0,0.645,0.685,0.9625,15,7978.035423000001,1,1
0.565,0.585,0.735,0.785,0.745,0.735,0.735,0.915,0.955,0.975,0,0.655,0.725,0.935,15,4651.239012000001,1,1
0.515,0.265,0.255,0.305,0.255,0.295,0.175,0.025,0.05,0.005,1,0.6,0.245,0.05,15,5062.579428000003,1,0
0.555,0.215,0.195,0.185,0.075,0.065,0.175,0.29,0.605,0.805,2,0.115,0.065,0.945,15,12280.667248999996,1,0
0.505,0.315,0.355,0.275,0.255,0.105,0.055,0.03,0.0125,0.003,1,0.255,0.085,0.0035,15,5543.236665999997,1,0
0.45,0.515,0.515,0.605,0.7,0.805,0.265,0.045,0.035,0.0205,2,0.57,0.635,0.076,15,6270.235381000006,1,0
0.535,0.455,0.365,0.445,0.715,0.875,0.795,0.665,0.865,0.985,2,0.435,0.835,0.705,15,5644.570089999996,1,1
0.635,0.335,0.315,0.415,0.285,0.295,0.245,0.335,0.575,0.605,4,0.425,0.405,0.845,15,8381.621163000003,1,1
0.425,0.315,0.245,0.11,0.155,0.055,0.045,0.045,0.006,0.002,0,0.335,0.075,0.003,15,10368.915565,1,0
0.575,0.485,0.69,0.965,0.955,0.975,0.965,0.985,0.9895,0.997,2,0.685,0.925,0.9945,15,12035.055422000005,1,1
0.555,0.585,0.475,0.385,0.165,0.345,0.235,0.245,0.125,0.01,1,0.525,0.265,0.005,15,7343.045253000003,1,0
0.495,0.405,0.455,0.355,0.185,0.295,0.385,0.145,0.055,0.0055,0,0.47,0.235,0.025,15,20691.462849,1,0
0.38,0.415,0.245,0.355,0.51,0.675,0.795,0.215,0.095,0.045,2,0.435,0.725,0.075,15,12404.58443900001,1,0
0.385,0.395,0.705,0.925,0.865,0.955,0.965,0.985,0.99,0.995,1,0.435,0.945,0.9945,15,8466.483484000006,1,1
0.445,0.565,0.605,0.695,0.865,0.945,0.965,0.9985,0.9975,0.9985,1,0.575,0.905,0.9955,15,7311.484795,1,1
0.435,0.605,0.485,0.645,0.535,0.485,0.475,0.365,0.315,0.265,4,0.705,0.555,0.29,15,7038.905181,1,1
0.435,0.475,0.715,0.61,0.735,0.785,0.895,0.995,0.9985,0.996,1,0.435,0.76,0.997,15,7519.703172000002,1,1
0.415,0.355,0.335,0.435,0.525,0.605,0.505,0.565,0.365,0.345,6,0.375,0.375,0.365,15,4591.180067999999,1,1
0.435,0.495,0.595,0.655,0.715,0.825,0.935,0.765,0.475,0.715,5,0.525,0.735,0.7,15,5645.345318999999,1,1
0.49,0.585,0.465,0.53,0.565,0.505,0.7,0.585,0.365,0.695,5,0.585,0.545,0.445,15,9575.308228,1,1
0.505,0.635,0.825,0.925,0.9,0.615,0.275,0.805,0.67,0.965,2,0.635,0.935,0.895,15,8046.098307999994,1,1
0.5,0.375,0.285,0.19,0.205,0.225,0.41,0.885,0.975,0.9795,2,0.375,0.235,0.945,15,7475.984169000001,1,1
0.595,0.66,0.675,0.845,0.865,0.945,0.975,0.955,0.9985,0.999,0,0.685,0.925,0.9985,15,4257.170155000001,1,1
0.52,0.455,0.375,0.405,0.165,0.06,0.045,0.0055,0.0055,0.001,1,0.505,0.205,0.0035,15,6324.39562,1,0
0.495,0.535,0.665,0.685,0.415,0.13,0.105,0.025,0.015,0.005,2,0.675,0.265,0.015,15,6468.733871,1,0
0.48,0.465,0.335,0.455,0.485,0.725,0.785,0.815,0.845,0.9535,1,0.415,0.485,0.955,15,7175.2433150000015,1,0
0.435,0.28,0.345,0.175,0.26,0.115,0.135,0.045,0.075,0.005,0,0.425,0.195,0.025,15,5362.278273000001,1,0
0.395,0.465,0.465,0.735,0.895,0.965,0.985,0.985,0.988,0.9965,1,0.475,0.925,0.9945,15,8544.367748000002,1,1
0.615,0.785,0.855,0.915,0.935,0.905,0.895,0.965,0.975,0.995,0,0.675,0.885,0.995,15,5092.5077740000015,1,1
0.505,0.33,0.355,0.315,0.415,0.205,0.265,0.175,0.165,0.015,1,0.525,0.455,0.185,15,4256.309535999999,1,0
0.495,0.295,0.325,0.145,0.275,0.215,0.215,0.105,0.215,0.015,0,0.295,0.225,0.075,15,5154.600695000003,1,0
0.505,0.625,0.685,0.775,0.815,0.785,0.705,0.745,0.885,0.975,0,0.645,0.675,0.915,15,3528.990362000002,1,1
0.435,0.305,0.345,0.445,0.385,0.445,0.075,0.045,0.035,0.025,0,0.445,0.225,0.035,15,6313.782294000006,1,0
0.495,0.515,0.635,0.735,0.605,0.655,0.655,0.515,0.855,0.425,4,0.525,0.605,0.745,15,5950.870758999997,1,0
0.505,0.345,0.305,0.375,0.335,0.265,0.295,0.095,0.075,0.025,1,0.375,0.275,0.06,15,4189.673545999999,1,0
0.495,0.625,0.465,0.505,0.51,0.165,0.275,0.415,0.505,0.365,6,0.63,0.325,0.415,15,6637.169811999999,1,1
0.495,0.535,0.575,0.705,0.885,0.985,0.97,0.975,0.9725,0.995,1,0.535,0.945,0.9685,15,5660.883838000001,1,1
0.495,0.795,0.705,0.415,0.595,0.24,0.245,0.3,0.525,0.165,6,0.615,0.455,0.305,15,9140.075719,1,0
0.495,0.36,0.37,0.655,0.425,0.575,0.755,0.945,0.945,0.975,3,0.425,0.445,0.965,15,7356.365614000001,1,1
0.515,0.825,0.755,0.895,0.945,0.935,0.955,0.945,0.995,0.995,0,0.695,0.955,0.995,15,5897.430710000001,1,1
0.565,0.335,0.585,0.795,0.485,0.375,0.355,0.035,0.0105,0.0015,3,0.365,0.445,0.0055,15,7074.090436000001,1,0
0.435,0.515,0.545,0.655,0.565,0.135,0.075,0.085,0.015,0.006,4,0.515,0.385,0.015,15,8112.757755000003,1,0
0.445,0.555,0.32,0.415,0.295,0.135,0.215,0.545,0.255,0.12,4,0.655,0.165,0.255,15,7597.743973000005,1,0
0.415,0.33,0.205,0.315,0.165,0.095,0.035,0.03,0.0555,0.0055,2,0.66,0.205,0.006,15,10188.232584000003,1,0
0.505,0.435,0.435,0.525,0.625,0.575,0.565,0.885,0.895,0.975,2,0.455,0.605,0.965,15,4398.229514000002,1,1
0.58,0.455,0.365,0.145,0.135,0.085,0.185,0.035,0.055,0.005,1,0.455,0.115,0.015,15,4247.281296000001,1,0
0.495,0.59,0.605,0.375,0.255,0.135,0.175,0.145,0.08,0.495,2,0.565,0.205,0.275,15,6432.442286999999,1,1
0.515,0.415,0.225,0.415,0.375,0.265,0.355,0.345,0.19,0.005,1,0.445,0.345,0.025,15,5888.791955000002,1,0
0.435,0.405,0.565,0.495,0.595,0.465,0.195,0.145,0.035,0.005,4,0.445,0.595,0.035,15,5734.3904710000015,1,0
0.505,0.205,0.235,0.145,0.115,0.395,0.795,0.535,0.665,0.005,3,0.265,0.145,0.09,15,9104.142202999998,1,0
0.445,0.455,0.435,0.255,0.165,0.075,0.065,0.025,0.005,0.005,0,0.325,0.065,0.005,15,5661.375951000003,1,0
0.455,0.595,0.625,0.725,0.715,0.215,0.195,0.225,0.305,0.495,4,0.495,0.285,0.515,15,7215.002452999997,1,1
0.54,0.455,0.615,0.555,0.695,0.855,0.705,0.935,0.975,0.995,2,0.455,0.695,0.985,15,4737.262752999998,1,1
0.535,0.425,0.355,0.275,0.255,0.205,0.11,0.225,0.035,0.065,1,0.615,0.245,0.015,15,10486.768336,1,0
0.565,0.705,0.735,0.755,0.915,0.875,0.945,0.985,0.995,0.9985,0,0.595,0.92,0.995,15,9585.578847999996,1,1
0.575,0.425,0.085,0.035,0.035,0.015,0.015,0.0015,0.0015,0.0005,1,0.525,0.025,0.0015,15,13974.061623000009,1,0
0.435,0.555,0.475,0.695,0.605,0.68,0.785,0.815,0.875,0.435,4,0.655,0.615,0.945,15,6320.457797000008,1,0
0.425,0.305,0.33,0.285,0.215,0.115,0.085,0.025,0.005,0.005,0,0.445,0.165,0.005,15,5946.540006000006,1,0
0.605,0.445,0.325,0.245,0.1,0.065,0.025,0.015,0.005,0.0005,1,0.505,0.085,0.0055,15,14145.900769999998,1,0
0.585,0.775,0.65,0.14,0.235,0.385,0.655,0.805,0.78,0.185,3,0.705,0.485,0.215,15,19824.769363999978,1,0
0.575,0.505,0.555,0.365,0.315,0.065,0.055,0.035,0.015,0.005,1,0.565,0.055,0.005,15,5354.054691,1,0
0.485,0.385,0.265,0.255,0.225,0.095,0.055,0.075,0.055,0.335,0,0.425,0.135,0.35,15,7191.193611000003,1,0
0.415,0.495,0.395,0.485,0.45,0.395,0.455,0.505,0.675,0.975,1,0.425,0.34,0.905,15,6087.216316000003,1,1
0.57,0.555,0.725,0.755,0.655,0.545,0.575,0.755,0.935,0.995,2,0.495,0.635,0.995,15,10155.577339999996,1,1
0.575,0.565,0.705,0.615,0.665,0.715,0.855,0.85,0.705,0.105,1,0.675,0.705,0.735,15,11457.269110000003,1,0
0.545,0.26,0.345,0.685,0.605,0.395,0.465,0.135,0.065,0.035,3,0.535,0.575,0.12,15,9518.500386999998,1,0
0.495,0.465,0.505,0.43,0.215,0.205,0.255,0.265,0.35,0.875,3,0.465,0.195,0.685,15,7782.398886000002,1,1
0.465,0.545,0.585,0.645,0.605,0.735,0.625,0.745,0.915,0.975,1,0.635,0.735,0.965,15,2351.7071120000005,1,1
0.515,0.545,0.575,0.465,0.395,0.725,0.795,0.525,0.535,0.165,3,0.545,0.635,0.345,15,4563.939558999999,1,1
0.565,0.725,0.675,0.82,0.825,0.935,0.935,0.995,0.995,0.9945,0,0.725,0.875,0.9945,15,7522.093032,1,1
0.555,0.525,0.305,0.24,0.255,0.225,0.215,0.055,0.015,0.005,1,0.525,0.235,0.005,15,5298.393912,1,0
0.51,0.425,0.385,0.485,0.165,0.055,0.055,0.015,0.0145,0.0015,3,0.405,0.085,0.0055,15,12375.596808999997,1,0
0.575,0.645,0.725,0.725,0.745,0.895,0.945,0.995,0.98,0.9985,0,0.575,0.775,0.995,15,9244.708698000002,1,1
0.545,0.555,0.495,0.315,0.285,0.355,0.325,0.255,0.275,0.3,3,0.425,0.305,0.145,15,8869.161640999997,1,0
0.525,0.325,0.415,0.395,0.115,0.275,0.265,0.325,0.385,0.425,3,0.505,0.165,0.265,15,11304.488415000009,1,1
0.505,0.695,0.665,0.675,0.295,0.565,0.465,0.325,0.285,0.77,4,0.635,0.505,0.565,15,13490.347873999995,1,0
0.505,0.755,0.635,0.785,0.705,0.805,0.725,0.605,0.785,0.025,1,0.785,0.765,0.155,15,5831.631107000003,1,0
0.585,0.565,0.515,0.5,0.525,0.725,0.675,0.735,0.825,0.985,0,0.565,0.565,0.845,15,7763.162839000006,1,1
0.495,0.29,0.265,0.495,0.565,0.565,0.275,0.625,0.435,0.295,6,0.305,0.445,0.385,15,8515.912686000003,1,0
0.505,0.195,0.165,0.215,0.165,0.435,0.375,0.575,0.085,0.115,3,0.465,0.435,0.085,15,8231.106162,1,0
0.455,0.615,0.745,0.695,0.735,0.775,0.585,0.735,0.865,0.995,1,0.66,0.585,0.995,15,10345.159164000006,1,1
0.47,0.485,0.545,0.54,0.545,0.375,0.665,0.755,0.875,0.975,7,0.565,0.485,0.805,15,5740.842221000003,1,1
0.465,0.515,0.525,0.665,0.695,0.735,0.855,0.885,0.665,0.775,1,0.445,0.765,0.665,15,10151.400907000001,1,1
0.515,0.475,0.365,0.435,0.325,0.685,0.675,0.865,0.845,0.975,2,0.475,0.325,0.865,15,11030.811802999991,1,1
0.515,0.63,0.635,0.635,0.635,0.635,0.635,0.635,0.635,0.635,0,0.615,0.635,0.635,15,1865.6630780000007,1,0
0.435,0.465,0.535,0.565,0.765,0.825,0.905,0.915,0.945,0.995,5,0.505,0.755,0.945,15,9258.162620999994,1,1
0.425,0.345,0.205,0.235,0.175,0.305,0.255,0.355,0.875,0.83,1,0.445,0.175,0.845,15,12564.43918800001,1,0
0.5,0.455,0.545,0.525,0.555,0.635,0.585,0.175,0.055,0.005,3,0.53,0.535,0.025,15,9189.597535000008,1,0
0.365,0.425,0.445,0.565,0.415,0.475,0.815,0.825,0.895,0.995,3,0.295,0.415,0.995,15,12971.841615000005,1,1
0.74,0.785,0.675,0.345,0.175,0.215,0.435,0.325,0.015,0.005,3,0.785,0.215,0.015,15,20025.810998000015,1,0
0.225,0.275,0.085,0.115,0.085,0.005,0.005,0.005,0.005,0.005,0,0.165,0.085,0.005,15,11261.206518000005,1,0
0.495,0.535,0.535,0.435,0.475,0.725,0.335,0.355,0.295,0.445,4,0.475,0.475,0.215,15,6211.6400650000005,1,1
0.565,0.645,0.685,0.685,0.685,0.685,0.995,0.995,0.995,0.995,0,0.645,0.685,0.995,15,12145.31234799999,1,1
0.51,0.685,0.785,0.725,0.875,0.805,0.835,0.255,0.455,0.085,1,0.595,0.855,0.475,15,11440.655249000007,1,0
0.505,0.625,0.675,0.495,0.615,0.195,0.145,0.075,0.095,0.175,3,0.665,0.375,0.095,15,9197.787766000005,1,0
0.545,0.585,0.675,0.675,0.485,0.665,0.425,0.6,0.565,0.755,4,0.575,0.495,0.555,15,17546.317305000015,1,1
0.545,0.275,0.505,0.615,0.615,0.375,0.375,0.075,0.045,0.0045,3,0.395,0.655,0.005,15,7482.019991000006,1,0
0.53,0.305,0.375,0.405,0.185,0.115,0.145,0.055,0.265,0.085,1,0.37,0.145,0.355,15,4780.950362000001,1,0
0.515,0.445,0.505,0.705,0.695,0.785,0.795,0.905,0.945,0.995,2,0.325,0.855,0.975,15,5745.896735000002,1,1
0.535,0.275,0.185,0.155,0.205,0.225,0.215,0.115,0.025,0.005,1,0.355,0.235,0.005,15,5252.985050000003,1,0
0.455,0.175,0.125,0.105,0.095,0.085,0.055,0.005,0.005,0.004,0,0.235,0.055,0.005,15,4914.286224,1,0
0.505,0.495,0.435,0.625,0.605,0.725,0.485,0.475,0.505,0.065,5,0.505,0.675,0.485,15,4999.137196000003,1,0
0.455,0.255,0.175,0.125,0.345,0.705,0.825,0.985,0.995,0.995,1,0.385,0.615,0.9955,15,9609.889324000007,1,1
0.55,0.485,0.485,0.43,0.625,0.465,0.215,0.875,0.985,0.995,4,0.435,0.625,0.995,15,7410.270106999999,1,1
0.565,0.625,0.655,0.785,0.725,0.465,0.605,0.565,0.635,0.965,2,0.505,0.635,0.905,15,11768.908332000008,1,1
0.545,0.635,0.455,0.305,0.375,0.245,0.105,0.045,0.035,0.005,1,0.55,0.235,0.015,15,7238.812844000002,1,0
0.535,0.625,0.495,0.265,0.215,0.065,0.185,0.205,0.055,0.005,1,0.645,0.155,0.025,15,5214.363572,1,0
0.51,0.275,0.135,0.205,0.47,0.425,0.315,0.235,0.035,0.01,1,0.355,0.405,0.025,15,6231.540114000002,1,0
0.555,0.405,0.285,0.245,0.165,0.275,0.185,0.015,0.015,0.0015,1,0.495,0.165,0.0055,15,4234.200715,1,0
0.515,0.455,0.425,0.375,0.43,0.075,0.055,0.595,0.835,0.985,4,0.455,0.305,0.965,15,6526.601609000004,1,1
0.455,0.52,0.605,0.645,0.435,0.35,0.405,0.125,0.055,0.015,2,0.52,0.255,0.025,15,4796.713479000003,1,0
0.505,0.605,0.885,0.915,0.915,0.915,0.925,0.955,0.985,0.995,0,0.605,0.895,0.985,15,8986.45487,1,1
0.505,0.175,0.085,0.075,0.075,0.045,0.045,0.045,0.006,0.004,1,0.345,0.065,0.006,15,4879.038158000005,1,0
0.375,0.465,0.47,0.505,0.72,0.665,0.705,0.885,0.715,0.955,3,0.525,0.775,0.895,15,5097.923723000004,1,1
0.475,0.645,0.755,0.795,0.765,0.945,0.965,0.976,0.968,0.9955,1,0.545,0.845,0.985,15,8529.899944,1,1
0.495,0.445,0.305,0.195,0.425,0.66,0.695,0.565,0.735,0.955,3,0.655,0.545,0.815,15,7658.178272000004,1,1
0.505,0.675,0.625,0.755,0.83,0.965,0.985,0.9755,0.967,0.9995,0,0.505,0.91,0.976,15,8094.050424,1,1
0.565,0.515,0.585,0.505,0.335,0.365,0.385,0.255,0.745,0.985,2,0.585,0.395,0.745,15,8943.211639000006,1,1
0.625,0.605,0.575,0.565,0.515,0.305,0.235,0.115,0.115,0.005,1,0.695,0.425,0.035,15,12415.525538000004,1,0
0.505,0.555,0.535,0.365,0.445,0.495,0.535,0.335,0.185,0.035,5,0.495,0.365,0.08,15,7016.152099000002,1,0
0.535,0.245,0.295,0.435,0.475,0.565,0.415,0.015,0.015,0.005,3,0.315,0.465,0.005,15,5892.299586000001,1,0
0.555,0.655,0.745,0.655,0.555,0.635,0.515,0.785,0.855,0.975,0,0.51,0.565,0.975,15,6584.989605,1,1
0.435,0.215,0.275,0.445,0.415,0.535,0.295,0.475,0.525,0.53,5,0.325,0.475,0.435,15,12414.470514999994,1,0
0.48,0.215,0.235,0.145,0.165,0.345,0.745,0.955,0.965,0.995,1,0.315,0.285,0.995,15,8120.401561000006,1,1
0.465,0.735,0.735,0.905,0.96,0.945,0.975,0.973,0.985,0.995,1,0.545,0.945,0.994,15,14214.337219000005,1,1
0.555,0.165,0.225,0.045,0.085,0.035,0.015,0.005,0.005,0.0005,1,0.265,0.035,0.0045,15,8391.773174000004,1,0
0.435,0.275,0.265,0.275,0.165,0.425,0.415,0.595,0.205,0.255,4,0.515,0.275,0.275,15,13552.074762000007,1,0
0.455,0.575,0.695,0.935,0.975,0.975,0.995,0.995,0.995,0.9995,1,0.575,0.925,0.9985,15,10201.333426,1,1
0.515,0.375,0.395,0.825,0.945,0.865,0.875,0.935,0.975,0.995,2,0.435,0.925,0.995,15,8766.995457,1,1
0.43,0.545,0.345,0.275,0.315,0.175,0.105,0.045,0.015,0.005,2,0.545,0.215,0.005,15,20521.709817999992,1,0
0.375,0.705,0.735,0.945,0.975,0.99,0.99,0.9995,0.9995,0.9995,1,0.625,0.975,0.9995,15,16714.774071999993,1,1
0.455,0.495,0.485,0.555,0.665,0.875,0.925,0.975,0.985,0.9995,1,0.375,0.775,0.995,15,7112.911540000005,1,1
0.445,0.52,0.485,0.535,0.725,0.46,0.635,0.535,0.885,0.975,7,0.28,0.635,0.91,15,8198.917600000002,1,1
0.44,0.59,0.625,0.725,0.585,0.355,0.535,0.725,0.895,0.855,3,0.565,0.485,0.79,15,7472.229184000003,1,1
0.545,0.575,0.515,0.725,0.625,0.46,0.385,0.845,0.695,0.085,7,0.445,0.635,0.115,15,12997.426462000001,1,0
0.545,0.495,0.255,0.225,0.245,0.555,0.665,0.445,0.185,0.005,3,0.545,0.505,0.085,15,10244.732728999992,1,0
0.555,0.545,0.645,0.735,0.705,0.185,0.155,0.045,0.015,0.005,1,0.545,0.365,0.015,15,8925.03749399997,1,0
0.485,0.745,0.695,0.515,0.455,0.305,0.465,0.625,0.675,0.025,4,0.665,0.165,0.185,15,5590.882757000001,1,0
0.625,0.715,0.765,0.875,0.915,0.955,0.985,0.9975,0.9975,0.9965,0,0.685,0.865,0.9965,15,7111.5169319999995,1,1
0.465,0.585,0.845,0.905,0.895,0.915,0.845,0.965,0.975,0.9895,1,0.625,0.905,0.986,15,5353.886468000006,1,1
0.545,0.315,0.345,0.365,0.525,0.345,0.215,0.035,0.025,0.005,3,0.525,0.505,0.015,15,6949.531115000004,1,0
0.495,0.555,0.585,0.285,0.425,0.435,0.275,0.185,0.065,0.025,4,0.505,0.555,0.135,15,8312.613260999997,1,0
0.485,0.525,0.355,0.385,0.415,0.365,0.365,0.275,0.165,0.07,2,0.515,0.485,0.035,15,5550.736502999999,1,0
0.445,0.445,0.625,0.585,0.805,0.945,0.965,0.995,0.995,0.998,1,0.405,0.925,0.995,15,9966.146226000004,1,1
0.38,0.345,0.465,0.635,0.47,0.775,0.74,0.86,0.875,0.975,3,0.455,0.605,0.965,15,8493.709767,1,1
0.5,0.485,0.555,0.795,0.805,0.815,0.805,0.965,0.9855,0.991,2,0.445,0.835,0.9855,15,6151.346730000005,1,1
0.585,0.505,0.295,0.355,0.435,0.275,0.185,0.155,0.515,0.305,3,0.555,0.435,0.515,15,5946.897187000001,1,1
0.455,0.525,0.455,0.265,0.355,0.295,0.3,0.755,0.855,0.005,4,0.415,0.195,0.875,15,6856.871113000003,1,0
0.505,0.515,0.47,0.285,0.485,0.445,0.685,0.565,0.775,0.885,4,0.635,0.625,0.715,15,10022.553156000005,1,1
0.465,0.71,0.755,0.705,0.775,0.945,0.945,0.885,0.935,0.985,1,0.485,0.925,0.96,15,7210.331668999996,1,1
0.535,0.245,0.195,0.065,0.085,0.035,0.035,0.035,0.005,0.015,1,0.4,0.055,0.005,15,6315.393852999999,1,0
0.555,0.625,0.715,0.845,0.785,0.755,0.855,0.675,0.935,0.985,0,0.615,0.775,0.965,15,5287.167867999998,1,1
0.475,0.645,0.785,0.915,0.925,0.905,0.915,0.985,0.995,0.995,1,0.595,0.935,0.995,15,4933.141842000001,1,1
0.47,0.625,0.785,0.905,0.865,0.765,0.815,0.925,0.925,0.995,1,0.535,0.845,0.965,15,5576.619754000004,1,1
0.545,0.695,0.625,0.555,0.585,0.735,0.875,0.995,0.995,0.9985,0,0.725,0.615,0.995,15,7051.7670670000025,1,1
0.54,0.605,0.615,0.405,0.445,0.525,0.505,0.285,0.405,0.905,4,0.635,0.475,0.545,15,12656.251621000007,1,1
0.545,0.655,0.575,0.545,0.625,0.945,0.965,0.975,0.9695,0.997,0,0.545,0.595,0.987,15,7260.073125000001,1,1
0.545,0.325,0.335,0.425,0.335,0.245,0.085,0.035,0.125,0.095,3,0.325,0.285,0.295,15,5365.130265,1,0
0.54,0.505,0.285,0.125,0.075,0.025,0.045,0.055,0.005,0.005,1,0.63,0.035,0.005,15,4844.708882000001,1,0
0.495,0.255,0.185,0.245,0.285,0.095,0.125,0.285,0.215,0.005,2,0.575,0.235,0.215,15,6616.538545000001,1,0
0.515,0.435,0.495,0.535,0.515,0.435,0.385,0.615,0.66,0.005,5,0.545,0.355,0.26,15,6041.6803930000015,1,0
0.445,0.555,0.505,0.845,0.945,0.945,0.965,0.985,0.995,0.9985,1,0.585,0.935,0.9985,15,7360.4389270000065,1,1
0.465,0.38,0.505,0.345,0.315,0.295,0.145,0.205,0.155,0.055,2,0.435,0.29,0.125,15,6112.309466000001,1,0
0.465,0.53,0.415,0.505,0.535,0.975,0.875,0.775,0.8,0.675,3,0.495,0.54,0.75,15,2422.369135,2,1
0.47,0.395,0.505,0.565,0.625,0.475,0.385,0.775,0.895,0.995,3,0.465,0.645,0.925,15,4874.410199,2,1
0.485,0.265,0.245,0.235,0.095,0.085,0.085,0.035,0.04,0.015,0,0.375,0.115,0.025,15,1383.6464949999995,2,0
0.48,0.425,0.385,0.675,0.635,0.755,0.715,0.765,0.735,0.945,3,0.615,0.7,0.885,15,1573.1271989999996,2,1
0.475,0.575,0.375,0.28,0.35,0.175,0.115,0.185,0.155,0.945,3,0.575,0.205,0.39,15,2128.3204969999997,2,1
0.695,0.605,0.545,0.665,0.675,0.735,0.775,0.865,0.945,0.995,0,0.505,0.745,0.995,15,1211.4632239999996,2,1
0.555,0.425,0.415,0.225,0.175,0.165,0.225,0.065,0.015,0.005,1,0.495,0.115,0.015,15,2201.7864279999994,2,0
0.5,0.365,0.225,0.125,0.075,0.045,0.025,0.085,0.035,0.005,1,0.465,0.055,0.005,15,2761.5867970000018,2,0
0.465,0.705,0.585,0.315,0.335,0.165,0.195,0.255,0.065,0.005,2,0.745,0.345,0.045,15,1981.4295169999996,2,0
0.48,0.47,0.48,0.525,0.5,0.69,0.775,0.775,0.675,0.985,3,0.475,0.375,0.915,15,3336.927530999998,2,1
0.475,0.45,0.585,0.365,0.49,0.49,0.465,0.525,0.785,0.415,4,0.47,0.455,0.925,15,2990.9941609999983,2,0
0.495,0.285,0.295,0.3,0.345,0.165,0.215,0.035,0.015,0.005,0,0.305,0.325,0.005,15,1210.4667209999996,2,0
0.495,0.435,0.31,0.47,0.625,0.63,0.705,0.895,0.835,0.995,1,0.435,0.685,0.965,15,1785.0524210000003,2,1
0.46,0.175,0.17,0.085,0.115,0.055,0.035,0.005,0.005,0.0005,0,0.205,0.065,0.005,15,2033.0394939999999,2,0
0.485,0.59,0.67,0.535,0.63,0.745,0.735,0.925,0.93,0.94,1,0.645,0.715,0.955,15,12164.057928,2,1
0.47,0.625,0.515,0.645,0.645,0.425,0.475,0.725,0.87,0.995,3,0.575,0.495,0.975,15,1591.2308780000003,2,1
0.46,0.62,0.525,0.485,0.375,0.23,0.125,0.235,0.145,0.015,2,0.575,0.455,0.06,15,4070.281835000001,2,0
0.49,0.565,0.855,0.885,0.905,0.98,0.995,0.995,0.995,0.9995,1,0.485,0.895,0.9985,15,3147.957765000001,2,1
0.515,0.465,0.5,0.79,0.825,0.75,0.755,0.435,0.815,0.92,4,0.47,0.845,0.89,15,5696.9771379999975,2,1
0.43,0.51,0.275,0.205,0.215,0.355,0.515,0.455,0.545,0.775,5,0.575,0.155,0.745,15,4922.805583,2,1
0.47,0.65,0.575,0.525,0.505,0.795,0.77,0.88,0.985,0.9965,3,0.595,0.76,0.9985,15,3305.450625,2,1
0.465,0.725,0.675,0.455,0.395,0.305,0.255,0.065,0.195,0.015,2,0.525,0.385,0.095,15,3221.6496859999997,2,0
0.505,0.525,0.57,0.3,0.305,0.51,0.54,0.695,0.68,0.985,2,0.555,0.265,0.915,15,1510.0264690000001,2,1
0.495,0.535,0.405,0.325,0.605,0.45,0.155,0.045,0.02,0.005,4,0.56,0.45,0.02,15,4898.472848000011,2,0
0.515,0.345,0.365,0.375,0.455,0.78,0.865,0.955,0.985,0.995,2,0.55,0.635,0.995,15,2138.8355580000007,2,1
0.405,0.49,0.375,0.235,0.315,0.18,0.21,0.335,0.085,0.005,2,0.64,0.235,0.015,15,4059.2660390000015,2,0
0.495,0.085,0.085,0.105,0.04,0.02,0.025,0.01,0.005,0.995,1,0.365,0.015,0.005,15,9608.236805000002,2,1
0.535,0.56,0.545,0.635,0.9,0.905,0.865,0.96,0.975,0.995,0,0.665,0.905,0.975,15,3486.431074999998,2,1
0.5,0.605,0.655,0.78,0.815,0.605,0.505,0.655,0.68,0.835,0,0.585,0.555,0.845,15,2022.0231369999997,2,1
0.535,0.755,0.765,0.855,0.895,0.915,0.965,0.995,0.995,0.995,0,0.81,0.825,0.995,15,1707.903953000001,2,1
0.505,0.455,0.315,0.38,0.22,0.77,0.705,0.815,0.685,0.855,2,0.425,0.565,0.765,15,2026.7385939999988,2,1
0.5,0.385,0.255,0.515,0.44,0.595,0.585,0.595,0.435,0.36,7,0.47,0.4,0.545,15,2646.007486,2,1
0.575,0.645,0.755,0.465,0.525,0.225,0.135,0.445,0.68,0.965,4,0.525,0.39,0.885,15,2392.941117,2,1
0.52,0.615,0.58,0.395,0.165,0.055,0.035,0.035,0.025,0.005,1,0.535,0.115,0.005,15,3203.5612990000004,2,0
0.49,0.505,0.395,0.155,0.175,0.025,0.015,0.0055,0.004,0.0005,2,0.505,0.045,0.0025,15,2625.150479,2,0
0.485,0.475,0.615,0.485,0.39,0.475,0.445,0.865,0.875,0.575,5,0.475,0.615,0.8,15,2222.011983999999,2,1
0.515,0.365,0.565,0.745,0.785,0.795,0.91,0.985,0.995,0.995,2,0.395,0.81,0.995,15,1513.647645,2,1
0.5,0.695,0.655,0.675,0.665,0.435,0.255,0.07,0.095,0.25,1,0.63,0.665,0.245,15,2577.8671299999983,2,1
0.56,0.39,0.46,0.685,0.695,0.805,0.915,0.935,0.945,0.975,2,0.335,0.725,0.925,15,1723.8755319999996,2,1
0.505,0.185,0.155,0.165,0.2,0.455,0.215,0.065,0.015,0.005,1,0.305,0.375,0.055,15,1373.120139,2,0
0.405,0.325,0.315,0.245,0.135,0.07,0.045,0.095,0.105,0.205,0,0.285,0.115,0.24,15,2462.7598719999996,2,0
0.475,0.71,0.595,0.565,0.835,0.855,0.945,0.945,0.825,0.965,1,0.6,0.815,0.945,15,1122.8745929999998,2,1
0.5,0.915,0.955,0.945,0.935,0.985,0.985,0.995,0.995,0.995,0,0.84,0.955,0.995,15,1893.7126329999994,2,1
0.525,0.475,0.365,0.18,0.115,0.065,0.08,0.015,0.005,0.003,1,0.475,0.07,0.0055,15,2436.813285,2,0
0.51,0.405,0.295,0.235,0.315,0.215,0.275,0.165,0.095,0.005,1,0.405,0.295,0.015,15,981.1130660000001,2,0
0.615,0.86,0.765,0.925,0.935,0.975,0.985,0.995,0.994,0.9995,0,0.835,0.945,0.994,15,2132.4842229999995,2,1
0.515,0.365,0.285,0.175,0.115,0.115,0.055,0.09,0.035,0.005,1,0.435,0.065,0.015,15,1426.9607600000002,2,0
0.485,0.385,0.445,0.345,0.295,0.255,0.415,0.605,0.715,0.365,2,0.345,0.365,0.475,15,9743.439191,2,1
0.59,0.725,0.805,0.91,0.945,0.965,0.985,0.995,0.995,0.995,0,0.585,0.975,0.995,15,1663.4315739999997,2,1
0.53,0.575,0.635,0.225,0.24,0.075,0.045,0.02,0.005,0.005,1,0.595,0.185,0.01,15,4461.756069000009,2,0
0.54,0.735,0.715,0.545,0.435,0.485,0.44,0.555,0.375,0.81,6,0.56,0.535,0.275,15,1971.017379999999,2,1
0.515,0.625,0.715,0.705,0.49,0.13,0.105,0.025,0.005,0.005,1,0.665,0.325,0.005,15,1798.5472060000002,2,0
0.515,0.475,0.665,0.71,0.495,0.785,0.83,0.905,0.945,0.94,4,0.545,0.585,0.945,15,2036.4930779999993,2,1
0.5,0.315,0.465,0.39,0.455,0.535,0.585,0.775,0.605,0.825,2,0.315,0.485,0.765,15,3112.630387999999,2,0
0.505,0.465,0.435,0.445,0.445,0.665,0.53,0.525,0.595,0.975,6,0.255,0.575,0.8,15,3341.9988509999994,2,1
0.57,0.61,0.655,0.935,0.955,0.955,0.965,0.945,0.86,0.205,3,0.365,0.955,0.63,15,6710.713167000001,2,1
0.59,0.165,0.115,0.07,0.075,0.015,0.0195,0.0055,0.005,0.0015,1,0.53,0.04,0.0045,15,7590.5860699999985,2,0
0.405,0.485,0.345,0.115,0.105,0.185,0.135,0.01,0.005,0.0005,0,0.395,0.095,0.005,15,2518.331153,2,0
0.535,0.485,0.535,0.655,0.715,0.675,0.4,0.545,0.615,0.705,4,0.475,0.665,0.635,15,3316.9040679999994,2,0
0.515,0.55,0.655,0.745,0.765,0.565,0.445,0.375,0.375,0.005,1,0.565,0.585,0.195,15,1316.0849869999997,2,0
0.575,0.575,0.645,0.355,0.365,0.445,0.445,0.465,0.345,0.235,3,0.465,0.415,0.275,15,2322.917055,2,0
0.48,0.505,0.565,0.485,0.505,0.795,0.775,0.975,0.995,0.995,3,0.625,0.705,0.995,15,837.8140530000001,2,1
0.515,0.5,0.675,0.785,0.675,0.9,0.835,0.935,0.975,0.99,2,0.495,0.82,0.93,15,1825.664711999999,2,1
0.59,0.625,0.535,0.715,0.695,0.71,0.685,0.645,0.29,0.475,1,0.525,0.735,0.09,15,5073.035926000001,2,0
0.61,0.485,0.625,0.675,0.735,0.905,0.925,0.965,0.94,0.995,2,0.37,0.93,0.98,15,3479.8242639999994,2,1
0.555,0.515,0.445,0.54,0.6,0.845,0.68,0.805,0.695,0.93,2,0.555,0.835,0.925,15,2117.3611370000003,2,1
0.49,0.55,0.685,0.345,0.115,0.165,0.135,0.115,0.165,0.33,2,0.475,0.14,0.15,15,3358.6786349999993,2,0
0.53,0.215,0.19,0.1,0.055,0.015,0.015,0.015,0.02,0.0005,1,0.45,0.055,0.005,15,3171.8147990000007,2,0
0.525,0.58,0.525,0.5,0.615,0.45,0.365,0.125,0.205,0.67,2,0.59,0.375,0.1,15,3210.6818379999977,2,1
0.43,0.515,0.725,0.625,0.615,0.805,0.715,0.985,0.985,0.995,1,0.515,0.705,0.995,15,3205.6989379999995,2,1
0.51,0.735,0.795,0.645,0.795,0.925,0.945,0.9885,0.9805,0.9995,0,0.665,0.745,0.995,15,1552.7786699999997,2,1
0.435,0.565,0.59,0.735,0.19,0.225,0.125,0.0225,0.0195,0.0005,2,0.585,0.245,0.0015,15,2958.2020880000023,2,0
0.465,0.625,0.855,0.885,0.845,0.805,0.845,0.875,0.92,0.99,1,0.625,0.915,0.965,15,3818.359927000001,2,1
0.45,0.355,0.395,0.525,0.37,0.12,0.035,0.02,0.005,0.005,4,0.535,0.245,0.005,15,4473.544647000001,2,0
0.475,0.595,0.68,0.325,0.375,0.315,0.155,0.065,0.03,0.005,2,0.595,0.295,0.02,15,2788.4107469999994,2,0
0.47,0.215,0.175,0.175,0.125,0.055,0.045,0.005,0.0045,0.0005,0,0.355,0.065,0.004,15,1507.0234719999994,2,0
0.51,0.455,0.395,0.39,0.425,0.445,0.29,0.125,0.035,0.005,1,0.385,0.465,0.005,15,1308.5011049999998,2,0
0.5,0.51,0.65,0.655,0.515,0.25,0.395,0.685,0.565,0.675,2,0.505,0.455,0.555,15,1867.9664539999997,2,0
0.305,0.525,0.545,0.495,0.675,0.665,0.865,0.865,0.92,0.655,3,0.79,0.655,0.925,15,2187.6771889999995,2,0
0.48,0.575,0.485,0.635,0.755,0.695,0.755,0.935,0.945,0.99,3,0.74,0.61,0.945,15,961.705731,2,1
0.475,0.43,0.605,0.485,0.505,0.21,0.305,0.13,0.105,0.075,6,0.525,0.2,0.075,15,1191.637313,2,0
0.565,0.205,0.115,0.165,0.175,0.09,0.09,0.025,0.015,0.005,1,0.435,0.085,0.005,15,0.0,2,0
0.46,0.555,0.485,0.585,0.79,0.525,0.365,0.335,0.15,0.015,4,0.51,0.685,0.03,15,1889.3469069999996,2,0
0.355,0.65,0.665,0.675,0.645,0.765,0.885,0.945,0.985,0.995,1,0.625,0.695,0.995,15,1239.4648459999996,2,1
0.645,0.43,0.315,0.605,0.635,0.715,0.52,0.265,0.255,0.08,3,0.375,0.715,0.355,15,2250.868989999999,2,0
0.5,0.76,0.445,0.565,0.575,0.715,0.555,0.795,0.955,0.995,2,0.76,0.655,0.985,15,1285.4889620000001,2,1
0.475,0.32,0.475,0.345,0.34,0.225,0.305,0.475,0.33,0.88,1,0.39,0.245,0.485,15,1503.4595499999996,2,1
0.435,0.525,0.335,0.205,0.315,0.575,0.495,0.255,0.12,0.015,4,0.495,0.43,0.125,15,4241.643731999998,2,0
0.585,0.775,0.865,0.945,0.965,0.985,0.995,0.995,0.995,0.995,0,0.775,0.985,0.995,15,3287.4692729999997,2,1
0.545,0.405,0.315,0.175,0.115,0.09,0.055,0.045,0.08,0.015,1,0.405,0.155,0.05,15,3230.145503999998,2,0
0.5,0.435,0.395,0.445,0.415,0.62,0.64,0.635,0.745,0.215,5,0.585,0.485,0.835,15,3080.2294419999994,2,0
0.465,0.765,0.835,0.915,0.845,0.855,0.835,0.975,0.975,0.995,1,0.765,0.895,0.985,15,1485.7120020000002,2,1
0.5,0.325,0.375,0.295,0.395,0.365,0.51,0.285,0.145,0.295,3,0.325,0.355,0.1,15,2751.5474420000005,2,1
0.525,0.545,0.495,0.315,0.36,0.175,0.135,0.015,0.015,0.0005,3,0.505,0.215,0.0055,15,2669.2780410000005,2,0
0.53,0.495,0.355,0.25,0.235,0.195,0.22,0.045,0.165,0.195,1,0.475,0.255,0.245,15,3115.414264,2,0
0.465,0.485,0.455,0.565,0.645,0.785,0.835,0.845,0.905,0.115,4,0.535,0.615,0.925,15,3921.445663000001,2,0
0.48,0.485,0.58,0.54,0.535,0.455,0.56,0.775,0.935,0.995,3,0.485,0.46,0.945,15,1723.0055520000003,2,1
0.505,0.555,0.625,0.815,0.855,0.945,0.985,0.995,0.995,0.97,2,0.495,0.925,0.975,15,3859.312801,2,1
0.55,0.515,0.41,0.725,0.655,0.815,0.845,0.915,0.9,0.985,4,0.465,0.725,0.955,15,1493.982409,2,1
0.555,0.775,0.765,0.845,0.79,0.915,0.87,0.955,0.965,0.985,0,0.615,0.82,0.925,15,2368.046657,2,1
0.455,0.39,0.37,0.315,0.215,0.025,0.015,0.015,0.015,0.015,0,0.43,0.095,0.015,15,4808.591586000004,2,0
0.51,0.375,0.32,0.295,0.195,0.025,0.015,0.015,0.005,0.005,1,0.425,0.055,0.005,15,2366.229909999994,2,0
0.545,0.505,0.255,0.24,0.325,0.245,0.285,0.18,0.28,0.435,1,0.63,0.305,0.43,15,4449.187619999997,2,1
0.565,0.555,0.655,0.815,0.86,0.975,0.975,0.9825,0.9975,0.9995,0,0.615,0.965,0.998,15,6241.521711999996,2,1
0.475,0.415,0.495,0.445,0.52,0.815,0.87,0.965,0.985,0.995,3,0.365,0.655,0.995,15,5169.295692000004,2,1
0.5,0.625,0.565,0.695,0.695,0.825,0.825,0.985,0.995,0.995,0,0.545,0.765,0.995,15,3402.8644209999998,2,1
0.565,0.415,0.395,0.45,0.445,0.465,0.345,0.465,0.49,0.955,4,0.42,0.44,0.8,15,4290.3870240000015,2,1
0.455,0.655,0.755,0.65,0.395,0.055,0.015,0.005,0.005,0.0045,2,0.545,0.19,0.005,15,4106.660514999998,2,0
0.535,0.755,0.705,0.985,0.975,0.985,0.995,0.995,0.995,0.995,0,0.755,0.985,0.995,15,3094.201314,2,1
0.52,0.585,0.34,0.245,0.255,0.265,0.285,0.495,0.495,0.355,1,0.645,0.395,0.395,15,1780.7612549999992,2,0
0.55,0.615,0.525,0.415,0.39,0.295,0.22,0.055,0.035,0.025,3,0.675,0.505,0.035,15,1699.4385079999984,2,0
0.495,0.6,0.485,0.44,0.355,0.215,0.25,0.355,0.565,0.285,4,0.6,0.34,0.845,15,2822.8374109999986,2,0
0.45,0.345,0.375,0.165,0.115,0.255,0.345,0.375,0.435,0.025,0,0.43,0.29,0.115,15,2232.072805,2,0
0.42,0.56,0.43,0.155,0.215,0.565,0.715,0.685,0.775,0.975,3,0.425,0.3,0.83,15,2138.7082239999995,2,1
0.505,0.21,0.275,0.585,0.595,0.475,0.515,0.765,0.445,0.405,7,0.29,0.64,0.305,15,4847.989497,2,0
0.535,0.54,0.455,0.57,0.535,0.66,0.685,0.89,0.985,0.995,2,0.58,0.6,0.995,15,1322.7305769999996,2,1
0.455,0.59,0.755,0.86,0.905,0.945,0.975,0.995,0.755,0.98,1,0.59,0.935,0.945,15,3423.6427460000004,2,1
0.55,0.445,0.245,0.205,0.105,0.095,0.055,0.295,0.305,0.31,1,0.365,0.12,0.345,15,2333.2935229999994,2,0
0.57,0.245,0.2,0.375,0.255,0.43,0.455,0.605,0.73,0.315,3,0.405,0.275,0.64,15,3169.309116000001,2,1
0.485,0.395,0.375,0.235,0.205,0.215,0.275,0.055,0.055,0.005,0,0.395,0.295,0.005,15,1051.735771,2,0
0.5,0.555,0.675,0.65,0.6,0.455,0.375,0.835,0.775,0.015,3,0.585,0.615,0.755,15,3557.910964,2,0
0.365,0.135,0.14,0.185,0.195,0.185,0.155,0.035,0.035,0.005,0,0.215,0.205,0.015,15,2792.7322540000005,2,0
0.55,0.355,0.375,0.495,0.455,0.685,0.87,0.86,0.93,0.995,2,0.355,0.435,0.985,15,2113.8069329999994,2,1
0.55,0.485,0.375,0.29,0.24,0.225,0.135,0.045,0.03,0.015,1,0.62,0.165,0.005,15,1607.2053999999998,2,0
0.505,0.575,0.405,0.43,0.45,0.415,0.475,0.615,0.395,0.375,5,0.62,0.445,0.575,15,3072.148806999999,2,1
0.565,0.58,0.685,0.765,0.865,0.78,0.855,0.795,0.915,0.755,0,0.615,0.865,0.935,15,3223.811052000002,2,0
0.485,0.105,0.045,0.02,0.015,0.005,0.005,0.005,0.0055,0.001,0,0.175,0.015,0.004,15,7279.611981000002,2,0
0.47,0.525,0.43,0.42,0.355,0.655,0.59,0.675,0.135,0.005,4,0.525,0.455,0.045,15,2517.320511,2,0
0.515,0.705,0.815,0.855,0.825,0.88,0.865,0.835,0.805,0.965,0,0.675,0.905,0.715,15,1823.8160630000004,2,1
0.5,0.425,0.685,0.305,0.145,0.105,0.075,0.005,0.005,0.005,3,0.44,0.235,0.005,15,2001.5705089999994,2,0
0.495,0.605,0.575,0.785,0.625,0.435,0.215,0.135,0.005,0.005,2,0.725,0.495,0.015,15,2299.7701209999996,2,0
0.6,0.595,0.575,0.53,0.625,0.745,0.825,0.975,0.875,0.725,2,0.575,0.685,0.405,15,15437.623642,2,1
0.495,0.585,0.585,0.475,0.445,0.185,0.135,0.035,0.015,0.005,4,0.525,0.58,0.005,15,2389.191522999999,2,0
0.485,0.325,0.14,0.055,0.02,0.01,0.005,0.005,0.003,0.0005,0,0.325,0.005,0.0015,15,3281.628158999999,2,0
0.565,0.235,0.235,0.155,0.275,0.325,0.195,0.09,0.08,0.065,1,0.425,0.275,0.075,15,2883.596800999999,2,0
0.5,0.205,0.145,0.155,0.125,0.065,0.055,0.005,0.005,0.005,1,0.325,0.085,0.005,15,1259.3989589999999,2,0
0.455,0.495,0.595,0.445,0.525,0.295,0.215,0.185,0.125,0.09,6,0.535,0.555,0.13,15,1710.3063570000002,2,0
0.42,0.475,0.515,0.655,0.73,0.895,0.915,0.89,0.94,0.995,1,0.395,0.825,0.985,15,2054.365914,2,1
0.5,0.355,0.215,0.245,0.265,0.07,0.165,0.035,0.025,0.005,1,0.355,0.185,0.005,15,1776.8984119999996,2,0
0.38,0.245,0.205,0.225,0.175,0.105,0.135,0.205,0.335,0.425,0,0.155,0.205,0.335,15,3247.249840999998,2,1
0.48,0.675,0.665,0.685,0.705,0.655,0.835,0.555,0.755,0.735,1,0.52,0.645,0.745,15,4990.218768999997,2,1
0.535,0.655,0.415,0.425,0.275,0.325,0.495,0.525,0.465,0.015,3,0.655,0.295,0.3,15,3031.4865660000005,2,0
0.48,0.325,0.285,0.195,0.075,0.085,0.035,0.09,0.045,0.075,0,0.425,0.145,0.105,15,4078.608184,2,0
0.5,0.315,0.455,0.505,0.365,0.095,0.095,0.175,0.025,0.005,3,0.465,0.185,0.025,15,2501.177918,2,0
0.495,0.835,0.765,0.785,0.715,0.715,0.755,0.675,0.855,0.995,1,0.535,0.705,0.915,15,2847.592274,2,1
0.315,0.575,0.715,0.805,0.685,0.845,0.825,0.975,0.995,0.995,1,0.525,0.785,0.995,15,2437.5486030000006,2,1
0.495,0.465,0.525,0.805,0.765,0.61,0.655,0.915,0.935,0.995,1,0.425,0.605,0.98,15,1986.690735,2,1
0.51,0.585,0.56,0.355,0.37,0.305,0.385,0.485,0.415,0.575,6,0.405,0.335,0.485,15,4609.66843,2,1
0.465,0.565,0.535,0.295,0.33,0.405,0.345,0.325,0.135,0.035,2,0.5,0.455,0.065,15,2368.0035799999996,2,0
0.515,0.235,0.275,0.315,0.265,0.265,0.315,0.72,0.6,0.055,3,0.315,0.355,0.145,15,3145.333953999998,2,0
0.475,0.545,0.465,0.405,0.505,0.735,0.51,0.285,0.285,0.435,4,0.575,0.705,0.445,15,3268.02001,2,1
0.555,0.525,0.235,0.455,0.565,0.595,0.715,0.735,0.885,0.985,2,0.525,0.585,0.965,15,2088.8974789999997,2,1
0.535,0.655,0.435,0.35,0.185,0.045,0.025,0.015,0.0045,0.0005,1,0.585,0.065,0.0015,15,5179.054761000001,2,0
0.48,0.395,0.335,0.415,0.395,0.215,0.205,0.065,0.025,0.005,0,0.435,0.425,0.015,15,1594.0067599999995,2,0
0.435,0.615,0.595,0.725,0.765,0.745,0.825,0.965,0.925,0.99,1,0.635,0.75,0.96,15,3665.921275999998,2,1
0.485,0.655,0.755,0.655,0.385,0.325,0.415,0.245,0.07,0.115,2,0.535,0.14,0.185,15,5613.610924,2,1
0.475,0.465,0.315,0.465,0.515,0.625,0.735,0.895,0.805,0.975,1,0.475,0.595,0.865,15,2298.045706,2,1
0.505,0.575,0.505,0.625,0.765,0.675,0.545,0.375,0.355,0.825,4,0.525,0.755,0.545,15,5191.483432000004,2,1
0.505,0.47,0.345,0.115,0.09,0.115,0.11,0.035,0.015,0.005,1,0.715,0.095,0.005,15,1894.3039270000004,2,0
0.465,0.61,0.525,0.59,0.57,0.59,0.825,0.43,0.245,0.015,4,0.665,0.565,0.055,15,3169.994721000001,2,0
0.485,0.295,0.285,0.225,0.155,0.115,0.08,0.035,0.005,0.005,0,0.425,0.16,0.005,15,1881.9629319999995,2,0
0.515,0.565,0.535,0.655,0.665,0.725,0.705,0.835,0.745,0.995,0,0.645,0.695,0.785,15,2117.393855999999,2,1
0.435,0.52,0.655,0.68,0.485,0.265,0.415,0.185,0.165,0.025,2,0.395,0.425,0.155,15,3193.5087679999997,2,0
0.535,0.415,0.435,0.555,0.635,0.875,0.895,0.965,0.985,0.995,2,0.415,0.825,0.995,15,4313.858321,2,1
0.515,0.705,0.66,0.54,0.545,0.715,0.765,0.875,0.985,0.995,0,0.575,0.585,0.985,15,4038.3912870000004,2,1
0.525,0.915,0.845,0.885,0.895,0.885,0.855,0.815,0.815,0.94,0,0.58,0.925,0.81,15,1919.3959229999998,2,1
0.45,0.315,0.465,0.385,0.335,0.565,0.735,0.705,0.705,0.32,2,0.325,0.355,0.845,15,2808.0431399999984,2,0
0.575,0.57,0.705,0.82,0.805,0.945,0.935,0.955,0.975,0.755,0,0.645,0.86,0.975,15,4691.082368000003,2,1
0.615,0.675,0.615,0.235,0.065,0.065,0.025,0.005,0.005,0.0005,3,0.46,0.07,0.005,15,2714.454002,2,0
0.555,0.57,0.785,0.795,0.795,0.825,0.9,0.965,0.975,0.995,0,0.535,0.875,0.995,15,2115.4064180000005,2,1
0.515,0.375,0.19,0.075,0.045,0.045,0.03,0.015,0.005,0.005,1,0.725,0.065,0.005,15,2146.6658939999998,2,0
0.49,0.24,0.175,0.085,0.035,0.085,0.065,0.0115,0.0055,0.0005,0,0.175,0.045,0.0055,15,2249.0962739999995,2,0
0.525,0.545,0.445,0.555,0.66,0.645,0.575,0.945,0.895,0.93,2,0.645,0.645,0.94,15,2156.356121999999,2,1
0.525,0.59,0.705,0.44,0.435,0.335,0.51,0.805,0.605,0.915,2,0.59,0.415,0.795,15,2472.3689030000005,2,1
0.505,0.51,0.415,0.245,0.185,0.445,0.345,0.255,0.11,0.215,1,0.525,0.285,0.08,15,2631.946203,2,0
0.47,0.725,0.875,0.76,0.71,0.775,0.755,0.335,0.115,0.215,2,0.595,0.695,0.115,15,4690.170847000004,2,0
0.525,0.495,0.635,0.735,0.605,0.535,0.75,0.505,0.765,0.525,2,0.435,0.66,0.575,15,4316.470188000001,2,0
0.475,0.64,0.695,0.47,0.595,0.695,0.555,0.445,0.195,0.445,4,0.665,0.525,0.195,15,3778.2175329999986,2,0
0.5,0.21,0.305,0.34,0.265,0.215,0.35,0.565,0.825,0.535,2,0.465,0.2,0.765,15,3600.785091000001,2,1
0.51,0.595,0.6,0.335,0.585,0.665,0.68,0.515,0.305,0.18,3,0.555,0.605,0.235,15,5501.418474999997,2,0
0.555,0.725,0.595,0.72,0.735,0.895,0.895,0.945,0.945,0.9995,0,0.645,0.825,0.985,15,2151.9836829999986,2,1
0.605,0.065,0.075,0.045,0.065,0.26,0.33,0.085,0.025,0.005,1,0.395,0.085,0.02,15,8848.018525999996,2,0
0.5,0.59,0.425,0.315,0.265,0.125,0.055,0.005,0.005,0.005,1,0.605,0.18,0.005,15,1923.4625050000004,2,0
0.53,0.765,0.72,0.585,0.7,0.35,0.405,0.77,0.725,0.985,2,0.675,0.495,0.89,15,2149.984326999999,2,1
0.505,0.525,0.445,0.54,0.535,0.585,0.56,0.27,0.375,0.705,4,0.545,0.575,0.61,15,4264.276436,2,1
0.515,0.455,0.445,0.465,0.365,0.325,0.275,0.175,0.115,0.745,2,0.435,0.355,0.195,15,3417.1763809999993,2,1
0.555,0.535,0.655,0.385,0.535,0.545,0.545,0.885,0.945,0.998,2,0.725,0.53,0.98,15,2714.0258480000007,2,1
0.49,0.17,0.2,0.085,0.065,0.035,0.025,0.005,0.005,0.005,0,0.405,0.055,0.005,15,1711.5579970000001,2,0
0.57,0.595,0.525,0.455,0.31,0.3,0.285,0.875,0.915,0.975,2,0.605,0.395,0.865,15,3352.024823999997,2,1
0.48,0.43,0.545,0.68,0.855,0.845,0.805,0.965,0.995,0.31,2,0.465,0.745,0.995,15,4058.0642640000005,2,0
0.5,0.745,0.78,0.83,0.825,0.875,0.82,0.915,0.965,0.995,0,0.665,0.865,0.985,15,1246.3553519999998,2,1
0.495,0.245,0.26,0.175,0.24,0.35,0.31,0.11,0.055,0.005,0,0.245,0.23,0.06,15,1762.7894289999995,2,0
0.455,0.635,0.64,0.615,0.705,0.725,0.73,0.835,0.945,0.995,1,0.565,0.695,0.975,15,1766.4329339999995,2,1
0.485,0.685,0.675,0.675,0.445,0.89,0.955,0.95,0.975,0.995,3,0.665,0.45,0.985,15,1737.458662,2,1
0.525,0.585,0.695,0.84,0.935,0.985,0.985,0.995,0.995,0.995,0,0.585,0.965,0.995,15,1717.0838789999998,2,1
0.525,0.415,0.42,0.715,0.525,0.53,0.585,0.575,0.605,0.62,2,0.375,0.64,0.625,15,2750.04882,2,1
0.53,0.47,0.285,0.27,0.17,0.11,0.08,0.035,0.035,0.005,1,0.475,0.12,0.015,15,1765.6320979999998,2,0
0.505,0.305,0.315,0.615,0.94,0.975,0.975,0.995,0.995,0.995,2,0.375,0.985,0.995,15,1832.098665,2,1
0.535,0.525,0.615,0.455,0.525,0.61,0.615,0.655,0.92,0.995,2,0.545,0.54,0.975,15,1841.6717899999999,2,1
0.535,0.535,0.535,0.565,0.53,0.275,0.185,0.105,0.115,0.195,1,0.665,0.515,0.025,15,2300.096333,2,0
0.485,0.435,0.48,0.595,0.595,0.245,0.17,0.235,0.29,0.515,3,0.465,0.455,0.405,15,2546.367952,2,1
0.435,0.475,0.415,0.51,0.525,0.545,0.535,0.315,0.125,0.015,2,0.435,0.525,0.11,15,1539.5561489999998,2,0
0.595,0.665,0.785,0.78,0.69,0.675,0.75,0.6,0.815,0.925,0,0.625,0.64,0.585,15,6286.252063000001,2,1
0.565,0.415,0.505,0.535,0.63,0.485,0.575,0.665,0.515,0.075,5,0.475,0.455,0.535,15,3092.474691000002,2,0
0.525,0.475,0.525,0.45,0.045,0.015,0.015,0.025,0.045,0.005,3,0.335,0.02,0.015,15,6974.3264680000075,2,0
0.5,0.295,0.205,0.155,0.235,0.155,0.225,0.505,0.655,0.085,3,0.475,0.395,0.545,15,2899.1406429999993,2,0
0.515,0.275,0.285,0.525,0.735,0.725,0.575,0.155,0.075,0.05,3,0.205,0.815,0.14,15,5111.661614000001,2,0
0.515,0.465,0.525,0.635,0.7,0.72,0.695,0.33,0.235,0.005,3,0.505,0.785,0.09,15,2340.3714599999994,2,0
0.435,0.755,0.5,0.205,0.205,0.29,0.175,0.08,0.04,0.005,2,0.73,0.205,0.005,15,6318.478632000005,2,0
0.485,0.565,0.605,0.845,0.815,0.655,0.705,0.69,0.91,0.995,1,0.545,0.76,0.935,15,2399.4718909999997,2,1
0.46,0.285,0.185,0.295,0.155,0.1,0.08,0.03,0.005,0.005,2,0.53,0.095,0.005,15,2231.396026,2,0
0.5,0.735,0.795,0.935,0.935,0.96,0.965,0.995,0.995,0.995,0,0.685,0.935,0.995,15,1867.3893759999999,2,1
0.455,0.46,0.4,0.19,0.14,0.16,0.11,0.165,0.295,0.005,0,0.455,0.195,0.015,15,2304.1413909999997,2,0
0.485,0.57,0.725,0.695,0.73,0.415,0.285,0.495,0.68,0.755,3,0.6,0.605,0.68,15,5220.898684000001,2,0
0.425,0.465,0.725,0.635,0.8,0.835,0.645,0.525,0.37,0.835,5,0.565,0.78,0.53,15,4284.873815000001,2,1
0.495,0.305,0.375,0.465,0.535,0.66,0.825,0.95,0.975,0.985,1,0.415,0.59,0.98,15,3785.5657569999976,2,1
0.485,0.595,0.445,0.535,0.345,0.195,0.095,0.055,0.025,0.005,4,0.595,0.29,0.005,15,2581.4500519999997,2,0
0.505,0.79,0.735,0.64,0.715,0.815,0.945,0.885,0.94,0.995,0,0.69,0.74,0.97,15,2234.818617000001,2,1
0.505,0.47,0.525,0.6,0.645,0.775,0.955,0.945,0.985,0.995,2,0.485,0.565,0.985,15,1494.4441340000003,2,1
0.465,0.615,0.665,0.705,0.685,0.515,0.325,0.2,0.24,0.865,5,0.54,0.495,0.425,15,3419.0426709999997,2,1
0.545,0.675,0.765,0.715,0.895,0.87,0.81,0.935,0.955,0.995,0,0.635,0.865,0.995,15,1947.2166230000005,2,1
0.445,0.31,0.26,0.145,0.09,0.035,0.035,0.025,0.015,0.0005,0,0.265,0.075,0.0055,15,6846.612632999999,2,0
0.485,0.68,0.675,0.945,0.89,0.845,0.905,0.965,0.985,0.995,1,0.705,0.865,0.985,15,2368.3381349999995,2,1
0.475,0.645,0.635,0.605,0.69,0.775,0.855,0.875,0.83,0.885,1,0.555,0.765,0.885,15,1881.422961,2,1
0.505,0.445,0.305,0.475,0.475,0.565,0.695,0.65,0.725,0.405,3,0.645,0.405,0.665,15,2537.1082760000018,2,0
0.47,0.425,0.435,0.375,0.285,0.355,0.285,0.605,0.435,0.075,4,0.555,0.235,0.14,15,2258.971804,2,0
0.51,0.475,0.505,0.705,0.725,0.855,0.925,0.935,0.985,0.995,2,0.535,0.775,0.985,15,1698.22577,2,1
0.495,0.545,0.415,0.4,0.505,0.155,0.165,0.055,0.025,0.005,4,0.575,0.235,0.025,15,2263.156598,2,0
0.51,0.44,0.505,0.485,0.475,0.275,0.295,0.365,0.305,0.765,4,0.405,0.445,0.545,15,2270.479767,2,1
0.535,0.645,0.795,0.805,0.845,0.925,0.915,0.995,0.995,0.995,0,0.645,0.855,0.995,15,1790.7334069999997,2,1
0.515,0.405,0.355,0.395,0.39,0.645,0.575,0.645,0.675,0.395,3,0.435,0.585,0.765,15,2090.7855170000003,2,1
0.505,0.425,0.275,0.515,0.285,0.395,0.395,0.345,0.505,0.04,5,0.38,0.225,0.195,15,2776.8599209999993,2,0
0.505,0.475,0.505,0.485,0.425,0.345,0.095,0.035,0.015,0.005,3,0.505,0.365,0.005,15,2391.4261739999997,2,0
0.435,0.34,0.295,0.135,0.135,0.13,0.205,0.055,0.02,0.005,0,0.375,0.155,0.005,15,3078.078924,2,0
0.545,0.465,0.405,0.37,0.275,0.135,0.415,0.325,0.36,0.595,4,0.665,0.225,0.485,15,3554.237295999999,2,0
0.555,0.275,0.23,0.215,0.165,0.075,0.095,0.035,0.02,0.005,1,0.425,0.11,0.07,15,1880.293865,2,0
0.515,0.665,0.585,0.725,0.585,0.565,0.535,0.165,0.145,0.17,1,0.69,0.555,0.325,15,2532.400087000001,2,0
0.485,0.465,0.405,0.34,0.41,0.49,0.26,0.345,0.325,0.52,3,0.465,0.49,0.545,15,4589.337356999999,2,1
0.515,0.375,0.235,0.135,0.075,0.015,0.035,0.02,0.005,0.005,1,0.515,0.02,0.005,15,2264.6088279999994,2,0
0.485,0.455,0.385,0.385,0.315,0.315,0.325,0.29,0.38,0.195,2,0.585,0.405,0.225,15,2797.816132000001,2,0
0.505,0.665,0.625,0.635,0.8,0.925,0.945,0.965,0.975,0.995,0,0.585,0.895,0.995,15,1345.286388,2,1
0.54,0.765,0.735,0.845,0.895,0.865,0.925,0.985,0.985,0.995,0,0.685,0.905,0.995,15,3893.337399,2,1
0.54,0.745,0.505,0.225,0.235,0.305,0.39,0.135,0.035,0.065,1,0.715,0.325,0.025,15,3155.139530000001,2,0
0.485,0.275,0.225,0.125,0.105,0.075,0.045,0.005,0.005,0.005,0,0.325,0.075,0.005,15,3068.8156019999997,2,0
0.445,0.525,0.495,0.445,0.345,0.265,0.255,0.165,0.23,0.185,2,0.565,0.445,0.115,15,2977.358265999999,2,1
0.485,0.705,0.805,0.795,0.815,0.905,0.795,0.835,0.675,0.75,1,0.645,0.825,0.615,15,2071.4266319999992,2,1
0.495,0.675,0.615,0.465,0.255,0.405,0.475,0.385,0.445,0.52,5,0.555,0.515,0.45,15,3058.783396999999,2,1
0.485,0.845,0.845,0.885,0.9,0.975,0.975,0.985,0.995,0.995,1,0.625,0.965,0.995,15,3392.7388770000002,2,1
0.585,0.55,0.675,0.435,0.505,0.965,0.955,0.985,0.995,0.995,4,0.435,0.905,0.995,15,6398.132214,2,1
0.585,0.555,0.355,0.185,0.135,0.045,0.025,0.015,0.005,0.005,1,0.555,0.105,0.005,15,3780.4109979999994,2,0
0.435,0.105,0.145,0.11,0.065,0.085,0.075,0.06,0.085,0.005,0,0.055,0.065,0.015,15,10373.801609999982,2,0
0.51,0.54,0.325,0.215,0.14,0.055,0.015,0.005,0.005,0.375,1,0.595,0.065,0.005,15,11855.375138000007,2,1
0.45,0.775,0.715,0.555,0.445,0.715,0.735,0.395,0.725,0.285,6,0.67,0.445,0.485,15,2424.232859,2,0
0.455,0.635,0.685,0.625,0.605,0.855,0.925,0.965,0.995,0.995,1,0.565,0.845,0.995,15,1921.1739030000003,2,1
0.495,0.775,0.835,0.855,0.865,0.795,0.775,0.165,0.09,0.015,2,0.76,0.925,0.055,15,3573.3162529999995,2,0
0.495,0.475,0.325,0.22,0.145,0.09,0.18,0.115,0.2,0.005,0,0.465,0.105,0.015,15,1752.082449,2,0
0.59,0.56,0.425,0.665,0.795,0.575,0.805,0.875,0.87,0.97,4,0.445,0.725,0.88,15,5705.995547,2,1
0.555,0.375,0.265,0.125,0.085,0.035,0.015,0.005,0.005,0.0015,1,0.465,0.055,0.005,15,3987.1555019999996,2,0
0.535,0.515,0.455,0.17,0.225,0.18,0.385,0.42,0.465,0.025,1,0.645,0.13,0.055,15,5608.554534000005,2,0
0.475,0.625,0.575,0.305,0.385,0.07,0.08,0.045,0.015,0.005,2,0.595,0.21,0.005,15,5929.170552999999,2,0
0.525,0.595,0.635,0.755,0.805,0.805,0.9,0.945,0.995,0.995,2,0.475,0.705,0.995,15,2229.197770999999,2,1
0.4,0.345,0.495,0.335,0.205,0.04,0.065,0.015,0.005,0.005,0,0.345,0.04,0.005,15,2122.3042449999994,2,0
0.505,0.57,0.795,0.935,0.97,0.985,0.995,0.9985,0.9985,0.9995,2,0.455,0.98,0.9985,15,4795.625187000001,2,1
0.565,0.695,0.675,0.575,0.745,0.945,0.935,0.965,0.945,0.995,0,0.615,0.9,0.985,15,2685.7777079999996,2,1
0.505,0.305,0.275,0.095,0.165,0.085,0.115,0.09,0.11,0.015,1,0.295,0.185,0.165,15,3260.837118000001,2,0
0.52,0.475,0.565,0.495,0.555,0.535,0.645,0.74,0.835,0.965,6,0.475,0.405,0.895,15,2551.267946999999,2,1
0.64,0.42,0.54,0.1,0.145,0.165,0.2,0.035,0.025,0.005,3,0.325,0.185,0.015,15,3661.535750000001,2,0
0.46,0.4,0.225,0.305,0.385,0.635,0.695,0.755,0.74,0.08,2,0.4,0.57,0.765,15,3696.654318000001,2,0
0.505,0.605,0.41,0.565,0.58,0.915,0.865,0.855,0.955,0.975,2,0.54,0.855,0.98,15,2319.6027350000004,2,1
0.435,0.295,0.195,0.05,0.015,0.015,0.015,0.005,0.005,0.0035,0,0.375,0.015,0.005,15,5253.557183000001,2,0
0.44,0.435,0.375,0.295,0.275,0.155,0.155,0.075,0.165,0.005,0,0.345,0.195,0.015,15,2153.4046500000004,2,0
0.46,0.73,0.9,0.945,0.835,0.955,0.96,0.9895,0.985,0.9995,1,0.645,0.895,0.996,15,3909.867968,2,1
0.485,0.335,0.225,0.335,0.33,0.14,0.11,0.385,0.52,0.925,1,0.475,0.455,0.935,15,5633.83163,2,1
0.62,0.445,0.505,0.515,0.46,0.315,0.315,0.065,0.035,0.02,5,0.325,0.505,0.265,15,1931.7914979999996,2,0
0.58,0.435,0.36,0.455,0.47,0.34,0.36,0.035,0.065,0.005,3,0.505,0.525,0.005,15,3585.9057350000003,2,0
0.43,0.375,0.595,0.58,0.365,0.125,0.165,0.325,0.105,0.015,2,0.495,0.32,0.06,15,2806.626446999999,2,0
0.555,0.575,0.525,0.845,0.945,0.945,0.89,0.625,0.36,0.005,1,0.55,0.945,0.025,15,3239.470085,2,0
0.58,0.575,0.475,0.305,0.23,0.355,0.115,0.025,0.365,0.33,1,0.61,0.365,0.365,15,4109.797935999999,2,0
0.68,0.595,0.555,0.565,0.415,0.205,0.025,0.02,0.01,0.005,1,0.665,0.315,0.005,15,2887.1200840000006,2,0
0.455,0.46,0.375,0.295,0.135,0.24,0.185,0.13,0.015,0.005,2,0.605,0.345,0.015,15,2674.862580999999,2,0
0.51,0.475,0.645,0.785,0.785,0.845,0.765,0.995,0.995,0.995,2,0.44,0.785,0.995,15,6594.130622999999,2,1
0.55,0.64,0.575,0.585,0.625,0.415,0.47,0.765,0.91,0.935,2,0.585,0.395,0.905,15,6463.919818000002,2,1
0.505,0.355,0.545,0.6,0.675,0.875,0.885,0.915,0.94,0.17,3,0.47,0.825,0.685,15,6686.147902,2,0
0.505,0.275,0.325,0.425,0.355,0.245,0.205,0.395,0.705,0.805,4,0.485,0.395,0.405,15,5113.754579,2,1
0.535,0.34,0.505,0.72,0.675,0.865,0.785,0.675,0.61,0.44,3,0.29,0.855,0.51,15,3876.632256000001,2,0
0.515,0.295,0.175,0.485,0.53,0.525,0.415,0.12,0.09,0.03,3,0.385,0.565,0.035,15,3179.7385380000005,2,0
0.53,0.455,0.495,0.325,0.335,0.265,0.34,0.41,0.155,0.055,3,0.505,0.275,0.225,15,3284.6394960000007,2,0
0.555,0.665,0.74,0.615,0.665,0.72,0.745,0.945,0.875,0.31,1,0.685,0.645,0.895,15,3614.0338139999994,2,0
0.695,0.665,0.78,0.78,0.755,0.185,0.145,0.145,0.115,0.015,1,0.585,0.28,0.055,15,3439.336269000004,2,0
0.535,0.655,0.735,0.825,0.745,0.585,0.275,0.1,0.12,0.03,1,0.545,0.775,0.045,15,4674.8155240000015,2,0
0.485,0.485,0.305,0.415,0.315,0.365,0.265,0.385,0.175,0.005,2,0.515,0.345,0.015,15,2027.0387450000005,2,0
0.52,0.475,0.425,0.265,0.435,0.675,0.505,0.425,0.31,0.165,3,0.575,0.54,0.135,15,4732.446907000004,2,0
0.3,0.63,0.55,0.755,0.425,0.46,0.425,0.81,0.47,0.12,6,0.545,0.555,0.325,15,2373.1669049999987,2,0
0.445,0.485,0.365,0.845,0.86,0.945,0.98,0.9895,0.9975,0.998,1,0.325,0.915,0.9975,15,3729.0911149999997,2,1
0.425,0.735,0.81,0.79,0.84,0.905,0.935,0.995,0.995,0.995,1,0.645,0.85,0.995,15,2882.0590969999994,2,1
0.525,0.57,0.635,0.73,0.895,0.865,0.895,0.915,0.93,0.995,0,0.56,0.915,0.935,15,3081.133232000001,2,1
0.495,0.46,0.515,0.645,0.57,0.555,0.705,0.625,0.775,0.815,1,0.45,0.555,0.805,15,4269.426499000002,2,0
0.57,0.69,0.715,0.74,0.895,0.885,0.975,0.995,0.995,0.995,0,0.62,0.805,0.995,15,2948.5100100000013,2,1
0.495,0.325,0.375,0.045,0.015,0.015,0.015,0.005,0.005,0.005,0,0.365,0.035,0.005,15,3320.431011999998,2,0
0.51,0.595,0.525,0.625,0.505,0.68,0.665,0.835,0.735,0.835,4,0.595,0.49,0.625,15,2176.5800510000004,2,1
0.46,0.72,0.84,0.915,0.985,0.985,0.98,0.995,0.995,0.9995,1,0.72,0.985,0.995,15,4952.083996999998,2,1
0.51,0.635,0.735,0.72,0.565,0.29,0.155,0.04,0.045,0.005,1,0.63,0.28,0.035,15,3879.4260540000005,2,0
0.465,0.285,0.24,0.045,0.135,0.045,0.025,0.035,0.025,0.0005,0,0.485,0.045,0.006,15,4914.710081000001,2,0
0.49,0.68,0.795,0.88,0.905,0.945,0.975,0.985,0.995,0.9985,1,0.585,0.94,0.995,15,4094.8001810000023,2,1
0.505,0.57,0.665,0.695,0.605,0.415,0.255,0.695,0.695,0.995,2,0.505,0.445,0.935,15,3490.997084,2,1
0.48,0.315,0.355,0.175,0.075,0.18,0.17,0.235,0.125,0.135,0,0.23,0.105,0.305,15,7134.759765000003,2,0
0.475,0.62,0.825,0.89,0.805,0.425,0.535,0.555,0.325,0.045,4,0.515,0.525,0.435,15,7449.316032000008,2,0
0.6,0.735,0.73,0.685,0.855,0.985,0.98,0.995,0.995,0.9995,0,0.715,0.95,0.995,15,3147.5832450000025,2,1
0.425,0.095,0.125,0.17,0.09,0.1,0.015,0.015,0.005,0.005,0,0.215,0.07,0.005,15,3788.7499440000015,2,0
0.495,0.585,0.515,0.375,0.405,0.185,0.295,0.265,0.145,0.005,2,0.66,0.235,0.2,15,2483.3885860000005,2,0
0.51,0.375,0.405,0.455,0.47,0.255,0.15,0.105,0.045,0.005,1,0.33,0.415,0.035,15,4314.313329000001,2,0
0.365,0.585,0.465,0.615,0.58,0.435,0.505,0.015,0.005,0.005,6,0.625,0.555,0.0055,15,5201.373539000002,2,0
0.485,0.575,0.445,0.375,0.625,0.735,0.76,0.74,0.825,0.905,3,0.605,0.715,0.895,15,2961.3741890000006,2,0
0.46,0.445,0.585,0.775,0.885,0.59,0.835,0.665,0.775,0.7,1,0.455,0.935,0.875,15,2558.2309699999987,2,1
0.505,0.48,0.38,0.28,0.195,0.09,0.07,0.065,0.7,0.695,2,0.42,0.175,0.7,15,6059.938496,2,0
0.3,0.4,0.345,0.155,0.08,0.045,0.05,0.02,0.005,0.005,2,0.515,0.045,0.005,15,3469.29301,2,0
0.495,0.585,0.67,0.775,0.75,0.855,0.875,0.965,0.955,0.995,1,0.65,0.885,0.985,15,2147.8021189999995,2,1
0.56,0.36,0.385,0.45,0.355,0.455,0.545,0.835,0.955,0.995,4,0.555,0.57,0.98,15,2046.7862479999992,2,1
0.68,0.615,0.39,0.465,0.605,0.88,0.835,0.875,0.795,0.985,2,0.54,0.705,0.985,15,1892.4316079999996,2,1
0.445,0.345,0.395,0.31,0.23,0.415,0.445,0.1,0.11,0.095,0,0.345,0.22,0.275,15,2291.3914670000004,2,0
0.525,0.365,0.245,0.255,0.5,0.795,0.785,0.555,0.955,0.985,2,0.555,0.725,0.955,15,3702.7856259999994,2,1
0.725,0.375,0.48,0.535,0.67,0.21,0.115,0.055,0.045,0.005,3,0.375,0.615,0.035,15,2600.174676,2,0
0.505,0.395,0.165,0.14,0.1,0.06,0.11,0.05,0.015,0.005,1,0.45,0.135,0.005,15,2327.2637019999997,2,0
0.565,0.635,0.595,0.655,0.71,0.29,0.19,0.155,0.025,0.005,3,0.395,0.365,0.02,15,1809.618022999999,2,0
0.45,0.545,0.695,0.61,0.645,0.785,0.755,0.93,0.995,0.995,1,0.425,0.815,0.995,15,4805.853421999997,2,0
0.435,0.395,0.275,0.175,0.135,0.175,0.41,0.77,0.675,0.905,3,0.585,0.07,0.665,15,2903.071063,2,1
0.485,0.775,0.84,0.62,0.715,0.845,0.9,0.965,0.975,0.985,1,0.555,0.785,0.985,15,3504.5716640000014,2,1
0.43,0.615,0.725,0.705,0.75,0.555,0.985,0.885,0.92,0.805,1,0.615,0.865,0.7415,15,6384.200032999999,2,1
0.325,0.225,0.29,0.175,0.365,0.4,0.47,0.245,0.275,0.005,0,0.335,0.395,0.015,15,4446.371242000002,2,0
0.585,0.58,0.605,0.16,0.145,0.525,0.575,0.975,0.975,0.9995,2,0.61,0.395,0.995,15,5240.815859000001,2,1
0.59,0.595,0.675,0.685,0.665,0.775,0.89,0.985,0.985,0.995,4,0.485,0.685,0.995,15,2539.664944,2,1
0.485,0.34,0.275,0.065,0.035,0.055,0.035,0.025,0.005,0.005,0,0.485,0.045,0.005,15,2276.368927,2,0
0.495,0.445,0.685,0.725,0.765,0.865,0.85,0.945,0.995,0.995,1,0.445,0.825,0.995,15,2123.7195949999996,2,1
0.495,0.055,0.095,0.08,0.055,0.015,0.015,0.011,0.006,0.0005,0,0.345,0.02,0.0005,15,5471.677796,2,0
0.695,0.135,0.105,0.145,0.065,0.11,0.07,0.185,0.055,0.885,2,0.25,0.055,0.16,15,3300.2654829999997,2,1
0.49,0.485,0.545,0.335,0.275,0.49,0.515,0.73,0.6,0.955,5,0.595,0.455,0.865,15,3752.207651999999,2,1
0.545,0.535,0.385,0.135,0.155,0.175,0.245,0.735,0.675,0.685,4,0.475,0.205,0.715,15,4059.8571409999986,2,0
0.52,0.225,0.145,0.19,0.15,0.115,0.095,0.04,0.025,0.005,1,0.19,0.12,0.015,15,2472.4387500000003,2,0
0.515,0.555,0.575,0.475,0.39,0.315,0.245,0.21,0.175,0.005,3,0.405,0.245,0.025,15,2269.1934170000004,2,0
0.465,0.445,0.265,0.25,0.08,0.04,0.025,0.005,0.006,0.0005,0,0.48,0.1,0.0055,15,3908.9955010000003,2,0
0.455,0.415,0.365,0.535,0.82,0.62,0.5,0.385,0.715,0.885,5,0.51,0.795,0.85,15,4519.7497090000015,2,1
0.455,0.595,0.485,0.265,0.265,0.325,0.195,0.28,0.225,0.925,3,0.435,0.325,0.035,15,5579.917717000002,2,1
0.465,0.945,0.935,0.965,0.97,0.965,0.975,0.98,0.975,0.9895,1,0.855,0.965,0.984,15,4716.493608000001,2,1
0.385,0.245,0.165,0.15,0.03,0.025,0.02,0.005,0.005,0.005,0,0.365,0.035,0.005,15,3370.499561000003,2,0
0.505,0.715,0.78,0.805,0.895,0.945,0.97,0.995,0.995,0.995,0,0.625,0.945,0.995,15,2707.1849510000006,2,1
0.535,0.745,0.835,0.905,0.915,0.935,0.795,0.945,0.965,0.961,0,0.775,0.945,0.63,15,5439.508015000005,2,1
0.415,0.485,0.52,0.38,0.37,0.355,0.255,0.03,0.015,0.0025,2,0.375,0.435,0.015,15,3213.067052,2,0
0.7,0.93,0.845,0.93,0.965,0.985,0.985,0.99,0.985,0.999,0,0.95,0.975,0.99,15,13213.677211000004,2,1
0.465,0.585,0.535,0.595,0.405,0.37,0.545,0.115,0.065,0.005,6,0.675,0.525,0.005,15,5723.819287999997,2,0
0.555,0.805,0.835,0.74,0.76,0.895,0.925,0.76,0.715,0.985,0,0.575,0.845,0.955,15,5007.0059329999995,2,1
0.575,0.505,0.425,0.43,0.645,0.61,0.665,0.1,0.005,0.005,7,0.445,0.645,0.0055,15,3190.388771999999,2,0
0.44,0.705,0.7,0.805,0.765,0.665,0.85,0.945,0.995,0.995,1,0.565,0.7,0.995,15,3368.6871979999996,2,1
0.445,0.535,0.635,0.9,0.875,0.905,0.945,0.965,0.985,0.995,1,0.545,0.875,0.995,15,1951.7099729999998,2,1
0.545,0.365,0.755,0.815,0.875,0.855,0.945,0.945,0.945,0.885,2,0.365,0.855,0.945,15,7844.333144,2,1
0.545,0.615,0.585,0.195,0.085,0.12,0.17,0.06,0.04,0.005,1,0.505,0.07,0.015,15,1860.7429529999993,2,0
0.615,0.525,0.425,0.745,0.775,0.605,0.585,0.475,0.415,0.015,3,0.625,0.575,0.09,15,2777.021493000001,2,0
0.515,0.615,0.515,0.355,0.305,0.205,0.2,0.055,0.055,0.01,1,0.54,0.27,0.015,15,2958.4296430000004,2,0
0.48,0.445,0.505,0.495,0.675,0.795,0.82,0.825,0.735,0.775,3,0.445,0.835,0.705,15,2238.2172969999997,2,1
0.475,0.36,0.285,0.245,0.085,0.295,0.235,0.195,0.025,0.005,0,0.42,0.31,0.005,15,2237.745562,2,0
0.505,0.66,0.425,0.445,0.24,0.415,0.515,0.52,0.275,0.015,5,0.485,0.315,0.23,15,2372.6414539999996,2,0
0.555,0.23,0.375,0.425,0.455,0.635,0.515,0.585,0.675,0.975,4,0.375,0.485,0.675,15,2327.6705889999994,2,1
0.505,0.47,0.655,0.645,0.36,0.35,0.395,0.575,0.565,0.64,6,0.485,0.27,0.065,15,4124.072596000001,2,0
0.48,0.655,0.77,0.825,0.835,0.975,0.985,0.9955,0.9975,0.9995,1,0.695,0.87,0.9975,15,4080.634308,2,1
0.495,0.515,0.485,0.71,0.58,0.345,0.43,0.705,0.745,0.345,6,0.485,0.375,0.57,15,3762.8014289999996,2,1
0.295,0.25,0.265,0.235,0.185,0.145,0.135,0.065,0.055,0.005,0,0.35,0.15,0.005,15,1897.954438,2,0
0.455,0.265,0.205,0.105,0.15,0.065,0.165,0.08,0.085,0.015,0,0.38,0.08,0.205,15,2182.892217,2,0
0.44,0.265,0.37,0.495,0.505,0.74,0.725,0.775,0.875,0.915,1,0.455,0.705,0.93,15,2616.773849,2,1
0.515,0.335,0.435,0.405,0.15,0.245,0.355,0.225,0.375,0.82,2,0.515,0.125,0.595,15,3073.090453999999,2,1
0.48,0.47,0.545,0.745,0.695,0.785,0.805,0.505,0.485,0.655,3,0.47,0.665,0.41,15,3497.108613999998,2,0
0.445,0.405,0.375,0.305,0.315,0.455,0.335,0.365,0.315,0.145,2,0.57,0.26,0.195,15,4122.759940999998,2,0
0.525,0.81,0.915,0.755,0.89,0.935,0.945,0.985,0.98,0.988,0,0.81,0.915,0.98,15,2766.5902669999996,2,1
0.635,0.755,0.755,0.795,0.895,0.955,0.975,0.9975,0.996,0.9985,0,0.805,0.93,0.996,15,2342.920794,2,1
0.54,0.51,0.485,0.325,0.125,0.175,0.18,0.215,0.095,0.015,1,0.505,0.125,0.205,15,2903.854325000001,2,0
0.48,0.385,0.515,0.645,0.56,0.615,0.825,0.985,0.9955,0.9955,1,0.37,0.565,0.9945,15,5108.319452999999,2,1
0.52,0.465,0.365,0.485,0.435,0.35,0.385,0.4,0.405,0.015,3,0.535,0.3,0.295,15,5577.484276999995,2,0
0.505,0.47,0.505,0.545,0.375,0.425,0.385,0.325,0.335,0.025,3,0.47,0.435,0.13,15,3584.888805999999,2,0
0.52,0.4,0.345,0.37,0.385,0.365,0.225,0.07,0.035,0.015,1,0.415,0.205,0.02,15,3099.832709,2,0
0.485,0.18,0.135,0.11,0.075,0.025,0.015,0.0015,0.0015,0.0005,0,0.325,0.07,0.0015,15,3755.831765000002,2,0
0.515,0.435,0.335,0.35,0.625,0.715,0.855,0.805,0.855,0.9895,2,0.43,0.565,0.975,15,2723.1907249999977,2,1
0.545,0.185,0.245,0.255,0.295,0.25,0.285,0.38,0.19,0.275,1,0.385,0.285,0.11,15,4851.066029000003,2,1
0.56,0.435,0.235,0.135,0.09,0.425,0.665,0.515,0.325,0.04,3,0.37,0.225,0.335,15,3823.3303180000016,2,0
0.525,0.465,0.56,0.465,0.205,0.295,0.245,0.125,0.02,0.005,3,0.455,0.135,0.015,15,2498.3907420000005,2,0
0.48,0.435,0.455,0.5,0.565,0.825,0.675,0.245,0.28,0.245,2,0.455,0.615,0.44,15,4481.090376000002,2,1
0.52,0.86,0.895,0.845,0.835,0.965,0.965,0.978,0.8895,0.9715,0,0.75,0.925,0.975,15,2716.608277999999,2,1
0.48,0.63,0.705,0.48,0.315,0.16,0.075,0.025,0.035,0.005,2,0.695,0.325,0.025,15,2375.0518599999996,2,0
0.68,0.495,0.655,0.875,0.825,0.82,0.685,0.925,0.9,0.995,2,0.535,0.855,0.97,15,3927.809858,2,1
0.575,0.23,0.105,0.105,0.09,0.045,0.025,0.025,0.1105,0.0245,1,0.355,0.075,0.1105,15,5345.638442999995,2,0
0.495,0.625,0.795,0.915,0.96,0.995,0.995,0.995,0.9955,0.9995,1,0.68,0.985,0.996,15,4173.830848,2,1
0.525,0.645,0.795,0.535,0.215,0.1,0.07,0.115,0.02,0.07,1,0.525,0.185,0.175,15,4185.524619999999,2,0
0.46,0.385,0.545,0.435,0.395,0.605,0.665,0.515,0.595,0.885,5,0.46,0.395,0.675,15,2218.4912069999996,2,1
0.48,0.625,0.645,0.725,0.765,0.77,0.845,0.815,0.975,0.995,1,0.545,0.775,0.9865,15,3885.3268109999995,2,1
0.295,0.645,0.595,0.65,0.71,0.705,0.695,0.745,0.785,0.955,1,0.67,0.585,0.875,15,2301.2834220000013,2,1
0.465,0.555,0.7,0.645,0.805,0.895,0.93,0.965,0.975,0.995,1,0.345,0.825,0.9945,15,2877.9198810000007,2,1
0.53,0.515,0.475,0.475,0.43,0.285,0.18,0.025,0.0055,0.0005,1,0.515,0.31,0.0045,15,2183.480815,2,0
0.505,0.515,0.675,0.755,0.835,0.915,0.94,0.995,0.995,0.9995,0,0.54,0.875,0.9965,15,4524.348960999999,2,1
0.55,0.635,0.815,0.855,0.875,0.93,0.145,0.525,0.225,0.005,3,0.665,0.885,0.065,15,6637.7904950000075,2,0
0.495,0.665,0.315,0.545,0.345,0.455,0.425,0.515,0.525,0.085,6,0.53,0.425,0.525,15,2426.9352280000003,2,0
0.505,0.635,0.595,0.495,0.505,0.375,0.375,0.335,0.225,0.005,5,0.465,0.57,0.035,15,2587.140934,2,0
0.505,0.525,0.345,0.835,0.825,0.755,0.585,0.305,0.125,0.505,4,0.515,0.835,0.365,15,5003.732401000004,2,1
0.495,0.315,0.155,0.07,0.055,0.005,0.0055,0.001,0.001,0.0005,0,0.315,0.025,0.0005,15,2534.6921300000004,2,0
0.515,0.35,0.21,0.21,0.28,0.555,0.73,0.665,0.845,0.98,2,0.345,0.305,0.875,15,3468.957327000001,2,1
0.43,0.61,0.585,0.815,0.695,0.62,0.915,0.945,0.945,0.995,1,0.61,0.675,0.995,15,2892.731793000001,2,1
0.44,0.385,0.25,0.315,0.325,0.46,0.445,0.415,0.51,0.805,1,0.47,0.44,0.865,15,3143.5189720000003,2,1
0.545,0.59,0.725,0.78,0.865,0.985,0.985,0.9985,0.994,0.9995,0,0.535,0.915,0.9965,15,3270.723107,2,1
0.505,0.505,0.705,0.785,0.775,0.86,0.89,0.9,0.955,0.965,0,0.505,0.875,0.845,15,2152.2254800000014,2,1
0.505,0.41,0.355,0.11,0.235,0.015,0.005,0.0015,0.0025,0.0005,1,0.435,0.055,0.0025,15,5882.078174,2,0
0.445,0.525,0.275,0.255,0.295,0.435,0.445,0.745,0.76,0.945,3,0.465,0.305,0.745,15,3614.5126659999983,2,1
0.46,0.325,0.395,0.295,0.235,0.535,0.565,0.5,0.41,0.745,3,0.45,0.43,0.415,15,4240.309341999998,2,0
0.565,0.455,0.525,0.405,0.505,0.51,0.495,0.08,0.04,0.005,5,0.455,0.59,0.005,15,1849.6700949999995,2,0
0.435,0.5,0.535,0.655,0.75,0.525,0.615,0.445,0.715,0.28,4,0.485,0.665,0.665,15,3026.308477000002,2,0
0.445,0.3,0.345,0.315,0.335,0.575,0.61,0.595,0.72,0.945,1,0.48,0.305,0.715,15,3511.1028519999986,2,1
0.515,0.51,0.47,0.605,0.645,0.81,0.865,0.825,0.89,0.995,2,0.565,0.825,0.965,15,3059.155232,2,1
0.52,0.215,0.28,0.185,0.1,0.125,0.145,0.25,0.175,0.005,1,0.305,0.095,0.035,15,1725.0288269999994,2,0
0.435,0.645,0.6,0.6,0.615,0.445,0.425,0.845,0.815,0.975,3,0.595,0.595,0.92,15,2774.8054579999975,2,1
0.685,0.815,0.685,0.655,0.605,0.785,0.855,0.965,0.975,0.995,0,0.725,0.685,0.985,15,2525.6855069999992,2,1
0.52,0.52,0.585,0.345,0.335,0.38,0.335,0.16,0.015,0.0045,3,0.495,0.29,0.015,15,4392.577363999998,2,0
0.56,0.275,0.295,0.135,0.055,0.12,0.1,0.005,0.005,0.005,1,0.375,0.135,0.005,15,5372.961817,2,0
0.51,0.415,0.495,0.495,0.605,0.675,0.535,0.49,0.6,0.255,7,0.495,0.655,0.465,15,6376.217903000001,2,1
0.495,0.745,0.7,0.765,0.665,0.715,0.675,0.735,0.865,0.675,1,0.605,0.655,0.795,15,4219.450347,2,1
0.51,0.435,0.705,0.79,0.815,0.935,0.895,0.985,0.985,0.9985,2,0.435,0.905,0.985,15,4134.4277520000005,2,1
0.475,0.535,0.53,0.545,0.705,0.205,0.195,0.055,0.015,0.005,4,0.615,0.655,0.015,15,4715.939943999999,2,0
0.455,0.495,0.575,0.35,0.42,0.285,0.27,0.585,0.885,0.985,3,0.35,0.405,0.965,15,3408.260960999997,2,1
0.535,0.525,0.165,0.375,0.455,0.365,0.275,0.28,0.4,0.255,1,0.565,0.385,0.445,15,3624.748503999998,2,0
0.495,0.375,0.23,0.44,0.215,0.225,0.265,0.275,0.125,0.005,0,0.375,0.355,0.03,15,2259.5247009999994,2,0
0.56,0.35,0.29,0.285,0.24,0.205,0.265,0.025,0.085,0.005,1,0.36,0.2,0.015,15,1959.826976,2,0
0.5,0.25,0.195,0.11,0.065,0.04,0.015,0.009,0.0055,0.0045,1,0.425,0.055,0.0055,15,11272.605453999997,2,0
0.49,0.775,0.825,0.635,0.85,0.945,0.965,0.985,0.995,0.9985,1,0.695,0.87,0.995,15,3968.3340339999995,2,1
0.43,0.28,0.235,0.2,0.115,0.045,0.025,0.045,0.025,0.005,0,0.315,0.075,0.005,15,8199.645495,2,0
0.575,0.575,0.745,0.86,0.765,0.795,0.795,0.965,0.985,0.997,0,0.545,0.875,0.9985,15,4491.082579999999,2,1
0.59,0.375,0.505,0.48,0.36,0.425,0.37,0.28,0.375,0.255,3,0.385,0.215,0.215,15,2986.0720650000007,2,0
0.565,0.66,0.62,0.685,0.775,0.65,0.865,0.905,0.945,0.9895,0,0.525,0.595,0.946,15,3956.0972080000006,2,1
0.575,0.505,0.43,0.195,0.155,0.025,0.05,0.045,0.015,0.005,3,0.445,0.065,0.015,15,3680.0949780000014,2,0
0.495,0.59,0.705,0.785,0.725,0.3,0.235,0.185,0.205,0.005,2,0.475,0.525,0.025,15,2597.6656680000006,2,0
0.5,0.335,0.315,0.425,0.54,0.655,0.695,0.515,0.515,0.135,3,0.405,0.605,0.18,15,2391.995267999999,2,0
0.575,0.185,0.23,0.375,0.185,0.105,0.095,0.07,0.07,0.005,1,0.27,0.07,0.035,15,5255.675523999999,2,0
0.47,0.635,0.715,0.705,0.66,0.855,0.925,0.905,0.985,0.995,1,0.665,0.745,0.995,15,3432.6150699999994,2,1
0.54,0.41,0.5,0.42,0.265,0.285,0.135,0.13,0.005,0.005,3,0.395,0.275,0.005,15,2973.6823870000003,2,0
0.5,0.26,0.285,0.065,0.055,0.0745,0.0695,0.561,0.98,0.9675,2,0.275,0.055,0.9635,15,4407.383052999997,2,1
0.585,0.545,0.625,0.835,0.885,0.945,0.745,0.83,0.885,0.965,2,0.375,0.945,0.965,15,3574.764356000006,2,1
0.575,0.78,0.585,0.335,0.205,0.155,0.175,0.075,0.035,0.015,1,0.705,0.21,0.035,15,3012.787007999999,2,0
0.545,0.625,0.69,0.335,0.235,0.015,0.055,0.02,0.015,0.0105,1,0.6,0.145,0.025,15,3884.907625999998,2,0
0.565,0.47,0.595,0.565,0.605,0.575,0.565,0.6,0.53,0.415,5,0.495,0.435,0.75,15,1613.4923199999996,2,0
0.42,0.195,0.215,0.19,0.24,0.235,0.165,0.14,0.325,0.33,0,0.335,0.24,0.495,15,1898.187207,2,0
0.655,0.39,0.425,0.69,0.5,0.415,0.505,0.87,0.9,0.845,4,0.51,0.545,0.96,15,2222.887834999999,2,1
0.475,0.445,0.58,0.585,0.69,0.865,0.935,0.995,0.995,0.9995,3,0.38,0.805,0.9985,15,3569.011101,2,1
0.56,0.37,0.245,0.155,0.065,0.035,0.015,0.005,0.0025,0.0005,1,0.525,0.055,0.0005,15,5128.201201999999,2,0
0.515,0.145,0.2,0.225,0.22,0.375,0.23,0.07,0.055,0.005,1,0.205,0.365,0.06,15,1680.4769250000004,2,0
0.57,0.435,0.34,0.315,0.385,0.215,0.175,0.06,0.035,0.005,1,0.625,0.395,0.035,15,2352.002011999999,2,0
0.415,0.135,0.03,0.045,0.03,0.0145,0.014,0.003,0.003,0.0005,0,0.135,0.045,0.0015,15,5213.059753000001,2,0
0.46,0.485,0.4,0.355,0.495,0.48,0.47,0.62,0.51,0.875,3,0.495,0.5,0.705,15,2652.720177999999,2,1
0.405,0.445,0.33,0.495,0.725,0.76,0.8,0.92,0.96,0.9985,1,0.335,0.89,0.995,15,4917.577394999998,2,1
0.46,0.42,0.52,0.885,0.885,0.955,0.95,0.945,0.935,0.96,1,0.395,0.925,0.955,15,3319.899817000002,2,1
0.56,0.665,0.735,0.655,0.695,0.83,0.845,0.985,0.985,0.995,0,0.555,0.83,0.9945,15,3802.567466000001,2,1
0.49,0.415,0.335,0.515,0.465,0.825,0.875,0.715,0.845,0.855,3,0.43,0.66,0.58,15,3243.213832,2,1
0.48,0.535,0.77,0.8,0.775,0.89,0.89,0.885,0.885,0.74,1,0.565,0.83,0.78,15,3510.5255709999988,2,1
0.435,0.455,0.465,0.685,0.78,0.84,0.92,0.965,0.985,0.995,1,0.42,0.72,0.9945,15,3683.1449410000005,2,1
0.535,0.475,0.61,0.505,0.585,0.51,0.695,0.69,0.52,0.405,3,0.495,0.505,0.58,15,2526.3370949999985,2,0
0.485,0.4,0.1,0.07,0.035,0.05,0.025,0.015,0.006,0.005,0,0.4,0.04,0.0055,15,4052.0510279999994,2,0
0.46,0.42,0.56,0.595,0.575,0.39,0.395,0.685,0.785,0.95,3,0.42,0.545,0.83,15,1806.9286080000004,2,1
0.505,0.585,0.555,0.73,0.62,0.705,0.735,0.785,0.925,0.92,0,0.55,0.7,0.94,15,1842.0035180000002,2,1
0.53,0.575,0.64,0.615,0.625,0.64,0.645,0.655,0.865,0.845,0,0.535,0.625,0.855,15,1391.0738149999997,2,1
0.46,0.695,0.72,0.86,0.865,0.895,0.88,0.965,0.9575,0.9705,1,0.615,0.795,0.94,15,2980.609249,2,1
0.5,0.285,0.125,0.39,0.23,0.28,0.18,0.1,0.065,0.045,1,0.265,0.29,0.065,15,1836.6037309999992,2,0
0.65,0.56,0.65,0.695,0.625,0.56,0.485,0.625,0.615,0.765,2,0.64,0.585,0.675,15,2523.0420960000006,2,1
0.51,0.575,0.6,0.665,0.76,0.825,0.535,0.065,0.055,0.035,1,0.575,0.775,0.04,15,2228.453287,2,0
0.57,0.505,0.41,0.65,0.78,0.915,0.815,0.755,0.845,0.86,4,0.48,0.875,0.575,15,3157.803856,2,1
0.525,0.28,0.14,0.275,0.41,0.215,0.105,0.07,0.05,0.005,1,0.435,0.32,0.005,15,2572.5256389999995,2,0
0.435,0.415,0.5,0.335,0.575,0.39,0.385,0.6,0.845,0.905,5,0.495,0.495,0.845,15,2094.0256210000002,2,1
0.57,0.405,0.495,0.745,0.645,0.735,0.715,0.905,0.955,0.995,2,0.565,0.605,0.965,15,2214.340793,2,1
0.5,0.5,0.525,0.43,0.375,0.44,0.43,0.525,0.545,0.055,5,0.475,0.445,0.125,15,3219.2292819999993,2,0
0.46,0.215,0.195,0.315,0.23,0.2,0.275,0.335,0.16,0.025,0,0.355,0.215,0.105,15,2216.409151,2,0
0.51,0.445,0.425,0.465,0.365,0.43,0.43,0.085,0.035,0.006,1,0.485,0.385,0.015,15,6227.921498999998,2,1
0.455,0.415,0.675,0.895,0.74,0.905,0.925,0.925,0.985,0.994,1,0.48,0.835,0.994,15,3959.722623999998,2,1
0.565,0.535,0.55,0.615,0.77,0.91,0.87,0.93,0.97,0.998,0,0.605,0.91,0.995,15,3048.8037419999996,2,1
0.435,0.255,0.38,0.26,0.275,0.385,0.425,0.755,0.875,0.915,1,0.47,0.275,0.945,15,2219.7321949999987,2,1
0.46,0.405,0.4,0.495,0.63,0.755,0.795,0.935,0.935,0.985,1,0.465,0.62,0.965,15,2228.450296000001,2,1
0.45,0.565,0.53,0.42,0.41,0.56,0.73,0.59,0.545,0.095,4,0.52,0.43,0.045,15,3014.9020660000006,2,0
0.46,0.385,0.44,0.13,0.09,0.1,0.105,0.165,0.08,0.005,0,0.435,0.13,0.045,15,4460.065419000003,2,0
0.545,0.58,0.9,0.955,0.92,0.815,0.515,0.715,0.62,0.925,0,0.58,0.95,0.59,15,3893.2571259999977,2,1
0.53,0.46,0.395,0.275,0.405,0.43,0.55,0.905,0.985,0.9865,2,0.46,0.435,0.97,15,3977.545903999997,2,1
0.515,0.375,0.275,0.395,0.255,0.41,0.405,0.385,0.355,0.4,1,0.41,0.3,0.355,15,2339.4581959999987,2,0
0.495,0.54,0.515,0.625,0.65,0.675,0.775,0.72,0.96,0.985,1,0.53,0.66,0.96,15,1828.4889120000007,2,1
0.435,0.485,0.515,0.585,0.735,0.805,0.86,0.615,0.335,0.005,2,0.485,0.74,0.025,15,2828.35254,2,0
0.495,0.46,0.41,0.405,0.17,0.075,0.055,0.011,0.01,0.0015,0,0.48,0.18,0.0015,15,3539.652296999999,2,0
0.435,0.535,0.635,0.695,0.645,0.755,0.915,0.985,0.995,0.9975,1,0.53,0.745,0.9965,15,3932.547612,2,1
0.565,0.705,0.855,0.945,0.945,0.94,0.855,0.965,0.965,0.975,0,0.63,0.875,0.955,15,3709.0251949999997,2,1
0.565,0.375,0.425,0.285,0.285,0.15,0.115,0.065,0.045,0.015,1,0.645,0.275,0.035,15,2513.102811,2,0
0.545,0.515,0.405,0.49,0.525,0.555,0.195,0.17,0.18,0.085,3,0.525,0.535,0.115,15,1582.3116609999997,2,0
0.565,0.49,0.54,0.64,0.775,0.865,0.905,0.915,0.965,0.975,2,0.465,0.835,0.945,15,1861.1365679999994,2,1
0.57,0.41,0.37,0.25,0.255,0.655,0.555,0.675,0.635,0.925,2,0.535,0.275,0.725,15,3264.6124419999996,2,1
0.43,0.335,0.335,0.175,0.21,0.225,0.215,0.14,0.335,0.075,0,0.335,0.185,0.245,15,1752.7499330000005,2,0
0.53,0.525,0.595,0.665,0.61,0.63,0.725,0.655,0.785,0.265,1,0.55,0.59,0.495,15,1459.192124,2,0
0.515,0.465,0.51,0.665,0.72,0.475,0.145,0.04,0.035,0.005,3,0.435,0.565,0.015,15,3146.0835960000013,2,0
0.525,0.71,0.64,0.61,0.625,0.225,0.27,0.34,0.445,0.835,2,0.63,0.485,0.735,15,2217.9911180000004,2,1
0.45,0.395,0.36,0.545,0.39,0.53,0.545,0.21,0.25,0.105,4,0.455,0.39,0.155,15,2031.408677,2,0
0.535,0.505,0.495,0.38,0.67,0.915,0.905,0.855,0.8,0.68,4,0.505,0.835,0.675,15,2921.4245969999993,2,1
0.545,0.62,0.74,0.765,0.805,0.445,0.5,0.395,0.46,0.945,4,0.515,0.835,0.445,15,2898.835119999999,2,1
0.615,0.505,0.31,0.29,0.195,0.13,0.11,0.135,0.215,0.35,1,0.615,0.185,0.18,15,3398.6298109999984,2,1
0.425,0.475,0.515,0.71,0.78,0.88,0.71,0.615,0.925,0.955,1,0.475,0.84,0.925,15,2887.257536000001,2,1
0.54,0.69,0.775,0.825,0.755,0.755,0.85,0.925,0.93,0.955,0,0.635,0.845,0.96,15,2111.703143,2,1
0.585,0.435,0.505,0.635,0.53,0.755,0.915,0.815,0.295,0.03,5,0.505,0.56,0.12,15,2743.512408999999,2,0
0.495,0.55,0.855,0.935,0.905,0.93,0.965,0.989,0.9945,0.9995,3,0.55,0.93,0.9945,15,3300.6603170000003,2,1
0.445,0.54,0.66,0.78,0.725,0.55,0.505,0.515,0.095,0.035,6,0.54,0.645,0.075,15,3238.6218700000013,2,0
0.46,0.585,0.41,0.415,0.275,0.17,0.28,0.5,0.49,0.475,4,0.61,0.15,0.49,15,1876.1100560000002,2,0
0.57,0.65,0.615,0.765,0.635,0.87,0.825,0.885,0.965,0.995,0,0.585,0.805,0.995,15,2960.0704760000003,2,1
0.535,0.44,0.46,0.425,0.335,0.405,0.605,0.415,0.435,0.07,3,0.535,0.4,0.435,15,2317.0951799999993,2,0
0.46,0.53,0.395,0.74,0.775,0.595,0.535,0.49,0.705,0.995,5,0.5,0.675,0.725,15,4171.4834379999975,2,1
0.48,0.63,0.765,0.865,0.805,0.875,0.915,0.97,0.975,0.9895,1,0.585,0.75,0.985,15,3760.374116,2,1
0.43,0.315,0.195,0.185,0.245,0.465,0.75,0.465,0.52,0.085,4,0.335,0.26,0.24,15,2651.9243919999994,2,1
0.365,0.405,0.455,0.585,0.755,0.755,0.725,0.785,0.945,0.935,3,0.355,0.785,0.495,15,2345.749162000001,2,1
0.4,0.52,0.505,0.425,0.215,0.17,0.155,0.085,0.065,0.025,2,0.4,0.125,0.035,15,2887.4210960000014,2,0
0.455,0.685,0.735,0.85,0.79,0.335,0.355,0.4,0.345,0.63,3,0.595,0.405,0.62,15,3125.496163999997,2,1
0.56,0.305,0.015,0.005,0.02,0.006,0.006,0.005,0.0025,0.0005,1,0.465,0.0105,0.0015,15,7040.163408000003,2,0
0.485,0.355,0.305,0.28,0.24,0.325,0.415,0.43,0.175,0.105,0,0.355,0.305,0.07,15,1578.6841900000006,2,0
0.5,0.755,0.725,0.545,0.55,0.53,0.575,0.765,0.705,0.975,2,0.635,0.465,0.965,15,2601.285941,2,1
0.47,0.53,0.465,0.515,0.245,0.475,0.565,0.44,0.58,0.865,7,0.53,0.4,0.715,15,2489.8783529999996,2,1
0.51,0.615,0.53,0.785,0.71,0.665,0.785,0.82,0.835,0.835,0,0.685,0.62,0.945,15,2476.4165369999996,2,1
0.58,0.735,0.585,0.215,0.31,0.495,0.575,0.765,0.655,0.095,3,0.705,0.48,0.145,15,4604.928399999998,2,0
0.465,0.64,0.73,0.835,0.835,0.675,0.615,0.19,0.075,0.005,2,0.615,0.87,0.025,15,3555.1807870000002,2,0
0.565,0.435,0.555,0.44,0.335,0.145,0.12,0.065,0.06,0.025,3,0.465,0.115,0.035,15,1977.7679609999998,2,0
0.51,0.62,0.465,0.7,0.775,0.465,0.4,0.055,0.055,0.005,3,0.55,0.575,0.005,15,8004.096099,2,0
0.46,0.545,0.6,0.6,0.62,0.575,0.64,0.615,0.575,0.06,2,0.545,0.605,0.525,15,2038.031866999999,2,0
0.535,0.57,0.535,0.495,0.425,0.395,0.425,0.585,0.75,0.915,4,0.475,0.375,0.835,15,3756.349259999999,2,1
0.575,0.255,0.15,0.015,0.025,0.0175,0.0105,0.03,0.0105,0.0025,1,0.315,0.0105,0.0025,15,21399.28850400001,2,0
0.545,0.53,0.595,0.525,0.515,0.265,0.525,0.24,0.17,0.005,3,0.615,0.305,0.085,15,4610.070662,2,0
0.505,0.505,0.615,0.43,0.205,0.37,0.435,0.475,0.48,0.765,2,0.505,0.245,0.65,15,2428.719948,2,1
0.505,0.675,0.795,0.78,0.735,0.595,0.615,0.565,0.785,0.705,0,0.53,0.535,0.785,15,2105.8669290000003,2,1
0.485,0.475,0.485,0.495,0.425,0.55,0.395,0.345,0.205,0.055,4,0.455,0.545,0.225,15,2734.668344,2,0
0.495,0.685,0.745,0.385,0.335,0.395,0.595,0.575,0.665,0.975,3,0.66,0.375,0.625,15,3038.841123999999,2,1
0.555,0.545,0.39,0.175,0.24,0.275,0.305,0.065,0.045,0.005,1,0.545,0.235,0.005,15,3538.285713000001,2,0
0.515,0.585,0.655,0.505,0.545,0.675,0.745,0.875,0.8,0.985,0,0.515,0.535,0.945,15,3506.729486,2,1
0.51,0.445,0.325,0.305,0.155,0.075,0.075,0.035,0.015,0.005,1,0.445,0.115,0.005,15,15703.379437,2,0
0.505,0.365,0.435,0.365,0.175,0.505,0.51,0.545,0.735,0.895,6,0.53,0.29,0.72,15,2688.689448,2,1
0.49,0.455,0.605,0.615,0.56,0.665,0.44,0.62,0.59,0.81,5,0.54,0.685,0.525,15,6807.611731999996,2,1
0.5,0.605,0.455,0.515,0.485,0.475,0.375,0.165,0.435,0.005,3,0.675,0.435,0.06,15,4260.024865000001,2,0
0.54,0.395,0.195,0.045,0.04,0.125,0.115,0.135,0.06,0.005,1,0.415,0.055,0.015,15,3453.790649999998,2,0
0.51,0.725,0.835,0.825,0.775,0.705,0.525,0.725,0.915,0.975,0,0.695,0.525,0.975,15,2883.3261099999995,2,1
0.495,0.425,0.445,0.575,0.445,0.285,0.545,0.745,0.885,0.92,5,0.545,0.365,0.725,15,4606.757715,2,1
0.48,0.595,0.665,0.665,0.81,0.875,0.935,0.925,0.965,0.985,1,0.55,0.93,0.985,15,3803.485815999999,2,1
0.5,0.165,0.485,0.425,0.455,0.145,0.2,0.195,0.265,0.095,1,0.5,0.32,0.375,15,3589.027065000001,2,1
0.68,0.685,0.625,0.6,0.6,0.6,0.6,0.6,0.6,0.66,0,0.64,0.6,0.66,15,255.393946,2,1
0.505,0.495,0.41,0.525,0.565,0.335,0.355,0.075,0.05,0.025,3,0.38,0.215,0.085,15,3134.1290119999976,2,0
0.465,0.565,0.65,0.55,0.745,0.815,0.815,0.945,0.985,0.995,1,0.535,0.83,0.975,15,3158.1705709999987,2,1
0.485,0.44,0.555,0.665,0.825,0.685,0.61,0.485,0.525,0.075,6,0.405,0.805,0.205,15,3594.382441000001,2,0
0.385,0.31,0.205,0.205,0.105,0.26,0.295,0.225,0.61,0.605,1,0.375,0.105,0.745,15,3831.470238999999,2,0
0.625,0.555,0.495,0.675,0.625,0.475,0.705,0.825,0.765,0.725,4,0.675,0.49,0.935,15,5428.3982700000015,2,1
0.455,0.505,0.63,0.635,0.625,0.575,0.555,0.175,0.08,0.035,4,0.5,0.49,0.065,15,3513.1646430000005,2,0
0.77,0.775,0.715,0.335,0.225,0.355,0.545,0.285,0.015,0.01,3,0.775,0.355,0.015,15,12377.609951999988,2,0
0.185,0.06,0.025,0.03,0.015,0.005,0.006,0.0055,0.0015,0.0005,0,0.075,0.015,0.0005,15,8090.201646,2,0
0.515,0.565,0.65,0.685,0.835,0.91,0.945,0.955,0.965,0.96,0,0.525,0.835,0.985,15,5743.183339999999,2,1
0.46,0.56,0.49,0.45,0.435,0.775,0.385,0.415,0.24,0.64,7,0.46,0.375,0.455,15,1761.2917909999994,2,1
0.3,0.595,0.4,0.345,0.345,0.125,0.075,0.1,0.04,0.02,2,0.63,0.225,0.025,15,3036.6673099999994,2,0
0.51,0.805,0.855,0.815,0.745,0.625,0.495,0.275,0.365,0.365,3,0.72,0.725,0.535,15,3147.980600999998,2,1
0.505,0.15,0.135,0.075,0.1,0.095,0.12,0.025,0.035,0.005,1,0.42,0.09,0.005,15,4316.417475000002,2,0
0.545,0.4,0.315,0.24,0.205,0.18,0.145,0.115,0.23,0.39,1,0.4,0.165,0.255,15,2759.1869720000004,2,1
0.575,0.53,0.22,0.3,0.31,0.1,0.035,0.225,0.21,0.3265,1,0.505,0.14,0.236,15,3184.670847999999,2,0
0.505,0.535,0.705,0.875,0.18,0.085,0.065,0.025,0.06,0.0105,3,0.37,0.15,0.015,15,2043.172745,2,0
0.455,0.82,0.82,0.895,0.945,0.975,0.9795,0.9975,0.9945,0.9995,1,0.765,0.945,0.997,15,3680.1447150000013,2,1
0.49,0.405,0.255,0.305,0.835,0.965,0.975,0.985,0.995,0.9985,1,0.415,0.935,0.995,15,5066.619746999999,2,1
0.5,0.565,0.525,0.44,0.585,0.525,0.265,0.895,0.945,0.995,4,0.525,0.595,0.965,15,2597.6199810000003,2,1
0.49,0.67,0.69,0.675,0.72,0.85,0.855,0.965,0.985,0.9985,1,0.745,0.765,0.995,15,3034.0379459999986,2,1
0.535,0.69,0.605,0.285,0.225,0.515,0.495,0.485,0.78,0.975,4,0.52,0.49,0.935,15,2840.6545639999986,2,1
0.58,0.645,0.81,0.705,0.72,0.765,0.765,0.845,0.93,0.9795,0,0.635,0.69,0.935,15,3470.7476199999996,2,1
0.565,0.46,0.325,0.285,0.395,0.425,0.565,0.66,0.685,0.08,5,0.46,0.59,0.5,15,3881.652417999995,2,0
0.575,0.055,0.03,0.025,0.015,0.0055,0.0055,0.0015,0.0015,0.0005,1,0.255,0.0055,0.0015,15,4450.445242,2,0
0.5,0.51,0.355,0.5,0.535,0.535,0.325,0.445,0.115,0.015,5,0.585,0.58,0.105,15,2338.4606429999994,2,0
0.5,0.545,0.465,0.165,0.145,0.055,0.035,0.002,0.0055,0.0005,3,0.475,0.085,0.0055,15,3921.026562,2,0
0.51,0.485,0.335,0.155,0.125,0.015,0.034,0.04,0.0145,0.0005,1,0.53,0.065,0.0015,15,3207.7656349999997,2,0
0.505,0.325,0.265,0.225,0.225,0.375,0.285,0.06,0.22,0.025,1,0.485,0.245,0.035,15,3050.787623999999,2,0
0.51,0.2,0.085,0.105,0.14,0.075,0.065,0.175,0.035,0.005,1,0.38,0.095,0.035,15,4121.844555,2,0
0.5,0.465,0.455,0.42,0.48,0.7,0.815,0.875,0.685,0.125,3,0.61,0.69,0.78,15,3384.929888,2,0
0.495,0.56,0.455,0.62,0.3,0.275,0.31,0.51,0.13,0.035,6,0.56,0.455,0.13,15,1897.4849419999991,2,0
0.465,0.385,0.48,0.665,0.695,0.745,0.435,0.065,0.015,0.005,2,0.435,0.7,0.005,15,2743.6746900000003,2,0
0.505,0.775,0.72,0.655,0.825,0.675,0.82,0.795,0.795,0.08,1,0.635,0.835,0.505,15,3078.2508319999984,2,0
0.515,0.3,0.355,0.06,0.065,0.06,0.03,0.005,0.005,0.005,1,0.425,0.04,0.005,15,5644.343203,2,0
0.485,0.67,0.82,0.845,0.795,0.63,0.675,0.83,0.955,0.995,1,0.535,0.675,0.885,15,4581.158357999999,2,1
0.54,0.185,0.225,0.065,0.08,0.025,0.015,0.01,0.005,0.0005,1,0.255,0.035,0.005,15,3344.533771000001,2,0
0.49,0.335,0.455,0.56,0.695,0.735,0.775,0.775,0.735,0.075,2,0.415,0.825,0.145,15,7545.580295000004,2,0
0.5,0.225,0.165,0.065,0.055,0.005,0.005,0.005,0.005,0.0055,1,0.345,0.01,0.0015,15,8833.546356,2,1
0.485,0.325,0.225,0.165,0.075,0.115,0.095,0.09,0.025,0.0055,2,0.505,0.125,0.015,15,3649.4576159999997,2,0
0.49,0.535,0.725,0.8,0.94,0.975,0.995,0.995,0.995,0.9995,1,0.535,0.945,0.9995,15,3507.7020640000014,2,1
0.465,0.375,0.37,0.83,0.925,0.895,0.855,0.965,0.975,0.995,1,0.43,0.925,0.975,15,3494.708761999998,2,1
0.455,0.795,0.725,0.945,0.975,0.985,0.985,0.9975,0.9985,0.9995,1,0.735,0.97,0.9995,15,6601.554663000002,2,1
0.495,0.59,0.76,0.795,0.925,0.965,0.985,0.995,0.9945,0.9995,1,0.59,0.945,0.995,15,3313.1592880000003,2,1
0.485,0.545,0.495,0.375,0.075,0.14,0.195,0.035,0.02,0.005,2,0.51,0.075,0.03,15,4140.532160999998,2,0
0.455,0.585,0.355,0.115,0.145,0.57,0.335,0.405,0.16,0.025,4,0.695,0.385,0.085,15,3081.001829,2,0
0.56,0.55,0.46,0.25,0.555,0.565,0.42,0.71,0.72,0.8,4,0.53,0.545,0.845,15,1993.9048500000004,2,1
0.525,0.44,0.54,0.62,0.695,0.605,0.555,0.88,0.835,0.945,4,0.42,0.47,0.935,15,2862.2105509999997,2,0
0.53,0.52,0.255,0.325,0.24,0.585,0.555,0.525,0.34,0.035,5,0.57,0.475,0.19,15,2860.274747000001,2,0
0.495,0.66,0.565,0.38,0.295,0.195,0.315,0.49,0.405,0.045,4,0.55,0.145,0.15,15,2128.7972169999994,2,0
0.515,0.735,0.765,0.945,0.975,0.975,0.985,0.9985,0.9985,0.9995,0,0.705,0.945,0.9985,15,2956.3599860000004,2,1
0.485,0.395,0.265,0.465,0.475,0.405,0.37,0.075,0.005,0.0005,0,0.495,0.475,0.005,15,2836.874423,2,0
0.48,0.605,0.56,0.67,0.645,0.255,0.135,0.51,0.925,0.73,3,0.63,0.545,0.825,15,3389.964426000001,2,1
0.505,0.515,0.42,0.455,0.44,0.735,0.785,0.92,0.975,0.995,4,0.35,0.37,0.995,15,4530.916746000003,2,1
0.545,0.325,0.265,0.505,0.235,0.055,0.035,0.045,0.047,0.0055,3,0.405,0.185,0.0205,15,4090.1347539999997,2,0
0.515,0.325,0.345,0.485,0.69,0.68,0.635,0.22,0.06,0.005,3,0.51,0.755,0.085,15,4946.023147999999,2,0
0.51,0.56,0.63,0.435,0.52,0.51,0.475,0.33,0.19,0.1,5,0.585,0.7,0.465,15,2514.4430979999993,2,0
0.51,0.645,0.745,0.925,0.945,0.97,0.975,0.989,0.99,0.9985,0,0.595,0.955,0.9975,15,3065.9387459999994,2,1
0.54,0.485,0.305,0.21,0.15,0.295,0.445,0.875,0.89,0.99,2,0.6,0.18,0.905,15,2994.477731,2,1
0.535,0.215,0.205,0.215,0.155,0.335,0.235,0.055,0.205,0.055,1,0.375,0.215,0.205,15,3518.2621169999993,2,0
0.485,0.705,0.285,0.115,0.085,0.065,0.025,0.005,0.0055,0.0005,2,0.635,0.085,0.0035,15,6735.534043000004,2,0
0.535,0.555,0.525,0.605,0.705,0.825,0.885,0.945,0.985,0.995,0,0.555,0.775,0.99,15,3888.765473,2,1
0.425,0.46,0.395,0.495,0.625,0.67,0.44,0.735,0.915,0.995,3,0.49,0.785,0.945,15,6363.005324000001,2,1
0.445,0.72,0.73,0.685,0.825,0.965,0.955,0.955,0.955,0.995,1,0.715,0.905,0.985,15,6376.8681620000025,2,1
0.45,0.57,0.645,0.735,0.865,0.985,0.985,0.995,0.995,0.9995,1,0.415,0.945,0.9945,15,4406.555157999999,2,1
0.45,0.515,0.655,0.8,0.715,0.885,0.905,0.935,0.92,0.91,1,0.345,0.825,0.955,15,2406.0747500000007,2,1
0.555,0.535,0.49,0.55,0.755,0.935,0.945,0.985,0.9985,0.996,2,0.675,0.785,0.9985,15,6401.063550000002,2,1
0.56,0.34,0.17,0.225,0.28,0.155,0.1,0.085,0.09,0.02,1,0.52,0.28,0.09,15,3360.107315,2,0
0.46,0.47,0.405,0.31,0.39,0.295,0.165,0.525,0.535,0.015,2,0.38,0.235,0.605,15,3251.558569000001,2,0
0.495,0.645,0.74,0.635,0.655,0.825,0.865,0.83,0.9,0.985,1,0.575,0.87,0.955,15,2831.4752349999994,2,1
0.505,0.605,0.29,0.375,0.32,0.22,0.125,0.295,0.735,0.14,5,0.495,0.425,0.215,15,4268.609855999999,2,0
0.57,0.475,0.545,0.395,0.155,0.095,0.21,0.73,0.725,0.925,4,0.55,0.095,0.805,15,3748.692880000002,2,1
0.545,0.265,0.395,0.54,0.66,0.845,0.845,0.505,0.59,0.305,3,0.37,0.77,0.305,15,9577.116390999996,2,0
0.475,0.465,0.215,0.33,0.32,0.035,0.015,0.005,0.005,0.0005,0,0.485,0.115,0.004,15,2667.9995810000005,2,0
0.485,0.675,0.635,0.595,0.71,0.66,0.75,0.985,0.975,0.995,1,0.665,0.635,0.985,15,3655.0929830000005,2,1
0.525,0.735,0.74,0.75,0.775,0.925,0.975,0.985,0.9985,0.9995,0,0.645,0.735,0.9985,15,3225.6277120000004,2,1
0.585,0.385,0.425,0.455,0.385,0.44,0.235,0.38,0.57,0.525,4,0.445,0.41,0.685,15,3631.3401139999987,2,1
0.545,0.385,0.245,0.12,0.105,0.035,0.03,0.0365,0.005,0.0015,1,0.495,0.065,0.004,15,3517.186389999999,2,0
0.485,0.225,0.13,0.225,0.275,0.185,0.265,0.325,0.645,0.385,2,0.475,0.285,0.805,15,2809.644874999999,2,0
0.555,0.505,0.54,0.605,0.6,0.355,0.275,0.435,0.155,0.005,1,0.54,0.305,0.015,15,2680.7488899999994,2,0
0.55,0.355,0.285,0.13,0.28,0.36,0.185,0.075,0.075,0.115,1,0.475,0.36,0.07,15,2205.251593999999,2,0
0.49,0.19,0.17,0.34,0.365,0.555,0.475,0.38,0.635,0.245,6,0.535,0.375,0.665,15,3125.4531319999987,2,0
0.475,0.35,0.28,0.255,0.23,0.625,0.82,0.705,0.98,0.995,1,0.38,0.57,0.98,15,3903.5140960000003,2,1
0.47,0.345,0.445,0.295,0.285,0.07,0.075,0.135,0.07,0.245,0,0.435,0.155,0.135,15,1657.333066,3,1
0.48,0.565,0.845,0.9,0.955,0.975,0.945,0.975,0.985,0.985,1,0.475,0.96,0.985,15,1892.176526,3,1
0.615,0.825,0.895,0.945,0.945,0.965,0.985,0.985,0.995,0.995,0,0.605,0.965,0.995,15,827.492962,3,1
0.5,0.35,0.34,0.325,0.065,0.035,0.12,0.025,0.27,0.195,1,0.375,0.075,0.355,15,1945.4687410000004,3,0
0.42,0.445,0.5,0.665,0.81,0.87,0.94,0.995,0.995,0.995,1,0.455,0.64,0.995,15,1860.243046,3,1
0.535,0.705,0.655,0.665,0.66,0.555,0.51,0.565,0.665,0.995,2,0.805,0.58,0.945,15,2418.3520020000005,3,1
0.485,0.445,0.355,0.315,0.135,0.025,0.015,0.005,0.005,0.005,2,0.545,0.04,0.005,15,959.7231429999998,3,0
0.475,0.5,0.345,0.365,0.415,0.225,0.19,0.345,0.385,0.975,3,0.5,0.305,0.775,15,1356.6492440000002,3,1
0.675,0.56,0.6,0.83,0.86,0.855,0.875,0.945,0.975,0.995,2,0.495,0.855,0.995,15,690.8607750000001,3,1
0.535,0.685,0.76,0.925,0.955,0.945,0.965,0.995,0.995,0.995,0,0.685,0.94,0.995,15,1227.564856,3,1
0.49,0.31,0.165,0.055,0.055,0.015,0.005,0.005,0.005,0.005,0,0.405,0.025,0.005,15,1902.062534,3,0
0.48,0.425,0.46,0.395,0.29,0.27,0.195,0.175,0.215,0.005,0,0.355,0.26,0.035,15,894.4179449999999,3,0
0.5,0.555,0.56,0.725,0.65,0.915,0.945,0.82,0.85,0.96,0,0.565,0.725,0.975,15,1278.7252399999998,3,1
0.5,0.55,0.295,0.1,0.075,0.11,0.235,0.365,0.475,0.995,2,0.53,0.095,0.615,15,2110.1305119999997,3,1
0.475,0.375,0.41,0.475,0.505,0.41,0.355,0.03,0.005,0.005,2,0.375,0.57,0.005,15,1345.9543120000003,3,0
0.475,0.565,0.65,0.905,0.945,0.965,0.985,0.995,0.995,0.995,1,0.525,0.96,0.995,15,922.230192,3,1
0.585,0.485,0.33,0.215,0.075,0.035,0.015,0.125,0.305,0.065,1,0.505,0.045,0.195,15,4560.021937,3,1
0.51,0.415,0.345,0.1,0.07,0.065,0.035,0.005,0.005,0.0005,1,0.415,0.065,0.005,15,1904.81704,3,0
0.5,0.4,0.525,0.57,0.685,0.745,0.875,0.805,0.655,0.1,3,0.565,0.715,0.445,15,13361.249353000001,3,0
0.405,0.665,0.755,0.87,0.85,0.775,0.68,0.84,0.945,0.81,1,0.51,0.905,0.955,15,1635.424072,3,1
0.46,0.66,0.6,0.62,0.6,0.62,0.485,0.42,0.34,0.885,3,0.775,0.75,0.39,15,3035.1900410000017,3,1
0.5,0.62,0.735,0.88,0.795,0.92,0.945,0.985,0.995,0.9985,0,0.51,0.9,0.998,15,1505.246863,3,1
0.39,0.52,0.55,0.795,0.735,0.575,0.31,0.145,0.365,0.075,2,0.485,0.8,0.33,15,4843.742098000001,3,0
0.415,0.395,0.47,0.6,0.475,0.57,0.685,0.765,0.57,0.91,3,0.465,0.625,0.7,15,2974.3575029999984,3,1
0.43,0.455,0.62,0.73,0.715,0.81,0.795,0.925,0.985,0.995,3,0.515,0.87,0.995,15,1844.2054589999998,3,1
0.42,0.37,0.37,0.095,0.165,0.18,0.25,0.365,0.9,0.95,3,0.42,0.12,0.95,15,4557.125671000005,3,1
0.46,0.255,0.295,0.52,0.635,0.88,0.945,0.95,0.975,0.9995,1,0.425,0.795,0.995,15,1460.415409,3,1
0.5,0.375,0.47,0.22,0.215,0.545,0.575,0.915,0.925,0.995,2,0.435,0.26,0.995,15,1992.9397199999999,3,1
0.52,0.36,0.35,0.58,0.635,0.835,0.865,0.905,0.97,0.985,2,0.505,0.675,0.955,15,1765.6707069999995,3,1
0.51,0.55,0.585,0.385,0.57,0.665,0.75,0.935,0.665,0.125,3,0.62,0.51,0.115,15,3626.6118040000006,3,0
0.5,0.4,0.62,0.305,0.27,0.11,0.055,0.005,0.045,0.225,5,0.4,0.18,0.525,15,2542.5534509999993,3,1
0.485,0.665,0.815,0.89,0.955,0.965,0.965,0.995,0.995,0.9995,1,0.615,0.94,0.995,15,1369.1120459999997,3,1
0.5,0.33,0.18,0.205,0.06,0.035,0.015,0.005,0.005,0.004,1,0.335,0.06,0.005,15,1336.500826,3,0
0.495,0.65,0.535,0.715,0.55,0.84,0.81,0.795,0.945,0.875,1,0.605,0.74,0.73,15,1709.4124339999998,3,1
0.5,0.345,0.235,0.325,0.195,0.59,0.695,0.705,0.755,0.92,2,0.435,0.475,0.91,15,2714.204329999999,3,0
0.5,0.385,0.355,0.765,0.645,0.64,0.345,0.41,0.315,0.145,3,0.405,0.58,0.29,15,1948.9428759999998,3,1
0.5,0.34,0.43,0.565,0.545,0.69,0.695,0.845,0.775,0.545,4,0.485,0.55,0.455,15,1519.225683,3,0
0.425,0.495,0.545,0.18,0.19,0.045,0.015,0.005,0.0025,0.004,2,0.495,0.085,0.0045,15,1152.5880320000003,3,0
0.48,0.705,0.61,0.56,0.605,0.79,0.855,0.985,0.995,0.995,1,0.705,0.795,0.995,15,1434.3514850000001,3,1
0.485,0.465,0.415,0.67,0.65,0.695,0.795,0.795,0.66,0.7,1,0.49,0.655,0.765,15,2038.8277930000006,3,1
0.505,0.725,0.7,0.77,0.775,0.61,0.495,0.15,0.31,0.665,2,0.65,0.735,0.62,15,1168.7009510000005,3,1
0.535,0.725,0.825,0.735,0.79,0.815,0.835,0.875,0.715,0.905,0,0.675,0.755,0.805,15,1000.4528899999999,3,1
0.535,0.42,0.515,0.71,0.715,0.68,0.795,0.81,0.675,0.665,2,0.38,0.695,0.745,15,1224.6609639999997,3,1
0.47,0.765,0.785,0.84,0.93,0.915,0.94,0.985,0.985,0.995,1,0.665,0.915,0.995,15,1368.266897,3,1
0.5,0.66,0.635,0.725,0.8,0.88,0.765,0.945,0.965,0.955,2,0.475,0.625,0.96,15,2196.518814000003,3,1
0.465,0.535,0.425,0.31,0.425,0.42,0.53,0.495,0.505,0.01,6,0.535,0.46,0.14,15,1559.8014460000002,3,0
0.635,0.78,0.75,0.88,0.895,0.93,0.965,0.995,0.9985,0.9995,0,0.805,0.925,0.9985,15,1474.516168,3,1
0.5,0.51,0.515,0.3,0.175,0.145,0.145,0.03,0.015,0.004,3,0.455,0.175,0.0145,15,3339.353891,3,0
0.5,0.325,0.41,0.375,0.285,0.24,0.455,0.55,0.665,0.475,3,0.26,0.38,0.365,15,1934.2387179999998,3,1
0.56,0.56,0.625,0.29,0.19,0.02,0.015,0.005,0.005,0.005,1,0.585,0.115,0.005,15,1177.0836279999999,3,0
0.585,0.66,0.735,0.595,0.475,0.555,0.69,0.795,0.88,0.995,2,0.57,0.565,0.915,15,1512.655285,3,1
0.57,0.69,0.745,0.655,0.44,0.125,0.095,0.02,0.005,0.005,1,0.655,0.345,0.005,15,1836.3137749999996,3,0
0.525,0.545,0.68,0.47,0.305,0.44,0.345,0.355,0.005,0.0045,1,0.635,0.32,0.005,15,1504.8728790000005,3,0
0.495,0.59,0.335,0.205,0.255,0.265,0.325,0.025,0.045,0.005,2,0.61,0.205,0.02,15,1586.1216450000004,3,0
0.515,0.58,0.51,0.585,0.695,0.865,0.835,0.86,0.9,0.995,2,0.355,0.845,0.975,15,2106.5198580000006,3,1
0.57,0.255,0.26,0.17,0.175,0.1,0.065,0.015,0.005,0.005,1,0.515,0.125,0.015,15,3093.0254659999987,3,0
0.5,0.36,0.46,0.405,0.485,0.535,0.56,0.52,0.475,0.995,6,0.36,0.745,0.705,15,2423.056364000001,3,1
0.535,0.695,0.745,0.855,0.85,0.845,0.695,0.865,0.945,0.995,0,0.64,0.865,0.995,15,1259.774081,3,1
0.5,0.455,0.72,0.385,0.505,0.585,0.755,0.945,0.88,0.995,4,0.455,0.67,0.955,15,1033.038531,3,1
0.5,0.425,0.425,0.125,0.135,0.185,0.23,0.215,0.4,0.27,1,0.395,0.155,0.44,15,1966.302508,3,0
0.455,0.485,0.395,0.315,0.315,0.425,0.315,0.4,0.415,0.085,4,0.555,0.265,0.305,15,1260.6902520000006,3,0
0.5,0.44,0.41,0.45,0.445,0.235,0.41,0.6,0.89,0.995,2,0.485,0.325,0.985,15,1434.8701029999995,3,1
0.5,0.615,0.75,0.815,0.765,0.895,0.87,0.945,0.97,0.995,0,0.535,0.8,0.945,15,1284.3813359999997,3,1
0.595,0.555,0.55,0.41,0.395,0.485,0.67,0.525,0.385,0.005,7,0.415,0.455,0.41,15,2514.493777999999,3,0
0.415,0.685,0.805,0.925,0.975,0.87,0.91,0.98,0.985,0.995,1,0.47,0.945,0.995,15,2487.403744,3,1
0.49,0.795,0.885,0.74,0.86,0.945,0.955,0.9895,0.9975,0.9995,1,0.675,0.855,0.9975,15,2133.840024,3,1
0.455,0.74,0.685,0.805,0.8,0.9,0.955,0.975,0.985,0.995,1,0.74,0.805,0.985,15,1596.0104999999996,3,1
0.63,0.545,0.605,0.845,0.405,0.455,0.295,0.395,0.37,0.065,1,0.52,0.455,0.135,15,2411.769134,3,0
0.595,0.57,0.6,0.585,0.695,0.915,0.935,0.905,0.92,0.995,0,0.745,0.83,0.995,15,2899.26401,3,1
0.485,0.33,0.425,0.46,0.285,0.11,0.035,0.025,0.005,0.005,2,0.505,0.215,0.005,15,2804.995722000001,3,0
0.585,0.5,0.545,0.715,0.475,0.515,0.645,0.115,0.1,0.005,5,0.495,0.36,0.02,15,2019.736856,3,0
0.52,0.255,0.22,0.255,0.19,0.06,0.09,0.015,0.005,0.005,1,0.405,0.1,0.005,15,1231.058964,3,0
0.575,0.53,0.475,0.925,0.985,0.995,0.995,0.995,0.995,0.9995,4,0.405,0.985,0.995,15,3417.2040539999994,3,1
0.475,0.515,0.585,0.535,0.53,0.555,0.335,0.235,0.23,0.025,2,0.45,0.57,0.13,15,1143.2204150000002,3,0
0.56,0.615,0.71,0.765,0.68,0.405,0.475,0.745,0.605,0.55,2,0.545,0.62,0.525,15,2622.9605809999994,3,0
0.325,0.355,0.31,0.265,0.445,0.72,0.895,0.705,0.725,0.975,1,0.405,0.685,0.845,15,4140.136176000001,3,1
0.47,0.225,0.125,0.185,0.165,0.285,0.135,0.03,0.044,0.0045,0,0.31,0.29,0.0055,15,1809.385959999999,3,0
0.57,0.79,0.885,0.87,0.825,0.875,0.945,0.86,0.935,0.995,0,0.59,0.855,0.955,15,0.0,3,1
0.53,0.365,0.265,0.335,0.435,0.355,0.445,0.485,0.4,0.535,2,0.625,0.335,0.445,15,2082.06189,3,0
0.5,0.885,0.885,0.845,0.795,0.81,0.86,0.905,0.965,0.995,0,0.825,0.715,0.985,15,1983.7533449999996,3,1
0.57,0.415,0.495,0.39,0.4,0.16,0.15,0.075,0.045,0.025,1,0.51,0.255,0.055,15,1233.356063,3,0
0.49,0.395,0.39,0.665,0.765,0.795,0.9,0.965,0.985,0.005,2,0.265,0.635,0.005,15,5663.703533000001,3,0
0.45,0.39,0.37,0.58,0.695,0.845,0.775,0.865,0.94,0.995,3,0.545,0.735,0.975,15,1335.6289100000004,3,1
0.73,0.57,0.545,0.325,0.275,0.33,0.38,0.455,0.72,0.915,2,0.65,0.34,0.78,15,1489.1324740000002,3,1
0.515,0.385,0.245,0.365,0.335,0.275,0.095,0.02,0.005,0.005,1,0.38,0.365,0.005,15,1462.8824780000002,3,0
0.49,0.28,0.44,0.46,0.33,0.3,0.24,0.175,0.215,0.105,0,0.295,0.165,0.215,15,2115.7976869999998,3,0
0.485,0.63,0.715,0.665,0.495,0.5,0.355,0.055,0.055,0.005,4,0.65,0.43,0.035,15,1054.2915510000003,3,0
0.485,0.615,0.65,0.745,0.635,0.78,0.585,0.485,0.455,0.565,3,0.495,0.79,0.335,15,2326.1489650000003,3,1
0.555,0.375,0.485,0.485,0.565,0.43,0.55,0.725,0.605,0.985,4,0.455,0.435,0.87,15,1548.4838960000004,3,1
0.53,0.495,0.425,0.615,0.775,0.705,0.91,0.82,0.465,0.405,3,0.495,0.85,0.145,15,2834.491611,3,0
0.51,0.605,0.595,0.535,0.705,0.615,0.745,0.755,0.705,0.985,2,0.465,0.725,0.885,15,2320.7121550000006,3,1
0.5,0.515,0.405,0.305,0.315,0.665,0.575,0.445,0.145,0.015,3,0.505,0.505,0.075,15,2102.497278,3,0
0.525,0.51,0.425,0.47,0.345,0.45,0.425,0.805,0.945,0.905,4,0.47,0.325,0.905,15,1753.7471980000003,3,1
0.47,0.235,0.185,0.205,0.19,0.215,0.255,0.405,0.2,0.035,0,0.18,0.155,0.16,15,0.0,3,0
0.545,0.25,0.19,0.08,0.055,0.035,0.025,0.02,0.02,0.005,1,0.25,0.05,0.015,15,1221.9556140000002,3,0
0.505,0.61,0.655,0.615,0.565,0.335,0.675,0.55,0.425,0.445,3,0.59,0.545,0.435,15,2813.7091239999995,3,0
0.56,0.715,0.755,0.8,0.725,0.775,0.775,0.945,0.975,0.985,0,0.715,0.785,0.975,15,1614.44624,3,1
0.495,0.425,0.535,0.445,0.55,0.655,0.655,0.805,0.34,0.14,4,0.395,0.665,0.375,15,2506.9680829999998,3,0
0.435,0.695,0.625,0.675,0.555,0.425,0.435,0.055,0.015,0.005,2,0.59,0.355,0.0055,15,2055.933419999999,3,0
0.685,0.645,0.59,0.575,0.685,0.685,0.685,0.635,0.635,0.635,0,0.595,0.685,0.635,15,966.572332,3,1
0.56,0.625,0.765,0.845,0.915,0.965,0.985,0.995,0.9985,0.9985,0,0.625,0.945,0.9985,15,1554.076127,3,1
0.515,0.545,0.325,0.135,0.135,0.085,0.125,0.005,0.005,0.005,3,0.43,0.095,0.005,15,985.2784640000001,3,0
0.505,0.605,0.645,0.575,0.615,0.655,0.675,0.62,0.825,0.655,0,0.505,0.735,0.855,15,2244.650983999999,3,1
0.56,0.45,0.54,0.625,0.62,0.545,0.59,0.865,0.915,0.985,2,0.45,0.53,0.945,15,1333.102557,3,1
0.575,0.515,0.665,0.67,0.655,0.695,0.75,0.725,0.63,0.315,3,0.48,0.715,0.495,15,2152.7845389999993,3,0
0.56,0.55,0.695,0.845,0.895,0.96,0.985,0.995,0.995,0.995,0,0.51,0.945,0.995,15,1108.7119889999997,3,1
0.585,0.605,0.5,0.805,0.715,0.715,0.925,0.745,0.86,0.88,0,0.545,0.835,0.925,15,3942.420596000001,3,0
0.68,0.455,0.57,0.295,0.23,0.125,0.07,0.035,0.005,0.005,3,0.475,0.22,0.005,15,2097.2700899999995,3,0
0.445,0.33,0.295,0.235,0.19,0.035,0.015,0.005,0.015,0.035,0,0.41,0.105,0.025,15,2480.0207560000003,3,0
0.32,0.165,0.22,0.205,0.185,0.075,0.055,0.07,0.275,0.575,1,0.435,0.105,0.355,15,4566.125122999999,3,0
0.565,0.375,0.35,0.365,0.245,0.015,0.015,0.015,0.015,0.005,1,0.42,0.085,0.005,15,1160.2571919999998,3,0
0.55,0.525,0.23,0.27,0.23,0.12,0.23,0.085,0.245,0.31,1,0.63,0.21,0.38,15,2885.6593059999996,3,1
0.665,0.355,0.485,0.735,0.795,0.95,0.965,0.975,0.985,0.995,2,0.59,0.935,0.985,15,2262.0188149999994,3,1
0.505,0.71,0.745,0.975,0.94,0.975,0.935,0.985,0.995,0.995,0,0.675,0.94,0.995,15,2235.00309,3,1
0.585,0.41,0.415,0.32,0.34,0.68,0.725,0.615,0.765,0.961,4,0.41,0.41,0.985,15,2986.826053,3,1
0.52,0.495,0.385,0.22,0.275,0.095,0.075,0.02,0.015,0.005,1,0.5,0.075,0.005,15,2088.789104,3,0
0.57,0.615,0.58,0.495,0.445,0.365,0.235,0.155,0.12,0.095,3,0.615,0.525,0.115,15,1868.7376550000004,3,0
0.495,0.53,0.625,0.6,0.375,0.045,0.015,0.005,0.005,0.2755,4,0.425,0.2,0.03,15,3428.465567,3,0
0.49,0.37,0.415,0.455,0.55,0.47,0.465,0.225,0.06,0.015,2,0.42,0.48,0.055,15,1515.543376,3,0
0.505,0.595,0.565,0.645,0.58,0.675,0.375,0.505,0.235,0.06,5,0.575,0.47,0.305,15,2113.7478920000003,3,0
0.545,0.56,0.85,0.845,0.86,0.765,0.375,0.525,0.625,0.985,4,0.43,0.795,0.945,15,2175.9037319999998,3,1
0.48,0.39,0.34,0.305,0.345,0.355,0.355,0.18,0.245,0.015,0,0.4,0.425,0.085,15,1479.8572709999996,3,0
0.505,0.435,0.505,0.415,0.365,0.235,0.185,0.52,0.475,0.005,5,0.495,0.325,0.225,15,1890.8090390000002,3,0
0.46,0.21,0.21,0.37,0.41,0.445,0.375,0.065,0.095,0.025,0,0.335,0.435,0.045,15,1505.1336549999996,3,0
0.43,0.315,0.375,0.405,0.295,0.435,0.795,0.715,0.765,0.985,1,0.315,0.285,0.945,15,1302.4904360000003,3,1
0.475,0.535,0.535,0.465,0.495,0.405,0.445,0.715,0.805,0.515,5,0.555,0.505,0.745,15,13121.134459,3,0
0.42,0.635,0.735,0.725,0.795,0.955,0.955,0.9875,0.9885,0.9955,1,0.595,0.945,0.989,15,1985.4276410000004,3,1
0.555,0.27,0.275,0.44,0.365,0.47,0.58,0.955,0.985,0.995,2,0.455,0.415,0.995,15,2116.059631,3,1
0.525,0.575,0.55,0.665,0.715,0.785,0.695,0.625,0.75,0.97,0,0.695,0.715,0.75,15,1774.1442729999999,3,1
0.5,0.605,0.725,0.655,0.53,0.495,0.51,0.465,0.735,0.675,4,0.555,0.59,0.815,15,2044.09093,3,0
0.5,0.535,0.475,0.475,0.43,0.43,0.465,0.625,0.355,0.225,7,0.57,0.425,0.535,15,1882.193775,3,0
0.525,0.33,0.47,0.605,0.745,0.895,0.85,0.93,0.915,0.975,2,0.675,0.845,0.94,15,2633.391088,3,1
0.5,0.535,0.355,0.115,0.105,0.065,0.035,0.005,0.006,0.0055,1,0.535,0.065,0.0055,15,1431.5275299999998,3,0
0.51,0.725,0.82,0.855,0.795,0.87,0.905,0.94,0.955,0.995,0,0.705,0.845,0.975,15,1123.3873379999998,3,1
0.505,0.47,0.4,0.3,0.255,0.49,0.46,0.26,0.035,0.005,1,0.47,0.345,0.015,15,1169.872204,3,0
0.52,0.545,0.6,0.39,0.355,0.17,0.165,0.075,0.025,0.005,3,0.51,0.5,0.005,15,1707.5785619999997,3,0
0.49,0.49,0.55,0.315,0.365,0.11,0.07,0.325,0.525,0.165,4,0.49,0.13,0.525,15,1891.9978650000003,3,0
0.525,0.525,0.265,0.475,0.555,0.555,0.465,0.665,0.785,0.865,6,0.365,0.62,0.865,15,2859.0955519999998,3,1
0.615,0.6,0.515,0.435,0.585,0.685,0.865,0.985,0.975,0.985,2,0.57,0.585,0.855,15,1764.0950280000002,3,1
0.58,0.62,0.615,0.685,0.785,0.855,0.855,0.94,0.945,0.995,0,0.565,0.845,0.985,15,977.7757369999999,3,1
0.475,0.405,0.39,0.655,0.425,0.255,0.085,0.17,0.015,0.005,4,0.58,0.345,0.015,15,1553.1624900000002,3,0
0.585,0.365,0.295,0.285,0.215,0.245,0.305,0.495,0.315,0.595,4,0.475,0.215,0.625,15,2441.612387999999,3,1
0.5,0.465,0.515,0.365,0.555,0.245,0.135,0.135,0.115,0.025,5,0.545,0.565,0.04,15,1515.0978060000002,3,0
0.5,0.55,0.375,0.505,0.515,0.43,0.275,0.075,0.015,0.033,5,0.395,0.425,0.025,15,2013.120033000001,3,0
0.5,0.425,0.335,0.175,0.185,0.155,0.405,0.275,0.27,0.015,1,0.44,0.235,0.055,15,1523.5811669999994,3,0
0.455,0.645,0.675,0.535,0.5,0.405,0.74,0.395,0.52,0.26,8,0.52,0.38,0.505,15,5298.535032999998,3,1
0.495,0.365,0.495,0.47,0.56,0.615,0.655,0.845,0.905,0.99,3,0.385,0.805,0.985,15,1768.1407340000003,3,1
0.5,0.435,0.435,0.465,0.355,0.305,0.255,0.33,0.595,0.015,3,0.56,0.365,0.245,15,2777.726823000001,3,0
0.53,0.855,0.84,0.935,0.93,0.97,0.97,0.975,0.985,0.995,0,0.5,0.945,0.985,15,1685.9092290000003,3,1
0.455,0.285,0.14,0.115,0.1,0.035,0.02,0.005,0.0055,0.005,0,0.385,0.08,0.0015,15,2412.716486,3,0
0.495,0.665,0.76,0.79,0.66,0.8,0.645,0.96,0.975,0.995,1,0.555,0.73,0.995,15,1903.8687009999999,3,1
0.495,0.605,0.645,0.49,0.495,0.685,0.665,0.89,0.905,0.96,3,0.495,0.69,0.91,15,1536.06681,3,1
0.51,0.655,0.6,0.785,0.76,0.8,0.9,0.715,0.185,0.015,1,0.515,0.805,0.015,15,2172.6749170000003,3,0
0.485,0.265,0.235,0.33,0.265,0.24,0.22,0.73,0.725,0.23,2,0.315,0.33,0.325,15,2782.7383760000002,3,0
0.485,0.415,0.275,0.325,0.245,0.205,0.195,0.185,0.07,0.005,0,0.195,0.115,0.025,15,1485.907012999999,3,0
0.495,0.465,0.385,0.44,0.65,0.775,0.625,0.32,0.575,0.29,4,0.455,0.665,0.575,15,3427.424386,3,1
0.435,0.425,0.735,0.775,0.725,0.745,0.785,0.68,0.495,0.815,3,0.425,0.685,0.7,15,3116.1430639999994,3,1
0.485,0.515,0.555,0.5,0.325,0.165,0.605,0.935,0.965,0.995,3,0.495,0.125,0.985,15,1323.7769119999998,3,1
0.535,0.52,0.495,0.575,0.54,0.465,0.535,0.765,0.735,0.805,4,0.515,0.525,0.715,15,1728.8957280000009,3,1
0.48,0.545,0.715,0.885,0.985,0.955,0.955,0.995,0.165,0.135,2,0.545,0.945,0.175,15,4818.222492,3,0
0.45,0.535,0.305,0.595,0.685,0.685,0.505,0.64,0.315,0.82,5,0.505,0.715,0.475,15,1931.4441230000011,3,1
0.5,0.545,0.515,0.805,0.755,0.725,0.775,0.885,0.915,0.985,2,0.395,0.745,0.955,15,3654.0988519999987,3,1
0.525,0.495,0.755,0.745,0.615,0.565,0.635,0.435,0.645,0.985,6,0.525,0.595,0.49,15,3087.0575240000003,3,1
0.495,0.415,0.265,0.065,0.045,0.045,0.025,0.005,0.005,0.005,2,0.655,0.04,0.005,15,1328.1799790000002,3,0
0.495,0.655,0.715,0.875,0.785,0.74,0.79,0.795,0.715,0.09,2,0.645,0.735,0.765,15,2837.8295119999993,3,0
0.48,0.27,0.32,0.24,0.115,0.105,0.035,0.015,0.015,0.005,0,0.375,0.085,0.005,15,679.7218169999998,3,0
0.485,0.51,0.57,0.485,0.315,0.225,0.655,0.525,0.565,0.495,4,0.415,0.315,0.575,15,3009.7000079999984,3,1
0.435,0.315,0.435,0.445,0.43,0.825,0.875,0.865,0.855,0.985,1,0.445,0.435,0.965,15,2097.0297589999996,3,1
0.49,0.555,0.695,0.72,0.825,0.985,0.995,0.995,0.995,0.995,1,0.405,0.985,0.995,15,1432.426025,3,1
0.495,0.655,0.64,0.525,0.645,0.62,0.6,0.645,0.745,0.995,1,0.625,0.64,0.965,15,2231.4790349999994,3,1
0.485,0.73,0.695,0.375,0.295,0.405,0.495,0.775,0.815,0.225,4,0.565,0.34,0.815,15,2714.9370189999986,3,0
0.525,0.78,0.795,0.805,0.875,0.885,0.915,0.955,0.995,0.995,0,0.7,0.84,0.995,15,863.5634549999999,3,1
0.5,0.835,0.815,0.805,0.835,0.755,0.785,0.77,0.655,0.685,0,0.595,0.865,0.585,15,1667.0699379999996,3,1
0.455,0.43,0.605,0.465,0.385,0.655,0.795,0.855,0.805,0.965,3,0.365,0.405,0.945,15,2247.872584999999,3,1
0.59,0.915,0.935,0.985,0.985,0.995,0.995,0.995,0.995,0.995,0,0.825,0.995,0.995,15,2010.6395149999996,3,1
0.485,0.385,0.335,0.435,0.215,0.17,0.245,0.04,0.015,0.005,0,0.385,0.175,0.005,15,914.239936,3,0
0.525,0.575,0.845,0.865,0.865,0.89,0.94,0.905,0.945,0.67,2,0.455,0.885,0.905,15,1582.5792859999992,3,1
0.495,0.505,0.365,0.465,0.23,0.495,0.755,0.335,0.22,0.395,4,0.505,0.32,0.175,15,3886.3504789999997,3,1
0.49,0.595,0.535,0.845,0.825,0.76,0.775,0.875,0.89,0.97,1,0.515,0.785,0.9,15,1937.094735999999,3,1
0.5,0.615,0.755,0.705,0.545,0.615,0.325,0.225,0.055,0.01,3,0.435,0.675,0.025,15,1662.0511239999996,3,0
0.515,0.545,0.655,0.505,0.615,0.565,0.575,0.11,0.065,0.015,1,0.53,0.575,0.045,15,1757.8544500000005,3,0
0.475,0.45,0.305,0.51,0.505,0.505,0.465,0.325,0.305,0.16,6,0.445,0.465,0.225,15,1877.672884,3,0
0.44,0.56,0.61,0.315,0.385,0.355,0.515,0.725,0.715,0.56,3,0.565,0.245,0.715,15,3654.3311939999994,3,1
0.52,0.635,0.755,0.825,0.735,0.85,0.895,0.91,0.955,0.995,0,0.635,0.815,0.985,15,2759.1923950000023,3,1
0.495,0.695,0.775,0.6,0.455,0.59,0.55,0.095,0.025,0.015,4,0.635,0.485,0.03,15,1291.5615110000003,3,0
0.5,0.425,0.465,0.405,0.225,0.175,0.285,0.08,0.125,0.005,1,0.38,0.285,0.045,15,1641.6191039999999,3,0
0.51,0.585,0.695,0.575,0.615,0.72,0.715,0.73,0.765,0.985,0,0.57,0.54,0.765,15,1223.7640560000002,3,1
0.49,0.625,0.59,0.295,0.665,0.725,0.775,0.805,0.815,0.495,4,0.535,0.665,0.625,15,2987.566594999998,3,1
0.515,0.675,0.675,0.705,0.855,0.755,0.765,0.74,0.785,0.02,1,0.645,0.815,0.365,15,1549.621787,3,0
0.505,0.58,0.495,0.53,0.43,0.335,0.285,0.39,0.475,0.185,3,0.63,0.4,0.305,15,1962.5807779999998,3,0
0.5,0.405,0.405,0.49,0.395,0.475,0.525,0.705,0.705,0.985,2,0.425,0.415,0.845,15,2233.0515160000014,3,0
0.475,0.625,0.56,0.67,0.765,0.485,0.535,0.995,0.995,0.995,3,0.615,0.455,0.995,15,1662.3700500000004,3,1
0.545,0.365,0.355,0.215,0.145,0.115,0.065,0.005,0.005,0.005,1,0.385,0.1,0.005,15,1320.529298,3,0
0.485,0.68,0.69,0.81,0.575,0.535,0.495,0.72,0.665,0.995,3,0.475,0.535,0.955,15,4699.783660000001,3,1
0.455,0.32,0.355,0.325,0.315,0.495,0.595,0.445,0.22,0.095,2,0.43,0.275,0.385,15,5782.117056999997,3,1
0.465,0.405,0.48,0.745,0.755,0.975,0.965,0.995,0.995,0.995,1,0.395,0.865,0.995,15,1130.331065,3,1
0.56,0.51,0.535,0.705,0.815,0.945,0.985,0.985,0.985,0.995,0,0.5,0.93,0.995,15,974.2740920000002,3,1
0.5,0.275,0.255,0.17,0.15,0.07,0.06,0.04,0.015,0.005,1,0.33,0.155,0.015,15,932.3667729999997,3,0
0.5,0.46,0.495,0.395,0.445,0.325,0.225,0.165,0.12,0.04,3,0.495,0.515,0.055,15,1543.0752490000002,3,0
0.555,0.56,0.42,0.6,0.34,0.215,0.205,0.115,0.11,0.025,5,0.48,0.235,0.08,15,1259.8027230000007,3,0
0.45,0.565,0.585,0.565,0.425,0.17,0.16,0.025,0.015,0.005,2,0.525,0.35,0.005,15,1467.7786710000003,3,0
0.535,0.455,0.585,0.905,0.945,0.985,0.985,0.995,0.995,0.995,2,0.525,0.985,0.995,15,0.0,3,1
0.53,0.475,0.49,0.16,0.175,0.205,0.225,0.055,0.11,0.345,1,0.52,0.165,0.115,15,2213.1818780000012,3,0
0.535,0.465,0.435,0.39,0.3,0.17,0.08,0.035,0.005,0.005,1,0.665,0.275,0.005,15,952.166211,3,0
0.415,0.395,0.445,0.25,0.125,0.075,0.055,0.005,0.005,0.005,0,0.385,0.095,0.005,15,1333.635901,3,0
0.48,0.37,0.29,0.555,0.29,0.33,0.44,0.005,0.005,0.005,2,0.455,0.24,0.005,15,1875.7951200000005,3,0
0.445,0.395,0.27,0.31,0.295,0.415,0.525,0.495,0.625,0.94,3,0.445,0.47,0.63,15,2601.1012719999994,3,1
0.5,0.475,0.415,0.395,0.455,0.41,0.285,0.15,0.055,0.015,1,0.475,0.415,0.055,15,1439.7944380000001,3,0
0.545,0.65,0.7,0.385,0.255,0.16,0.15,0.025,0.265,0.145,1,0.725,0.23,0.28,15,6339.027448999998,3,1
0.525,0.36,0.44,0.34,0.07,0.045,0.035,0.14,0.495,0.555,2,0.275,0.07,0.49,15,2763.3049390000006,3,1
0.5,0.405,0.57,0.615,0.615,0.305,0.165,0.085,0.035,0.015,3,0.395,0.3,0.03,15,1049.4701249999998,3,0
0.565,0.455,0.5,0.715,0.825,0.775,0.735,0.405,0.13,0.895,6,0.335,0.835,0.525,15,4569.963331,3,1
0.445,0.175,0.305,0.605,0.615,0.515,0.68,0.955,0.985,0.995,1,0.49,0.535,0.985,15,6670.698636000013,3,1
0.5,0.92,0.975,0.985,0.985,0.985,0.985,0.995,0.995,0.9995,0,0.66,0.985,0.995,15,4819.931808999999,3,1
0.575,0.725,0.825,0.905,0.885,0.88,0.885,0.97,0.995,0.995,0,0.69,0.845,0.995,15,1393.500133,3,1
0.515,0.295,0.245,0.155,0.13,0.09,0.085,0.02,0.005,0.005,1,0.575,0.1,0.005,15,1474.3429710000003,3,0
0.465,0.425,0.345,0.125,0.135,0.12,0.075,0.12,0.095,0.005,0,0.405,0.165,0.015,15,1424.244694,3,0
0.405,0.295,0.555,0.645,0.845,0.91,0.875,0.885,0.91,0.985,1,0.385,0.845,0.985,15,2356.2936640000003,3,1
0.455,0.615,0.64,0.84,0.925,0.915,0.915,0.995,0.995,0.995,1,0.53,0.905,0.995,15,1456.2981899999997,3,1
0.5,0.235,0.405,0.505,0.535,0.565,0.715,0.91,0.97,0.975,2,0.425,0.585,0.975,15,1920.6091660000004,3,1
0.505,0.455,0.42,0.33,0.225,0.275,0.24,0.325,0.125,0.055,1,0.565,0.185,0.1,15,2162.6884539999996,3,0
0.505,0.7,0.625,0.425,0.46,0.525,0.835,0.505,0.545,0.925,2,0.645,0.515,0.585,15,2749.3234909999996,3,1
0.505,0.34,0.355,0.235,0.24,0.125,0.115,0.12,0.16,0.015,1,0.455,0.235,0.025,15,1137.6920800000003,3,0
0.275,0.405,0.455,0.4,0.415,0.405,0.665,0.885,0.815,0.985,1,0.415,0.415,0.84,15,2098.9414870000005,3,1
0.3,0.39,0.43,0.33,0.405,0.515,0.81,0.395,0.365,0.095,4,0.39,0.455,0.195,15,2277.5198129999994,3,0
0.48,0.485,0.48,0.345,0.19,0.525,0.565,0.575,0.605,0.955,5,0.515,0.55,0.725,15,2408.136489,3,1
0.495,0.535,0.655,0.905,0.725,0.76,0.875,0.975,0.9785,0.9945,1,0.65,0.755,0.9785,15,2709.4581470000007,3,1
0.43,0.185,0.135,0.105,0.055,0.035,0.035,0.005,0.005,0.005,2,0.51,0.04,0.005,15,1919.3845939999997,3,0
0.305,0.935,0.88,0.945,0.94,0.97,0.985,0.995,0.9985,0.9995,1,0.925,0.985,0.9995,15,3087.937696000001,3,1
0.49,0.585,0.605,0.705,0.555,0.435,0.375,0.88,0.96,0.975,3,0.55,0.575,0.965,15,2843.239019999999,3,1
0.495,0.435,0.53,0.365,0.42,0.275,0.255,0.175,0.245,0.33,4,0.505,0.345,0.195,15,3316.745707000001,3,1
0.59,0.455,0.42,0.46,0.505,0.515,0.615,0.965,0.97,0.725,4,0.625,0.435,0.83,15,4031.6060740000016,3,1
0.5,0.445,0.44,0.375,0.375,0.605,0.625,0.92,0.925,0.875,2,0.475,0.515,0.925,15,2097.827325000001,3,1
0.45,0.455,0.495,0.335,0.385,0.375,0.325,0.095,0.055,0.005,0,0.455,0.38,0.025,15,1208.985758,3,0
0.48,0.615,0.635,0.885,0.885,0.915,0.975,0.985,0.985,0.995,1,0.545,0.915,0.995,15,837.9392509999999,3,1
0.505,0.555,0.245,0.275,0.505,0.905,0.935,0.76,0.65,0.965,4,0.425,0.855,0.84,15,2334.395618000001,3,1
0.365,0.41,0.535,0.715,0.69,0.935,0.945,0.995,0.995,0.995,1,0.435,0.78,0.995,15,1485.4804379999998,3,1
0.495,0.345,0.41,0.355,0.325,0.155,0.195,0.285,0.18,0.225,0,0.275,0.315,0.215,15,2475.4256029999997,3,1
0.485,0.545,0.495,0.53,0.665,0.565,0.515,0.505,0.505,0.235,4,0.635,0.545,0.705,15,2817.310839,3,0
0.495,0.415,0.58,0.805,0.825,0.92,0.915,0.965,0.985,0.995,1,0.425,0.785,0.995,15,1166.160166,3,1
0.5,0.615,0.495,0.535,0.75,0.845,0.795,0.945,0.975,0.995,2,0.51,0.815,0.995,15,1084.688092,3,1
0.69,0.615,0.54,0.725,0.815,0.815,0.795,0.895,0.93,0.995,0,0.54,0.79,0.945,15,1178.4759660000002,3,1
0.52,0.035,0.075,0.015,0.015,0.025,0.015,0.005,0.005,0.0045,1,0.32,0.025,0.005,15,6546.7474959999945,3,0
0.445,0.315,0.355,0.355,0.335,0.405,0.585,0.425,0.425,0.245,2,0.365,0.245,0.365,15,3135.8124879999996,3,0
0.53,0.355,0.295,0.215,0.14,0.06,0.08,0.03,0.03,0.015,1,0.635,0.07,0.025,15,1476.26461,3,0
0.555,0.735,0.905,0.625,0.265,0.165,0.055,0.035,0.005,0.005,1,0.73,0.165,0.005,15,1188.7447350000007,3,0
0.505,0.375,0.255,0.125,0.06,0.015,0.005,0.005,0.005,0.0045,1,0.535,0.035,0.005,15,2636.733854,3,0
0.485,0.49,0.385,0.405,0.375,0.115,0.145,0.075,0.165,0.035,2,0.5,0.275,0.045,15,1201.390307,3,0
0.305,0.265,0.215,0.095,0.065,0.015,0.005,0.005,0.005,0.005,0,0.435,0.015,0.005,15,2594.8357020000003,3,0
0.525,0.46,0.455,0.575,0.655,0.615,0.665,0.685,0.945,0.995,4,0.46,0.655,0.945,15,1185.220452,3,1
0.445,0.305,0.285,0.115,0.085,0.095,0.06,0.025,0.005,0.005,0,0.375,0.105,0.005,15,2112.306963,3,0
0.475,0.625,0.665,0.395,0.385,0.295,0.285,0.195,0.3,0.72,5,0.595,0.525,0.325,15,3738.885152,3,1
0.55,0.635,0.675,0.825,0.77,0.88,0.84,0.865,0.665,0.535,0,0.635,0.875,0.635,15,4169.367925000001,3,1
0.485,0.625,0.5,0.495,0.5,0.4,0.385,0.42,0.485,0.28,4,0.505,0.545,0.34,15,2066.171586,3,0
0.48,0.545,0.675,0.71,0.785,0.955,0.935,0.94,0.945,0.995,1,0.405,0.915,0.955,15,2959.626558,3,1
0.535,0.745,0.765,0.52,0.295,0.685,0.69,0.655,0.645,0.865,2,0.635,0.675,0.695,15,2652.266774,3,1
0.7,0.19,0.435,0.37,0.37,0.325,0.15,0.025,0.005,0.005,3,0.15,0.52,0.005,15,5459.507107999998,3,0
0.52,0.565,0.635,0.74,0.735,0.815,0.875,0.855,0.885,0.37,1,0.65,0.745,0.725,15,2330.9318300000004,3,0
0.485,0.225,0.34,0.33,0.42,0.555,0.6,0.945,0.985,0.995,1,0.065,0.435,0.985,15,9339.126345,3,1
0.515,0.37,0.39,0.15,0.2,0.165,0.09,0.045,0.055,0.025,1,0.395,0.16,0.045,15,3646.687867,3,0
0.475,0.2,0.205,0.065,0.035,0.035,0.015,0.0055,0.0015,0.0005,0,0.265,0.035,0.0015,15,2080.1885959999995,3,0
0.485,0.535,0.36,0.25,0.16,0.05,0.015,0.005,0.005,0.56,3,0.575,0.115,0.005,15,13383.087875,3,1
0.43,0.68,0.69,0.865,0.835,0.835,0.795,0.785,0.935,0.985,1,0.725,0.695,0.915,15,2445.730499,3,1
0.535,0.775,0.765,0.82,0.885,0.92,0.975,0.995,0.995,0.9995,0,0.58,0.91,0.9995,15,1867.183895,3,1
0.57,0.515,0.495,0.3,0.475,0.52,0.46,0.445,0.545,0.525,6,0.315,0.635,0.505,15,3137.1292680000006,3,1
0.42,0.63,0.74,0.68,0.75,0.72,0.48,0.12,0.09,0.125,2,0.695,0.825,0.165,15,3278.821550999997,3,0
0.555,0.73,0.715,0.79,0.875,0.69,0.475,0.35,0.72,0.995,2,0.665,0.875,0.975,15,3146.7956879999983,3,1
0.57,0.645,0.56,0.745,0.755,0.645,0.625,0.685,0.71,0.745,2,0.475,0.71,0.625,15,3021.617375,3,1
0.605,0.505,0.405,0.16,0.135,0.055,0.035,0.075,0.045,0.005,1,0.575,0.055,0.055,15,2473.9754870000015,3,0
0.64,0.675,0.605,0.415,0.27,0.335,0.535,0.645,0.575,0.815,2,0.685,0.32,0.57,15,4667.870511999998,3,1
0.425,0.415,0.385,0.125,0.16,0.12,0.235,0.115,0.025,0.005,2,0.505,0.085,0.005,15,3180.778175999999,3,0
0.465,0.585,0.615,0.66,0.645,0.68,0.735,0.87,0.965,0.96,1,0.445,0.565,0.965,15,1704.6615000000002,3,1
0.425,0.375,0.565,0.47,0.355,0.13,0.155,0.105,0.015,0.005,2,0.375,0.14,0.015,15,812.9089450000002,3,0
0.475,0.43,0.48,0.55,0.435,0.645,0.49,0.54,0.51,0.335,6,0.325,0.46,0.51,15,1788.927405,3,1
0.565,0.645,0.905,0.975,0.975,0.985,0.985,0.9985,0.9985,0.9995,0,0.555,0.985,0.9985,15,3248.9016770000003,3,1
0.57,0.62,0.74,0.63,0.75,0.79,0.665,0.5,0.465,0.065,1,0.61,0.825,0.38,15,4406.4694180000015,3,0
0.59,0.61,0.675,0.845,0.72,0.705,0.795,0.565,0.5,0.085,1,0.575,0.79,0.405,15,3987.4449119999995,3,0
0.455,0.54,0.5,0.485,0.495,0.29,0.245,0.035,0.005,0.005,2,0.49,0.435,0.005,15,1832.96088,3,0
0.505,0.225,0.205,0.1,0.085,0.16,0.285,0.345,0.26,0.145,1,0.255,0.095,0.37,15,3580.3271299999983,3,0
0.505,0.575,0.695,0.305,0.475,0.46,0.715,0.505,0.525,0.565,4,0.445,0.45,0.56,15,2887.596003999999,3,0
0.555,0.35,0.19,0.295,0.46,0.615,0.64,0.535,0.44,0.055,3,0.35,0.615,0.18,15,2594.5939049999993,3,0
0.535,0.42,0.565,0.85,0.86,0.62,0.725,0.945,0.92,0.965,2,0.415,0.78,0.955,15,1237.3703520000001,3,1
0.59,0.6,0.625,0.68,0.65,0.81,0.77,0.795,0.875,0.705,0,0.585,0.72,0.775,15,4272.532092999999,3,1
0.47,0.395,0.39,0.375,0.35,0.215,0.105,0.09,0.185,0.005,0,0.36,0.25,0.03,15,951.920902,3,0
0.495,0.655,0.67,0.615,0.665,0.855,0.86,0.965,0.975,0.99,1,0.755,0.575,0.99,15,1529.008053,3,1
0.445,0.56,0.68,0.775,0.715,0.885,0.895,0.965,0.975,0.995,1,0.555,0.74,0.995,15,1144.6887830000005,3,1
0.515,0.735,0.74,0.795,0.7,0.505,0.15,0.105,0.15,0.015,1,0.71,0.67,0.065,15,2707.8848240000016,3,0
0.555,0.28,0.28,0.175,0.12,0.295,0.235,0.435,0.085,0.04,1,0.325,0.29,0.065,15,3028.901669,3,0
0.515,0.19,0.105,0.105,0.33,0.465,0.505,0.405,0.515,0.38,5,0.395,0.29,0.525,15,3919.023869999998,3,0
0.565,0.32,0.24,0.31,0.165,0.165,0.085,0.055,0.005,0.005,1,0.565,0.28,0.005,15,1098.0930030000002,3,0
0.56,0.675,0.765,0.88,0.925,0.86,0.94,0.995,0.995,0.995,0,0.615,0.85,0.995,15,834.9119070000002,3,1
0.545,0.3,0.225,0.265,0.285,0.185,0.175,0.375,0.595,0.895,2,0.51,0.34,0.55,15,1406.6666179999997,3,1
0.575,0.26,0.39,0.48,0.345,0.45,0.4,0.105,0.07,0.005,3,0.17,0.525,0.015,15,1340.1940369999995,3,0
0.54,0.27,0.17,0.28,0.305,0.245,0.195,0.055,0.025,0.005,1,0.335,0.305,0.005,15,1842.6464780000006,3,0
0.525,0.565,0.595,0.52,0.64,0.73,0.785,0.94,0.905,0.925,2,0.605,0.625,0.935,15,2154.7532319999996,3,1
0.56,0.615,0.68,0.685,0.535,0.075,0.065,0.03,0.015,0.005,1,0.515,0.155,0.005,15,1365.442501,3,0
0.525,0.515,0.58,0.675,0.745,0.91,0.89,0.835,0.995,0.9985,2,0.465,0.83,0.995,15,2198.402701,3,1
0.575,0.615,0.57,0.685,0.325,0.305,0.27,0.765,0.365,0.11,3,0.575,0.36,0.405,15,1956.52322,3,0
0.505,0.75,0.805,0.785,0.785,0.905,0.925,0.955,0.995,0.995,0,0.695,0.835,0.995,15,1575.8777329999998,3,1
0.515,0.445,0.52,0.64,0.485,0.42,0.535,0.4,0.475,0.28,5,0.465,0.405,0.49,15,2470.9653479999993,3,0
0.415,0.305,0.295,0.08,0.095,0.085,0.095,0.015,0.005,0.005,0,0.495,0.075,0.005,15,1884.695377000001,3,0
0.53,0.39,0.32,0.59,0.58,0.945,0.905,0.985,0.995,0.985,2,0.355,0.895,0.995,15,3175.1708329999988,3,1
0.44,0.38,0.375,0.375,0.45,0.525,0.43,0.235,0.345,0.015,2,0.38,0.375,0.19,15,3195.222345999998,3,0
0.635,0.845,0.8,0.83,0.78,0.775,0.71,0.995,0.995,0.9995,0,0.845,0.745,0.995,15,2175.185019000001,3,1
0.525,0.715,0.785,0.82,0.65,0.335,0.205,0.08,0.055,0.005,1,0.735,0.42,0.04,15,2369.705824,3,0
0.475,0.24,0.24,0.06,0.085,0.04,0.025,0.03,0.0245,0.0045,2,0.505,0.035,0.0045,15,2293.235732,3,0
0.5,0.545,0.715,0.655,0.57,0.465,0.295,0.775,0.76,0.995,4,0.505,0.365,0.87,15,2030.2971960000004,3,1
0.535,0.525,0.385,0.325,0.235,0.355,0.285,0.31,0.145,0.685,2,0.525,0.36,0.065,15,2763.540609999999,3,0
0.58,0.765,0.825,0.845,0.885,0.985,0.98,0.78,0.8675,0.975,0,0.69,0.925,0.9705,15,2709.7319740000016,3,1
0.685,0.475,0.685,0.565,0.465,0.175,0.225,0.175,0.055,0.005,5,0.505,0.245,0.045,15,3765.380603,3,0
0.44,0.455,0.385,0.385,0.475,0.77,0.72,0.615,0.6,0.58,1,0.335,0.635,0.66,15,6774.7528729999985,3,1
0.61,0.555,0.76,0.845,0.705,0.72,0.645,0.555,0.47,0.065,1,0.7,0.505,0.305,15,2884.2657429999986,3,0
0.52,0.295,0.305,0.23,0.205,0.245,0.185,0.025,0.015,0.005,1,0.375,0.265,0.005,15,1941.880131,3,0
0.51,0.485,0.475,0.405,0.315,0.15,0.12,0.055,0.025,0.005,3,0.395,0.285,0.02,15,2879.458491,3,0
0.55,0.33,0.455,0.755,0.755,0.825,0.765,0.695,0.625,0.985,2,0.325,0.72,0.89,15,3596.7415249999976,3,1
0.725,0.54,0.565,0.535,0.47,0.235,0.135,0.17,0.375,0.015,3,0.495,0.275,0.11,15,2137.902653000001,3,0
0.465,0.38,0.425,0.435,0.705,0.535,0.705,0.425,0.635,0.505,3,0.425,0.845,0.755,15,2442.4019019999996,3,0
0.555,0.405,0.33,0.28,0.27,0.22,0.19,0.205,0.245,0.03,1,0.335,0.215,0.245,15,2118.820875000001,3,0
0.48,0.665,0.705,0.515,0.44,0.4,0.575,0.355,0.395,0.005,4,0.67,0.3,0.04,15,4583.059209,3,0
0.565,0.455,0.485,0.555,0.545,0.56,0.705,0.85,0.995,0.9985,4,0.495,0.445,0.99,15,2679.627878,3,1
0.56,0.355,0.41,0.705,0.645,0.58,0.785,0.965,0.975,0.9895,2,0.52,0.725,0.965,15,1614.4925430000008,3,1
0.5,0.405,0.385,0.185,0.095,0.13,0.12,0.005,0.005,0.005,1,0.405,0.075,0.005,15,1876.3993879999996,3,0
0.545,0.745,0.78,0.655,0.455,0.365,0.3,0.055,0.035,0.005,1,0.665,0.475,0.035,15,719.5287619999999,3,0
0.545,0.455,0.38,0.335,0.575,0.93,0.94,0.825,0.845,0.955,2,0.535,0.815,0.875,15,2197.5417890000012,3,1
0.355,0.475,0.66,0.73,0.855,0.53,0.2,0.16,0.2,0.025,2,0.455,0.875,0.175,15,1747.745545,3,0
0.525,0.315,0.115,0.1,0.065,0.035,0.045,0.04,0.015,0.005,1,0.44,0.09,0.005,15,2042.6203040000003,3,0
0.505,0.585,0.62,0.825,0.845,0.655,0.435,0.345,0.015,0.005,1,0.57,0.79,0.015,15,1864.0924470000004,3,0
0.505,0.43,0.57,0.7,0.545,0.84,0.9,0.855,0.905,0.985,2,0.515,0.745,0.975,15,860.745231,3,1
0.47,0.345,0.335,0.59,0.635,0.36,0.215,0.305,0.53,0.805,5,0.355,0.615,0.445,15,4688.339433000002,3,1
0.285,0.165,0.255,0.12,0.185,0.1,0.085,0.03,0.02,0.005,0,0.25,0.145,0.005,15,2364.949284,3,0
0.375,0.235,0.25,0.3,0.35,0.055,0.015,0.005,0.005,0.005,2,0.505,0.3,0.005,15,2666.123644000002,3,0
0.525,0.525,0.565,0.575,0.66,0.455,0.565,0.46,0.165,0.005,5,0.475,0.505,0.065,15,1950.486631,3,0
0.505,0.275,0.23,0.07,0.055,0.04,0.025,0.005,0.005,0.005,1,0.365,0.055,0.005,15,739.4937259999998,3,0
0.465,0.485,0.345,0.365,0.295,0.16,0.29,0.52,0.54,0.45,4,0.585,0.205,0.455,15,4281.981857999999,3,1
0.505,0.495,0.45,0.815,0.825,0.9,0.94,0.985,0.995,0.9985,2,0.375,0.87,0.9985,15,1813.0449849999995,3,1
0.485,0.77,0.725,0.735,0.755,0.715,0.595,0.515,0.5,0.29,2,0.595,0.755,0.24,15,4302.0082399999965,3,1
0.56,0.575,0.66,0.75,0.86,0.945,0.985,0.985,0.995,0.995,2,0.435,0.92,0.995,15,1475.087492000001,3,1
0.4,0.24,0.175,0.265,0.06,0.065,0.045,0.005,0.005,0.0005,0,0.305,0.075,0.005,15,1829.9438979999995,3,0
0.695,0.665,0.715,0.635,0.705,0.81,0.725,0.895,0.805,0.93,0,0.585,0.795,0.785,15,2049.964314,3,1
0.7,0.965,0.905,0.95,0.965,0.985,0.985,0.995,0.995,0.9995,0,0.94,0.975,0.995,15,5617.7279009999975,3,1
0.505,0.565,0.495,0.635,0.67,0.895,0.96,0.995,0.995,0.995,2,0.515,0.81,0.995,15,1567.2823549999998,3,1
0.455,0.73,0.765,0.58,0.42,0.385,0.465,0.605,0.645,0.725,5,0.68,0.61,0.765,15,3482.695372000001,3,1
0.565,0.835,0.755,0.605,0.545,0.525,0.635,0.265,0.28,0.335,5,0.605,0.485,0.59,15,4569.101699,3,1
0.535,0.535,0.515,0.355,0.175,0.35,0.685,0.905,0.975,0.995,2,0.535,0.175,0.975,15,1294.856733,3,1
0.53,0.505,0.575,0.165,0.07,0.045,0.035,0.0145,0.0055,0.005,3,0.435,0.035,0.005,15,2168.1289859999997,3,0
0.525,0.565,0.31,0.525,0.585,0.58,0.515,0.665,0.915,0.905,4,0.565,0.685,0.815,15,2947.943380999999,3,0
0.5,0.545,0.6,0.315,0.175,0.215,0.095,0.035,0.005,0.004,1,0.525,0.215,0.005,15,2320.3491010000002,3,0
0.5,0.185,0.3,0.505,0.57,0.645,0.475,0.615,0.775,0.995,4,0.395,0.585,0.775,15,2221.7519739999993,3,1
0.45,0.41,0.33,0.23,0.285,0.165,0.23,0.295,0.25,0.065,0,0.48,0.11,0.115,15,2468.238222,3,0
0.495,0.43,0.39,0.435,0.285,0.155,0.225,0.49,0.325,0.125,0,0.44,0.21,0.335,15,3738.133209999998,3,1
0.5,0.245,0.155,0.125,0.06,0.035,0.025,0.0095,0.006,0.0055,1,0.33,0.055,0.0055,15,2112.6856669999997,3,0
0.49,0.4,0.375,0.555,0.78,0.885,0.965,0.9945,0.97,0.994,1,0.415,0.74,0.9655,15,2668.678808,3,1
0.435,0.53,0.56,0.65,0.52,0.735,0.685,0.695,0.525,0.805,3,0.625,0.46,0.57,15,2426.009379999999,3,1
0.425,0.175,0.155,0.19,0.13,0.09,0.06,0.015,0.005,0.0045,0,0.265,0.055,0.005,15,2870.7421579999996,3,0
0.575,0.735,0.735,0.79,0.89,0.94,0.985,0.995,0.9995,0.9995,0,0.73,0.915,0.9995,15,1337.1377120000002,3,1
0.685,0.725,0.745,0.84,0.845,0.8,0.81,0.84,0.62,0.98,0,0.855,0.875,0.655,15,1799.3056840000004,3,1
0.5,0.6,0.655,0.825,0.805,0.865,0.94,0.995,0.9995,0.9995,2,0.435,0.83,0.9995,15,1608.9608770000004,3,1
0.55,0.515,0.78,0.855,0.9,0.935,0.945,0.975,0.995,0.9995,0,0.515,0.895,0.995,15,2189.770581,3,1
0.52,0.455,0.37,0.42,0.345,0.26,0.265,0.025,0.005,0.004,3,0.455,0.305,0.004,15,3175.5152110000026,3,0
0.395,0.335,0.245,0.245,0.285,0.165,0.28,0.17,0.07,0.015,0,0.225,0.17,0.035,15,2064.573633000001,3,0
0.52,0.52,0.165,0.095,0.085,0.18,0.285,0.07,0.03,0.005,1,0.52,0.185,0.005,15,2895.7915550000002,3,0
0.48,0.55,0.595,0.645,0.64,0.77,0.615,0.74,0.805,0.975,1,0.545,0.655,0.675,15,4123.346012000001,3,1
0.48,0.5,0.46,0.875,0.895,0.93,0.97,0.98,0.9895,0.9945,3,0.335,0.92,0.995,15,2930.5646530000004,3,1
0.52,0.675,0.775,0.69,0.7,0.865,0.85,0.945,0.945,0.97,0,0.62,0.765,0.87,15,1927.5976809999995,3,1
0.48,0.42,0.375,0.495,0.675,0.93,0.965,0.988,0.9755,0.977,3,0.57,0.88,0.9765,15,1718.911440999999,3,1
0.53,0.335,0.305,0.27,0.27,0.475,0.42,0.295,0.3,0.085,1,0.375,0.195,0.345,15,2037.0254180000004,3,0
0.61,0.7,0.735,0.735,0.75,0.86,0.895,0.915,0.88,0.975,2,0.465,0.685,0.935,15,3430.3038809999975,3,1
0.515,0.185,0.165,0.065,0.05,0.005,0.0055,0.0015,0.0015,0.0005,1,0.295,0.04,0.0015,15,3091.039201,3,0
0.575,0.7,0.64,0.72,0.835,0.805,0.935,0.985,0.9975,0.996,0,0.72,0.695,0.9955,15,1891.9330819999996,3,1
0.55,0.61,0.66,0.725,0.675,0.805,0.665,0.23,0.285,0.075,1,0.595,0.77,0.355,15,2229.6235189999998,3,0
0.535,0.595,0.665,0.655,0.74,0.695,0.795,0.855,0.885,0.915,2,0.31,0.75,0.665,15,1924.258513000001,3,1
0.485,0.455,0.64,0.82,0.81,0.485,0.45,0.445,0.015,0.005,4,0.535,0.83,0.015,15,2294.5377310000003,3,0
0.535,0.5,0.43,0.415,0.715,0.76,0.885,0.725,0.695,0.9995,4,0.45,0.66,0.975,15,1970.1937389999996,3,1
0.505,0.475,0.48,0.56,0.515,0.72,0.605,0.165,0.055,0.005,3,0.58,0.55,0.005,15,3298.3714270000014,3,0
0.48,0.485,0.39,0.745,0.68,0.575,0.505,0.36,0.155,0.04,2,0.455,0.56,0.135,15,2898.951645,3,0
0.475,0.43,0.51,0.465,0.485,0.86,0.89,0.95,0.985,0.995,5,0.605,0.715,0.995,15,936.7392789999999,3,1
0.585,0.58,0.685,0.67,0.75,0.535,0.66,0.9,0.91,0.975,0,0.65,0.655,0.96,15,2315.191285,3,1
0.715,0.465,0.615,0.375,0.215,0.36,0.285,0.1,0.025,0.005,3,0.5,0.18,0.005,15,2513.8094330000013,3,0
0.51,0.35,0.365,0.41,0.375,0.44,0.315,0.04,0.045,0.005,1,0.445,0.32,0.045,15,2238.414848,3,0
0.5,0.865,0.89,0.775,0.735,0.925,0.925,0.955,0.71,0.63,0,0.77,0.835,0.85,15,4761.917233,3,0
0.5,0.515,0.67,0.865,0.865,0.865,0.685,0.965,0.95,0.995,0,0.535,0.895,0.975,15,2372.7533590000007,3,1
0.34,0.25,0.165,0.105,0.085,0.07,0.04,0.035,0.055,0.005,0,0.335,0.075,0.055,15,2188.5220120000004,3,0
0.525,0.555,0.375,0.335,0.235,0.37,0.46,0.515,0.765,0.355,5,0.425,0.32,0.735,15,4682.537564999994,3,0
0.525,0.435,0.45,0.345,0.31,0.11,0.1,0.085,0.085,0.11,1,0.505,0.085,0.265,15,2447.6338670000005,3,0
0.48,0.545,0.83,0.765,0.785,0.945,0.945,0.985,0.94,0.9985,1,0.495,0.855,0.985,15,2135.601751,3,1
0.55,0.665,0.805,0.92,0.98,0.995,0.995,0.9965,0.9975,0.9985,0,0.64,0.985,0.9975,15,2634.251466,3,1
0.5,0.535,0.45,0.245,0.145,0.345,0.4,0.055,0.005,0.0015,1,0.535,0.245,0.005,15,2655.9038100000002,3,0
0.465,0.56,0.735,0.495,0.18,0.045,0.045,0.025,0.005,0.0395,2,0.485,0.16,0.1305,15,3338.257686000001,3,0
0.46,0.3,0.47,0.37,0.405,0.635,0.635,0.775,0.86,0.985,1,0.4,0.41,0.935,15,1596.7164670000004,3,1
0.515,0.74,0.775,0.925,0.915,0.945,0.955,0.975,0.995,0.995,0,0.695,0.915,0.995,15,2477.534216999999,3,1
0.525,0.65,0.705,0.83,0.795,0.67,0.695,0.115,0.27,0.035,1,0.65,0.675,0.13,15,3174.4307200000003,3,0
0.505,0.51,0.55,0.265,0.145,0.075,0.035,0.0055,0.0055,0.004,3,0.425,0.07,0.005,15,2082.4461890000007,3,0
0.505,0.505,0.52,0.405,0.41,0.725,0.845,0.82,0.775,0.64,2,0.5,0.545,0.795,15,2936.0151909999986,3,1
0.505,0.44,0.525,0.73,0.78,0.865,0.065,0.135,0.04,0.0045,3,0.475,0.695,0.005,15,5862.272483999998,3,0
0.505,0.325,0.325,0.365,0.225,0.28,0.53,0.515,0.445,0.695,4,0.415,0.225,0.425,15,3038.002851999998,3,1
0.505,0.465,0.325,0.295,0.37,0.575,0.55,0.65,0.365,0.34,3,0.48,0.675,0.325,15,3126.593642999995,3,0
0.505,0.615,0.455,0.645,0.455,0.48,0.345,0.43,0.52,0.03,7,0.365,0.49,0.425,15,2931.9367149999975,3,0
0.505,0.625,0.58,0.55,0.635,0.62,0.68,0.82,0.885,0.97,0,0.54,0.76,0.885,15,3503.417218,3,0
0.545,0.53,0.52,0.595,0.73,0.76,0.85,0.965,0.995,0.995,2,0.53,0.675,0.995,15,1870.5094669999996,3,1
0.505,0.515,0.69,0.605,0.68,0.66,0.865,0.925,0.975,0.9995,0,0.515,0.75,0.995,15,1802.4368140000001,3,1
0.495,0.605,0.665,0.75,0.795,0.69,0.91,0.97,0.97,0.9645,1,0.605,0.795,0.9715,15,1389.1461110000007,3,1
0.505,0.51,0.36,0.45,0.515,0.54,0.53,0.68,0.895,0.885,2,0.54,0.58,0.965,15,7045.801810999999,3,0
0.525,0.425,0.605,0.73,0.57,0.695,0.61,0.795,0.67,0.985,2,0.405,0.62,0.905,15,2770.272246999999,3,1
0.505,0.425,0.22,0.075,0.055,0.005,0.005,0.0025,0.002,0.005,1,0.425,0.015,0.002,15,2505.660611999999,3,0
0.505,0.49,0.585,0.715,0.59,0.825,0.85,0.9,0.975,0.995,2,0.615,0.825,0.935,15,1023.2580189999998,3,1
0.51,0.355,0.105,0.095,0.055,0.035,0.09,0.055,0.17,0.745,2,0.505,0.055,0.485,15,6179.534412999998,3,1
0.525,0.52,0.475,0.445,0.515,0.205,0.26,0.015,0.015,0.005,7,0.395,0.455,0.005,15,5604.353518999996,3,0
0.6,0.46,0.45,0.45,0.55,0.62,0.64,0.285,0.615,0.975,6,0.515,0.49,0.835,15,2957.447901999999,3,1
0.485,0.735,0.785,0.805,0.865,0.92,0.865,0.96,0.995,0.995,1,0.595,0.925,0.995,15,2609.4811069999996,3,1
0.435,0.42,0.445,0.575,0.685,0.725,0.805,0.705,0.815,0.995,3,0.5,0.72,0.895,15,2495.812632,3,1
0.52,0.355,0.365,0.37,0.355,0.285,0.465,0.39,0.675,0.98,2,0.5,0.265,0.91,15,2894.2417419999997,3,1
0.525,0.285,0.37,0.215,0.155,0.175,0.145,0.265,0.175,0.005,1,0.345,0.125,0.015,15,1240.3426759999998,3,0
0.44,0.4,0.455,0.295,0.185,0.13,0.085,0.005,0.0055,0.0005,2,0.56,0.27,0.005,15,3107.4909909999997,3,0
0.435,0.525,0.47,0.46,0.475,0.315,0.245,0.5,0.395,0.245,8,0.505,0.515,0.38,15,3806.179709000001,3,0
0.535,0.76,0.72,0.67,0.825,0.84,0.875,0.975,0.98,0.995,0,0.54,0.825,0.99,15,4540.465681,3,1
0.51,0.505,0.56,0.4,0.35,0.575,0.605,0.345,0.085,0.005,5,0.45,0.445,0.075,15,2044.7447009999987,3,0
0.555,0.24,0.23,0.085,0.035,0.015,0.006,0.0015,0.005,0.0005,1,0.375,0.025,0.0045,15,5060.404835,3,0
0.465,0.615,0.745,0.795,0.85,0.875,0.92,0.975,0.975,0.99,1,0.565,0.88,0.975,15,4279.460991999999,3,1
0.54,0.48,0.705,0.755,0.815,0.955,0.95,0.9855,0.9855,0.9995,2,0.48,0.945,0.996,15,3281.6291419999993,3,1
0.47,0.38,0.36,0.22,0.225,0.19,0.135,0.205,0.29,0.005,0,0.38,0.285,0.025,15,3157.320744000001,3,0
0.56,0.275,0.2,0.17,0.19,0.185,0.265,0.385,0.47,0.265,1,0.54,0.185,0.395,15,2223.164404,3,0
0.56,0.36,0.37,0.485,0.725,0.745,0.56,0.585,0.59,0.4,5,0.36,0.7,0.775,15,4278.911637999997,3,1
0.555,0.495,0.405,0.32,0.31,0.265,0.34,0.085,0.335,0.015,1,0.465,0.27,0.14,15,2682.810457,3,0
0.465,0.45,0.335,0.265,0.16,0.085,0.05,0.015,0.015,0.0055,2,0.59,0.09,0.0145,15,3733.2416369999996,3,0
0.455,0.47,0.585,0.84,0.85,0.895,0.965,0.985,0.9975,0.9995,1,0.425,0.86,0.9985,15,3773.8844150000004,3,1
0.425,0.385,0.435,0.435,0.485,0.76,0.835,0.895,0.62,0.565,3,0.365,0.645,0.3,15,2984.6217880000004,3,0
0.49,0.755,0.735,0.64,0.82,0.935,0.945,0.975,0.975,0.9945,1,0.65,0.835,0.985,15,3386.4746380000015,3,1
0.44,0.305,0.215,0.145,0.095,0.015,0.015,0.045,0.025,0.005,0,0.355,0.055,0.02,15,4854.226731000001,3,0
0.565,0.52,0.665,0.65,0.545,0.525,0.48,0.425,0.635,0.605,6,0.475,0.295,0.555,15,2679.3825420000003,3,1
0.54,0.625,0.57,0.295,0.265,0.565,0.7,0.58,0.64,0.085,3,0.63,0.57,0.21,15,1860.336504,3,0
0.535,0.52,0.435,0.395,0.4,0.225,0.425,0.29,0.175,0.005,3,0.475,0.15,0.055,15,1838.4466310000005,3,0
0.58,0.37,0.295,0.115,0.215,0.125,0.235,0.19,0.15,0.005,1,0.395,0.215,0.025,15,1819.7610620000003,3,0
0.535,0.505,0.555,0.635,0.585,0.075,0.075,0.045,0.085,0.005,3,0.415,0.34,0.015,15,3540.417474,3,0
0.53,0.7,0.685,0.715,0.795,0.825,0.805,0.695,0.485,0.965,2,0.615,0.845,0.34,15,2144.152596000001,3,1
0.53,0.685,0.535,0.595,0.82,0.88,0.945,0.995,0.995,0.995,2,0.695,0.835,0.995,15,2191.3237809999996,3,1
0.51,0.575,0.55,0.805,0.795,0.77,0.825,0.695,0.615,0.745,0,0.56,0.75,0.83,15,2607.157097,3,1
0.555,0.35,0.33,0.135,0.055,0.06,0.055,0.56,0.885,0.95,2,0.29,0.07,0.89,15,3166.580235000001,3,1
0.495,0.705,0.725,0.6,0.535,0.42,0.405,0.02,0.015,0.005,2,0.685,0.56,0.015,15,2485.1853429999987,3,0
0.555,0.695,0.745,0.84,0.835,0.795,0.47,0.815,0.905,0.965,2,0.56,0.735,0.945,15,1323.5824620000003,3,1
0.55,0.67,0.8,0.6,0.515,0.025,0.05,0.015,0.005,0.0025,1,0.635,0.26,0.003,15,3153.3171210000005,3,0
0.565,0.525,0.67,0.485,0.335,0.33,0.315,0.305,0.37,0.07,1,0.55,0.16,0.45,15,1516.1197699999993,3,0
0.625,0.295,0.26,0.465,0.31,0.17,0.115,0.085,0.065,0.005,1,0.425,0.315,0.045,15,5367.934611,3,1
0.565,0.32,0.22,0.285,0.15,0.045,0.015,0.0025,0.0025,0.0005,1,0.465,0.085,0.003,15,3530.352436000001,3,0
0.565,0.38,0.57,0.52,0.385,0.11,0.05,0.22,0.215,0.015,3,0.44,0.22,0.035,15,1301.8385549999987,3,0
0.485,0.09,0.02,0.045,0.045,0.022,0.0245,0.006,0.005,0.0005,0,0.09,0.0515,0.0015,15,1959.4473539999997,3,0
0.485,0.445,0.435,0.645,0.815,0.92,0.935,0.98,0.975,0.9955,1,0.345,0.94,0.9995,15,3668.3035609999997,3,1
0.485,0.46,0.225,0.265,0.255,0.175,0.215,0.2,0.06,0.965,1,0.335,0.2,0.43,15,1689.1959019999997,3,1
0.535,0.53,0.655,0.4,0.29,0.455,0.59,0.535,0.345,0.19,3,0.575,0.445,0.31,15,2341.3050359999997,3,1
0.435,0.53,0.52,0.54,0.6,0.645,0.695,0.995,0.995,0.997,1,0.5,0.68,0.9965,15,2736.428265999999,3,1
0.485,0.41,0.33,0.43,0.405,0.785,0.775,0.555,0.74,0.785,3,0.41,0.62,0.385,15,2877.1910289999996,3,0
0.425,0.58,0.775,0.74,0.665,0.905,0.93,0.96,0.945,0.985,1,0.56,0.87,0.94,15,1622.7377500000005,3,1
0.5,0.425,0.66,0.515,0.63,0.545,0.665,0.48,0.435,0.35,3,0.465,0.59,0.44,15,1621.4291490000003,3,0
0.56,0.61,0.485,0.135,0.14,0.07,0.095,0.3,0.34,0.76,2,0.565,0.05,0.375,15,1585.8301490000003,3,1
0.545,0.515,0.695,0.775,0.915,0.795,0.68,0.39,0.245,0.3,3,0.49,0.875,0.29,15,1156.0249530000003,3,0
0.525,0.425,0.415,0.49,0.465,0.39,0.36,0.465,0.37,0.125,1,0.385,0.39,0.18,15,1948.2456740000005,3,0
0.645,0.585,0.52,0.485,0.685,0.67,0.765,0.64,0.615,0.885,2,0.585,0.725,0.73,15,1004.0715250000002,3,1
0.485,0.395,0.135,0.065,0.02,0.045,0.015,0.006,0.0055,0.005,0,0.395,0.03,0.0055,15,2335.8687629999995,3,0
0.575,0.375,0.495,0.455,0.495,0.46,0.39,0.805,0.885,0.94,8,0.375,0.5,0.9,15,894.8488969999996,3,1
0.545,0.505,0.58,0.56,0.535,0.64,0.655,0.645,0.815,0.61,2,0.465,0.53,0.675,15,2045.1830889999997,3,1
0.55,0.205,0.12,0.365,0.255,0.355,0.295,0.22,0.155,0.085,1,0.245,0.3,0.155,15,1773.2520980000015,3,0
0.57,0.28,0.31,0.24,0.25,0.11,0.065,0.03,0.025,0.005,1,0.225,0.06,0.0195,15,2442.8312560000004,3,0
0.49,0.68,0.73,0.49,0.55,0.615,0.715,0.825,0.945,0.935,3,0.605,0.505,0.945,15,1080.5552969999999,3,1
0.49,0.445,0.36,0.37,0.285,0.35,0.335,0.095,0.22,0.035,0,0.48,0.365,0.045,15,1258.5136070000003,3,0
0.49,0.12,0.12,0.15,0.15,0.09,0.115,0.275,0.16,0.025,0,0.265,0.135,0.16,15,1921.7955779999998,3,0
0.415,0.59,0.755,0.91,0.925,0.97,0.985,0.995,0.995,0.9985,1,0.6,0.97,0.9985,15,4868.813933,3,1
0.375,0.545,0.525,0.585,0.87,0.905,0.93,0.97,0.995,0.995,1,0.5,0.92,0.9985,15,2853.919786,3,1
0.505,0.44,0.415,0.395,0.375,0.36,0.37,0.32,0.305,0.47,1,0.465,0.375,0.375,15,1836.065181,3,1
0.58,0.38,0.625,0.68,0.755,0.875,0.895,0.965,0.965,0.985,2,0.445,0.785,0.975,15,1925.4833409999999,3,1
0.49,0.285,0.285,0.405,0.48,0.31,0.205,0.105,0.055,0.035,0,0.415,0.27,0.04,15,2434.6604629999997,3,0
0.525,0.545,0.54,0.215,0.125,0.2,0.125,0.03,0.015,0.005,1,0.52,0.12,0.005,15,3167.802103,3,0
0.445,0.47,0.67,0.705,0.65,0.385,0.075,0.195,0.095,0.035,2,0.47,0.75,0.065,15,2307.8038309999997,3,0
0.54,0.385,0.35,0.3,0.345,0.285,0.61,0.965,0.985,0.975,2,0.385,0.365,0.985,15,3483.2637019999997,3,1
0.525,0.5,0.46,0.555,0.635,0.62,0.745,0.585,0.545,0.025,5,0.455,0.585,0.015,15,1771.0493290000002,3,0
0.56,0.685,0.775,0.825,0.825,0.87,0.935,0.97,0.985,0.995,0,0.545,0.895,0.995,15,3041.575739,3,1
0.495,0.645,0.695,0.725,0.57,0.515,0.44,0.315,0.35,0.4,4,0.655,0.475,0.35,15,1743.499823,3,0
0.49,0.61,0.705,0.86,0.92,0.98,0.985,0.989,0.9995,0.9995,1,0.555,0.965,0.9955,15,3980.4667719999998,3,1
0.445,0.495,0.46,0.465,0.56,0.265,0.205,0.17,0.1,0.065,4,0.515,0.485,0.085,15,1314.5406010000004,3,0
0.415,0.29,0.3,0.325,0.47,0.745,0.555,0.665,0.845,0.945,1,0.415,0.525,0.945,15,1835.2403949999998,3,1
0.585,0.705,0.865,0.93,0.945,0.945,0.905,0.915,0.935,0.965,0,0.655,0.925,0.955,15,2240.7719470000006,3,1
0.53,0.57,0.545,0.33,0.575,0.605,0.655,0.42,0.415,0.38,3,0.535,0.535,0.36,15,2179.0280410000014,3,0
0.485,0.265,0.42,0.37,0.325,0.265,0.305,0.175,0.165,0.025,2,0.545,0.365,0.075,15,1289.3675970000002,3,0
0.56,0.585,0.485,0.445,0.455,0.63,0.475,0.675,0.77,0.935,4,0.535,0.54,0.885,15,1304.8668529999998,3,1
0.525,0.295,0.19,0.115,0.105,0.035,0.035,0.03,0.021,0.033,1,0.595,0.05,0.021,15,3133.0467869999975,3,0
0.55,0.6,0.63,0.615,0.655,0.81,0.83,0.69,0.745,0.925,0,0.575,0.695,0.81,15,1426.6395590000004,3,1
0.555,0.605,0.515,0.445,0.255,0.54,0.605,0.685,0.36,0.095,3,0.595,0.245,0.33,15,2531.801718,3,0
0.57,0.52,0.61,0.67,0.625,0.77,0.825,0.885,0.885,0.875,2,0.48,0.755,0.945,15,1502.1030329999999,3,1
0.53,0.545,0.615,0.705,0.805,0.825,0.885,0.66,0.745,0.685,0,0.525,0.815,0.705,15,1748.1177960000002,3,0
0.545,0.635,0.545,0.795,0.855,0.855,0.935,0.94,0.975,0.945,0,0.565,0.89,0.905,15,1563.7777190000002,3,1
0.485,0.655,0.555,0.585,0.575,0.245,0.305,0.615,0.825,0.785,3,0.645,0.465,0.84,15,2290.1954089999995,3,0
0.56,0.52,0.5,0.405,0.68,0.925,0.905,0.91,0.93,0.89,2,0.51,0.79,0.775,15,1171.931503,3,1
0.53,0.65,0.66,0.66,0.675,0.18,0.195,0.11,0.095,0.7,4,0.495,0.62,0.07,15,2563.7318200000013,3,0
0.49,0.585,0.465,0.525,0.475,0.455,0.48,0.495,0.545,0.83,5,0.635,0.34,0.545,15,1797.3405820000003,3,1
0.49,0.55,0.415,0.22,0.27,0.14,0.125,0.11,0.095,0.015,2,0.535,0.295,0.035,15,1191.6154889999998,3,0
0.49,0.445,0.635,0.655,0.605,0.36,0.265,0.15,0.075,0.025,2,0.355,0.285,0.035,15,1933.7105470000001,3,0
0.51,0.56,0.705,0.825,0.655,0.89,0.92,0.975,0.975,0.975,0,0.615,0.81,0.975,15,1092.5280729999997,3,1
0.435,0.495,0.48,0.665,0.47,0.595,0.645,0.085,0.015,0.005,6,0.525,0.54,0.015,15,2317.224760000001,3,0
0.425,0.44,0.58,0.74,0.625,0.675,0.865,0.97,0.985,0.995,1,0.44,0.75,0.985,15,1854.2610090000003,3,1
0.49,0.675,0.755,0.83,0.705,0.705,0.825,0.83,0.845,0.965,1,0.595,0.78,0.935,15,991.8781200000002,3,1
0.51,0.61,0.505,0.675,0.455,0.25,0.055,0.055,0.855,0.57,4,0.685,0.41,0.435,15,4312.907422,3,1
0.6,0.475,0.425,0.45,0.17,0.275,0.21,0.055,0.145,0.12,1,0.43,0.23,0.135,15,1663.1781849999995,3,0
0.52,0.36,0.295,0.245,0.375,0.455,0.385,0.97,0.975,0.975,2,0.46,0.45,0.975,15,1247.1979790000012,3,1
0.55,0.435,0.245,0.175,0.17,0.05,0.035,0.0145,0.0145,0.005,1,0.435,0.145,0.0055,15,2623.7475389999995,3,0
0.495,0.225,0.16,0.33,0.37,0.355,0.325,0.5,0.54,0.08,2,0.39,0.375,0.135,15,1662.472254000001,3,0
0.43,0.455,0.565,0.665,0.705,0.445,0.115,0.075,0.055,0.01,2,0.47,0.625,0.055,15,1233.1434260000003,3,0
0.485,0.515,0.655,0.395,0.315,0.305,0.345,0.105,0.22,0.055,2,0.415,0.195,0.14,15,1565.9496370000002,3,0
0.495,0.51,0.685,0.775,0.91,0.9,0.935,0.955,0.975,0.9945,1,0.47,0.87,0.9755,15,3018.863062000001,3,1
0.715,0.705,0.525,0.63,0.63,0.65,0.63,0.84,0.755,0.975,0,0.655,0.6,0.905,15,2208.675051000001,3,1
0.495,0.69,0.915,0.925,0.945,0.92,0.92,0.91,0.97,0.985,1,0.69,0.95,0.995,15,3451.350653,3,1
0.515,0.4,0.335,0.53,0.57,0.485,0.48,0.515,0.925,0.905,4,0.565,0.585,0.93,15,3487.993738000002,3,1
0.56,0.415,0.32,0.255,0.41,0.23,0.105,0.04,0.005,0.006,1,0.635,0.325,0.006,15,3757.863797,3,0
0.535,0.635,0.455,0.64,0.685,0.585,0.475,0.105,0.355,0.01,5,0.57,0.485,0.045,15,3394.6623560000003,3,0
0.69,0.355,0.335,0.25,0.125,0.175,0.19,0.305,0.085,0.035,1,0.405,0.15,0.06,15,1126.4863090000003,3,0
0.545,0.795,0.67,0.425,0.45,0.51,0.66,0.88,0.82,0.96,2,0.665,0.415,0.94,15,1214.1200880000001,3,1
0.535,0.6,0.595,0.65,0.425,0.53,0.64,0.595,0.705,0.915,2,0.625,0.49,0.82,15,1074.583388,3,1
0.485,0.4,0.37,0.3,0.205,0.175,0.095,0.055,0.025,0.035,2,0.56,0.195,0.045,15,1464.2533070000002,3,0
0.535,0.205,0.225,0.33,0.305,0.465,0.695,0.87,0.935,0.985,2,0.345,0.375,0.975,15,2425.5496780000008,3,1
0.585,0.255,0.53,0.51,0.68,0.86,0.84,0.975,0.99,0.995,2,0.255,0.725,0.995,15,2498.872508,3,1
0.57,0.715,0.565,0.165,0.33,0.59,0.81,0.93,0.96,0.985,2,0.675,0.63,0.975,15,2297.7453999999993,3,1
0.55,0.545,0.61,0.505,0.495,0.345,0.305,0.075,0.12,0.39,1,0.5,0.26,0.315,15,1543.8309260000005,3,1
0.57,0.64,0.67,0.265,0.245,0.23,0.23,0.085,0.05,0.005,1,0.605,0.275,0.02,15,2229.3448820000003,3,0
0.49,0.445,0.48,0.3,0.285,0.165,0.175,0.04,0.03,0.0005,2,0.575,0.22,0.02,15,19287.429153,3,0
0.495,0.175,0.34,0.635,0.615,0.535,0.685,0.5,0.42,0.38,4,0.475,0.64,0.53,15,2954.4218670000005,3,0
0.5,0.5,0.455,0.555,0.46,0.485,0.425,0.56,0.4,0.285,9,0.465,0.53,0.195,15,1764.1467980000002,3,0
0.555,0.585,0.7,0.83,0.79,0.925,0.915,0.975,0.985,0.9985,0,0.585,0.85,0.9985,15,2254.9601149999994,3,1
0.54,0.54,0.555,0.445,0.445,0.46,0.5,0.055,0.03,0.005,3,0.54,0.39,0.005,15,2273.8494499999997,3,0
0.495,0.495,0.445,0.565,0.35,0.25,0.265,0.235,0.355,0.37,2,0.46,0.25,0.44,15,3659.3725550000004,3,0
0.515,0.64,0.58,0.56,0.2,0.315,0.275,0.21,0.15,0.435,1,0.605,0.3,0.175,15,3744.718829999999,3,0
0.545,0.55,0.525,0.345,0.38,0.43,0.205,0.155,0.095,0.025,1,0.55,0.355,0.055,15,2806.3867900000005,3,0
0.575,0.245,0.235,0.085,0.11,0.07,0.025,0.0055,0.0015,0.0005,1,0.405,0.06,0.0015,15,3166.88503,3,0
0.49,0.285,0.205,0.455,0.365,0.315,0.215,0.31,0.165,0.035,0,0.285,0.245,0.08,15,1200.4062590000003,3,0
0.495,0.39,0.175,0.055,0.06,0.085,0.14,0.035,0.03,0.005,0,0.4,0.065,0.005,15,3641.68254,3,0
0.495,0.56,0.755,0.785,0.78,0.775,0.64,0.57,0.695,0.795,3,0.56,0.645,0.915,15,2094.7104699999995,3,1
0.495,0.54,0.45,0.54,0.54,0.61,0.64,0.855,0.925,0.995,5,0.54,0.415,0.98,15,3451.0729170000004,3,1
0.5,0.545,0.615,0.61,0.805,0.895,0.935,0.89,0.81,0.645,2,0.475,0.91,0.89,15,1711.3063869999999,3,1
0.5,0.295,0.565,0.66,0.625,0.605,0.78,0.91,0.975,0.995,2,0.5,0.64,0.985,15,2314.6036279999994,3,1
0.535,0.505,0.41,0.565,0.795,0.65,0.7,0.535,0.475,0.955,6,0.44,0.56,0.91,15,2283.835259,3,1
0.39,0.635,0.82,0.825,0.9,0.935,0.945,0.96,0.9825,0.9955,1,0.605,0.895,0.9755,15,3329.6386229999985,3,1
0.6,0.68,0.725,0.505,0.385,0.435,0.395,0.19,0.225,0.035,1,0.665,0.27,0.18,15,1605.7661830000002,3,0
0.575,0.395,0.245,0.33,0.405,0.145,0.11,0.57,0.39,0.475,3,0.455,0.26,0.445,15,2356.938346000001,3,0
0.655,0.74,0.67,0.865,0.825,0.845,0.945,0.96,0.975,0.995,0,0.81,0.765,0.995,15,2256.6721959999995,3,1
0.285,0.155,0.035,0.045,0.035,0.005,0.006,0.006,0.005,0.0005,0,0.125,0.035,0.0005,15,5138.936561,3,0
0.42,0.38,0.53,0.45,0.65,0.595,0.56,0.52,0.455,0.06,6,0.415,0.65,0.315,15,1797.4537100000005,3,0
0.53,0.485,0.4,0.355,0.315,0.535,0.395,0.135,0.06,0.045,3,0.435,0.4,0.06,15,1679.779568,3,0
0.535,0.21,0.365,0.265,0.255,0.125,0.095,0.02,0.015,0.0005,1,0.165,0.145,0.0005,15,2086.9973950000003,3,0
0.49,0.465,0.36,0.375,0.185,0.1,0.11,0.585,0.5,0.025,6,0.63,0.155,0.185,15,2268.167446,3,0
0.545,0.555,0.595,0.435,0.535,0.355,0.385,0.015,0.015,0.0105,3,0.515,0.405,0.005,15,3587.1082690000003,3,0
0.505,0.315,0.285,0.22,0.325,0.13,0.145,0.025,0.015,0.005,1,0.36,0.215,0.0195,15,3266.4975299999996,3,0
0.505,0.83,0.905,0.92,0.97,0.995,0.995,0.9985,0.9955,0.9955,0,0.785,0.985,0.9985,15,6187.522385000002,3,1
0.555,0.445,0.525,0.445,0.475,0.53,0.46,0.535,0.67,0.975,6,0.445,0.445,0.905,15,2385.841682,3,1
0.49,0.58,0.475,0.65,0.205,0.055,0.025,0.03,0.0055,0.005,4,0.465,0.025,0.005,15,3540.0627280000017,3,0
0.345,0.34,0.415,0.61,0.5,0.715,0.725,0.93,0.945,0.995,1,0.285,0.655,0.985,15,1998.6642139999997,3,1
0.505,0.23,0.18,0.055,0.055,0.015,0.005,0.005,0.416,0.0745,1,0.33,0.02,0.0945,15,4393.930417999998,3,0
0.5,0.455,0.545,0.695,0.65,0.805,0.935,0.47,0.455,0.135,3,0.4,0.74,0.26,15,2904.175195000001,3,0
0.505,0.565,0.49,0.245,0.355,0.665,0.615,0.7,0.94,0.995,4,0.42,0.665,0.975,15,2532.8589970000003,3,1
0.52,0.395,0.715,0.835,0.835,0.915,0.945,0.965,0.985,0.9955,2,0.44,0.855,0.995,15,3583.273876999999,3,1
0.505,0.525,0.295,0.33,0.5,0.43,0.7,0.78,0.67,0.075,5,0.525,0.68,0.45,15,2940.3689819999995,3,0
0.395,0.635,0.65,0.655,0.44,0.095,0.175,0.125,0.095,0.105,2,0.505,0.34,0.17,15,2708.240398,3,0
0.515,0.44,0.37,0.605,0.43,0.115,0.065,0.235,0.145,0.035,3,0.49,0.345,0.14,15,1359.734687,3,0
0.54,0.44,0.245,0.2,0.215,0.065,0.04,0.18,0.195,0.495,1,0.43,0.195,0.365,15,2089.2495829999993,3,1
0.375,0.38,0.365,0.115,0.115,0.055,0.005,0.005,0.0015,0.0005,0,0.36,0.115,0.0055,15,3657.761016,3,0
0.54,0.345,0.285,0.33,0.44,0.615,0.825,0.975,0.995,0.995,2,0.485,0.655,0.995,15,1486.2741020000003,3,1
0.5,0.555,0.55,0.215,0.255,0.52,0.565,0.295,0.1,0.025,3,0.62,0.33,0.045,15,2281.3495950000015,3,0
0.53,0.825,0.865,0.75,0.575,0.13,0.145,0.025,0.005,0.0005,1,0.71,0.18,0.005,15,2742.658432999999,3,0
0.535,0.65,0.695,0.495,0.34,0.335,0.29,0.395,0.26,0.19,3,0.665,0.26,0.26,15,5967.283149000001,3,0
0.485,0.475,0.36,0.345,0.53,0.235,0.195,0.145,0.08,0.005,2,0.485,0.375,0.02,15,13287.584829000001,3,0
0.53,0.515,0.64,0.765,0.64,0.195,0.215,0.27,0.1,0.005,3,0.325,0.455,0.065,15,3776.7342779999985,3,0
0.455,0.45,0.695,0.695,0.765,0.755,0.93,0.985,0.995,0.9995,1,0.405,0.88,0.995,15,4690.927358,3,1
0.49,0.605,0.845,0.905,0.965,0.97,0.775,0.965,0.985,0.9985,1,0.525,0.955,0.9985,15,4115.274542000001,3,1
0.46,0.21,0.37,0.485,0.42,0.845,0.97,0.98,0.995,0.9995,1,0.305,0.705,0.9985,15,2791.809644,3,1
0.455,0.095,0.105,0.02,0.02,0.005,0.005,0.0005,0.0005,0.0005,0,0.185,0.005,0.0005,15,2722.860694999999,3,0
0.505,0.35,0.39,0.42,0.43,0.035,0.035,0.34,0.495,0.995,2,0.405,0.21,0.75,15,1867.824050999999,3,1
0.485,0.365,0.345,0.725,0.815,0.285,0.265,0.315,0.24,0.215,2,0.44,0.625,0.315,15,3123.7139620000007,3,0
0.475,0.57,0.63,0.975,0.975,0.95,0.98,0.995,0.995,0.995,1,0.515,0.94,0.995,15,3430.345830000002,3,1
0.55,0.51,0.405,0.58,0.67,0.985,0.985,0.99,0.995,0.9995,4,0.415,0.865,0.9985,15,6815.362241,3,1
0.525,0.585,0.695,0.75,0.77,0.83,0.915,0.995,0.995,0.995,0,0.585,0.795,0.995,15,2087.808487,3,1
0.545,0.795,0.79,0.785,0.565,0.185,0.63,0.835,0.97,0.995,2,0.665,0.275,0.985,15,3683.0431559999956,3,1
0.665,0.445,0.515,0.785,0.6,0.4,0.38,0.4,0.47,0.025,3,0.62,0.53,0.06,15,1776.6855009999997,3,0
0.405,0.73,0.645,0.095,0.07,0.355,0.19,0.045,0.015,0.005,2,0.65,0.165,0.006,15,6137.962771999999,3,0
0.435,0.395,0.575,0.875,0.93,0.96,0.97,0.9945,0.995,0.9995,1,0.255,0.95,0.995,15,3668.421282000002,3,1
0.555,0.585,0.395,0.19,0.595,0.7,0.705,0.975,0.995,0.9985,2,0.645,0.615,0.9985,15,2390.782263,3,1
0.505,0.75,0.795,0.94,0.975,0.975,0.985,0.9985,0.9985,0.9995,0,0.6,0.975,0.9985,15,1505.211942,3,1
0.455,0.395,0.5,0.51,0.605,0.715,0.65,0.925,0.94,0.965,1,0.355,0.54,0.945,15,1774.2298910000002,3,0
0.44,0.555,0.63,0.86,0.92,0.78,0.83,0.775,0.835,0.55,1,0.555,0.865,0.895,15,4131.506672999999,3,1
0.53,0.7,0.725,0.94,0.945,0.985,0.997,0.9955,0.9955,0.9995,0,0.68,0.965,0.9965,15,2609.628819000001,3,1
0.53,0.425,0.43,0.165,0.28,0.255,0.395,0.105,0.165,0.035,1,0.48,0.245,0.085,15,1564.7315539999988,3,0
0.495,0.615,0.745,0.915,0.945,0.97,0.985,0.9985,0.9985,0.9985,1,0.61,0.965,0.9985,15,2283.913161,3,1
0.525,0.595,0.57,0.555,0.51,0.16,0.14,0.145,0.025,0.045,1,0.54,0.32,0.035,15,1393.6251960000002,3,0
0.485,0.445,0.38,0.435,0.265,0.365,0.375,0.375,0.295,0.005,2,0.49,0.395,0.155,15,1806.2793380000003,3,0
0.49,0.74,0.885,0.51,0.695,0.675,0.81,0.905,0.885,0.975,3,0.625,0.645,0.93,15,1799.6599970000007,3,1
0.555,0.46,0.47,0.595,0.685,0.905,0.945,0.975,0.985,0.9995,2,0.495,0.84,0.9985,15,3112.3812489999996,3,1
0.46,0.605,0.605,0.625,0.62,0.735,0.66,0.675,0.85,0.96,1,0.525,0.715,0.89,15,4431.236911999999,3,1
0.505,0.33,0.235,0.055,0.04,0.015,0.01,0.378,0.637,0.6695,2,0.525,0.015,0.7725,15,4531.080626999999,3,1
0.49,0.24,0.195,0.155,0.125,0.185,0.245,0.055,0.035,0.025,0,0.315,0.125,0.025,15,846.4743840000001,3,0
0.435,0.37,0.32,0.435,0.515,0.515,0.16,0.155,0.16,0.085,6,0.515,0.485,0.085,15,1971.1452090000002,3,0
0.455,0.785,0.86,0.89,0.935,0.99,0.989,0.9855,0.99,0.9985,1,0.805,0.975,0.9955,15,4265.961356999999,3,1
0.49,0.435,0.5,0.565,0.795,0.74,0.78,0.7,0.695,0.715,1,0.48,0.755,0.805,15,1382.8954099999996,3,1
0.475,0.6,0.76,0.63,0.835,0.945,0.96,0.975,0.9895,0.9955,1,0.45,0.925,0.988,15,3593.3042210000003,3,1
0.445,0.445,0.56,0.7,0.6,0.855,0.805,0.8,0.755,0.6,1,0.49,0.68,0.89,15,1937.2506320000005,3,0
0.475,0.535,0.645,0.825,0.87,0.935,0.96,0.985,0.995,0.98,1,0.4,0.91,0.9985,15,2663.1360519999994,3,1
0.485,0.485,0.575,0.375,0.485,0.355,0.47,0.645,0.82,0.965,5,0.505,0.38,0.785,15,1420.9066070000006,3,1
0.53,0.565,0.66,0.81,0.745,0.635,0.565,0.86,0.985,0.9945,2,0.47,0.71,0.985,15,2235.3479450000004,3,1
0.525,0.465,0.365,0.445,0.61,0.525,0.635,0.675,0.925,0.785,4,0.515,0.61,0.925,15,1399.8310859999997,3,1
0.46,0.47,0.54,0.505,0.61,0.685,0.66,0.9,0.835,0.395,2,0.4,0.585,0.94,15,1758.0282920000006,3,1
0.49,0.62,0.69,0.69,0.66,0.785,0.705,0.92,0.945,0.975,1,0.54,0.775,0.965,15,1334.7848040000003,3,1
0.53,0.455,0.48,0.595,0.86,0.945,0.945,0.865,0.875,0.345,3,0.435,0.92,0.53,15,2347.089228000001,3,1
0.525,0.525,0.525,0.395,0.21,0.165,0.195,0.035,0.11,0.015,1,0.63,0.13,0.095,15,3333.2276810000008,3,0
0.53,0.35,0.375,0.385,0.41,0.535,0.355,0.295,0.015,0.005,3,0.385,0.42,0.015,15,2250.6903469999997,3,0
0.495,0.53,0.26,0.075,0.065,0.005,0.005,0.0015,0.0015,0.0015,2,0.56,0.015,0.002,15,1377.3473429999997,3,0
0.535,0.525,0.565,0.615,0.475,0.585,0.625,0.41,0.695,0.945,4,0.655,0.665,0.695,15,1834.0663880000009,3,1
0.5,0.66,0.84,0.895,0.905,0.94,0.965,0.9895,0.9895,0.9945,0,0.585,0.89,0.9855,15,4229.4382510000005,3,1
0.52,0.615,0.585,0.245,0.22,0.2,0.205,0.165,0.215,0.87,2,0.61,0.185,0.495,15,2388.7024860000006,3,0
0.515,0.395,0.615,0.53,0.735,0.745,0.82,0.64,0.625,0.975,4,0.395,0.71,0.865,15,3919.345479,3,1
0.475,0.495,0.36,0.255,0.27,0.215,0.135,0.07,0.075,0.16,0,0.495,0.305,0.125,15,1425.422515,3,0
0.49,0.4,0.33,0.575,0.52,0.735,0.735,0.61,0.685,0.4,4,0.535,0.65,0.89,15,2594.183802,3,0
0.49,0.57,0.685,0.755,0.77,0.805,0.805,0.845,0.875,0.835,1,0.575,0.795,0.875,15,1288.3327480000003,3,1
0.515,0.625,0.69,0.73,0.725,0.77,0.81,0.985,0.985,0.995,0,0.615,0.785,0.985,15,2539.9185959999995,3,1
0.5,0.545,0.53,0.475,0.555,0.88,0.945,0.955,0.9945,0.9985,4,0.49,0.745,0.9945,15,1641.0377389999999,3,1
0.52,0.57,0.46,0.37,0.375,0.455,0.435,0.65,0.635,0.94,4,0.425,0.355,0.715,15,0.0,4,1
0.5,0.525,0.57,0.425,0.315,0.525,0.595,0.585,0.51,0.83,2,0.505,0.57,0.68,15,175.66892600000003,4,1
0.355,0.375,0.445,0.31,0.275,0.245,0.155,0.38,0.565,0.83,1,0.48,0.395,0.765,15,168.712628,4,1
0.5,0.83,0.895,0.945,0.935,0.945,0.995,0.995,0.995,0.995,0,0.65,0.945,0.995,15,263.42521999999997,4,1
0.67,0.25,0.265,0.235,0.145,0.195,0.14,0.045,0.005,0.015,1,0.3,0.195,0.02,15,396.04779099999996,4,0
0.7,0.585,0.61,0.84,0.89,0.915,0.945,0.995,0.995,0.995,0,0.56,0.785,0.995,15,1974.1739830000001,4,1
0.5,0.555,0.425,0.565,0.44,0.49,0.575,0.69,0.755,0.98,4,0.675,0.465,0.94,15,118.10126,4,1
0.46,0.705,0.63,0.735,0.675,0.83,0.96,0.985,0.995,0.9945,1,0.59,0.845,0.995,15,411.8166719999999,4,1
0.5,0.575,0.58,0.865,0.77,0.14,0.045,0.025,0.035,0.04,1,0.61,0.315,0.005,15,224.106317,4,0
0.505,0.475,0.495,0.325,0.33,0.145,0.1,0.005,0.005,0.005,1,0.505,0.325,0.005,15,255.971194,4,0
0.615,0.585,0.44,0.34,0.33,0.19,0.1,0.11,0.075,0.085,1,0.585,0.19,0.075,15,229.138478,4,0
0.465,0.745,0.71,0.9,0.97,0.905,0.945,0.96,0.96,0.95,1,0.745,0.96,0.955,15,374.66288600000007,4,1
0.455,0.55,0.45,0.225,0.225,0.045,0.04,0.035,0.005,0.005,2,0.685,0.195,0.005,15,325.909903,4,0
0.705,0.425,0.24,0.14,0.085,0.12,0.175,0.295,0.19,0.065,1,0.46,0.135,0.055,15,180.93317399999998,4,0
0.545,0.45,0.45,0.45,0.395,0.625,0.745,0.71,0.695,0.915,2,0.475,0.33,0.86,15,146.81254900000002,4,1
0.425,0.26,0.315,0.565,0.61,0.405,0.505,0.38,0.105,0.03,4,0.265,0.64,0.05,15,231.703129,4,0
0.36,0.58,0.685,0.715,0.775,0.49,0.365,0.43,0.255,0.29,4,0.63,0.57,0.25,15,161.758148,4,0
0.545,0.415,0.31,0.045,0.045,0.065,0.05,0.02,0.02,0.0055,1,0.41,0.065,0.0055,15,436.66743,4,0
0.46,0.43,0.385,0.48,0.605,0.625,0.66,0.83,0.81,0.99,1,0.43,0.6,0.95,15,118.156874,4,1
0.5,0.155,0.185,0.085,0.12,0.075,0.05,0.005,0.005,0.0055,1,0.27,0.13,0.005,15,415.47125900000015,4,0
0.43,0.555,0.505,0.6,0.54,0.395,0.255,0.15,0.125,0.06,2,0.53,0.545,0.1,15,138.334923,4,0
0.51,0.75,0.65,0.845,0.83,0.65,0.55,0.25,0.14,0.875,2,0.875,0.69,0.105,15,274.27793299999996,4,0
0.545,0.575,0.62,0.96,0.92,0.915,0.96,0.995,0.995,0.9945,2,0.42,0.935,0.9945,15,376.02640999999994,4,1
0.495,0.73,0.79,0.77,0.62,0.945,0.95,0.975,0.995,0.9945,1,0.535,0.885,0.9945,15,599.7774109999999,4,1
0.54,0.565,0.43,0.65,0.685,0.74,0.905,0.955,0.97,0.9945,2,0.57,0.835,0.9945,15,455.031221,4,1
0.51,0.695,0.67,0.36,0.295,0.225,0.175,0.325,0.635,0.39,3,0.59,0.38,0.575,15,405.604819,4,1
0.5,0.425,0.415,0.35,0.65,0.56,0.24,0.075,0.005,0.005,3,0.48,0.6,0.005,15,345.69142100000005,4,0
0.485,0.34,0.36,0.415,0.445,0.87,0.89,0.96,0.995,0.995,1,0.485,0.735,0.995,15,339.210523,4,1
0.5,0.69,0.815,0.94,0.885,0.64,0.315,0.605,0.555,0.095,3,0.52,0.73,0.54,15,1145.8254850000003,4,1
0.49,0.105,0.07,0.14,0.04,0.035,0.105,0.06,0.665,0.995,1,0.43,0.02,0.665,15,293.078449,4,1
0.45,0.59,0.695,0.89,0.985,0.985,0.985,0.99,0.995,0.995,1,0.665,0.985,0.995,15,129.949048,4,1
0.5,0.245,0.15,0.065,0.065,0.015,0.015,0.01,0.005,0.0005,1,0.415,0.02,0.005,15,553.146072,4,0
0.565,0.52,0.5,0.455,0.385,0.11,0.04,0.005,0.005,0.18,3,0.41,0.225,0.1,15,259.956848,4,0
0.49,0.625,0.37,0.475,0.395,0.175,0.15,0.045,0.045,0.025,2,0.65,0.275,0.03,15,108.631275,4,0
0.55,0.605,0.645,0.775,0.75,0.695,0.65,0.87,0.94,0.97,0,0.585,0.525,0.97,15,154.59461399999998,4,1
0.605,0.875,0.86,0.88,0.885,0.895,0.94,0.98,0.995,0.995,0,0.925,0.865,0.995,15,254.35613,4,1
0.62,0.47,0.21,0.26,0.105,0.085,0.075,0.06,0.03,0.035,1,0.47,0.175,0.025,15,370.163815,4,0
0.33,0.22,0.155,0.125,0.08,0.1,0.06,0.02,0.01,0.005,0,0.42,0.1,0.005,15,149.187105,4,0
0.46,0.405,0.265,0.355,0.155,0.415,0.515,0.575,0.585,0.575,1,0.465,0.3,0.595,15,414.08598100000006,4,1
0.605,0.34,0.42,0.345,0.225,0.335,0.28,0.205,0.035,0.005,1,0.365,0.21,0.005,15,290.6506,4,0
0.66,0.705,0.67,0.485,0.22,0.03,0.035,0.155,0.1,0.0015,3,0.46,0.095,0.07,15,379.62389699999994,4,0
0.48,0.46,0.58,0.74,0.715,0.85,0.885,0.985,0.985,0.995,3,0.52,0.735,0.995,15,423.148685,4,1
0.48,0.47,0.525,0.7,0.785,0.64,0.665,0.69,0.885,0.76,3,0.47,0.685,0.925,15,204.243953,4,1
0.71,0.24,0.2,0.16,0.035,0.04,0.085,0.025,0.025,0.005,1,0.42,0.02,0.025,15,100.06576,4,0
0.66,0.415,0.42,0.41,0.24,0.095,0.015,0.01,0.005,0.005,1,0.37,0.125,0.005,15,360.757386,4,0
0.465,0.6,0.745,0.805,0.875,0.955,0.995,0.99,0.99,0.9945,1,0.59,0.905,0.9945,15,403.1665919999999,4,1
0.49,0.58,0.435,0.385,0.28,0.435,0.74,0.65,0.725,0.875,3,0.58,0.45,0.52,15,91.736358,4,1
0.5,0.93,0.945,0.965,0.955,0.98,0.98,0.98,0.995,0.995,0,0.885,0.965,0.995,15,172.257956,4,1
0.48,0.45,0.265,0.105,0.055,0.04,0.04,0.025,0.005,0.0055,0,0.45,0.02,0.0055,15,409.739687,4,0
0.48,0.425,0.345,0.44,0.395,0.07,0.03,0.025,0.005,0.005,0,0.44,0.26,0.005,15,233.21137500000003,4,0
0.58,0.425,0.27,0.2,0.18,0.025,0.02,0.025,0.005,0.005,1,0.47,0.035,0.005,15,77.341676,4,0
0.44,0.425,0.41,0.285,0.095,0.03,0.125,0.065,0.03,0.005,0,0.425,0.06,0.075,15,226.915981,4,0
0.5,0.47,0.535,0.545,0.225,0.125,0.12,0.095,0.1,0.1,3,0.41,0.255,0.075,15,0.0,4,0
0.455,0.675,0.785,0.785,0.855,0.7,0.81,0.95,0.98,0.995,1,0.56,0.845,0.995,15,238.74767000000003,4,1
0.5,0.235,0.015,0.025,0.025,0.04,0.07,0.085,0.03,0.005,1,0.43,0.035,0.005,15,1778.502573,4,0
0.5,0.565,0.555,0.515,0.41,0.095,0.065,0.005,0.005,0.005,1,0.585,0.305,0.005,15,168.705149,4,0
0.47,0.535,0.53,0.645,0.7,0.84,0.82,0.9,0.96,0.995,1,0.275,0.835,0.975,15,215.784166,4,1
0.315,0.185,0.24,0.165,0.165,0.13,0.075,0.03,0.02,0.025,0,0.445,0.23,0.02,15,1628.841031,4,0
0.2,0.235,0.105,0.02,0.02,0.02,0.02,0.005,0.005,0.0055,0,0.14,0.02,0.005,15,401.337749,4,0
0.5,0.59,0.525,0.49,0.56,0.6,0.685,0.72,0.72,0.995,2,0.525,0.555,0.995,15,0.0,4,1
0.66,0.305,0.235,0.21,0.145,0.14,0.265,0.1,0.08,0.215,1,0.305,0.255,0.02,15,216.30422900000002,4,0
0.61,0.505,0.595,0.895,0.83,0.88,0.785,0.94,0.94,0.975,0,0.54,0.845,0.95,15,127.1875,4,1
0.46,0.6,0.41,0.335,0.385,0.46,0.515,0.6,0.465,0.345,6,0.475,0.38,0.43,15,264.72520099999997,4,1
0.66,0.525,0.635,0.815,0.785,0.5,0.265,0.245,0.18,0.005,1,0.595,0.5,0.125,15,160.654486,4,0
0.395,0.4,0.32,0.165,0.2,0.22,0.38,0.52,0.36,0.41,4,0.52,0.165,0.34,15,212.507707,4,0
0.615,0.51,0.55,0.655,0.675,0.375,0.305,0.05,0.025,0.675,4,0.41,0.385,0.265,15,469.690091,4,1
0.66,0.51,0.655,0.765,0.78,0.88,0.775,0.975,0.975,0.995,0,0.625,0.845,0.975,15,142.627997,4,1
0.66,0.415,0.4,0.51,0.6,0.41,0.625,0.76,0.94,0.995,4,0.465,0.51,0.985,15,159.202446,4,1
0.585,0.67,0.56,0.775,0.795,0.885,0.915,0.81,0.425,0.645,2,0.62,0.83,0.22,15,281.741076,4,0
0.465,0.41,0.4,0.395,0.545,0.715,0.655,0.78,0.415,0.845,3,0.45,0.785,0.21,15,112.92277299999999,4,1
0.5,0.53,0.43,0.51,0.62,0.69,0.8,0.895,0.71,0.91,2,0.51,0.765,0.895,15,95.45313,4,1
0.415,0.53,0.71,0.415,0.205,0.175,0.15,0.09,0.085,0.295,2,0.5,0.175,0.09,15,135.170739,4,0
0.5,0.91,0.98,0.69,0.68,0.465,0.665,0.925,0.875,0.97,2,0.815,0.71,0.965,15,193.555685,4,1
0.535,0.75,0.805,0.9,0.915,0.83,0.865,0.71,0.93,0.98,0,0.735,0.83,0.94,15,103.448905,4,1
0.56,0.805,0.685,0.835,0.855,0.945,0.955,0.98,0.995,0.975,0,0.76,0.945,0.985,15,881.1930850000001,4,1
0.455,0.7,0.71,0.765,0.91,0.885,0.945,0.985,0.995,0.995,1,0.495,0.94,0.995,15,404.28240200000005,4,1
0.48,0.625,0.695,0.595,0.785,0.84,0.88,0.89,0.88,0.97,3,0.595,0.685,0.97,15,150.796304,4,1
0.47,0.255,0.17,0.33,0.29,0.085,0.135,0.02,0.005,0.005,0,0.44,0.175,0.005,15,218.17187199999998,4,0
0.49,0.535,0.47,0.935,0.98,0.995,0.995,0.99,0.995,0.9995,3,0.48,0.995,0.995,15,417.869676,4,1
0.5,0.475,0.585,0.53,0.555,0.395,0.38,0.195,0.125,0.13,5,0.43,0.285,0.215,15,256.381471,4,0
0.5,0.655,0.54,0.305,0.35,0.095,0.13,0.475,0.055,0.075,3,0.59,0.51,0.08,15,196.598886,4,0
0.55,0.51,0.53,0.51,0.385,0.155,0.245,0.205,0.1,0.02,3,0.49,0.355,0.04,15,170.09622199999998,4,0
0.5,0.37,0.275,0.075,0.02,0.02,0.015,0.01,0.01,0.0055,1,0.4,0.02,0.005,15,700.3016919999999,4,0
0.5,0.65,0.56,0.23,0.3,0.36,0.175,0.03,0.02,0.015,1,0.605,0.345,0.02,15,96.104411,4,0
0.5,0.795,0.835,0.88,0.905,0.95,0.96,0.995,0.995,0.995,0,0.525,0.89,0.995,15,473.2262510000001,4,1
0.51,0.33,0.305,0.315,0.595,0.83,0.865,0.88,0.915,0.66,2,0.375,0.655,0.725,15,169.48461,4,1
0.6,0.28,0.125,0.28,0.465,0.32,0.46,0.39,0.145,0.235,3,0.48,0.26,0.09,15,0.0,4,0
0.525,0.37,0.425,0.42,0.515,0.145,0.09,0.11,0.005,0.005,5,0.485,0.31,0.005,15,0.0,4,0
0.5,0.37,0.395,0.35,0.385,0.57,0.525,0.805,0.93,0.97,2,0.425,0.54,0.98,15,0.0,4,1
0.5,0.35,0.455,0.515,0.56,0.64,0.635,0.67,0.73,0.955,4,0.405,0.395,0.73,15,133.67481600000002,4,1
0.5,0.515,0.655,0.41,0.315,0.495,0.195,0.16,0.2,0.21,7,0.475,0.57,0.095,15,143.595684,4,0
0.525,0.58,0.52,0.54,0.615,0.47,0.625,0.78,0.775,0.985,4,0.45,0.595,0.945,15,448.595696,4,1
0.5,0.525,0.34,0.455,0.38,0.485,0.515,0.57,0.8,0.735,4,0.43,0.405,0.685,15,268.06503599999996,4,1
0.535,0.495,0.605,0.61,0.64,0.685,0.52,0.74,0.555,0.275,3,0.56,0.635,0.615,15,221.428359,4,0
0.535,0.665,0.74,0.885,0.945,0.97,0.975,0.995,0.995,0.995,0,0.765,0.975,0.995,15,240.695963,4,1
0.535,0.05,0.035,0.045,0.03,0.03,0.03,0.05,0.03,0.005,1,0.045,0.03,0.02,15,0.0,4,0
0.495,0.415,0.385,0.17,0.115,0.06,0.06,0.115,0.085,0.005,0,0.415,0.18,0.045,15,218.006427,4,0
0.5,0.425,0.32,0.28,0.285,0.41,0.49,0.205,0.08,0.025,1,0.53,0.345,0.1,15,148.157721,4,0
0.59,0.555,0.615,0.775,0.815,0.685,0.6,0.61,0.605,0.125,1,0.555,0.79,0.215,15,608.0131240000001,4,1
0.5,0.315,0.175,0.06,0.045,0.125,0.15,0.075,0.015,0.005,1,0.315,0.045,0.015,15,0.0,4,0
0.54,0.67,0.67,0.725,0.395,0.31,0.645,0.5,0.32,0.095,5,0.595,0.535,0.1,15,0.0,4,0
0.49,0.65,0.65,0.71,0.655,0.455,0.625,0.065,0.115,0.015,4,0.6,0.485,0.065,15,427.144352,4,0
0.5,0.515,0.54,0.555,0.565,0.415,0.565,0.36,0.685,0.93,6,0.44,0.62,0.88,15,258.10387099999997,4,1
0.5,0.49,0.51,0.24,0.16,0.1,0.175,0.085,0.165,0.015,3,0.495,0.13,0.015,15,195.463023,4,0
0.3,0.545,0.57,0.675,0.68,0.455,0.635,0.715,0.765,0.96,3,0.48,0.525,0.765,15,200.949785,4,1
0.555,0.44,0.42,0.485,0.59,0.67,0.72,0.625,0.715,0.425,3,0.565,0.56,0.665,15,283.96404900000005,4,0
0.7,0.78,0.825,0.695,0.575,0.82,0.93,0.975,0.995,0.995,0,0.6,0.725,0.995,15,312.594557,4,1
0.565,0.52,0.635,0.705,0.74,0.635,0.67,0.895,0.965,0.995,0,0.52,0.67,0.995,15,159.34572500000002,4,1
0.585,0.655,0.625,0.64,0.585,0.635,0.745,0.645,0.63,0.62,0,0.6,0.65,0.64,15,249.20963200000003,4,0
0.62,0.66,0.8,0.77,0.805,0.91,0.89,0.975,0.975,0.755,0,0.625,0.85,0.975,15,0.0,4,1
0.58,0.54,0.45,0.685,0.565,0.7,0.85,0.575,0.73,0.23,3,0.55,0.745,0.695,15,216.469059,4,0
0.5,0.08,0.105,0.14,0.125,0.055,0.03,0.005,0.025,0.025,1,0.315,0.085,0.025,15,455.80418199999997,4,0
0.715,0.22,0.155,0.11,0.055,0.005,0.005,0.005,0.005,0.005,1,0.365,0.035,0.005,15,425.003694,4,0
0.58,0.55,0.66,0.8,0.945,0.985,0.9935,0.9965,0.9965,0.9995,2,0.43,0.97,0.9965,15,824.726784,4,1
0.605,0.63,0.53,0.435,0.39,0.61,0.565,0.83,0.915,0.97,4,0.495,0.6,0.955,15,185.87093700000003,4,1
0.57,0.77,0.815,0.975,0.965,0.945,0.94,0.97,0.97,0.99,0,0.735,0.885,0.975,15,190.719811,4,1
0.5,0.415,0.48,0.45,0.505,0.84,0.905,0.89,0.965,0.9945,4,0.415,0.59,0.995,15,299.974827,4,1
0.545,0.46,0.525,0.27,0.26,0.045,0.035,0.02,0.02,0.0055,3,0.495,0.07,0.0055,15,499.2925409999999,4,0
0.565,0.675,0.695,0.475,0.175,0.02,0.015,0.005,0.005,0.0105,1,0.575,0.055,0.005,15,1713.7759540000004,4,0
0.5,0.46,0.435,0.47,0.22,0.24,0.17,0.355,0.61,0.775,4,0.52,0.26,0.405,15,337.50262100000003,4,0
0.43,0.275,0.49,0.55,0.43,0.27,0.385,0.405,0.215,0.04,2,0.42,0.235,0.215,15,319.095893,4,0
0.58,0.845,0.785,0.975,0.975,0.985,0.985,0.995,0.995,0.995,0,0.845,0.985,0.995,15,328.99940300000003,4,1
0.57,0.55,0.55,0.44,0.39,0.34,0.29,0.145,0.275,0.24,1,0.645,0.415,0.415,15,204.52373099999997,4,0
0.715,0.445,0.79,0.64,0.59,0.355,0.12,0.175,0.27,0.505,4,0.425,0.455,0.595,15,299.37952799999994,4,1
0.71,0.6,0.43,0.31,0.32,0.46,0.485,0.355,0.485,0.735,6,0.6,0.52,0.78,15,245.294684,4,1
0.715,0.355,0.365,0.105,0.07,0.16,0.25,0.09,0.15,0.04,1,0.44,0.195,0.045,15,170.05675100000002,4,0
0.495,0.695,0.685,0.585,0.55,0.91,0.935,0.97,0.965,0.965,1,0.55,0.755,0.97,15,233.30379499999998,4,1
0.51,0.245,0.295,0.315,0.37,0.415,0.455,0.375,0.145,0.005,1,0.34,0.285,0.035,15,201.29860399999998,4,0
0.565,0.415,0.42,0.61,0.665,0.79,0.83,0.925,0.94,0.955,2,0.495,0.725,0.955,15,354.560868,4,1
0.5,0.475,0.42,0.145,0.085,0.06,0.05,0.005,0.005,0.005,1,0.42,0.095,0.005,15,267.49813600000004,4,0
0.5,0.4,0.455,0.41,0.325,0.235,0.24,0.55,0.445,0.005,3,0.49,0.3,0.19,15,214.45999799999998,4,0
0.495,0.32,0.33,0.515,0.54,0.615,0.265,0.125,0.145,0.04,2,0.375,0.6,0.035,15,228.860951,4,0
0.545,0.26,0.145,0.15,0.165,0.065,0.05,0.09,0.135,0.045,1,0.335,0.125,0.06,15,192.752875,4,0
0.48,0.485,0.475,0.485,0.68,0.695,0.51,0.21,0.205,0.84,5,0.61,0.785,0.45,15,374.479358,4,1
0.565,0.625,0.66,0.62,0.765,0.63,0.635,0.54,0.385,0.26,1,0.56,0.775,0.385,15,238.78938100000002,4,0
0.5,0.73,0.66,0.73,0.77,0.77,0.8,0.935,0.995,0.995,0,0.575,0.765,0.995,15,236.769493,4,1
0.625,0.39,0.51,0.6,0.625,0.77,0.915,0.995,0.995,0.995,2,0.505,0.74,0.995,15,430.154509,4,1
0.455,0.335,0.4,0.38,0.29,0.31,0.29,0.135,0.27,0.14,0,0.185,0.38,0.245,15,293.661224,4,0
0.605,0.575,0.74,0.8,0.85,0.785,0.88,0.73,0.85,0.295,1,0.57,0.84,0.695,15,219.789696,4,0
0.42,0.13,0.12,0.095,0.07,0.07,0.075,0.045,0.03,0.005,0,0.145,0.08,0.005,15,171.096864,4,0
0.615,0.52,0.54,0.515,0.68,0.78,0.965,0.985,0.975,0.955,0,0.535,0.69,0.86,15,401.53527700000006,4,1
0.5,0.42,0.33,0.4,0.445,0.325,0.19,0.415,0.555,0.93,2,0.45,0.43,0.68,15,283.48287700000003,4,1
0.545,0.495,0.335,0.425,0.57,0.6,0.665,0.89,0.925,0.995,2,0.33,0.675,0.995,15,256.523071,4,1
0.5,0.425,0.685,0.545,0.55,0.49,0.655,0.675,0.7,0.935,4,0.41,0.495,0.7,15,276.50277499999993,4,1
0.5,0.275,0.21,0.17,0.26,0.385,0.255,0.165,0.105,0.06,1,0.385,0.275,0.065,15,267.842579,4,0
0.495,0.49,0.475,0.345,0.285,0.335,0.395,0.37,0.36,0.245,2,0.505,0.22,0.37,15,256.078783,4,0
0.5,0.35,0.285,0.07,0.07,0.085,0.05,0.005,0.005,0.005,1,0.35,0.06,0.005,15,255.805457,4,0
0.425,0.47,0.485,0.405,0.43,0.61,0.625,0.87,0.91,0.955,1,0.445,0.425,0.935,15,247.85457,4,1
0.5,0.67,0.665,0.74,0.825,0.855,0.865,0.88,0.885,0.965,0,0.645,0.865,0.95,15,240.850659,4,1
0.53,0.4,0.365,0.41,0.435,0.595,0.65,0.54,0.425,0.22,3,0.38,0.62,0.37,15,301.89136,4,1
0.64,0.5,0.57,0.55,0.455,0.185,0.15,0.06,0.025,0.05,1,0.51,0.325,0.055,15,417.7572429999999,4,0
0.53,0.53,0.53,0.34,0.225,0.155,0.205,0.035,0.035,0.005,3,0.46,0.25,0.005,15,204.684577,4,0
0.5,0.77,0.84,0.86,0.79,0.68,0.505,0.54,0.845,0.725,4,0.43,0.49,0.91,15,562.035055,4,1
0.52,0.53,0.64,0.68,0.63,0.775,0.48,0.32,0.41,0.015,1,0.55,0.695,0.22,15,208.353927,4,0
0.715,0.14,0.12,0.11,0.045,0.005,0.005,0.005,0.005,0.005,1,0.335,0.02,0.005,15,336.594009,4,0
0.5,0.605,0.605,0.405,0.325,0.275,0.29,0.485,0.43,0.13,1,0.6,0.42,0.36,15,251.54184600000002,4,0
0.52,0.68,0.65,0.715,0.625,0.67,0.68,0.51,0.63,0.755,0,0.545,0.57,0.705,15,297.99920699999996,4,1
0.5,0.43,0.28,0.61,0.77,0.275,0.38,0.365,0.095,0.01,3,0.42,0.265,0.065,15,377.921592,4,0
0.46,0.52,0.51,0.545,0.51,0.305,0.49,0.425,0.68,0.66,7,0.49,0.545,0.73,15,249.17941700000003,4,1
0.5,0.675,0.685,0.905,0.895,0.87,0.925,0.965,0.995,0.995,0,0.585,0.875,0.995,15,381.5746930000001,4,1
0.395,0.77,0.775,0.945,0.805,0.79,0.865,0.91,0.92,0.96,1,0.69,0.82,0.93,15,384.20090000000016,4,1
0.375,0.325,0.255,0.355,0.44,0.4,0.485,0.89,0.92,0.795,1,0.365,0.345,0.93,15,426.0743939999999,4,0
0.5,0.61,0.53,0.835,0.885,0.805,0.92,0.98,0.995,0.995,0,0.605,0.915,0.995,15,244.30054,4,1
0.47,0.385,0.355,0.545,0.62,0.74,0.715,0.725,0.835,0.93,1,0.47,0.705,0.94,15,310.320601,4,1
0.41,0.52,0.47,0.36,0.43,0.31,0.32,0.39,0.44,0.695,7,0.575,0.31,0.425,15,411.64391700000004,4,0
0.505,0.47,0.545,0.705,0.785,0.765,0.875,0.77,0.835,0.865,2,0.44,0.765,0.94,15,163.49860099999998,4,1
0.525,0.595,0.925,0.94,0.89,0.94,0.945,0.95,0.95,0.95,0,0.595,0.885,0.96,15,207.12595099999996,4,1
0.505,0.32,0.325,0.27,0.175,0.125,0.14,0.225,0.13,0.215,1,0.335,0.09,0.23,15,311.47207199999997,4,0
0.485,0.45,0.35,0.52,0.48,0.395,0.525,0.61,0.46,0.665,11,0.505,0.515,0.425,15,256.94719299999997,4,1
0.48,0.495,0.64,0.88,0.985,0.895,0.93,0.97,0.95,0.995,1,0.495,0.92,0.98,15,158.82045899999997,4,1
0.5,0.52,0.485,0.6,0.6,0.535,0.64,0.715,0.11,0.105,5,0.365,0.62,0.05,15,453.877453,4,0
0.5,0.555,0.465,0.17,0.19,0.17,0.145,0.03,0.03,0.005,1,0.735,0.14,0.005,15,144.082932,4,0
0.505,0.625,0.765,0.925,0.915,0.71,0.795,0.85,0.825,0.42,1,0.595,0.78,0.81,15,251.12081000000003,4,1
0.53,0.385,0.54,0.39,0.25,0.23,0.055,0.03,0.045,0.02,3,0.435,0.21,0.025,15,117.59512499999998,4,0
0.47,0.555,0.49,0.54,0.525,0.49,0.65,0.53,0.33,0.115,6,0.615,0.535,0.14,15,257.541718,4,0
0.5,0.26,0.405,0.645,0.51,0.475,0.58,0.37,0.38,0.29,5,0.405,0.44,0.38,15,309.213249,4,0
0.505,0.76,0.565,0.43,0.54,0.605,0.73,0.845,0.89,0.995,2,0.715,0.525,0.94,15,125.69821999999999,4,1
0.405,0.45,0.52,0.625,0.66,0.93,0.95,0.955,0.94,0.995,3,0.49,0.67,0.995,15,113.307893,4,1
0.42,0.715,0.575,0.625,0.75,0.96,0.885,0.95,0.935,0.955,1,0.58,0.925,0.955,15,161.873201,4,1
0.53,0.405,0.47,0.44,0.475,0.805,0.815,0.935,0.965,0.995,4,0.405,0.74,0.995,15,115.256599,4,1
0.5,0.49,0.415,0.605,0.585,0.73,0.555,0.34,0.2,0.34,3,0.5,0.59,0.195,15,0.0,4,0
0.515,0.72,0.7,0.78,0.7,0.745,0.74,0.905,0.875,0.945,0,0.805,0.775,0.885,15,118.082033,4,1
0.5,0.695,0.615,0.53,0.385,0.3,0.075,0.03,0.03,0.005,1,0.71,0.35,0.025,15,103.86704399999999,4,0
0.64,0.975,0.975,0.975,0.985,0.995,0.995,0.995,0.995,0.995,0,0.86,0.995,0.995,15,696.1025190000001,4,1
0.64,0.4,0.57,0.735,0.72,0.9,0.825,0.89,0.93,0.18,3,0.495,0.775,0.805,15,270.68657099999996,4,1
0.5,0.395,0.355,0.245,0.17,0.14,0.115,0.005,0.005,0.005,1,0.41,0.15,0.005,15,164.39565299999998,4,0
0.5,0.59,0.435,0.585,0.265,0.53,0.575,0.295,0.15,0.14,5,0.59,0.37,0.15,15,116.267535,4,0
0.49,0.27,0.255,0.195,0.075,0.445,0.555,0.355,0.335,0.21,2,0.36,0.16,0.31,15,183.21973999999997,4,0
0.525,0.625,0.505,0.515,0.615,0.65,0.58,0.925,0.95,0.945,2,0.6,0.655,0.94,15,119.04433900000001,4,1
0.5,0.53,0.74,0.68,0.625,0.63,0.655,0.53,0.41,0.32,3,0.465,0.65,0.41,15,187.94256199999998,4,0
0.5,0.67,0.89,0.775,0.77,0.91,0.9,0.95,0.95,0.95,0,0.64,0.87,0.96,15,130.765054,4,1
0.49,0.54,0.67,0.22,0.215,0.155,0.25,0.4,0.15,0.32,2,0.52,0.18,0.19,15,218.294728,4,0
0.565,0.455,0.66,0.79,0.875,0.95,0.955,0.995,0.995,0.945,2,0.465,0.945,0.905,15,192.174668,4,1
0.495,0.57,0.66,0.34,0.315,0.3,0.3,0.045,0.04,0.035,2,0.565,0.325,0.035,15,109.65484799999999,4,0
0.545,0.545,0.345,0.515,0.47,0.415,0.25,0.215,0.18,0.055,3,0.515,0.43,0.115,15,396.29808100000014,4,0
0.525,0.74,0.735,0.695,0.67,0.755,0.82,0.865,0.925,0.93,2,0.495,0.65,0.925,15,258.95995,4,1
0.405,0.69,0.535,0.475,0.64,0.545,0.805,0.925,0.94,0.995,3,0.635,0.57,0.995,15,258.58737099999996,4,1
0.5,0.605,0.84,0.92,0.82,0.895,0.93,0.925,0.955,0.995,0,0.605,0.855,0.995,15,308.25723899999997,4,1
0.46,0.755,0.835,0.77,0.625,0.81,0.805,0.38,0.18,0.09,2,0.64,0.69,0.165,15,135.120251,4,0
0.515,0.485,0.515,0.8,0.925,0.87,0.855,0.995,0.995,0.995,2,0.485,0.845,0.995,15,219.645849,4,1
0.495,0.35,0.425,0.5,0.41,0.29,0.42,0.28,0.285,0.09,2,0.49,0.295,0.14,15,148.841966,4,0
0.475,0.615,0.63,0.705,0.64,0.465,0.59,0.7,0.925,0.95,3,0.51,0.415,0.975,15,251.08370099999996,4,1
0.5,0.57,0.505,0.35,0.58,0.385,0.455,0.32,0.185,0.065,5,0.48,0.405,0.09,15,144.958214,4,0
0.54,0.505,0.46,0.415,0.58,0.52,0.63,0.615,0.73,0.06,3,0.58,0.55,0.28,15,165.552124,4,0
0.63,0.54,0.605,0.565,0.635,0.83,0.875,0.945,0.995,0.9995,0,0.6,0.77,0.995,15,186.92612300000002,4,1
0.5,0.355,0.325,0.18,0.125,0.1,0.135,0.005,0.005,0.0055,1,0.405,0.105,0.0055,15,326.585884,4,0
0.5,0.61,0.645,0.395,0.4,0.52,0.455,0.47,0.25,0.155,3,0.58,0.52,0.12,15,153.03993,4,0
0.54,0.64,0.79,0.795,0.775,0.625,0.605,0.935,0.925,0.995,0,0.59,0.74,0.96,15,175.09981,4,1
0.64,0.25,0.45,0.33,0.225,0.33,0.245,0.06,0.015,0.005,1,0.16,0.34,0.005,15,181.536044,4,0
0.47,0.275,0.335,0.46,0.525,0.37,0.555,0.645,0.74,0.685,3,0.395,0.52,0.755,15,189.54133000000002,4,1
0.31,0.345,0.43,0.43,0.43,0.635,0.895,0.97,0.99,0.995,1,0.45,0.515,0.995,15,193.580064,4,1
0.67,0.705,0.68,0.655,0.785,0.625,0.56,0.51,0.6,0.955,0,0.615,0.625,0.635,15,135.26011499999998,4,1
0.5,0.51,0.565,0.595,0.585,0.24,0.315,0.145,0.09,0.125,1,0.59,0.375,0.38,15,162.023525,4,0
0.495,0.545,0.495,0.54,0.36,0.225,0.305,0.315,0.355,0.515,5,0.46,0.34,0.485,15,198.921,4,0
0.39,0.385,0.38,0.375,0.235,0.21,0.14,0.055,0.005,0.005,2,0.435,0.24,0.005,15,121.70661,4,0
0.485,0.455,0.54,0.425,0.445,0.605,0.49,0.33,0.31,0.17,4,0.49,0.605,0.31,15,155.49655,4,0
0.5,0.59,0.545,0.51,0.65,0.73,0.69,0.39,0.28,0.115,3,0.625,0.48,0.3,15,413.181748,4,1
0.555,0.64,0.785,0.96,0.97,0.995,0.995,0.995,0.995,0.995,0,0.64,0.995,0.995,15,233.985,4,1
0.475,0.45,0.47,0.3,0.29,0.215,0.115,0.005,0.005,0.005,0,0.485,0.23,0.005,15,163.418327,4,0
0.59,0.74,0.83,0.795,0.72,0.415,0.52,0.125,0.64,0.565,6,0.655,0.66,0.475,15,527.2474119999999,4,1
0.5,0.695,0.855,0.82,0.76,0.875,0.905,0.85,0.945,0.95,0,0.59,0.86,0.725,15,152.382341,4,1
0.5,0.465,0.61,0.675,0.73,0.69,0.715,0.87,0.845,0.93,2,0.465,0.585,0.925,15,180.839303,4,1
0.475,0.485,0.53,0.385,0.415,0.27,0.175,0.12,0.055,0.05,2,0.445,0.235,0.055,15,0.0,4,0
0.5,0.5,0.74,0.73,0.455,0.525,0.395,0.385,0.205,0.055,3,0.5,0.645,0.06,15,211.28884399999998,4,0
0.495,0.375,0.245,0.26,0.5,0.415,0.55,0.8,0.925,0.94,5,0.585,0.555,0.925,15,166.638456,4,1
0.5,0.48,0.555,0.495,0.575,0.48,0.425,0.2,0.1,0.015,5,0.505,0.6,0.07,15,164.162643,4,0
0.535,0.95,0.765,0.605,0.685,0.77,0.575,0.91,0.905,0.085,1,0.825,0.705,0.035,15,489.00653099999994,4,0
0.5,0.615,0.745,0.82,0.86,0.77,0.76,0.85,0.84,0.945,0,0.545,0.805,0.88,15,159.958005,4,1
0.515,0.765,0.775,0.915,0.89,0.92,0.915,0.94,0.995,0.995,0,0.635,0.91,0.995,15,209.956302,4,1
0.505,0.33,0.275,0.215,0.155,0.29,0.19,0.09,0.065,0.095,1,0.52,0.19,0.06,15,176.504642,4,0
0.46,0.535,0.505,0.74,0.875,0.895,0.89,0.995,0.995,0.995,1,0.5,0.885,0.995,15,0.0,4,1
0.39,0.36,0.46,0.675,0.645,0.85,0.9,0.995,0.995,0.995,1,0.46,0.77,0.995,15,165.279033,4,1
0.5,0.675,0.645,0.7,0.605,0.495,0.46,0.695,0.52,0.835,2,0.64,0.67,0.69,15,172.358791,4,1
0.435,0.435,0.505,0.56,0.595,0.67,0.45,0.445,0.16,0.02,8,0.56,0.495,0.07,15,186.32632,4,0
0.57,0.655,0.63,0.685,0.8,0.815,0.965,0.995,0.995,0.995,0,0.585,0.725,0.995,15,146.889277,4,1
0.5,0.545,0.53,0.685,0.645,0.6,0.445,0.55,0.605,0.265,5,0.725,0.495,0.62,15,329.741616,4,0
0.5,0.335,0.425,0.6,0.61,0.73,0.88,0.975,0.995,0.995,2,0.375,0.6,0.995,15,174.189607,4,1
0.47,0.46,0.585,0.48,0.525,0.705,0.785,0.71,0.82,0.885,3,0.46,0.675,0.79,15,183.512567,4,1
0.525,0.37,0.4,0.255,0.12,0.21,0.36,0.12,0.09,0.085,1,0.625,0.11,0.11,15,170.192611,4,0
0.4,0.835,0.785,0.625,0.785,0.845,0.725,0.83,0.585,0.71,3,0.795,0.875,0.46,15,421.06732400000004,4,1
0.53,0.525,0.52,0.68,0.56,0.61,0.65,0.925,0.93,0.905,0,0.53,0.6,0.995,15,0.0,4,1
0.545,0.6,0.66,0.245,0.23,0.065,0.06,0.07,0.07,0.055,3,0.41,0.135,0.045,15,154.79242499999998,4,0
0.495,0.425,0.6,0.32,0.345,0.295,0.145,0.175,0.25,0.07,2,0.425,0.28,0.145,15,177.288174,4,0
0.52,0.51,0.55,0.48,0.555,0.495,0.41,0.125,0.06,0.005,3,0.525,0.495,0.015,15,150.594002,4,0
0.505,0.57,0.585,0.78,0.555,0.625,0.39,0.435,0.81,0.425,5,0.525,0.44,0.755,15,275.413204,4,0
0.705,0.57,0.58,0.765,0.835,0.875,0.835,0.94,0.98,0.995,0,0.555,0.8,0.955,15,190.073398,4,1
0.595,0.535,0.48,0.4,0.41,0.565,0.755,0.965,0.955,0.995,2,0.535,0.315,0.945,15,420.312483,4,1
0.68,0.03,0.035,0.03,0.025,0.0165,0.0145,0.0055,0.0255,0.0005,1,0.26,0.035,0.005,15,1066.869131,4,0
0.5,0.35,0.37,0.575,0.68,0.495,0.49,0.455,0.43,0.64,4,0.43,0.525,0.735,15,376.938696,4,1
0.5,0.66,0.605,0.73,0.715,0.7,0.77,0.75,0.925,0.99,0,0.61,0.74,0.975,15,170.490539,4,1
0.5,0.2,0.13,0.28,0.355,0.315,0.215,0.07,0.025,0.015,1,0.25,0.33,0.015,15,218.782279,4,0
0.58,0.535,0.575,0.605,0.68,0.64,0.29,0.27,0.12,0.08,1,0.535,0.675,0.08,15,275.746523,4,0
0.51,0.3,0.48,0.22,0.08,0.085,0.065,0.04,0.005,0.005,1,0.54,0.08,0.005,15,186.06210399999998,4,0
0.455,0.44,0.285,0.21,0.17,0.11,0.11,0.07,0.035,0.0055,2,0.515,0.09,0.005,15,292.222528,4,0
0.68,0.695,0.59,0.685,0.64,0.62,0.795,0.945,0.94,0.955,0,0.645,0.665,0.965,15,0.0,4,1
0.495,0.57,0.59,0.585,0.71,0.79,0.84,0.905,0.975,0.995,1,0.57,0.645,0.975,15,0.0,4,1
0.49,0.6,0.685,0.415,0.585,0.365,0.43,0.565,0.655,0.175,6,0.52,0.62,0.39,15,209.397782,4,0
0.385,0.53,0.425,0.41,0.42,0.325,0.25,0.27,0.23,0.14,2,0.53,0.425,0.05,15,295.143624,4,0
0.565,0.42,0.445,0.595,0.565,0.86,0.805,0.865,0.795,0.89,2,0.4,0.71,0.725,15,283.674482,4,1
0.485,0.455,0.18,0.25,0.255,0.17,0.165,0.12,0.25,0.125,0,0.455,0.15,0.165,15,0.0,4,0
0.535,0.68,0.73,0.765,0.85,0.935,0.895,0.945,0.95,0.995,0,0.565,0.915,0.955,15,204.122684,4,1
0.5,0.54,0.66,0.51,0.675,0.93,0.895,0.97,0.965,0.995,2,0.47,0.785,0.965,15,1075.4624399999998,4,1
0.715,0.085,0.255,0.1,0.12,0.07,0.045,0.055,0.06,0.005,1,0.09,0.155,0.005,15,414.05527400000005,4,0
0.42,0.495,0.495,0.625,0.655,0.78,0.885,0.895,0.925,0.9,3,0.57,0.625,0.91,15,330.84481299999993,4,0
0.73,0.635,0.425,0.32,0.245,0.125,0.1,0.085,0.105,0.06,1,0.605,0.205,0.095,15,458.4148859999999,4,0
0.465,0.52,0.475,0.5,0.44,0.49,0.465,0.315,0.25,0.005,4,0.43,0.46,0.115,15,231.664742,4,0
0.585,0.675,0.64,0.825,0.745,0.73,0.75,0.775,0.845,0.91,0,0.72,0.545,0.795,15,182.744647,4,1
0.535,0.72,0.775,0.83,0.79,0.925,0.985,0.995,0.995,0.995,0,0.63,0.885,0.995,15,0.0,4,1
0.535,0.73,0.835,0.7,0.585,0.835,0.89,0.87,0.93,0.9,0,0.62,0.575,0.96,15,242.23740200000003,4,1
0.54,0.365,0.435,0.415,0.585,0.68,0.515,0.215,0.265,0.205,3,0.335,0.68,0.195,15,303.219502,4,0
0.595,0.725,0.75,0.885,0.495,0.33,0.27,0.37,0.465,0.835,6,0.4,0.605,0.745,15,235.19753899999998,4,1
0.58,0.8,0.73,0.82,0.81,0.67,0.6,0.49,0.675,0.975,2,0.695,0.83,0.905,15,178.78687,4,1
0.45,0.75,0.88,0.925,0.965,0.945,0.885,0.89,0.58,0.705,1,0.5,0.925,0.715,15,1580.158661,4,0
0.47,0.47,0.365,0.35,0.165,0.07,0.1,0.045,0.045,0.005,0,0.455,0.08,0.005,15,161.073487,4,0
0.36,0.38,0.455,0.195,0.15,0.015,0.025,0.01,0.005,0.005,0,0.43,0.085,0.005,15,744.396909,4,0
0.46,0.41,0.41,0.455,0.435,0.435,0.24,0.855,0.775,0.8,1,0.41,0.415,0.77,15,339.52740800000004,4,1
0.475,0.62,0.745,0.795,0.805,0.805,0.91,0.925,0.925,0.995,1,0.62,0.805,0.97,15,517.398653,4,1
0.445,0.45,0.735,0.85,0.79,0.93,0.93,0.985,0.995,0.995,1,0.45,0.815,0.995,15,901.737852,4,1
0.485,0.485,0.605,0.835,0.91,0.925,0.925,0.96,0.995,0.995,1,0.485,0.905,0.995,15,185.59443100000001,4,1
0.34,0.68,0.665,0.655,0.845,0.915,0.915,0.935,0.93,0.995,1,0.66,0.915,0.985,15,229.20362599999999,4,1
0.49,0.75,0.825,0.845,0.84,0.825,0.875,0.91,0.935,0.85,1,0.695,0.85,0.935,15,361.06688599999995,4,1
0.48,0.495,0.445,0.625,0.475,0.49,0.46,0.13,0.19,0.095,2,0.49,0.465,0.13,15,0.0,4,0
0.47,0.165,0.18,0.22,0.315,0.595,0.765,0.78,0.635,0.585,1,0.285,0.36,0.835,15,0.0,4,1
0.48,0.4,0.39,0.14,0.18,0.125,0.11,0.015,0.005,0.005,0,0.39,0.17,0.005,15,161.106922,4,0
0.545,0.28,0.27,0.085,0.025,0.07,0.08,0.065,0.065,0.005,1,0.35,0.025,0.03,15,513.2321100000001,4,0
0.545,0.56,0.48,0.4,0.31,0.385,0.355,0.225,0.12,0.09,1,0.505,0.43,0.035,15,1772.850305,4,0
0.425,0.305,0.365,0.275,0.355,0.135,0.135,0.145,0.08,0.005,0,0.355,0.195,0.005,15,173.64878199999998,4,0
0.525,0.585,0.56,0.18,0.08,0.215,0.17,0.045,0.03,0.005,1,0.53,0.165,0.005,15,0.0,4,0
0.545,0.775,0.745,0.695,0.79,0.62,0.845,0.915,0.925,0.95,0,0.65,0.51,0.925,15,183.75572999999997,4,1
0.48,0.51,0.51,0.65,0.755,0.765,0.8,0.895,0.93,0.995,1,0.42,0.815,0.975,15,173.02686,4,1
0.57,0.44,0.425,0.435,0.46,0.45,0.45,0.125,0.08,0.19,3,0.39,0.555,0.08,15,248.510941,4,0
0.51,0.405,0.305,0.205,0.235,0.145,0.2,0.065,0.075,0.005,1,0.45,0.28,0.005,15,0.0,4,0
0.45,0.395,0.625,0.635,0.42,0.43,0.43,0.69,0.71,0.965,5,0.455,0.52,0.81,15,183.28250100000002,4,1
0.525,0.605,0.585,0.515,0.415,0.32,0.18,0.095,0.095,0.005,3,0.58,0.375,0.055,15,254.13740900000002,4,0
0.495,0.265,0.245,0.125,0.245,0.225,0.265,0.2,0.245,0.29,0,0.445,0.195,0.275,15,358.939997,4,0
0.55,0.52,0.53,0.69,0.48,0.525,0.545,0.555,0.305,0.545,6,0.5,0.455,0.2,15,205.579322,4,1
0.515,0.175,0.18,0.165,0.1,0.09,0.09,0.075,0.005,0.005,1,0.37,0.16,0.005,15,126.150172,4,0
0.325,0.65,0.665,0.785,0.72,0.655,0.625,0.97,0.995,0.9995,1,0.5,0.63,0.9995,15,179.424781,4,1
0.525,0.57,0.6,0.605,0.47,0.395,0.39,0.47,0.345,0.18,1,0.56,0.43,0.3,15,272.84131299999996,4,1
0.525,0.69,0.705,0.335,0.305,0.09,0.045,0.005,0.04,0.005,1,0.685,0.25,0.03,15,132.731024,4,0
0.53,0.295,0.315,0.43,0.31,0.235,0.22,0.46,0.61,0.575,4,0.495,0.34,0.255,15,108.19346,4,1
0.525,0.37,0.395,0.275,0.24,0.43,0.375,0.1,0.07,0.005,1,0.475,0.225,0.055,15,106.97590000000001,4,0
0.69,0.395,0.41,0.425,0.4,0.46,0.45,0.61,0.665,0.85,4,0.53,0.4,0.825,15,138.377395,4,1
0.565,0.63,0.71,0.785,0.78,0.385,0.205,0.35,0.31,0.15,1,0.565,0.41,0.325,15,171.646883,4,0
0.57,0.705,0.695,0.88,0.87,0.705,0.52,0.4,0.455,0.765,2,0.61,0.9,0.335,15,201.11458700000003,4,1
0.545,0.565,0.575,0.705,0.675,0.835,0.76,0.81,0.955,0.995,0,0.525,0.655,0.925,15,141.376793,4,1
0.605,0.405,0.585,0.875,0.805,0.865,0.84,0.94,0.95,0.905,2,0.61,0.765,0.93,15,146.493342,4,1
0.55,0.63,0.65,0.72,0.745,0.625,0.785,0.84,0.81,0.925,0,0.685,0.75,0.905,15,154.19505600000002,4,1
0.575,0.595,0.535,0.615,0.345,0.38,0.365,0.725,0.355,0.11,5,0.545,0.535,0.325,15,83.252501,4,0
0.485,0.495,0.585,0.475,0.585,0.58,0.54,0.655,0.68,0.715,5,0.535,0.625,0.675,15,204.37674900000005,4,1
0.475,0.615,0.54,0.625,0.67,0.545,0.815,0.88,0.905,0.995,1,0.54,0.63,0.95,15,161.001201,4,1
0.55,0.47,0.555,0.635,0.62,0.815,0.83,0.86,0.875,0.935,2,0.485,0.665,0.86,15,132.812746,4,1
0.615,0.475,0.635,0.3,0.325,0.4,0.68,0.465,0.42,0.46,7,0.73,0.375,0.675,15,215.714152,4,0
0.44,0.495,0.41,0.555,0.53,0.84,0.775,0.88,0.92,0.7,1,0.44,0.79,0.935,15,135.821302,4,0
0.555,0.435,0.455,0.305,0.255,0.245,0.16,0.11,0.105,0.005,3,0.435,0.2,0.07,15,360.6107569999999,4,0
0.675,0.735,0.735,0.605,0.62,0.595,0.52,0.98,0.98,0.9945,0,0.73,0.555,0.9945,15,782.302267,4,1
0.5,0.48,0.325,0.36,0.335,0.505,0.595,0.755,0.77,0.85,2,0.58,0.36,0.77,15,431.2618099999999,4,1
0.57,0.725,0.675,0.69,0.725,0.64,0.78,0.82,0.565,0.005,1,0.72,0.71,0.6,15,301.175969,4,0
0.575,0.585,0.735,0.87,0.9,0.96,0.97,0.965,0.995,0.995,0,0.545,0.93,0.995,15,95.96868,4,1
0.5,0.555,0.635,0.76,0.685,0.59,0.595,0.9,0.905,0.995,2,0.47,0.57,0.97,15,88.593988,4,1
0.5,0.515,0.385,0.28,0.27,0.51,0.52,0.62,0.505,0.825,4,0.515,0.435,0.46,15,114.38832,4,0
0.51,0.685,0.75,0.825,0.85,0.97,0.965,0.525,0.565,0.105,1,0.63,0.915,0.3375,15,528.889207,4,0
0.46,0.235,0.26,0.125,0.08,0.24,0.255,0.295,0.175,0.42,0,0.34,0.14,0.465,15,190.863456,4,1
0.5,0.53,0.455,0.455,0.52,0.765,0.675,0.455,0.51,0.61,6,0.4,0.585,0.51,15,203.944625,4,1
0.5,0.565,0.525,0.32,0.45,0.195,0.25,0.145,0.18,0.085,1,0.66,0.205,0.275,15,207.072235,4,0
0.55,0.615,0.635,0.51,0.485,0.47,0.225,0.21,0.11,0.17,1,0.625,0.495,0.11,15,239.59943399999995,4,0
0.47,0.69,0.74,0.73,0.735,0.68,0.715,0.845,0.695,0.845,1,0.64,0.735,0.605,15,207.966762,4,1
0.55,0.55,0.505,0.4,0.55,0.645,0.775,0.48,0.415,0.435,3,0.565,0.59,0.41,15,216.469338,4,0
0.43,0.42,0.555,0.59,0.725,0.465,0.585,0.595,0.84,0.94,5,0.46,0.72,0.93,15,265.51430300000004,4,1
0.525,0.52,0.445,0.29,0.255,0.17,0.185,0.38,0.345,0.36,3,0.49,0.145,0.345,15,152.208016,4,0
0.7,0.705,0.895,0.945,0.985,0.985,0.985,0.995,0.995,0.995,0,0.52,0.985,0.995,15,973.1981659999997,4,1
0.56,0.565,0.46,0.64,0.64,0.5,0.725,0.805,0.975,0.96,4,0.66,0.475,0.975,15,113.84491000000001,4,1
0.7,0.4,0.475,0.375,0.245,0.155,0.28,0.295,0.29,0.265,1,0.555,0.355,0.355,15,109.99117500000001,4,0
0.59,0.6,0.625,0.59,0.57,0.415,0.29,0.1,0.07,0.005,1,0.59,0.56,0.115,15,165.89523600000004,4,0
0.4,0.455,0.255,0.25,0.2,0.23,0.19,0.2,0.085,0.115,0,0.48,0.31,0.055,15,93.845802,4,0
0.5,0.555,0.605,0.665,0.64,0.555,0.615,0.55,0.555,0.155,3,0.455,0.555,0.24,15,263.323107,4,0
0.4,0.61,0.555,0.73,0.775,0.48,0.445,0.565,0.175,0.105,4,0.39,0.485,0.14,15,93.942242,4,0
0.46,0.585,0.68,0.5,0.62,0.41,0.43,0.735,0.855,0.905,3,0.45,0.53,0.855,15,258.21846600000003,4,1
0.7,0.375,0.26,0.17,0.1,0.095,0.09,0.14,0.155,0.28,1,0.545,0.075,0.215,15,143.0857,4,0
0.7,0.5,0.66,0.795,0.84,0.9,0.925,0.915,0.985,0.995,0,0.59,0.91,0.995,15,128.07996599999998,4,1
0.495,0.655,0.65,0.8,0.69,0.535,0.62,0.795,0.845,0.905,1,0.645,0.555,0.87,15,151.092629,4,1
0.5,0.35,0.41,0.085,0.09,0.175,0.225,0.6,0.895,0.995,2,0.52,0.195,0.89,15,252.16515500000003,4,1
0.5,0.6,0.605,0.59,0.61,0.435,0.45,0.51,0.465,0.09,5,0.485,0.54,0.325,15,122.25383099999999,4,0
0.465,0.56,0.625,0.585,0.64,0.755,0.74,0.68,0.85,0.56,3,0.44,0.775,0.72,15,94.005736,4,0
0.69,0.3,0.345,0.58,0.62,0.615,0.52,0.59,0.6,0.845,2,0.505,0.66,0.695,15,188.79545,4,1
0.5,0.47,0.43,0.35,0.355,0.43,0.445,0.315,0.435,0.93,4,0.455,0.575,0.815,15,494.90236400000003,4,1
0.455,0.445,0.335,0.115,0.105,0.09,0.105,0.46,0.55,0.635,1,0.49,0.14,0.635,15,223.62303099999997,4,1
0.5,0.515,0.7,0.685,0.61,0.26,0.205,0.065,0.055,0.09,3,0.45,0.665,0.19,15,87.100686,4,0
0.43,0.48,0.32,0.315,0.17,0.13,0.1,0.025,0.025,0.005,0,0.48,0.27,0.005,15,108.108628,4,0
0.28,0.445,0.49,0.64,0.755,0.68,0.65,0.715,0.85,0.995,3,0.505,0.82,0.94,15,219.283532,4,1
0.5,0.455,0.365,0.65,0.69,0.75,0.79,0.885,0.935,0.995,2,0.465,0.725,0.995,15,106.06621799999999,4,1
0.295,0.485,0.395,0.245,0.14,0.155,0.095,0.215,0.29,0.61,1,0.4,0.18,0.1,15,294.212851,4,1
0.5,0.695,0.785,0.865,0.915,0.91,0.895,0.935,0.96,0.915,0,0.68,0.915,0.895,15,543.5979259999999,4,1
0.5,0.625,0.625,0.67,0.68,0.5,0.515,0.11,0.095,0.055,1,0.525,0.595,0.095,15,161.77176400000002,4,0
0.5,0.51,0.445,0.27,0.27,0.2,0.325,0.135,0.13,0.005,3,0.47,0.2,0.075,15,205.983147,4,0
0.66,0.785,0.825,0.895,0.93,0.98,0.945,0.95,0.95,0.995,0,0.745,0.93,0.995,15,152.93329699999998,4,1
0.5,0.65,0.665,0.56,0.47,0.5,0.46,0.375,0.27,0.465,3,0.655,0.655,0.265,15,433.535356,4,1
0.65,0.895,0.825,0.925,0.945,0.94,0.94,0.975,0.98,0.995,0,0.63,0.94,0.995,15,562.2632699999999,4,1
0.47,0.42,0.395,0.55,0.065,0.14,0.075,0.17,0.06,0.005,4,0.56,0.165,0.06,15,149.99055,4,0
0.705,0.53,0.515,0.545,0.755,0.76,0.76,0.38,0.095,0.005,1,0.52,0.73,0.015,15,234.21592600000002,4,0
0.5,0.47,0.69,0.75,0.845,0.775,0.865,0.885,0.73,0.6,2,0.47,0.775,0.73,15,0.0,4,1
0.5,0.41,0.45,0.59,0.66,0.6,0.69,0.665,0.64,0.16,3,0.515,0.64,0.26,15,369.58536699999996,4,0
0.55,0.575,0.585,0.405,0.415,0.29,0.305,0.145,0.215,0.045,1,0.505,0.255,0.145,15,132.929155,4,0
0.475,0.525,0.58,0.735,0.79,0.86,0.835,0.7,0.57,0.25,2,0.55,0.89,0.58,15,402.686715,4,1
0.55,0.45,0.425,0.495,0.705,0.755,0.72,0.65,0.515,0.875,2,0.45,0.81,0.66,15,280.19085,4,1
0.33,0.66,0.49,0.49,0.415,0.5,0.51,0.63,0.46,0.16,4,0.53,0.495,0.255,15,349.50146,4,0
0.665,0.72,0.815,0.775,0.765,0.885,0.97,0.995,0.9445,0.9945,0,0.74,0.71,0.9445,15,390.348743,4,1
0.365,0.565,0.545,0.77,0.795,0.585,0.625,0.705,0.665,0.925,1,0.5,0.635,0.8,15,202.60333200000002,4,1
0.495,0.375,0.285,0.26,0.22,0.275,0.24,0.43,0.465,0.26,0,0.405,0.27,0.135,15,166.21549399999998,4,0
0.42,0.425,0.525,0.25,0.36,0.325,0.535,0.135,0.095,0.048,6,0.54,0.33,0.115,15,467.24263900000005,4,0
0.41,0.4,0.4,0.39,0.39,0.415,0.415,0.5,0.505,0.55,3,0.415,0.39,0.365,15,548.297453,4,1
0.465,0.785,0.9,0.885,0.965,0.97,0.97,0.9945,0.9945,0.995,1,0.785,0.965,0.9945,15,507.96971399999984,4,1
0.415,0.255,0.29,0.32,0.395,0.235,0.185,0.135,0.07,0.17,0,0.29,0.3,0.12,15,220.48855899999995,4,0
0.45,0.83,0.795,0.855,0.87,0.93,0.94,0.995,0.9945,0.9945,1,0.73,0.91,0.9945,15,531.3264,4,1
0.68,0.54,0.565,0.27,0.125,0.155,0.12,0.13,0.075,0.11,1,0.545,0.145,0.13,15,607.4519160000001,4,0
0.55,0.435,0.425,0.165,0.17,0.09,0.165,0.08,0.045,0.005,1,0.54,0.16,0.005,15,131.899471,4,0
0.5,0.53,0.555,0.885,0.855,0.895,0.915,0.91,0.785,0.11,1,0.53,0.87,0.26,15,628.885528,4,0
0.7,0.635,0.825,0.725,0.745,0.895,0.88,0.93,0.995,0.995,0,0.545,0.765,0.995,15,798.395837,4,1
0.405,0.185,0.18,0.08,0.085,0.045,0.06,0.035,0.005,0.0055,0,0.15,0.05,0.0055,15,688.8345690000003,4,0
0.37,0.545,0.56,0.425,0.37,0.545,0.745,0.505,0.415,0.105,4,0.545,0.39,0.12,15,389.42235800000003,4,0
0.635,0.585,0.485,0.415,0.47,0.6,0.585,0.635,0.69,0.03,3,0.585,0.5,0.135,15,542.2876759999999,4,0
0.855,0.375,0.35,0.275,0.245,0.215,0.175,0.115,0.145,0.855,2,0.41,0.265,0.405,15,461.39463,4,1
0.515,0.84,0.91,0.845,0.855,0.895,0.96,0.995,0.995,0.9975,0,0.615,0.87,0.995,15,630.9117960000001,4,1
0.65,0.51,0.52,0.55,0.59,0.74,0.87,0.84,0.835,0.61,0,0.72,0.76,0.8,15,414.69733,4,1
0.365,0.445,0.41,0.415,0.28,0.37,0.39,0.305,0.675,0.335,4,0.445,0.38,0.45,15,487.264357,4,0
0.35,0.215,0.245,0.2,0.19,0.065,0.02,0.005,0.005,0.0005,0,0.225,0.165,0.0055,15,748.34774,4,0
0.65,0.42,0.26,0.205,0.44,0.555,0.79,0.705,0.805,0.935,2,0.44,0.425,0.975,15,368.45835099999994,4,1
0.5,0.455,0.505,0.645,0.635,0.665,0.585,0.22,0.115,0.055,5,0.535,0.61,0.07,15,460.125719,4,0
0.66,0.565,0.64,0.685,0.795,0.62,0.625,0.93,0.815,0.93,0,0.67,0.7,0.89,15,371.33412,4,1
0.655,0.53,0.565,0.49,0.5,0.44,0.24,0.08,0.1,0.065,3,0.64,0.445,0.1,15,406.131328,4,0
0.56,0.62,0.495,0.49,0.385,0.44,0.605,0.79,0.905,0.985,2,0.56,0.415,0.935,15,172.666291,4,1
0.345,0.345,0.345,0.285,0.285,0.095,0.075,0.075,0.095,0.165,0,0.345,0.07,0.305,15,377.418213,4,0
0.42,0.405,0.315,0.845,0.555,0.18,0.1,0.21,0.21,0.015,2,0.405,0.37,0.065,15,218.75153,4,0
0.5,0.505,0.85,0.75,0.775,0.94,0.945,0.965,0.935,0.98,0,0.56,0.855,0.97,15,122.081286,4,1
0.605,0.55,0.44,0.335,0.325,0.3,0.34,0.49,0.515,0.36,3,0.595,0.245,0.325,15,187.12827800000002,4,1
0.5,0.615,0.625,0.94,0.905,0.94,0.94,0.94,0.975,0.995,0,0.585,0.905,0.995,15,353.782552,4,1
0.555,0.555,0.555,0.56,0.53,0.375,0.24,0.05,0.005,0.005,1,0.555,0.405,0.005,15,661.554036,4,0
0.485,0.54,0.49,0.455,0.375,0.375,0.375,0.1,0.09,0.07,4,0.445,0.375,0.08,15,123.45124700000001,4,0
0.495,0.505,0.71,0.785,0.83,0.905,0.915,0.975,0.995,0.9995,1,0.54,0.87,0.9945,15,639.262937,4,1
0.51,0.525,0.48,0.415,0.385,0.645,0.57,0.39,0.28,0.91,6,0.495,0.59,0.57,15,281.864742,4,1
0.5,0.42,0.305,0.425,0.365,0.255,0.27,0.205,0.295,0.07,1,0.445,0.325,0.275,15,683.928994,4,0
0.56,0.305,0.285,0.105,0.105,0.045,0.045,0.005,0.005,0.0005,1,0.505,0.06,0.005,15,586.665786,4,0
0.565,0.585,0.6,0.735,0.805,0.825,0.835,0.915,0.97,0.995,0,0.585,0.805,0.995,15,353.24755000000005,4,1
0.53,0.585,0.58,0.765,0.85,0.53,0.24,0.16,0.065,0.11,1,0.53,0.805,0.165,15,313.312131,4,0
0.61,0.16,0.085,0.05,0.045,0.0055,0.0055,0.0055,0.005,0.0005,1,0.16,0.035,0.005,15,553.7143749999999,4,0
0.435,0.655,0.805,0.84,0.875,0.82,0.875,0.89,0.885,0.965,1,0.585,0.855,0.9,15,288.081535,4,1
0.52,0.505,0.465,0.605,0.66,0.455,0.415,0.265,0.355,0.365,5,0.505,0.72,0.545,15,216.908552,4,0
0.485,0.36,0.335,0.205,0.23,0.195,0.185,0.065,0.025,0.005,0,0.475,0.195,0.025,15,281.669037,4,0
0.515,0.495,0.385,0.595,0.705,0.695,0.805,0.835,0.95,0.995,2,0.445,0.695,0.995,15,201.919311,4,1
0.515,0.47,0.575,0.495,0.285,0.29,0.265,0.305,0.16,0.205,3,0.5,0.305,0.175,15,310.72242700000004,4,0
0.5,0.33,0.585,0.81,0.84,0.85,0.89,0.935,0.95,0.995,2,0.445,0.845,0.965,15,211.743511,4,1
0.5,0.425,0.4,0.33,0.4,0.73,0.895,0.965,0.97,0.9945,2,0.48,0.525,0.995,15,468.7763600000001,4,1
0.49,0.31,0.14,0.07,0.05,0.005,0.0055,0.0055,0.0055,0.0055,0,0.31,0.005,0.0055,15,441.607559,4,0
0.5,0.585,0.52,0.515,0.35,0.32,0.435,0.375,0.32,0.075,3,0.57,0.315,0.175,15,382.488187,4,0
0.55,0.505,0.61,0.705,0.66,0.825,0.88,0.925,0.955,0.98,0,0.625,0.8,0.96,15,353.610958,4,1
0.46,0.295,0.23,0.055,0.065,0.005,0.0055,0.0055,0.0055,0.0005,0,0.39,0.035,0.005,15,575.962895,4,0
0.5,0.53,0.435,0.72,0.805,0.815,0.915,0.97,0.995,0.9945,4,0.385,0.69,0.9945,15,715.5950320000001,4,1
0.535,0.595,0.31,0.405,0.49,0.665,0.6,0.875,0.855,0.9,4,0.44,0.55,0.925,15,119.178304,4,1
0.465,0.67,0.7,0.625,0.46,0.495,0.575,0.475,0.605,0.32,6,0.535,0.48,0.605,15,194.198041,4,0
0.5,0.425,0.28,0.3,0.175,0.105,0.175,0.19,0.135,0.61,2,0.385,0.22,0.5,15,214.98483800000002,4,1
0.5,0.375,0.63,0.56,0.66,0.71,0.385,0.255,0.155,0.005,5,0.375,0.7,0.055,15,197.073945,4,0
0.5,0.395,0.45,0.675,0.675,0.715,0.81,0.875,0.925,0.995,2,0.5,0.6,0.91,15,1434.0192100000002,4,1
0.54,0.795,0.885,0.905,0.945,0.98,0.9715,0.9635,0.98,0.9945,0,0.655,0.975,0.9945,15,1531.1639989999999,4,1
0.485,0.33,0.34,0.225,0.225,0.145,0.145,0.005,0.005,0.0055,0,0.475,0.175,0.0055,15,1501.312148,4,0
0.5,0.525,0.485,0.34,0.355,0.215,0.215,0.27,0.195,0.09,1,0.555,0.275,0.1,15,281.222614,4,0
0.5,0.965,0.965,0.97,0.975,0.975,0.971,0.9845,0.9945,0.9995,0,0.7,0.975,0.9945,15,2075.611214,4,1
0.5,0.635,0.665,0.365,0.385,0.67,0.72,0.31,0.195,0.105,3,0.505,0.47,0.13,15,417.0948,4,0
0.5,0.535,0.645,0.585,0.735,0.73,0.575,0.76,0.66,0.76,0,0.525,0.74,0.705,15,346.35085100000003,4,1
0.455,0.475,0.565,0.555,0.74,0.755,0.635,0.36,0.24,0.11,4,0.54,0.66,0.26,15,390.668631,4,0
0.5,0.41,0.29,0.185,0.145,0.18,0.12,0.215,0.18,0.275,1,0.36,0.215,0.095,15,193.40204,4,0
0.5,0.72,0.73,0.75,0.66,0.7,0.735,0.825,0.925,0.995,0,0.58,0.635,0.94,15,233.474915,4,1
0.47,0.36,0.455,0.675,0.63,0.865,0.73,0.83,0.78,0.715,3,0.36,0.875,0.815,15,553.791881,4,1
0.445,0.46,0.585,0.51,0.485,0.605,0.605,0.74,0.765,0.735,7,0.55,0.5,0.485,15,314.55857199999997,4,0
0.53,0.595,0.735,0.84,0.88,0.6,0.655,0.44,0.13,0.005,1,0.585,0.865,0.175,15,283.031336,4,0
0.54,0.335,0.455,0.165,0.145,0.095,0.115,0.32,0.765,0.985,2,0.31,0.2,0.87,15,208.78115,4,1
0.53,0.62,0.585,0.53,0.51,0.315,0.66,0.645,0.63,0.85,2,0.55,0.395,0.885,15,234.518382,4,1
0.475,0.43,0.345,0.17,0.235,0.215,0.14,0.26,0.37,0.02,0,0.43,0.33,0.065,15,284.483915,4,0
0.475,0.375,0.385,0.44,0.58,0.58,0.29,0.29,0.36,0.075,2,0.33,0.545,0.4,15,235.922345,4,0
0.515,0.515,0.26,0.46,0.42,0.32,0.255,0.26,0.24,0.165,1,0.61,0.38,0.325,15,334.78909300000004,4,0
0.475,0.65,0.795,0.805,0.895,0.955,0.965,0.96,0.975,0.915,1,0.66,0.93,0.92,15,1953.1986140000001,4,1
0.565,0.34,0.27,0.17,0.28,0.035,0.065,0.03,0.03,0.0055,1,0.64,0.065,0.0055,15,1525.2063329999999,4,0
0.485,0.395,0.385,0.255,0.25,0.31,0.465,0.12,0.465,0.095,0,0.375,0.295,0.285,15,336.3755090000001,4,0
0.485,0.475,0.465,0.535,0.56,0.75,0.755,0.79,0.52,0.36,2,0.395,0.62,0.215,15,239.076683,4,0
0.5,0.315,0.275,0.225,0.155,0.035,0.025,0.075,0.025,0.0255,1,0.3,0.12,0.035,15,1419.9732,4,0
0.485,0.365,0.395,0.855,0.85,0.79,0.895,0.995,0.995,0.9945,1,0.25,0.835,0.995,15,1411.0313389999997,4,1
0.5,0.525,0.655,0.83,0.785,0.705,0.56,0.85,0.93,0.995,0,0.56,0.805,0.935,15,271.84623,4,1
0.555,0.525,0.835,0.79,0.805,0.93,0.805,0.715,0.75,0.705,0,0.525,0.94,0.725,15,249.813983,4,0
0.5,0.605,0.585,0.375,0.35,0.53,0.57,0.855,0.79,0.575,2,0.54,0.465,0.54,15,228.581574,4,1
0.5,0.485,0.405,0.24,0.3,0.175,0.29,0.245,0.47,0.1,1,0.41,0.13,0.3,15,393.85843300000005,4,0
0.5,0.37,0.505,0.7,0.825,0.955,0.96,0.96,0.975,0.99,2,0.345,0.94,0.96,15,1389.9908330000003,4,1
0.48,0.72,0.665,0.83,0.88,0.765,0.68,0.665,0.51,0.825,3,0.715,0.92,0.495,15,319.136852,4,1
0.5,0.415,0.33,0.46,0.355,0.275,0.295,0.085,0.215,0.3,1,0.5,0.285,0.205,15,239.71080699999996,4,0
0.5,0.525,0.5,0.475,0.655,0.355,0.625,0.635,0.65,0.785,8,0.48,0.665,0.84,15,204.176444,4,1
0.5,0.425,0.315,0.22,0.1,0.055,0.015,0.005,0.005,0.0055,1,0.505,0.07,0.005,15,1249.284492,4,0
0.505,0.43,0.465,0.545,0.72,0.68,0.585,0.82,0.905,0.94,2,0.29,0.735,0.935,15,407.52159399999994,4,1
0.5,0.435,0.39,0.29,0.2,0.335,0.3,0.135,0.015,0.005,1,0.61,0.39,0.005,15,678.629528,4,0
0.5,0.225,0.245,0.09,0.08,0.07,0.085,0.04,0.195,0.1,1,0.335,0.09,0.325,15,161.15695599999998,4,0
0.59,0.32,0.29,0.675,0.6,0.535,0.48,0.615,0.93,0.42,5,0.46,0.67,0.83,15,308.724911,4,1
0.515,0.5,0.3,0.225,0.13,0.285,0.3,0.41,0.59,0.845,4,0.5,0.27,0.64,15,291.92786,4,1
0.5,0.39,0.225,0.265,0.1,0.045,0.015,0.0055,0.0055,0.0005,1,0.49,0.055,0.0055,15,1141.49495,4,0
0.5,0.64,0.785,0.62,0.585,0.59,0.665,0.755,0.92,0.905,0,0.585,0.62,0.925,15,257.118496,4,1
0.525,0.355,0.55,0.68,0.5,0.635,0.315,0.005,0.0055,0.0055,3,0.29,0.56,0.0055,15,674.997748,4,0
0.565,0.35,0.355,0.28,0.155,0.065,0.05,0.02,0.05,0.0555,1,0.405,0.1,0.025,15,713.28898,4,0
0.55,0.745,0.68,0.91,0.84,0.665,0.86,0.96,0.94,0.975,0,0.555,0.805,0.94,15,888.844473,4,1
0.555,0.265,0.26,0.22,0.275,0.125,0.04,0.045,0.03,0.0055,1,0.61,0.29,0.03,15,620.7409429999998,4,0
0.565,0.67,0.675,0.7,0.735,0.835,0.82,0.865,0.985,0.995,0,0.6,0.785,0.995,15,622.5781869999998,4,1
0.555,0.51,0.5,0.58,0.63,0.45,0.45,0.195,0.115,0.11,1,0.51,0.855,0.12,15,277.7946529999999,4,0
0.605,0.595,0.53,0.715,0.785,0.905,0.94,0.995,0.995,0.9995,0,0.58,0.89,0.9945,15,1085.8553160000001,4,1
0.605,0.69,0.85,0.53,0.63,0.445,0.46,0.745,0.73,0.95,2,0.63,0.605,0.81,15,263.90929400000005,4,1
0.665,0.36,0.155,0.075,0.04,0.015,0.015,0.02,0.02,0.005,1,0.455,0.04,0.0055,15,1358.5466079999999,4,0
0.7,0.525,0.515,0.535,0.525,0.78,0.73,0.545,0.71,0.76,0,0.515,0.68,0.525,15,277.883752,4,1
0.55,0.475,0.485,0.755,0.845,0.965,0.98,0.985,0.985,0.9995,2,0.435,0.81,0.9945,15,1144.2675140000001,4,1
0.55,0.37,0.515,0.245,0.305,0.295,0.265,0.055,0.015,0.055,3,0.37,0.3,0.04,15,401.13865,4,0
0.525,0.49,0.395,0.5,0.595,0.56,0.48,0.88,0.895,0.86,6,0.455,0.49,0.815,15,208.41125,4,1
0.565,0.525,0.33,0.405,0.545,0.355,0.38,0.075,0.035,0.11,3,0.525,0.385,0.045,15,241.44781700000001,4,0
0.56,0.32,0.545,0.595,0.525,0.67,0.62,0.605,0.15,0.16,3,0.485,0.565,0.15,15,321.89456900000005,4,0
0.38,0.425,0.08,0.04,0.015,0.015,0.015,0.015,0.0055,0.0055,0,0.425,0.015,0.0055,15,2762.45455,4,0
0.565,0.65,0.61,0.4,0.475,0.515,0.4,0.735,0.54,0.385,5,0.555,0.555,0.54,15,230.65636100000003,4,0
0.33,0.57,0.625,0.7,0.715,0.655,0.715,0.845,0.805,0.655,1,0.535,0.68,0.895,15,268.360771,4,1
0.5,0.72,0.74,0.78,0.74,0.735,0.75,0.905,0.935,0.895,0,0.64,0.64,0.76,15,305.40794500000004,4,1
0.59,0.26,0.385,0.315,0.315,0.075,0.035,0.01,0.0055,0.0055,3,0.255,0.125,0.0055,15,579.057306,4,0
0.55,0.645,0.53,0.56,0.6,0.715,0.38,0.115,0.04,0.265,1,0.61,0.6,0.18,15,303.14137900000003,4,0
0.5,0.12,0.06,0.07,0.055,0.03,0.02,0.005,0.0055,0.0055,1,0.235,0.045,0.0055,15,978.973725,4,0
0.485,0.235,0.115,0.135,0.105,0.045,0.005,0.0405,0.0055,0.0055,0,0.465,0.09,0.0055,15,965.1226999999998,4,0
0.7,0.46,0.415,0.165,0.16,0.17,0.075,0.21,0.035,0.06,1,0.46,0.215,0.005,15,2539.484714,4,0
0.5,0.535,0.72,0.88,0.925,0.98,0.965,0.985,0.9895,0.9945,2,0.475,0.98,0.9945,15,968.262503,4,1
0.46,0.675,0.65,0.595,0.705,0.855,0.88,0.96,0.9945,0.9945,1,0.6,0.75,0.9945,15,649.0627160000001,4,1
0.5,0.445,0.4,0.365,0.45,0.485,0.43,0.25,0.22,0.165,1,0.565,0.44,0.285,15,192.95394000000002,4,0
0.615,0.52,0.565,0.425,0.45,0.62,0.6,0.75,0.775,0.51,6,0.435,0.58,0.46,15,1222.611874,4,0
0.56,0.13,0.155,0.12,0.155,0.19,0.195,0.53,0.41,0.115,3,0.285,0.155,0.41,15,189.83178499999997,4,0
0.435,0.385,0.395,0.44,0.675,0.58,0.7,0.315,0.465,0.56,3,0.455,0.78,0.475,15,931.5817890000001,4,1
0.38,0.515,0.46,0.445,0.31,0.265,0.36,0.145,0.265,0.11,4,0.475,0.21,0.555,15,263.540228,4,0
0.5,0.67,0.69,0.74,0.83,0.965,0.965,0.9945,0.9945,0.9995,0,0.655,0.955,0.9945,15,1141.397775,4,1
0.665,0.31,0.11,0.07,0.04,0.015,0.015,0.0105,0.0055,0.0055,1,0.385,0.015,0.0055,15,1336.70171,4,0
0.5,0.645,0.52,0.59,0.6,0.365,0.165,0.005,0.005,0.0055,1,0.68,0.56,0.0055,15,592.060577,4,0
0.53,0.335,0.49,0.215,0.265,0.36,0.37,0.335,0.155,0.115,1,0.31,0.45,0.1,15,189.314144,4,0
0.55,0.475,0.36,0.45,0.305,0.455,0.44,0.315,0.295,0.165,3,0.475,0.41,0.295,15,169.37406700000003,4,0
0.5,0.415,0.425,0.32,0.245,0.21,0.095,0.035,0.015,0.005,1,0.465,0.255,0.005,15,419.630633,4,0
0.44,0.355,0.335,0.62,0.565,0.8,0.865,0.23,0.355,0.11,2,0.4,0.68,0.36,15,307.44103300000006,4,0
0.5,0.455,0.45,0.445,0.375,0.225,0.43,0.54,0.745,0.805,2,0.615,0.28,0.76,15,530.8209770000001,4,1
0.5,0.48,0.495,0.59,0.765,0.92,0.955,0.98,0.985,0.995,2,0.515,0.81,0.995,15,720.2593439999999,4,1
0.5,0.56,0.6,0.64,0.69,0.445,0.435,0.69,0.6,0.755,2,0.515,0.61,0.62,15,158.114,4,1
0.5,0.485,0.455,0.455,0.325,0.335,0.48,0.905,0.84,0.455,5,0.535,0.345,0.51,15,247.189639,4,0
0.51,0.505,0.735,0.865,0.94,0.965,0.975,0.98,0.98,0.9945,0,0.505,0.955,0.98,15,674.8460849999999,4,1
0.565,0.585,0.7,0.575,0.7,0.69,0.785,0.73,0.755,0.895,0,0.555,0.72,0.75,15,569.279237,4,1
0.5,0.525,0.665,0.435,0.435,0.735,0.76,0.88,0.95,0.98,2,0.525,0.545,0.955,15,273.29895100000005,4,1
0.525,0.66,0.725,0.75,0.64,0.74,0.765,0.96,0.75,0.9,0,0.645,0.685,0.94,15,481.95248,4,1
0.435,0.29,0.315,0.3,0.3,0.32,0.265,0.145,0.22,0.025,0,0.27,0.245,0.135,15,405.33720300000004,4,0
0.475,0.185,0.17,0.495,0.405,0.4,0.09,0.035,0.015,0.0105,0,0.37,0.295,0.015,15,630.7146759999999,4,0
0.48,0.6,0.745,0.915,0.94,0.965,0.96,0.9945,0.9945,0.9945,1,0.45,0.955,0.9945,15,643.6423349999998,4,1
0.555,0.465,0.465,0.555,0.67,0.345,0.095,0.11,0.09,0.015,3,0.515,0.45,0.035,15,231.948342,4,0
0.48,0.445,0.355,0.44,0.45,0.37,0.295,0.325,0.035,0.005,0,0.41,0.325,0.005,15,632.0800369999998,4,0
0.515,0.5,0.65,0.685,0.85,0.52,0.43,0.39,0.345,0.02,5,0.4,0.4,0.14,15,252.117772,4,0
0.465,0.45,0.405,0.63,0.575,0.705,0.605,0.875,0.915,0.97,1,0.49,0.6,0.935,15,212.980733,4,1
0.51,0.465,0.35,0.545,0.325,0.365,0.49,0.85,0.85,0.845,4,0.515,0.27,0.73,15,208.426131,4,1
0.59,0.555,0.685,0.79,0.615,0.775,0.835,0.96,0.955,0.985,0,0.585,0.755,0.98,15,476.90178099999997,4,1
0.5,0.505,0.575,0.765,0.595,0.55,0.71,0.77,0.965,0.995,2,0.445,0.61,0.965,15,558.047789,4,1
0.485,0.5,0.55,0.415,0.36,0.145,0.11,0.115,0.06,0.015,2,0.515,0.16,0.045,15,362.30301299999996,4,0
0.5,0.46,0.365,0.38,0.375,0.27,0.37,0.785,0.86,0.885,2,0.58,0.25,0.86,15,359.096183,4,0
0.59,0.435,0.45,0.39,0.385,0.665,0.55,0.15,0.135,0.005,3,0.495,0.51,0.135,15,142.518625,4,0
0.5,0.49,0.405,0.62,0.615,0.515,0.53,0.54,0.73,0.985,4,0.46,0.63,0.74,15,234.40155700000003,4,1
0.48,0.715,0.775,0.74,0.66,0.585,0.68,0.655,0.94,0.97,3,0.525,0.49,0.94,15,218.04667999999998,4,1
0.445,0.455,0.615,0.62,0.78,0.835,0.795,0.96,0.965,0.985,1,0.37,0.765,0.975,15,553.9177999999999,4,1
0.555,0.58,0.37,0.625,0.57,0.575,0.69,0.615,0.835,0.845,2,0.61,0.615,0.74,15,188.862351,4,1
0.555,0.5,0.51,0.32,0.33,0.5,0.41,0.44,0.385,0.33,5,0.46,0.315,0.395,15,222.87020099999998,4,0
0.6,0.615,0.65,0.72,0.88,0.705,0.715,0.515,0.565,0.005,1,0.515,0.87,0.06,15,995.373303,4,0
0.55,0.125,0.12,0.12,0.12,0.035,0.035,0.015,0.015,0.0055,1,0.22,0.055,0.015,15,812.103579,4,0
0.41,0.495,0.28,0.48,0.54,0.625,0.26,0.04,0.035,0.005,4,0.505,0.55,0.015,15,208.12645600000002,4,0
0.495,0.55,0.52,0.4,0.345,0.34,0.365,0.735,0.53,0.96,3,0.445,0.27,0.61,15,247.492928,4,1
0.45,0.295,0.39,0.265,0.105,0.155,0.19,0.1,0.04,0.015,0,0.385,0.12,0.035,15,176.16698399999999,4,0
0.5,0.715,0.505,0.73,0.735,0.76,0.835,0.93,0.985,0.805,0,0.71,0.74,0.985,15,227.781476,4,1
0.63,0.43,0.385,0.435,0.465,0.45,0.32,0.04,0.035,0.025,1,0.59,0.47,0.025,15,703.905974,4,0
0.515,0.46,0.65,0.665,0.735,0.945,0.945,0.965,0.985,0.9945,2,0.325,0.78,0.985,15,786.7362,4,1
0.565,0.435,0.47,0.535,0.28,0.375,0.33,0.39,0.23,0.005,3,0.54,0.425,0.005,15,258.543102,4,0
0.555,0.57,0.655,0.71,0.77,0.855,0.915,0.655,0.02,0.005,1,0.545,0.8,0.015,15,384.62665300000003,4,0
0.5,0.615,0.385,0.645,0.77,0.65,0.785,0.33,0.385,0.015,3,0.565,0.62,0.155,15,210.798202,4,0
0.585,0.615,0.65,0.58,0.55,0.62,0.68,0.78,0.805,0.26,1,0.575,0.535,0.675,15,198.614124,4,0
0.48,0.67,0.65,0.72,0.71,0.865,0.96,0.965,0.995,0.9945,1,0.6,0.78,0.9945,15,601.6701529999999,4,1
0.515,0.3,0.425,0.685,0.68,0.825,0.825,0.935,0.98,0.995,2,0.51,0.8,0.995,15,211.17816,4,1
0.565,0.54,0.75,0.795,0.76,0.96,0.965,0.95,0.95,0.995,0,0.52,0.95,0.985,15,211.293161,4,1
0.615,0.56,0.57,0.57,0.6,0.735,0.83,0.675,0.76,0.755,0,0.585,0.64,0.965,15,486.938358,4,0
0.535,0.295,0.075,0.08,0.095,0.035,0.035,0.0255,0.0355,0.0055,1,0.535,0.095,0.0355,15,2790.825783,4,0
0.565,0.54,0.535,0.34,0.175,0.32,0.4,0.465,0.515,0.745,2,0.595,0.08,0.65,15,191.587681,4,1
0.54,0.28,0.425,0.36,0.36,0.045,0.045,0.035,0.145,0.025,1,0.28,0.06,0.1,15,852.3212029999997,4,0
0.495,0.5,0.55,0.33,0.31,0.405,0.41,0.26,0.05,0.175,2,0.465,0.4,0.035,15,433.45806699999997,4,0
0.5,0.48,0.76,0.785,0.615,0.83,0.94,0.9,0.95,0.655,2,0.48,0.7,0.94,15,179.991296,4,1
0.565,0.6,0.63,0.69,0.695,0.75,0.865,0.885,0.955,0.9945,0,0.6,0.65,0.9695,15,443.07186299999984,4,1
0.5,0.625,0.475,0.335,0.33,0.28,0.285,0.14,0.04,0.005,1,0.625,0.28,0.005,15,267.314189,4,0
0.46,0.545,0.505,0.45,0.51,0.765,0.925,0.905,0.895,0.985,3,0.38,0.655,0.905,15,340.31115800000003,4,1
0.5,0.525,0.755,0.8,0.8,0.73,0.425,0.375,0.315,0.41,1,0.505,0.845,0.205,15,167.55893700000001,4,0
0.595,0.55,0.605,0.625,0.64,0.935,0.94,0.98,0.985,0.9945,0,0.55,0.825,0.995,15,457.644172,4,1
0.68,0.31,0.265,0.06,0.065,0.045,0.045,0.015,0.015,0.0055,1,0.425,0.045,0.0055,15,1316.3390650000001,4,0
0.685,0.275,0.175,0.345,0.23,0.375,0.34,0.38,0.04,0.455,1,0.545,0.42,0.04,15,206.765,4,1
0.42,0.41,0.225,0.035,0.035,0.075,0.075,0.035,0.025,0.005,0,0.43,0.035,0.005,15,373.097683,4,0
0.5,0.545,0.575,0.46,0.46,0.205,0.345,0.38,0.6,0.03,3,0.555,0.31,0.405,15,247.28775000000002,4,0
0.5,0.555,0.4,0.42,0.305,0.53,0.575,0.865,0.895,0.995,2,0.555,0.27,0.965,15,257.00771299999997,4,1
0.5,0.195,0.455,0.39,0.38,0.125,0.07,0.16,0.25,0.025,1,0.5,0.31,0.18,15,496.227568,4,0
0.63,0.51,0.51,0.46,0.41,0.37,0.37,0.37,0.37,0.365,1,0.51,0.41,0.37,15,0.0,4,1
0.445,0.6,0.605,0.785,0.895,0.965,0.98,0.995,0.9945,0.9995,1,0.525,0.945,0.9945,15,688.16111,4,1
0.56,0.555,0.81,0.55,0.545,0.415,0.33,0.04,0.045,0.0055,1,0.53,0.435,0.035,15,455.7487810000001,4,0
0.535,0.465,0.555,0.545,0.725,0.395,0.37,0.06,0.135,0.005,5,0.425,0.765,0.02,15,167.780015,4,0
0.495,0.345,0.5,0.395,0.46,0.44,0.475,0.165,0.05,0.015,4,0.505,0.31,0.03,15,176.60952799999998,4,0
0.5,0.6,0.62,0.62,0.62,0.62,0.5,0.5,0.5,0.5,0,0.555,0.62,0.5,15,4559.265195,4,1
0.53,0.41,0.245,0.185,0.13,0.025,0.025,0.02,0.02,0.0055,1,0.54,0.025,0.0155,15,612.00045,4,0
0.515,0.485,0.29,0.34,0.455,0.2,0.19,0.11,0.13,0.525,2,0.46,0.3,0.65,15,168.051656,4,0
0.45,0.46,0.43,0.19,0.31,0.085,0.045,0.04,0.045,0.005,0,0.495,0.145,0.045,15,170.394599,4,0
0.425,0.42,0.23,0.215,0.265,0.375,0.325,0.27,0.21,0.025,0,0.485,0.325,0.12,15,283.80433100000005,4,0
0.49,0.65,0.585,0.445,0.345,0.21,0.195,0.105,0.24,0.52,3,0.62,0.18,0.54,15,208.35224000000002,4,1
0.455,0.425,0.27,0.37,0.65,0.835,0.905,0.985,0.985,0.997,3,0.445,0.45,0.99,15,1454.957827,4,1
0.5,0.335,0.46,0.4,0.39,0.105,0.17,0.035,0.035,0.005,1,0.5,0.335,0.025,15,411.13803399999995,4,0
0.5,0.365,0.445,0.755,0.53,0.54,0.73,0.855,0.965,0.9945,4,0.355,0.395,0.9945,15,1187.774493,4,0
0.435,0.495,0.435,0.535,0.695,0.71,0.69,0.835,0.75,0.68,1,0.475,0.68,0.77,15,257.370707,4,1
0.5,0.2,0.075,0.07,0.045,0.04,0.035,0.004,0.0035,0.0005,1,0.465,0.035,0.0035,15,679.655979,4,0
0.43,0.365,0.495,0.665,0.445,0.405,0.44,0.28,0.735,0.365,6,0.44,0.325,0.4,15,270.19153900000003,4,1
0.535,0.535,0.38,0.495,0.51,0.46,0.37,0.59,0.175,0.165,5,0.595,0.67,0.37,15,166.284739,4,0
0.55,0.585,0.66,0.66,0.71,0.625,0.595,0.385,0.465,0.365,1,0.585,0.625,0.465,15,416.226968,4,0
0.435,0.46,0.445,0.44,0.35,0.34,0.41,0.455,0.455,0.075,0,0.46,0.345,0.375,15,139.193307,4,0
0.46,0.54,0.555,0.625,0.745,0.87,0.87,0.935,0.985,0.9945,1,0.485,0.76,0.985,15,432.1688249999999,4,1
0.68,0.58,0.565,0.54,0.46,0.2,0.265,0.335,0.265,0.26,1,0.69,0.35,0.26,15,298.264097,4,0
0.505,0.37,0.3,0.145,0.19,0.095,0.065,0.075,0.035,0.005,1,0.44,0.045,0.005,15,319.75945200000007,4,0
0.7,0.32,0.375,0.39,0.41,0.975,0.975,0.98,0.9945,0.9945,2,0.41,0.975,0.9945,15,389.22214099999997,4,1
0.43,0.68,0.605,0.81,0.935,0.965,0.965,0.97,0.88,0.9945,1,0.52,0.965,0.975,15,639.9533299999999,4,1
0.415,0.335,0.34,0.075,0.055,0.055,0.055,0.015,0.015,0.0055,0,0.325,0.055,0.005,15,706.23587,4,0
0.705,0.385,0.46,0.655,0.61,0.975,0.98,0.98,0.985,0.9945,2,0.42,0.995,0.9795,15,511.43343699999986,4,1
0.5,0.41,0.43,0.295,0.45,0.155,0.355,0.695,0.825,0.76,2,0.455,0.205,0.865,15,302.536044,4,0
0.48,0.68,0.785,0.4,0.495,0.26,0.135,0.17,0.365,0.415,2,0.68,0.335,0.365,15,294.433557,4,1
0.5,0.62,0.545,0.265,0.35,0.09,0.05,0.05,0.08,0.04,1,0.62,0.215,0.165,15,217.11693700000004,4,0
0.46,0.465,0.395,0.765,0.715,0.46,0.39,0.285,0.215,0.02,2,0.44,0.56,0.175,15,190.23730500000002,4,0
0.5,0.635,0.645,0.775,0.795,0.945,0.945,0.955,0.975,0.995,0,0.635,0.915,0.935,15,167.535357,4,1
0.66,0.555,0.655,0.875,0.815,0.595,0.705,0.81,0.965,0.975,0,0.555,0.56,0.85,15,273.191033,4,0
0.485,0.55,0.685,0.955,0.95,0.995,0.995,0.995,0.9945,0.9995,1,0.485,0.975,0.9945,15,619.794324,4,1
0.44,0.69,0.705,0.875,0.885,0.76,0.835,0.985,0.995,0.9945,1,0.545,0.85,0.99,15,1028.7072679999994,4,1
0.595,0.515,0.295,0.39,0.31,0.225,0.175,0.08,0.035,0.015,3,0.535,0.125,0.035,15,264.48604,4,0
0.5,0.565,0.605,0.585,0.535,0.54,0.625,0.93,0.95,0.815,4,0.51,0.445,0.95,15,242.99111499999998,4,0
0.545,0.61,0.695,0.905,0.945,0.965,0.995,0.9945,0.9945,0.9995,0,0.61,0.965,0.9945,15,582.458923,4,1
0.46,0.295,0.23,0.41,0.405,0.25,0.145,0.005,0.005,0.0055,0,0.445,0.37,0.005,15,552.6436980000001,4,0
0.5,0.325,0.285,0.145,0.275,0.3,0.505,0.455,0.585,0.985,4,0.32,0.275,0.615,15,1362.8863299999998,4,1
0.475,0.43,0.57,0.655,0.77,0.83,0.8,0.585,0.4,0.02,2,0.495,0.815,0.43,15,174.69107599999998,4,0
0.525,0.57,0.555,0.305,0.44,0.435,0.615,0.61,0.82,0.86,2,0.515,0.415,0.87,15,147.883575,4,1
0.52,0.495,0.455,0.5,0.44,0.29,0.255,0.43,0.31,0.9,4,0.485,0.335,0.4,15,146.509028,4,1
0.57,0.68,0.635,0.775,0.735,0.965,0.965,0.9845,0.9845,0.9995,0,0.66,0.875,0.995,15,1580.4673369999998,4,1
0.5,0.55,0.42,0.57,0.575,0.39,0.17,0.055,0.035,0.005,3,0.53,0.62,0.015,15,369.352013,4,0
0.5,0.38,0.405,0.325,0.315,0.52,0.745,0.76,0.585,0.175,3,0.43,0.415,0.59,15,201.719694,4,0
0.68,0.645,0.735,0.855,0.85,0.93,0.945,0.945,0.96,0.995,0,0.59,0.81,0.97,15,209.858359,4,1
0.43,0.325,0.475,0.605,0.455,0.885,0.845,0.905,0.805,0.915,3,0.42,0.63,0.955,15,207.652207,4,1
0.5,0.51,0.65,0.82,0.715,0.81,0.8,0.965,0.945,0.89,2,0.39,0.85,0.97,15,469.081853,4,1
0.56,0.4,0.475,0.82,0.785,0.77,0.765,0.855,0.86,0.87,2,0.425,0.765,0.86,15,143.06212299999999,4,1
0.625,0.48,0.405,0.715,0.825,0.96,0.965,0.995,0.9945,0.9995,2,0.555,0.895,0.9945,15,733.399449,4,1
0.5,0.625,0.545,0.585,0.67,0.655,0.795,0.77,0.94,0.995,2,0.625,0.755,0.985,15,238.23506600000002,4,1
0.5,0.68,0.47,0.695,0.69,0.81,0.725,0.965,0.995,0.995,4,0.475,0.775,0.995,15,327.007134,4,1
0.51,0.42,0.44,0.2,0.2,0.1,0.095,0.245,0.1,0.5,2,0.47,0.23,0.205,15,307.643918,4,1
0.475,0.485,0.595,0.475,0.14,0.09,0.165,0.74,0.85,0.985,3,0.45,0.09,0.89,15,462.498777,4,1
0.5,0.385,0.39,0.58,0.63,0.745,0.72,0.825,0.26,0.16,3,0.47,0.505,0.26,15,205.218274,4,0
0.58,0.525,0.565,0.63,0.69,0.82,0.85,0.745,0.965,0.995,0,0.7,0.79,0.965,15,204.163184,4,1
0.57,0.655,0.605,0.385,0.38,0.435,0.5,0.26,0.385,0.9,4,0.675,0.445,0.445,15,177.403932,4,1
0.515,0.135,0.07,0.06,0.06,0.035,0.035,0.075,0.035,0.0055,1,0.475,0.045,0.015,15,556.0824930000001,4,0
0.65,0.76,0.845,0.775,0.84,0.91,0.97,0.985,0.985,0.9945,0,0.615,0.905,0.9945,15,1074.1629639999999,4,1
0.505,0.42,0.47,0.665,0.825,0.77,0.725,0.68,0.72,0.995,2,0.42,0.81,0.955,15,187.850728,4,1
0.45,0.535,0.445,0.29,0.19,0.285,0.17,0.075,0.045,0.225,2,0.49,0.285,0.04,15,551.2719979999999,4,1
