price_t0,price_t1,price_t2,price_t3,price_t4,price_t5,price_t6,price_t7,price_t8,price_t9,crossings_05,price_early,price_mid,price_late,n_snapshots,duration_minutes,volume,coin,label
0.007,0.0055,0.0065,0.004,0.0035,0.0035,0.0015,0.0005,0.0005,0.0005,0,0.0035,0.0035,0.0005,10,44000.54775005,560997.820285001,0,0
0.012,0.016,0.0095,0.0125,0.0105,0.0035,0.0035,0.0025,0.0005,0.0005,0,0.01,0.0075,0.0005,10,44000.46524198333,1064526.3889869992,0,0
0.075,0.085,0.0385,0.0565,0.0395,0.0095,0.0065,0.0035,0.0005,0.0005,0,0.055,0.0115,0.0005,10,44000.629536399996,2300153.806997013,0,0
0.395,0.625,0.515,0.625,0.405,0.155,0.075,0.032,0.0025,0.0005,4,0.415,0.205,0.0005,10,44000.57402636667,5177595.545592992,0,0
0.69,0.645,0.375,0.455,0.375,0.405,0.475,0.675,0.565,0.865,8,0.65,0.415,0.465,10,44000.6965,2088851.8624720026,0,1
0.003,0.0025,0.0015,0.0015,0.0015,0.0015,0.0005,0.0005,0.0005,0.0005,0,0.0025,0.0015,0.0005,10,44000.529883333336,535862.8918290008,0,0
0.0045,0.0035,0.0045,0.0025,0.0035,0.0015,0.0015,0.0005,0.0005,0.0005,0,0.0035,0.0025,0.0005,10,44000.55229696666,845439.3822470108,0,0
0.11,0.075,0.075,0.045,0.045,0.052,0.0185,0.0105,0.0185,0.0005,0,0.105,0.0455,0.003,10,43998.72696666666,3154146.5760450033,0,0
0.031,0.022,0.0205,0.0145,0.0085,0.0095,0.0065,0.0055,0.0025,0.0005,0,0.0225,0.016,0.001,10,43999.45361666667,1397631.3197710023,0,0
0.006,0.0055,0.0065,0.0055,0.004,0.0045,0.0025,0.0015,0.0015,0.0005,0,0.0055,0.0045,0.0005,10,44000.0703,1005524.1044689986,0,0
0.003,0.0025,0.0025,0.0025,0.002,0.0015,0.0015,0.0005,0.0005,0.0005,0,0.0035,0.0025,0.0005,10,43998.49405,1152735.519918001,0,0
0.0075,0.009,0.0075,0.0065,0.0055,0.0035,0.0025,0.0005,0.0005,0.0005,0,0.0055,0.0055,0.0005,10,43998.959668849995,751943.4723920005,0,0
0.0205,0.0385,0.0265,0.0255,0.0135,0.0045,0.0045,0.0025,0.0005,0.0005,0,0.0215,0.0085,0.0005,10,44000.30882355,1856687.601759007,0,0
0.135,0.245,0.175,0.205,0.095,0.0425,0.0145,0.0065,0.0015,0.0005,0,0.175,0.045,0.0005,10,43999.368260083334,3784409.6129529965,0,0
0.815,0.825,0.875,0.855,0.855,,,,,,0,0.815,0.875,0.855,5,44000.243233333335,195621.5035929998,0,1
0.325,0.225,0.165,0.105,0.105,0.205,0.075,0.0465,0.1515,0.003,0,0.325,0.175,0.031,10,43999.933333333334,3928362.4910249854,0,0
0.0045,0.0045,0.0035,0.0035,0.0035,0.0025,0.0025,0.0005,0.0005,0.0005,0,0.0045,0.0025,0.0005,10,44000.20466146667,6699688.910269973,0,0
0.065,0.0445,0.0385,0.0175,0.0185,0.0245,0.0105,0.0085,0.0085,0.0005,0,0.055,0.0245,0.0015,10,44000.341316666665,2408962.5496699964,0,0
0.0115,0.0095,0.0105,0.0085,0.0065,0.0055,0.0035,0.0025,0.0015,0.0005,0,0.009,0.0065,0.0005,10,43999.848666666665,1100267.0865379993,0,0
0.0045,0.0025,0.0045,0.0035,0.0025,0.0025,0.0015,0.0005,0.0005,0.0005,0,0.0035,0.0025,0.0005,10,43999.5653,452922.562287001,0,0
0.0365,0.013,0.008,0.0025,0.0005,,,,,,0,0.0365,0.008,0.0005,5,6354.5722955833335,367711.1178580004,0,0
0.42,0.55,0.405,0.185,0.1,,,,,,2,0.42,0.405,0.1,5,6352.65321215,778356.8717109985,0,0
0.495,0.22,0.175,0.265,0.0295,,,,,,0,0.495,0.175,0.0295,5,5135.3358031,314209.20535100054,0,0
0.19,0.06,0.013,0.0135,0.0015,,,,,,0,0.19,0.013,0.0015,5,6354.308603933333,298682.7631689999,0,0
0.495,0.52,0.715,0.07,0.021,0.0395,0.0395,0.0425,0.034,0.0025,2,0.575,0.451,0.0095,10,45317.33350056667,2608.0441830000004,0,0
0.805,0.82,0.815,0.745,0.81,0.6305,0.335,0.183,0.2995,0.0005,1,0.81,0.77,0.0295,10,45317.566166866665,13403.815436000004,0,0
0.495,0.065,0.07,0.06,0.07,0.305,0.0295,0.0245,0.011,0.0015,0,0.27,0.27,0.005,10,45317.501873366666,1600.4277289999998,0,0
0.52,0.645,0.52,0.4,0.62,0.455,0.535,0.095,0.095,0.0005,7,0.64,0.32,0.0105,10,45317.337738116665,2757.390222,0,0
0.495,0.275,0.13,0.23,0.235,0.285,0.275,0.575,0.62,0.0005,4,0.255,0.27,0.2,10,45317.43187525,5423.443742000001,0,0
0.255,0.035,0.0325,0.0335,0.0455,0.0655,0.25,0.0245,0.017,0.0015,0,0.035,0.253,0.0025,10,45317.535465199995,2656.7897879999996,0,0
0.415,0.175,0.105,0.105,0.027,0.034,0.0135,0.0115,0.0035,0.0005,0,0.415,0.027,0.0005,10,41775.80528333333,2790532.4182680086,0,0
0.155,0.075,0.045,0.045,0.045,0.009,0.0065,0.0055,0.0025,0.0005,0,0.155,0.009,0.0005,10,41772.48518333333,1816507.8097119958,0,0
0.11,0.085,0.037,0.0185,0.0185,0.0075,0.0045,0.0035,0.0015,0.0005,0,0.085,0.0105,0.0005,10,41769.52808333333,2221591.27918301,0,0
0.0115,0.0075,0.0055,0.0055,0.0015,0.0015,0.0015,0.0015,0.0005,0.0005,0,0.0115,0.0015,0.0005,10,41772.06001666666,612380.984403004,0,0
0.0055,0.0045,0.0045,0.0015,0.0015,0.0015,0.0015,0.0005,0.0005,0.0005,0,0.0055,0.0015,0.0005,10,41772.58835506667,8135250.043078935,0,0
0.0065,0.0075,0.0075,0.0075,0.0075,0.0075,0.0035,0.0015,0.0015,0.0005,0,0.0065,0.0075,0.0005,10,41775.52181255,1798147.087361015,0,0
0.0085,0.0135,0.0085,0.0085,0.0135,0.0085,0.0065,0.0025,0.0015,0.0005,0,0.0085,0.0135,0.001,10,41772.06423015,2097313.265037989,0,0
0.0315,0.0295,0.0435,0.0435,0.0435,0.0205,0.0195,0.0095,0.0035,0.0005,0,0.0295,0.0435,0.0005,10,41772.617341083336,3672408.6705220155,0,0
0.045,0.045,0.072,0.072,0.0635,0.0635,0.065,0.0725,0.028,0.0005,0,0.045,0.0635,0.0065,10,41772.18058803333,4603121.743678982,0,0
0.895,0.805,0.445,0.415,0.125,0.115,0.065,0.017,0.0175,0.0005,1,0.815,0.125,0.0035,10,41772.11693333333,6778501.9561170135,0,0
0.047,0.039,0.0175,0.0145,0.011,0.0055,0.0025,0.0025,0.0015,0.0005,0,0.0405,0.0075,0.0005,10,41772.895416666666,2012303.8033260019,0,0
0.006,0.0035,0.0035,0.0035,0.0025,0.0025,0.0015,0.0005,0.0005,0.0005,0,0.006,0.0025,0.0005,10,41772.14606666667,396106.62555000035,0,0
0.0055,0.0045,0.004,0.004,0.0025,0.0025,0.0025,0.0005,0.0005,0.0005,0,0.0055,0.0025,0.0005,10,41775.488689783335,1109263.052255007,0,0
0.007,0.0075,0.0055,0.0045,0.0035,0.0045,0.0025,0.0015,0.0005,0.0005,0,0.0065,0.0025,0.0005,10,41769.63014628333,959785.2800850039,0,0
0.14,0.105,0.175,0.245,0.315,0.385,0.475,0.62,0.305,0.0015,4,0.115,0.325,0.195,10,41772.605566666665,8689741.495558972,0,0
0.0045,0.0035,0.0045,0.0045,0.0025,0.0025,0.0015,0.0005,0.0005,0.0005,0,0.0035,0.0025,0.0005,10,41775.43753333333,1818738.8251680273,0,0
0.0125,0.0105,0.0025,0.0025,0.0025,0.0025,0.0025,0.0015,0.0005,0.0005,0,0.0105,0.0025,0.0005,10,41772.55243333334,944572.6479320035,0,0
0.0045,0.0035,0.0025,0.0025,0.0025,0.0035,0.0015,0.0015,0.0005,0.0005,0,0.0045,0.0025,0.0005,10,41769.35621666667,832571.2954150042,0,0
0.205,0.105,0.085,0.075,0.055,0.0315,0.0365,0.027,0.0145,0.0005,0,0.135,0.045,0.0055,10,13443.405583333333,1086510.295120001,0,0
0.325,0.285,0.125,0.135,0.195,0.115,0.055,0.0125,0.0035,0.0005,0,0.245,0.225,0.0015,10,11944.6810437,890919.9553280033,0,0
0.535,0.585,0.375,0.495,0.435,0.345,0.315,0.375,0.535,0.15,3,0.585,0.345,0.535,10,11945.379461033333,1985844.766080003,0,1
0.5,0.62,0.66,0.59,0.6,0.415,0.04,0.0625,0.1455,0.098,5,0.625,0.415,0.0125,10,59279.177950000005,10661.660279,0,0
0.52,0.7,0.55,0.655,0.525,0.525,0.495,0.545,0.535,0.5,4,0.67,0.525,0.5,10,59279.146199999996,28453.49374000001,0,1
0.205,0.06,0.0385,0.0285,0.0065,0.006,0.025,0.025,0.0245,0.003,0,0.4,0.006,0.0265,10,59279.114133333336,12919.267702000005,0,0
0.315,0.28,0.425,0.115,0.15,0.145,0.02,0.0185,0.0285,0.003,2,0.525,0.145,0.0065,10,59279.14193333333,10277.827399,0,0
0.515,0.26,0.16,0.075,0.075,0.085,0.06,0.06,0.055,0.0205,1,0.495,0.085,0.065,10,59279.17366666666,8315.444208,0,0
0.46,0.47,0.335,0.0195,0.0285,0.025,0.0085,0.008,0.008,0.002,0,0.495,0.025,0.003,10,59421.5545,17131.5804,0,0
0.49,0.5,0.505,0.5,0.475,0.495,0.475,0.515,0.565,0.49,16,0.515,0.425,0.43,10,59421.5027,1199.16524,0,0
0.5,0.5,0.515,0.51,0.51,0.51,0.64,0.505,0.51,0.9995,0,0.5,0.52,0.515,10,59421.55025,609.5,0,1
0.485,0.51,0.055,0.04,0.0395,0.04,0.0395,0.04,0.032,0.0875,2,0.515,0.04,0.4995,10,59421.43421666666,1843.614798,0,0
0.45,0.46,0.415,0.465,0.435,0.425,0.04,0.0495,0.043,0.0115,0,0.48,0.425,0.011,10,59421.56431666667,1036.858907,0,0
0.5,0.585,0.595,0.525,0.525,0.53,0.54,0.54,0.385,0.475,9,0.505,0.53,0.49,10,59421.520383333336,1293.925816,0,0
0.49,0.37,0.29,0.16,0.16,0.095,0.17,0.375,0.35,0.95,3,0.65,0.095,0.35,10,59421.3676,12059.754365999997,0,1
0.45,0.305,0.75,0.81,0.835,0.9715,0.991,0.992,0.996,0.9985,1,0.305,0.915,0.997,10,43609.54362803334,0.0,0,1
0.0045,0.0045,0.0045,0.0045,0.0045,0.0045,0.0025,0.0015,0.0005,0.0005,0,0.0045,0.0045,0.0005,10,44561.4770002,24149352.753224906,0,0
0.0045,0.0055,0.0065,0.0065,0.0065,0.0055,0.0035,0.0025,0.0015,0.0005,0,0.0055,0.0055,0.0015,10,44561.72763868333,3808214.6823159805,0,0
0.0045,0.02,0.008,0.0065,0.0045,0.0065,0.0035,0.0025,0.0005,0.0005,0,0.008,0.0055,0.0005,10,44561.54343763333,2895945.3951980043,0,0
0.009,0.0135,0.0085,0.0105,0.0075,0.0095,0.0055,0.0035,0.0025,0.0015,0,0.011,0.0065,0.0015,10,44561.435010433335,4676220.955781978,0,0
0.0145,0.046,0.0115,0.0145,0.0095,0.0155,0.0055,0.0045,0.0005,0.0005,0,0.0255,0.0205,0.0005,10,44561.611264533334,3735131.697224997,0,0
0.0265,0.0965,0.0335,0.0255,0.0275,0.0375,0.0085,0.0055,0.0015,0.0005,0,0.0545,0.0435,0.0015,10,44561.69142455,5327306.985930001,0,0
0.075,0.215,0.075,0.09,0.085,0.125,0.0205,0.0155,0.0035,0.0005,0,0.125,0.165,0.0005,10,44561.40859228333,4542101.699372993,0,0
0.17,0.465,0.2,0.215,0.245,0.315,0.105,0.075,0.006,0.0005,0,0.275,0.46,0.0025,10,44561.76160851667,8681375.204627028,0,0
0.395,0.535,0.79,0.61,0.385,0.435,0.555,0.685,0.675,0.951,5,0.38,0.385,0.76,10,44561.274362133336,0.0,0,1
0.925,0.5775,0.798,0.6045,0.4945,0.2775,0.4015,0.364,0.3,0.9995,10,0.727,0.352,0.617,10,44561.15496563333,10122349.055545038,0,1
0.465,0.265,0.375,0.27,0.16,0.125,0.175,0.185,0.0355,0.0825,4,0.365,0.215,0.0535,10,44560.98280496666,7334705.631073961,0,0
0.205,0.155,0.195,0.12,0.11,0.0375,0.0785,0.0875,0.014,0.0135,0,0.185,0.045,0.0305,10,44561.2579345,6531627.931738951,0,0
0.13,0.075,0.11,0.06,0.04,0.0195,0.0125,0.0145,0.0115,0.0005,0,0.095,0.0215,0.0025,10,44561.270138466665,4295129.024575023,0,0
0.065,0.0405,0.05,0.0295,0.0145,0.012,0.009,0.0045,0.0025,0.0005,0,0.06,0.0085,0.0015,10,44561.12258143334,2698311.2193970084,0,0
0.026,0.0195,0.019,0.0125,0.0105,0.0065,0.0055,0.004,0.0025,0.0005,0,0.021,0.0095,0.0015,10,44561.225368850006,2089568.5591650035,0,0
0.0165,0.012,0.0105,0.0095,0.0045,0.0035,0.0055,0.0045,0.0015,0.0005,0,0.0135,0.0055,0.0015,10,44561.022028616666,1708798.1973290048,0,0
0.008,0.008,0.0075,0.007,0.0045,0.004,0.004,0.0035,0.0015,0.0005,0,0.011,0.0035,0.0015,10,44561.304197683334,691925.8895280011,0,0
0.006,0.0035,0.0035,0.0025,0.0025,0.0025,0.0025,0.0025,0.0015,0.0005,0,0.0065,0.0025,0.0015,10,44561.30843238333,1314839.9299950132,0,0
0.0045,0.0025,0.0025,0.0025,0.0035,0.0025,0.0025,0.0015,0.0005,0.0005,0,0.005,0.0035,0.0005,10,44561.1894918,3150010.74295498,0,0
0.0115,0.0045,0.0035,0.0025,0.0025,0.0025,0.0025,0.0015,0.0005,0.0005,0,0.0045,0.0025,0.0005,10,41923.71147885,28829221.50917,0,0
0.02,0.0055,0.0045,0.0045,0.0035,0.0025,0.0015,0.0015,0.0005,0.0005,0,0.0075,0.0025,0.0005,10,41923.66871,3328347.515766,0,0
0.019,0.0045,0.0035,0.0045,0.0035,0.0015,0.0015,0.0015,0.001,0.0005,0,0.0065,0.0025,0.0005,10,41923.56536761667,4451426.156936,0,0
0.04,0.09,0.095,0.105,0.09,0.085,0.15,0.195,0.295,0.745,1,0.09,0.085,0.295,10,41923.80438333333,3982230.891942,0,1
0.025,0.0085,0.0065,0.0055,0.0035,0.0025,0.0025,0.0015,0.0005,0.0005,0,0.0105,0.0025,0.0005,10,41923.83334516666,3486531.576153,0,0
0.02,0.044,0.192,0.149,0.1915,0.0755,0.0985,0.04,0.006,0.0005,0,0.0435,0.073,0.003,10,41923.56965,7296072.016791,0,0
0.16,0.34,0.39,0.465,0.415,0.405,0.56,0.55,0.725,0.9995,1,0.16,0.405,0.9995,10,41923.508200000004,3028856.657899,0,1
0.03,0.0145,0.0085,0.0065,0.0045,0.0025,0.0025,0.0015,0.0005,0.0005,0,0.02,0.0035,0.0005,10,41923.499704433336,2620430.95836,0,0
0.02,0.016,0.1035,0.066,0.08,0.0385,0.0385,0.0125,0.0045,0.0005,0,0.0205,0.0305,0.0025,10,41923.7072,5541582.151593,0,0
0.049,0.0235,0.0135,0.0065,0.0055,0.0045,0.0025,0.0015,0.0015,0.0005,0,0.0325,0.0045,0.0005,10,41923.50396556666,3356963.077217,0,0
0.095,0.0475,0.027,0.0115,0.0065,0.0055,0.0045,0.0025,0.0015,0.0005,0,0.0475,0.006,0.0005,10,41923.53830263334,3901725.759705,0,0
0.225,0.105,0.0395,0.0205,0.0085,0.0085,0.0055,0.0045,0.0015,0.0005,0,0.1,0.011,0.0005,10,41923.67716675,3511077.342978,0,0
0.45,0.245,0.0535,0.053,0.0185,0.013,0.0145,0.0055,0.0015,0.0005,0,0.195,0.0205,0.0005,10,41923.76926888333,4835100.51547,0,0
0.01,0.009,0.0315,0.0235,0.0165,0.0085,0.013,0.0035,0.0015,0.0005,0,0.01,0.0115,0.0005,10,41923.77778333333,2957659.741528,0,0
0.825,0.5,0.125,0.125,0.055,0.053,0.023,0.0125,0.0015,0.0005,3,0.43,0.053,0.0035,10,41923.83758623333,7551511.585962,0,0
0.055,0.16,0.17,0.225,0.205,0.19,0.29,0.275,0.375,0.58,1,0.055,0.19,0.58,10,41923.67295,1755832.971776,0,1
0.015,0.0135,0.0815,0.0355,0.0385,0.0135,0.0115,0.0055,0.0055,0.002,0,0.0145,0.027,0.0015,10,41923.59476666667,3710665.651806,0,0
0.006,0.0045,0.0235,0.0165,0.0135,0.0055,0.0085,0.0025,0.0015,0.0005,0,0.01,0.0075,0.0005,10,41923.70285,4546147.260758,0,0
0.635,0.515,0.335,0.395,0.34,0.225,0.185,0.075,0.021,0.0025,3,0.59,0.365,0.0215,10,32424.617516666665,7913769.202511,0,0
0.325,0.245,0.145,0.155,0.12,0.075,0.0445,0.0205,0.0045,0.0015,0,0.28,0.135,0.0065,10,32424.669983333333,4831697.133881,0,0
0.3,0.4,0.395,0.285,0.235,0.23,0.175,0.21,0.095,0.0225,0,0.385,0.225,0.027,10,32424.621766666667,7282065.829222,0,0
0.515,0.625,0.31,0.195,0.21,0.08,0.075,0.0245,0.0035,0.002,1,0.63,0.215,0.0015,10,56480.27520331667,114297.615201,0,0
0.005,0.0035,0.0045,0.0035,0.0045,0.0045,0.0025,0.0015,0.0005,0.0005,0,0.0045,0.0035,0.0005,10,43776.9438299,26660909.268647,0,0
0.009,0.004,0.004,0.0035,0.0025,0.0035,0.0035,0.0015,0.0015,0.0005,0,0.004,0.0025,0.0005,10,43776.81175445,838971.851954,0,0
0.0055,0.008,0.0075,0.01,0.0105,0.0075,0.0035,0.0025,0.0015,0.0005,0,0.0045,0.008,0.0005,10,43777.016719499996,4218206.46442,0,0
0.009,0.0115,0.0105,0.011,0.0145,0.0105,0.0045,0.0025,0.0015,0.0005,0,0.0085,0.0095,0.0005,10,43776.84409885,7080988.613707,0,0
0.014,0.02,0.0125,0.0135,0.026,0.0115,0.0045,0.0035,0.0015,0.0005,0,0.0135,0.0125,0.0005,10,43776.97856806666,4349534.835157,0,0
0.017,0.0405,0.011,0.016,0.0495,0.019,0.0075,0.0035,0.0015,0.0005,0,0.0255,0.028,0.0005,10,43777.008256,3483467.349177,0,0
0.09,0.235,0.125,0.1,0.24,0.15,0.0275,0.0135,0.0065,0.0005,0,0.135,0.16,0.0015,10,43776.9480531,6931678.684053,0,0
0.255,0.46,0.29,0.27,0.61,0.41,0.085,0.032,0.0255,0.0015,6,0.285,0.445,0.0015,10,43777.01248901666,13025594.701676,0,0
0.028,0.09,0.0255,0.031,0.0965,0.0485,0.013,0.0045,0.0025,0.0005,0,0.054,0.056,0.0005,10,43776.86806011666,5848826.617589,0,0
0.0145,0.006,0.005,0.0045,0.0035,0.003,0.004,0.0015,0.002,0.0005,0,0.01,0.0025,0.001,10,43776.872297300004,877562.931595,0,0
0.515,0.565,0.71,0.875,0.75,0.59,0.59,0.595,0.535,0.9995,0,0.58,0.695,0.655,10,43776.84833733333,2243197.978554,0,1
0.0035,0.003,0.0015,0.0015,0.0015,0.0015,0.0015,0.0015,0.0015,0.0005,0,0.0025,0.0015,0.0005,10,43776.9828024,3173872.722179,0,0
0.665,0.4,0.385,0.45,0.17,0.14,0.225,0.305,0.44,0.21,3,0.535,0.125,0.185,10,43776.913296950006,8583813.346589,0,1
0.29,0.175,0.205,0.15,0.065,0.0365,0.1495,0.0615,0.0275,0.076,0,0.245,0.06,0.0855,10,43776.83562803334,6752276.849259,0,1
0.031,0.015,0.0125,0.0095,0.0065,0.004,0.0045,0.003,0.0015,0.0015,0,0.017,0.007,0.0025,10,43776.90906413333,2135347.553775,0,0
0.135,0.055,0.075,0.065,0.0245,0.0145,0.032,0.019,0.008,0.0405,0,0.1,0.0165,0.0255,10,43776.876538866665,5040901.869193,0,0
0.06,0.031,0.0235,0.0195,0.0115,0.0065,0.018,0.0065,0.0025,0.0035,0,0.041,0.0105,0.0065,10,43776.839864,4150722.768299,0,0
0.0205,0.01,0.0095,0.0075,0.006,0.005,0.0045,0.0025,0.0015,0.0005,0,0.013,0.0065,0.001,10,43776.88078203333,1310835.140026,0,0
0.0065,0.0025,0.0015,0.0025,0.0015,0.0015,0.002,0.0015,0.002,0.0005,0,0.0035,0.0015,0.0005,10,43776.8075228,832839.483532,0,0
0.64,0.715,0.635,0.705,0.74,0.795,0.845,0.85,0.89,0.955,0,0.735,0.775,0.96,10,46607.021144649996,49136.29712,0,1
0.065,0.31,0.18,0.18,0.1,0.11,0.24,0.215,0.315,0.305,0,0.31,0.14,0.315,10,43509.536041616666,22453.870169,0,1
0.0135,0.017,0.009,0.0065,0.0045,0.0045,0.004,0.0015,0.0005,0.0005,0,0.0185,0.0055,0.0005,10,43428.63314398333,2803160.409453,0,0
0.028,0.03,0.0135,0.015,0.0095,0.006,0.0045,0.0015,0.0015,0.0005,0,0.0355,0.0075,0.0005,10,43428.62469796666,1216788.813398,0,0
0.125,0.06,0.043,0.044,0.017,0.0095,0.0055,0.004,0.0015,0.0005,0,0.13,0.015,0.0005,10,43428.67565156667,2055404.312372,0,0
0.425,0.145,0.145,0.155,0.04,0.0225,0.009,0.0045,0.0025,0.0005,0,0.475,0.028,0.0005,10,43428.63737308334,2501166.304338,0,0
0.35,0.335,0.33,0.53,0.655,,,,,,1,0.35,0.33,0.655,5,43428.62893333333,641761.056239,0,1
0.08,0.145,0.275,0.265,0.195,0.11,0.115,0.435,0.42,0.72,5,0.085,0.145,0.54,10,43428.590899999996,2661306.010895,0,1
0.025,0.073,0.048,0.0285,0.084,0.134,0.329,0.2965,0.018,0.0005,4,0.026,0.0685,0.0035,10,43428.60868333334,3718522.02029,0,0
0.012,0.0285,0.016,0.0095,0.023,0.03,0.053,0.044,0.004,0.0005,0,0.0085,0.017,0.0005,10,43428.64161666667,1629282.2215,0,0
0.0065,0.0125,0.0065,0.0045,0.0055,0.0115,0.0235,0.0075,0.0015,0.0005,0,0.0075,0.009,0.0005,10,43428.55288333333,1445095.665108,0,0
0.0045,0.0075,0.0055,0.0035,0.0025,0.0025,0.0015,0.0015,0.0005,0.0005,0,0.0095,0.0025,0.0005,10,43428.56553401667,13588620.834388,0,0
0.0265,0.0165,0.011,0.0075,0.0055,0.0055,0.0035,0.0025,0.0015,0.0005,0,0.022,0.007,0.0005,10,43428.60021826667,894084.564908,0,0
0.055,0.0395,0.028,0.024,0.0115,0.009,0.0065,0.0025,0.0015,0.0005,0,0.07,0.014,0.0005,10,43428.604449583334,1745959.571475,0,0
0.235,0.08,0.07,0.0745,0.0295,0.0155,0.0065,0.005,0.0015,0.0005,0,0.26,0.0195,0.0005,10,43428.55708965,1927331.350617,0,0
0.73,0.29,0.32,0.355,0.1,0.0365,0.018,0.0095,0.0055,0.0005,1,0.73,0.085,0.0015,10,43428.58666955,5622333.157332,0,0
0.65,0.64,0.635,0.8,0.87,,,,,,0,0.65,0.635,0.87,5,43428.58244308333,274661.296483,0,1
0.18,0.175,0.36,0.345,0.55,0.445,0.285,0.255,0.42,0.85,3,0.17,0.335,0.545,10,43428.56976666667,2463285.843906,0,1
0.05,0.07,0.085,0.11,0.08,0.055,0.19,0.155,0.275,0.775,1,0.045,0.06,0.315,10,43428.574,3379197.817179,0,1
0.0185,0.048,0.0215,0.0165,0.039,0.0525,0.1155,0.0915,0.0085,0.0005,0,0.013,0.0285,0.0015,10,43428.561316666666,2748161.643897,0,0
0.0095,0.0165,0.009,0.0055,0.01,0.0145,0.0345,0.018,0.0005,0.0005,0,0.008,0.015,0.0005,10,43428.57821666667,1558733.663905,0,0
0.0045,0.0075,0.0065,0.004,0.004,0.0035,0.0035,0.0025,0.0005,0.0005,0,0.0065,0.0045,0.0005,10,44388.34537166667,15617197.1584,0,0
0.14,0.24,0.285,0.11,0.08,0.0375,0.0235,0.013,0.009,0.0005,0,0.21,0.0375,0.0005,10,44388.28339545,3665860.29998,0,0
0.395,0.48,0.525,0.585,0.615,0.755,0.755,0.82,0.83,0.87,1,0.395,0.735,0.87,10,44388.44959795,872195.900748,0,1
0.645,0.77,0.785,0.895,0.88,,,,,,0,0.645,0.785,0.88,5,44388.40028836667,141403.148807,0,1
0.615,0.62,0.525,0.395,0.325,0.295,0.285,0.325,0.315,0.385,1,0.645,0.325,0.365,10,44388.246300349994,374670.462163,0,1
0.485,0.365,0.28,0.22,0.195,0.15,0.15,0.19,0.17,0.22,0,0.375,0.185,0.21,10,44388.11717966667,284233.242335,0,1
0.275,0.175,0.165,0.12,0.115,0.08,0.09,0.085,0.09,0.11,0,0.225,0.075,0.12,10,44388.15175325,409660.017052,0,1
0.075,0.045,0.054,0.2175,0.1665,0.366,0.265,0.082,0.0205,0.0015,2,0.065,0.21,0.0135,10,44388.25055606666,4135952.554834,0,0
0.0155,0.023,0.0205,0.07,0.045,0.071,0.0415,0.0095,0.005,0.002,0,0.0235,0.0415,0.0015,10,44388.147471,1245042.843079,0,0
0.008,0.003,0.0045,0.015,0.0175,0.0135,0.007,0.0025,0.0005,0.0005,0,0.0065,0.012,0.0015,10,44388.27901785001,1084418.337476,0,0
0.025,0.0475,0.0565,0.021,0.017,0.0145,0.0075,0.0035,0.002,0.0005,0,0.044,0.0185,0.0005,10,44388.33307038333,5109930.292462,0,0
0.215,0.5,0.52,0.19,0.18,0.06,0.046,0.0255,0.018,0.0005,4,0.39,0.11,0.0025,10,44388.18398755,5978400.520639,0,0
0.525,0.68,0.755,0.877,0.885,,,,,,0,0.525,0.755,0.885,5,44388.17974378333,247727.268116,0,1
0.63,0.485,0.355,0.275,0.26,0.195,0.315,0.205,0.275,0.9995,2,0.495,0.21,0.28,10,44388.2335768,258874.838231,0,1
0.405,0.265,0.23,0.19,0.15,0.125,0.13,0.135,0.125,0.15,0,0.295,0.155,0.165,10,44388.328719799996,397224.271684,0,1
0.13,0.11,0.095,0.085,0.065,0.065,0.06,0.085,0.075,0.085,0,0.15,0.07,0.095,10,44388.21579785,437539.709839,0,1
0.03,0.027,0.023,0.126,0.091,0.1495,0.1155,0.0235,0.0055,0.0005,0,0.033,0.1795,0.0075,10,44388.418333166665,1418195.197041,0,0
0.0105,0.009,0.011,0.036,0.021,0.0185,0.0135,0.009,0.0025,0.0005,0,0.0105,0.018,0.0015,10,44388.396058716666,1479008.66249,0,0
0.0085,0.0045,0.004,0.0035,0.0035,0.003,0.0015,0.002,0.0015,0.0005,0,0.005,0.0035,0.0005,10,42856.784480333336,5041865.047089,0,0
0.05,0.05,0.0315,0.041,0.0585,0.033,0.0125,0.0045,0.0015,0.0005,0,0.065,0.0325,0.0005,10,42856.28081706667,1105319.586759,0,0
0.18,0.215,0.195,0.22,0.255,0.22,0.085,0.019,0.0075,0.0025,0,0.255,0.225,0.0025,10,42854.76854435,1632401.462382,0,0
0.53,0.615,0.715,0.65,0.615,0.64,0.705,0.715,0.83,0.965,0,0.57,0.62,0.84,10,42856.65173913333,464458.956599,0,1
0.78,0.82,0.865,0.953,0.9605,,,,,,0,0.78,0.865,0.9605,5,42854.62035248333,155020.738308,0,1
0.855,0.71,0.65,0.4,0.225,0.17,0.125,0.185,0.45,0.001,3,0.7,0.215,0.02,10,42855.38005016666,1413192.040093,0,0
0.57,0.465,0.385,0.215,0.09,0.065,0.0395,0.0425,0.055,0.0035,1,0.44,0.1,0.007,10,42855.49474743333,700722.324013,0,0
0.205,0.15,0.12,0.06,0.044,0.031,0.0155,0.0105,0.013,0.003,0,0.145,0.034,0.003,10,42854.30165046667,596907.552893,0,0
0.065,0.05,0.045,0.024,0.019,0.015,0.0045,0.0045,0.0025,0.0045,0,0.045,0.0165,0.0005,10,42854.219886566665,343825.78746,0,0
0.022,0.0135,0.0155,0.0085,0.005,0.005,0.0025,0.0015,0.0015,0.0005,0,0.014,0.006,0.0005,10,42854.471546450004,922363.471383,0,0
0.0155,0.0135,0.0125,0.017,0.014,0.014,0.003,0.0015,0.0015,0.0005,0,0.0135,0.0125,0.0005,10,42856.4665467,2075061.250208,0,0
0.1,0.1,0.065,0.085,0.09,0.08,0.0255,0.0065,0.0045,0.001,0,0.14,0.075,0.0015,10,42855.98278988334,1286608.426954,0,0
0.33,0.415,0.395,0.505,0.59,0.61,0.37,0.085,0.0195,0.006,4,0.465,0.54,0.0085,10,42855.664501750005,2424137.255633,0,0
0.65,0.745,0.835,0.8,0.895,0.765,0.795,0.85,0.89,0.855,0,0.695,0.765,0.81,10,42855.83487713333,279695.999711,0,1
0.705,0.585,0.505,0.29,0.15,0.105,0.075,0.09,0.175,0.0025,3,0.55,0.16,0.009,10,42854.91612251666,970196.724332,0,0
0.41,0.32,0.275,0.13,0.085,0.055,0.02,0.0275,0.016,0.0025,0,0.31,0.08,0.004,10,42853.95318826667,720274.725974,0,0
0.11,0.075,0.065,0.0365,0.0285,0.0245,0.0045,0.0065,0.0025,0.001,0,0.075,0.0205,0.0005,10,42855.245887816665,415661.547091,0,0
0.02,0.0335,0.0275,0.016,0.0145,0.007,0.0035,0.0025,0.0025,0.0025,0,0.0265,0.013,0.0005,10,42855.07963168333,627892.441358,0,0
0.004,0.0025,0.0045,0.0065,0.004,0.0015,0.0015,0.002,0.0005,0.0005,0,0.003,0.005,0.0005,10,43977.43218223333,3099334.463846,0,0
0.0155,0.0205,0.0225,0.027,0.0265,0.016,0.0065,0.0025,0.0015,0.0005,0,0.0195,0.0195,0.001,10,43977.31209943334,2607781.581369,0,0
0.095,0.075,0.075,0.1,0.08,0.018,0.0125,0.009,0.0015,0.0005,0,0.075,0.045,0.0005,10,43977.529659416665,2151999.551754,0,0
0.17,0.16,0.17,0.23,0.175,0.06,0.0265,0.0115,0.0045,0.0015,0,0.18,0.115,0.0005,10,43977.228559183335,1681807.388535,0,0
0.355,0.33,0.385,0.5,0.47,0.195,0.095,0.036,0.014,0.002,4,0.38,0.345,0.0025,10,43977.05875723333,2930965.16536,0,0
0.59,0.535,0.6,0.635,0.58,0.605,0.78,0.75,0.73,0.925,0,0.59,0.575,0.86,10,43975.11853413333,438657.668148,0,1
0.775,0.785,0.715,0.78,0.81,0.845,0.84,0.8,0.83,0.9555,0,0.785,0.81,0.83,10,43975.445900000006,404015.246997,0,1
0.77,0.665,0.57,0.42,0.235,0.25,0.19,0.49,0.125,0.715,6,0.795,0.115,0.195,10,43976.7296,2407006.171424,0,1
0.415,0.295,0.17,0.11,0.065,0.185,0.2,0.27,0.05,0.014,0,0.395,0.095,0.0805,10,43976.5965,2302368.582161,0,0
0.185,0.12,0.085,0.0505,0.057,0.101,0.0815,0.1105,0.017,0.003,0,0.17,0.052,0.012,10,43976.3592,1680233.154675,0,0
0.09,0.055,0.041,0.032,0.0345,0.0445,0.0365,0.03,0.0085,0.001,0,0.075,0.035,0.004,10,43975.33115,815320.314888,0,0
0.0755,0.053,0.026,0.0195,0.0225,0.026,0.0165,0.0155,0.0025,0.0005,0,0.047,0.0265,0.0025,10,43976.03615000001,669912.787911,0,0
0.031,0.028,0.0175,0.011,0.0115,0.013,0.0105,0.004,0.002,0.0005,0,0.027,0.014,0.001,10,43975.612,1007853.498902,0,0
0.795,0.785,0.85,0.945,0.9435,0.9535,0.9655,0.9745,0.992,0.9955,0,0.825,0.952,0.995,10,41641.582683333334,34850.091221,0,1
0.315,0.27,0.27,0.645,0.605,0.665,0.675,0.765,0.865,0.994,1,0.305,0.67,0.845,10,41641.685150000005,315969.02746,0,1
0.19,0.15,0.15,0.425,0.4,0.41,0.365,0.39,0.38,0.042,4,0.155,0.445,0.25,10,41641.58688333333,298173.371586,0,0
0.475,0.46,0.475,0.83,0.805,0.845,0.855,0.925,0.967,0.9975,3,0.48,0.865,0.984,10,41641.59108333333,181932.580728,0,1
0.645,0.63,0.685,0.91,0.895,0.94,0.94,0.973,0.9795,0.996,0,0.665,0.91,0.988,10,41641.521850000005,47850.582956,0,1
0.94,0.94,0.961,0.983,0.99,0.9895,0.9935,0.9955,0.9975,0.998,0,0.95,0.9905,0.9975,10,41641.52605,23044.42817,0,1
0.895,0.885,0.935,0.9715,0.9755,0.978,0.9905,0.9855,0.9945,0.9975,0,0.905,0.9785,0.996,10,41643.28475,20890.379715,0,1
0.505,0.345,0.37,0.095,0.06,0.0445,0.0285,0.0195,0.0065,0.0005,1,0.47,0.055,0.003,10,45307.064066666666,2366320.44463,0,0
0.265,0.165,0.17,0.0345,0.033,0.0235,0.014,0.0105,0.0045,0.0005,0,0.23,0.024,0.002,10,45307.068300000006,1589315.047126,0,0
0.155,0.07,0.08,0.027,0.019,0.013,0.0115,0.0045,0.0015,0.0015,0,0.095,0.0135,0.001,10,45307.16256666667,863046.638507,0,0
0.021,0.0085,0.0085,0.0055,0.0055,0.0045,0.0045,0.0005,0.001,0.0005,0,0.0075,0.0055,0.0005,10,45307.170999999995,1271745.897845,0,0
0.06,0.065,0.057,0.043,0.031,0.0305,0.008,0.0105,0.0055,0.0005,0,0.05,0.0285,0.001,10,29527.555500000002,2052833.269743,0,0
0.0035,0.0035,0.0035,0.008,0.0045,0.0055,0.0015,0.001,0.0005,0.0005,0,0.0035,0.0055,0.0005,10,44026.161166666665,4612360.039851,0,0
0.0395,0.056,0.0655,0.209,0.184,0.2065,0.0925,0.036,0.0125,0.0005,0,0.0865,0.2225,0.0075,10,44018.18101666667,4367871.622898,0,0
0.025,0.0175,0.027,0.0385,0.0255,0.017,0.015,0.0105,0.0035,0.0025,0,0.014,0.016,0.002,10,45307.23406666667,5372746.646437,0,0
0.27,0.255,0.305,0.255,0.28,0.22,0.22,0.625,0.79,0.895,1,0.205,0.25,0.82,10,45307.07253333333,2488473.067375,0,1
0.465,0.41,0.565,0.615,0.525,0.505,0.54,0.525,0.515,0.63,3,0.46,0.51,0.645,10,45307.166783333334,1208534.981738,0,1
0.805,0.75,0.715,0.815,0.8965,,,,,,0,0.805,0.715,0.8965,5,45307.23831666667,622625.811466,0,1
0.021,0.0125,0.0125,0.0195,0.0105,0.0055,0.0035,0.004,0.0005,0.0005,0,0.0145,0.007,0.0005,10,43405.39877486667,3930132.868387,0,0
0.245,0.22,0.16,0.315,0.125,0.115,0.062,0.0405,0.007,0.0015,0,0.25,0.095,0.0025,10,43405.30298376667,4400436.534948,0,0
0.65,0.7,0.725,0.73,0.665,0.615,0.585,0.635,0.675,0.815,2,0.605,0.625,0.68,10,43405.294548950005,686633.718066,0,1
0.74,0.745,0.65,0.595,0.29,0.385,0.51,0.405,0.42,0.605,8,0.725,0.295,0.445,10,43405.203083333334,3251032.726211,0,1
0.445,0.385,0.325,0.14,0.22,0.14,0.085,0.09,0.0175,0.0005,2,0.455,0.23,0.0015,10,43405.19881666666,2978382.45818,0,0
0.04,0.008,0.0075,0.0045,0.006,0.0045,0.0055,0.004,0.0025,0.0005,0,0.0105,0.0045,0.0005,10,43405.29876666667,1297284.69411,0,0
0.415,0.405,0.325,0.605,0.335,0.31,0.165,0.142,0.0335,0.0015,2,0.425,0.25,0.0125,10,43405.403029366666,5337732.561376,0,0
0.22,0.195,0.13,0.055,0.09,0.07,0.032,0.036,0.0035,0.0015,0,0.25,0.09,0.0015,10,43405.318466666664,3294669.639101,0,0
0.003,0.0015,0.0015,0.0005,0.0005,0.0005,0.0005,0.0005,0.0005,0.0005,0,0.0035,0.0015,0.0005,10,43999.85293298333,820541.4952390026,1,0
0.0075,0.006,0.0055,0.0035,0.0035,0.0015,0.0005,0.0005,0.0005,0.0005,0,0.0045,0.0025,0.0005,10,43999.53563946667,252099.07846899968,1,0
0.016,0.018,0.0095,0.0105,0.0055,0.0035,0.0015,0.0005,0.0005,0.0005,0,0.013,0.004,0.0005,10,43999.70585763334,282876.1619409996,1,0
0.075,0.085,0.0335,0.031,0.012,0.006,0.0025,0.0015,0.0005,0.0005,0,0.065,0.006,0.0005,10,43998.022243416664,528124.1021949998,1,0
0.395,0.48,0.31,0.325,0.135,0.0375,0.0215,0.0095,0.0015,0.0005,2,0.415,0.065,0.0005,10,43999.95503428333,1147538.5912930002,1,0
0.785,0.715,0.63,0.62,0.745,0.64,0.58,0.65,0.695,0.9995,0,0.765,0.685,0.895,10,44000.17172118333,284878.70761699986,1,1
0.045,0.036,0.0295,0.02,0.0135,0.032,0.0175,0.0115,0.0145,0.0005,0,0.029,0.022,0.0005,10,44000.10866806667,543298.6862959997,1,0
0.0085,0.0085,0.0065,0.0065,0.0045,0.006,0.0015,0.0015,0.0005,0.0005,0,0.0065,0.0045,0.001,10,43999.25284823334,194408.0865450002,1,0
0.0125,0.0035,0.0035,0.0035,0.0025,0.0015,0.0005,0.0005,0.0005,0.0005,0,0.0035,0.0025,0.0005,10,43999.748288033334,65996.78968500007,1,0
0.005,0.0025,0.0015,0.0005,0.0005,0.0005,0.0005,0.0005,0.0005,0.0015,0,0.0025,0.0005,0.0005,10,44000.006447516666,716905.796333,1,0
0.003,0.0035,0.0045,0.0035,0.0025,0.0015,0.0005,0.0005,0.0005,0.0005,0,0.0035,0.0015,0.0005,10,43998.08579815,249487.97068500007,1,0
0.0075,0.0095,0.0085,0.006,0.0045,0.0015,0.0015,0.0015,0.0005,0.0005,0,0.009,0.0015,0.0005,10,44000.13702431667,259250.55224199983,1,0
0.034,0.0335,0.0165,0.019,0.0085,0.0035,0.0015,0.0015,0.001,0.0005,0,0.028,0.006,0.0005,10,43997.69473813334,257015.5747329996,1,0
0.165,0.215,0.105,0.105,0.045,0.0135,0.007,0.006,0.0005,0.0005,0,0.165,0.0125,0.0005,10,44000.27583026666,531378.4471199994,1,0
0.765,0.795,0.815,0.805,0.825,0.8635,0.8795,0.932,0.888,0.9995,0,0.765,0.825,0.9995,10,44000.04080933333,152413.29518999998,1,1
0.385,0.265,0.285,0.195,0.155,0.375,0.49,0.305,0.415,0.77,3,0.335,0.175,0.215,10,43998.59540748333,783571.7840409977,1,1
0.135,0.075,0.075,0.037,0.039,0.094,0.0425,0.0335,0.057,0.0005,0,0.115,0.071,0.0095,10,44000.01068576667,1052130.1241900013,1,0
0.0165,0.0155,0.0105,0.0105,0.0095,0.013,0.0065,0.0055,0.002,0.0005,0,0.01,0.0095,0.001,10,43998.52708861666,397333.91731300135,1,0
0.007,0.004,0.0045,0.0045,0.0035,0.0025,0.0015,0.0015,0.0005,0.001,0,0.006,0.0035,0.0005,10,43998.692297550006,146700.8831739999,1,0
0.006,0.003,0.002,0.0025,0.0015,0.0005,0.0005,0.0005,0.0005,0.0005,0,0.0035,0.0015,0.0005,10,43999.803733099994,89267.15212799986,1,0
0.43,0.43,0.435,0.425,0.42,0.425,0.42,0.42,0.425,0.455,0,0.43,0.425,0.425,10,45384.23225116667,444.475286,1,1
0.5,0.5,0.51,0.5,0.515,0.5,0.51,0.51,0.51,0.53,0,0.5,0.5,0.51,10,45383.28007546666,270.0,1,1
0.52,0.515,0.495,0.53,0.525,0.535,0.52,0.52,0.52,0.9995,2,0.52,0.535,0.515,10,45384.605667016665,204.06380000000001,1,1
0.255,0.26,0.265,0.26,0.265,0.275,0.065,0.016,0.0295,0.0005,0,0.265,0.265,0.002,10,45384.789156549996,134681.72477099998,1,0
0.495,0.495,0.505,0.495,0.5,0.515,0.51,0.505,0.485,0.525,5,0.495,0.515,0.485,10,45383.305774433335,1418.3890900000001,1,1
0.52,0.52,0.515,0.525,0.515,0.53,0.535,0.525,0.535,0.925,0,0.52,0.53,0.535,10,45384.90470686667,442.208166,1,1
0.505,0.505,0.495,0.5,0.5,0.51,0.515,0.515,0.52,0.9995,6,0.5,0.515,0.52,10,45384.465123183334,472.87039999999996,1,1
0.0045,0.0035,0.0035,0.0035,0.0035,0.0025,0.0015,0.0005,0.0005,0.0005,0,0.0035,0.0035,0.0005,10,41769.5966843,2671225.247107993,1,0
0.0055,0.0045,0.0045,0.0035,0.004,0.0035,0.0025,0.0005,0.0005,0.0005,0,0.0045,0.0035,0.0005,10,41770.15389268333,393832.8288049998,1,0
0.0135,0.0075,0.011,0.0085,0.008,0.008,0.0055,0.0015,0.0015,0.0005,0,0.0095,0.008,0.001,10,41772.02511495,272488.2434340001,1,0
0.16,0.065,0.0465,0.0465,0.014,0.0175,0.0135,0.007,0.0015,0.0005,0,0.16,0.014,0.0015,10,41772.2695559,436193.5866630009,1,0
0.006,0.0035,0.0025,0.0025,0.0025,0.003,0.0015,0.0005,0.0005,0.0005,0,0.0035,0.0035,0.0005,10,41769.67946955,42188.90471799999,1,0
0.0045,0.0025,0.0025,0.0025,0.0025,0.002,0.0015,0.0005,0.0005,0.0005,0,0.0025,0.0025,0.0005,10,41769.45968743333,87953.2054299999,1,0
0.037,0.039,0.0395,0.0395,0.0205,0.0205,0.0195,0.0085,0.0015,0.0005,0,0.039,0.0205,0.0015,10,41770.062428766665,649831.7101109996,1,0
0.145,0.215,0.345,0.345,0.505,0.275,0.33,0.075,0.022,0.0005,2,0.145,0.505,0.0095,10,41772.48093665,727899.7196729991,1,0
0.08,0.057,0.064,0.07,0.107,0.1035,0.0645,0.0225,0.0035,0.0005,0,0.0455,0.1125,0.0015,10,41772.18482923333,865115.4723359976,1,0
0.055,0.0245,0.0175,0.0175,0.0075,0.0075,0.0055,0.0035,0.0015,0.0005,0,0.055,0.0075,0.0005,10,41770.18501855,252097.10226899976,1,0
0.0135,0.0105,0.0085,0.0085,0.0085,0.0025,0.003,0.002,0.0015,0.0005,0,0.0135,0.0025,0.001,10,41770.28842733333,157522.3223410002,1,0
0.0025,0.0025,0.0025,0.0025,0.0025,0.0015,0.0015,0.0005,0.0005,0.0005,0,0.0025,0.0015,0.0005,10,41769.63950613334,842782.4006620012,1,0
0.0055,0.0045,0.0045,0.0045,0.0045,0.0045,0.0025,0.0005,0.0005,0.0005,0,0.0055,0.0045,0.0005,10,41772.65743003333,265960.8327149997,1,0
0.0205,0.018,0.0245,0.0245,0.011,0.011,0.0095,0.007,0.0015,0.0005,0,0.018,0.011,0.001,10,41770.06665068333,466084.26274800074,1,0
0.497,0.571,0.571,0.144,0.144,0.144,0.0975,0.029,0.0245,0.0005,2,0.571,0.144,0.0085,10,41769.963912,829476.1781900008,1,0
0.435,0.165,0.185,0.031,0.031,0.0465,0.026,0.0135,0.0055,0.0005,0,0.435,0.031,0.0005,10,41772.995071666664,845064.3815680012,1,0
0.011,0.0075,0.0055,0.0055,0.004,0.0035,0.0025,0.0025,0.0005,0.0005,0,0.0075,0.004,0.0005,10,41769.59245253333,151875.89422399993,1,0
0.0355,0.0185,0.0165,0.0165,0.0165,0.0025,0.0025,0.0025,0.0015,0.0005,0,0.0355,0.0025,0.0005,10,41772.913290200006,404076.09291900013,1,0
0.007,0.0025,0.0035,0.0025,0.0025,0.0025,0.003,0.0025,0.0025,0.0015,0,0.0035,0.0025,0.0015,10,44561.64052645,6377509.958963935,1,0
0.009,0.0035,0.0045,0.005,0.0045,0.0045,0.0035,0.0025,0.0015,0.0015,0,0.0055,0.0045,0.0015,10,44561.4434784,1367386.8423930048,1,0
0.0095,0.009,0.0065,0.0065,0.0055,0.0065,0.0045,0.0025,0.002,0.0015,0,0.0085,0.005,0.0015,10,44560.98707461667,1009666.5941270018,1,0
0.023,0.0245,0.008,0.0065,0.0065,0.011,0.0035,0.004,0.0015,0.0005,0,0.013,0.0075,0.0005,10,44561.07410065,817025.572616003,1,0
0.0275,0.0275,0.009,0.0085,0.009,0.016,0.0045,0.0035,0.0015,0.0005,0,0.024,0.039,0.0005,10,44561.40435433333,997433.0805379985,1,0
0.028,0.034,0.029,0.02,0.0325,0.073,0.018,0.0065,0.006,0.0015,0,0.039,0.0225,0.003,10,44561.43924394999,816952.3835970026,1,0
0.085,0.12,0.06,0.055,0.06,0.11,0.0205,0.0125,0.0035,0.0005,0,0.09,0.19,0.0015,10,44561.69565361667,900932.7434510019,1,0
0.14,0.205,0.125,0.15,0.165,0.455,0.13,0.0395,0.0495,0.0055,0,0.17,0.155,0.0095,10,44561.34107451666,1198077.5574870002,1,0
0.31,0.485,0.25,0.255,0.335,0.65,0.205,0.235,0.0205,0.0015,4,0.375,0.875,0.013,10,44561.472764466664,1692479.3768349977,1,0
0.58,0.635,0.54,0.785,0.49,0.48,0.505,0.575,0.62,0.785,6,0.465,0.51,0.785,10,44561.26590295,0.0,1,1
0.625,0.45,0.555,0.385,0.275,0.075,0.145,0.205,0.0335,0.1095,3,0.54,0.255,0.1105,10,44561.607047833335,2154591.1516770064,1,0
0.32,0.185,0.315,0.175,0.105,0.027,0.063,0.0155,0.021,0.0005,0,0.25,0.0365,0.0015,10,44561.08927871667,1081007.3123839991,1,0
0.12,0.125,0.145,0.075,0.055,0.017,0.036,0.0205,0.0075,0.0035,0,0.14,0.0555,0.007,10,44561.77875855,782579.4612249988,1,0
0.085,0.06,0.065,0.0325,0.029,0.006,0.006,0.0045,0.0025,0.0005,0,0.065,0.01,0.0015,10,44561.576550733334,790591.9807660003,1,0
0.026,0.0165,0.02,0.0135,0.0125,0.0045,0.0035,0.0045,0.0015,0.0005,0,0.032,0.01,0.0015,10,44561.64474435,505587.6792230005,1,0
0.015,0.0085,0.0075,0.008,0.0055,0.0045,0.0045,0.0035,0.0015,0.0005,0,0.007,0.0045,0.0015,10,44561.39081208334,379114.5958360001,1,0
0.0155,0.0045,0.0045,0.0035,0.0035,0.004,0.0025,0.0025,0.0015,0.0005,0,0.007,0.004,0.0015,10,44561.572312816665,292860.503308,1,0
0.0055,0.0025,0.0015,0.0015,0.0015,0.002,0.0025,0.0025,0.0015,0.0005,0,0.0035,0.002,0.0015,10,44561.38660111666,701965.2972640035,1,0
0.0055,0.0025,0.0025,0.0025,0.0025,0.0025,0.0025,0.0025,0.0015,0.0005,0,0.0025,0.0025,0.0005,10,44561.382376066664,3349559.719144979,1,0
0.012,0.0025,0.0025,0.0025,0.0015,0.0015,0.0015,0.0015,0.0015,0.0005,0,0.0045,0.0025,0.0005,10,41923.876433666665,7971673.119105,1,0
0.095,0.23,0.275,0.48,0.505,0.485,0.585,0.525,0.695,0.865,3,0.095,0.395,0.865,10,41923.54259316667,746838.01884,1,1
0.02,0.0075,0.0025,0.0025,0.0025,0.0025,0.0015,0.0015,0.0015,0.0005,0,0.0085,0.0025,0.0005,10,41923.80860435,8802970.895394,1,0
0.06,0.0225,0.012,0.013,0.0105,0.006,0.0025,0.0025,0.0015,0.0005,0,0.027,0.0095,0.0005,10,41923.603215116666,857239.952377,1,0
0.011,0.016,0.0475,0.0335,0.042,0.0185,0.0125,0.0085,0.0025,0.0005,0,0.025,0.021,0.002,10,41923.841849,1573364.626307,1,0
0.025,0.0055,0.0055,0.0045,0.0045,0.0025,0.0015,0.0015,0.0015,0.0005,0,0.011,0.0035,0.0005,10,41923.4725578,1919956.924529,1,0
0.03,0.0105,0.0065,0.0065,0.0045,0.0035,0.0015,0.0015,0.0015,0.0005,0,0.0135,0.003,0.0005,10,41923.641560849996,1201392.35047,1,0
0.008,0.0025,0.0285,0.0145,0.0085,0.0025,0.009,0.006,0.003,0.0005,0,0.008,0.0045,0.0015,10,41923.73916115,1018551.75916,1,0
0.037,0.0185,0.01,0.0075,0.0055,0.0045,0.0025,0.0025,0.002,0.0005,0,0.0165,0.0055,0.0005,10,41923.73482798333,1292877.382132,1,0
0.055,0.105,0.14,0.215,0.2,0.26,0.315,0.415,0.51,0.94,1,0.105,0.26,0.51,10,41923.598986933335,532855.51672,1,1
0.025,0.0615,0.1345,0.103,0.111,0.0605,0.0445,0.015,0.004,0.0005,0,0.066,0.051,0.0025,10,41923.63730738333,1310089.988166,1,0
0.095,0.0345,0.018,0.0225,0.012,0.006,0.0035,0.004,0.002,0.0005,0,0.0425,0.012,0.0005,10,41923.5340223,836394.865335,1,0
0.195,0.06,0.031,0.0275,0.016,0.007,0.0055,0.0055,0.002,0.0005,0,0.06,0.0105,0.0005,10,41923.52976576667,732958.964815,1,0
0.39,0.115,0.0475,0.054,0.022,0.017,0.0115,0.009,0.0025,0.0005,0,0.1,0.022,0.002,10,41923.57389975,1120631.990783,1,0
0.7,0.25,0.1,0.12,0.0365,0.0265,0.017,0.008,0.0035,0.0005,1,0.24,0.0565,0.0015,10,41923.8001477,2314652.998329,1,0
0.025,0.1225,0.2375,0.2255,0.231,0.1905,0.14,0.061,0.02,0.0005,2,0.139,0.1195,0.016,10,41923.773509399995,2171737.798776,1,0
0.0095,0.008,0.037,0.0205,0.0145,0.0095,0.0115,0.008,0.005,0.0005,0,0.0145,0.01,0.0005,10,41923.4640697,959685.250166,1,0
0.0025,0.0025,0.0035,0.0025,0.003,0.002,0.0015,0.0015,0.0005,0.0005,0,0.0025,0.0025,0.0005,10,43761.322827200005,13219840.034141,1,0
0.015,0.0025,0.0025,0.0025,0.0015,0.0015,0.0015,0.0015,0.0015,0.0005,0,0.0025,0.0015,0.0005,10,43761.13656561667,1459419.581169,1,0
0.0165,0.0115,0.0115,0.0125,0.0145,0.011,0.005,0.003,0.0015,0.0005,0,0.0105,0.0115,0.0005,10,43761.29070285,3601546.674668,1,0
0.027,0.0255,0.021,0.0155,0.018,0.0145,0.007,0.003,0.0015,0.0005,0,0.0235,0.0145,0.0005,10,43761.28647843333,949663.092673,1,0
0.045,0.0475,0.034,0.023,0.038,0.0165,0.006,0.004,0.002,0.0005,0,0.0375,0.02,0.0005,10,43761.2644563,814342.748508,1,0
0.065,0.105,0.065,0.0515,0.0975,0.0545,0.011,0.0055,0.002,0.0005,0,0.095,0.061,0.0005,10,43761.21752508333,934550.413649,1,0
0.115,0.195,0.13,0.09,0.2,0.14,0.016,0.0085,0.0035,0.0005,0,0.15,0.13,0.0015,10,43761.26868861667,1149779.390737,1,0
0.2,0.39,0.27,0.21,0.455,0.345,0.033,0.019,0.017,0.0005,2,0.295,0.335,0.0015,10,43761.10776021667,1837692.481452,1,0
0.38,0.505,0.57,0.69,0.67,0.485,0.425,0.43,0.405,0.71,3,0.47,0.57,0.815,10,43761.2729271,792714.731676,1,1
0.04,0.0135,0.0155,0.0105,0.009,0.0055,0.011,0.008,0.0025,0.006,0,0.0205,0.0075,0.0035,10,43761.18638111666,1341484.889251,1,0
0.67,0.885,0.835,0.905,0.91,,,,,,0,0.67,0.835,0.91,5,43761.1408045,180604.43248,1,1
0.095,0.0265,0.029,0.0255,0.0115,0.008,0.0195,0.0115,0.006,0.0195,0,0.045,0.0105,0.005,10,43761.221751683326,1213247.559474,1,0
0.655,0.425,0.25,0.41,0.35,0.13,0.115,0.265,0.47,0.475,3,0.455,0.165,0.41,10,43761.209074783335,1538547.263182,1,1
0.355,0.185,0.21,0.155,0.055,0.045,0.207,0.1225,0.025,0.498,0,0.26,0.055,0.0695,10,43761.132340883334,1995312.893614,1,1
0.175,0.075,0.08,0.07,0.026,0.018,0.0745,0.0315,0.0105,0.0175,0,0.11,0.0215,0.008,10,43761.16676403333,1703286.207254,1,1
0.011,0.0035,0.0035,0.0025,0.0025,0.0025,0.0025,0.002,0.002,0.0005,0,0.004,0.0025,0.0005,10,43761.1906077,241376.847198,1,0
0.0285,0.0085,0.0085,0.008,0.007,0.005,0.0065,0.0025,0.0015,0.0025,0,0.0085,0.006,0.0015,10,43761.21329456666,673284.875026,1,0
0.007,0.006,0.005,0.0045,0.005,0.0045,0.0025,0.003,0.0025,0.001,0,0.004,0.0045,0.0005,10,43761.175218983335,453363.497159,1,0
0.015,0.003,0.003,0.003,0.0025,0.003,0.002,0.002,0.0015,0.0005,0,0.0035,0.0025,0.0005,10,43761.1709867,283455.004514,1,0
0.045,0.03,0.0235,0.0185,0.011,0.003,0.0025,0.003,0.0035,0.0005,0,0.0365,0.0065,0.0015,10,42305.939503383335,223929.009852,1,0
0.055,0.04,0.0325,0.0395,0.015,0.008,0.005,0.0055,0.0025,0.001,0,0.065,0.0105,0.002,10,42305.89453521666,204072.224677,1,0
0.24,0.22,0.165,0.08,0.15,0.21,0.0425,0.021,0.008,0.0005,0,0.14,0.13,0.0025,10,42305.87388031666,503206.397565,1,0
0.06,0.075,0.07,0.07,0.0175,0.009,0.0065,0.0045,0.0015,0.0005,0,0.1,0.016,0.0005,10,42305.94800513333,231780.868907,1,0
0.435,0.7,0.69,0.61,0.49,0.485,0.505,0.585,0.56,0.846,3,0.515,0.485,0.8775,10,42305.83630444999,282981.872346,1,1
0.13,0.13,0.08,0.047,0.0595,0.089,0.0185,0.0105,0.007,0.001,0,0.07,0.0585,0.0025,10,42305.90829315,368039.624177,1,0
0.085,0.105,0.12,0.135,0.034,0.0125,0.016,0.006,0.0035,0.0005,0,0.17,0.0205,0.0015,10,42305.87811391666,453818.409614,1,0
0.15,0.15,0.205,0.25,0.06,0.031,0.0385,0.006,0.003,0.001,0,0.275,0.045,0.0025,10,42305.8447752,281930.116593,1,0
0.255,0.295,0.38,0.465,0.125,0.065,0.095,0.0155,0.0045,0.001,2,0.45,0.1,0.0015,10,42305.86964906667,547319.010875,1,0
0.44,0.39,0.26,0.14,0.325,0.465,0.145,0.105,0.017,0.001,0,0.275,0.305,0.0075,10,42305.90322735,730563.471409,1,0
0.075,0.068,0.032,0.0205,0.0375,0.0325,0.0095,0.003,0.0025,0.001,0,0.038,0.027,0.0015,10,42305.9125313,290188.395984,1,0
0.05,0.031,0.025,0.0135,0.017,0.0135,0.002,0.0015,0.0035,0.001,0,0.0275,0.009,0.002,10,42305.84053865,218643.530331,1,0
0.025,0.013,0.0115,0.0095,0.0085,0.0065,0.0035,0.0025,0.0015,0.0005,0,0.0175,0.0075,0.0015,10,42305.89877388333,88164.133234,1,0
0.009,0.007,0.0045,0.003,0.0035,0.004,0.0025,0.0015,0.0015,0.0005,0,0.0085,0.0045,0.0005,10,43428.351787750005,2751246.643147,1,0
0.055,0.0235,0.0155,0.0185,0.0085,0.005,0.0045,0.0015,0.0015,0.0005,0,0.045,0.008,0.0005,10,43428.34334383333,690236.775185,1,0
0.135,0.033,0.04,0.045,0.0135,0.0085,0.0045,0.0015,0.0015,0.0005,0,0.125,0.0175,0.0005,10,43428.347558383335,1201286.316999,1,0
0.35,0.07,0.09,0.1,0.0305,0.0145,0.01,0.0025,0.0025,0.0005,0,0.34,0.0285,0.0005,10,43428.32127851667,468954.750346,1,0
0.66,0.18,0.215,0.3,0.075,0.0395,0.014,0.0065,0.0045,0.0005,1,0.7,0.08,0.0005,10,43428.308593166665,951672.670288,1,0
0.45,0.43,0.41,0.72,0.83,,,,,,1,0.45,0.41,0.83,5,43428.3255015,986874.708211,1,1
0.165,0.245,0.6,0.555,0.44,0.265,0.425,0.62,0.705,0.615,5,0.15,0.44,0.67,10,43428.36022741666,1870700.1654,1,1
0.05,0.235,0.13,0.095,0.23,0.275,0.485,0.435,0.0215,0.002,2,0.055,0.17,0.0055,10,43428.356009016665,2020320.28905,1,0
0.0185,0.0555,0.0385,0.021,0.051,0.0635,0.091,0.0365,0.0085,0.0005,0,0.0185,0.0455,0.0015,10,43428.31282186667,1509640.201087,1,0
0.033,0.0225,0.015,0.0105,0.0055,0.006,0.0045,0.0015,0.001,0.0005,0,0.0285,0.0065,0.0005,10,43428.33395155,1988289.45997,1,0
0.095,0.023,0.0205,0.035,0.0115,0.008,0.0065,0.0015,0.0015,0.0005,0,0.07,0.0125,0.0005,10,43428.3644843,1136472.110757,1,0
0.215,0.05,0.0515,0.0715,0.0205,0.0125,0.008,0.0025,0.002,0.0005,0,0.195,0.019,0.0005,10,43428.290721100006,987553.155215,1,0
0.515,0.115,0.145,0.15,0.05,0.021,0.015,0.0035,0.003,0.0005,3,0.505,0.055,0.0005,10,43428.28224205,703488.350434,1,0
0.89,0.275,0.37,0.445,0.125,0.07,0.0245,0.011,0.005,0.0005,3,0.9,0.13,0.0015,10,43428.3297233,3006436.190118,1,0
0.67,0.67,0.655,0.62,0.855,,,,,,0,0.67,0.655,0.855,5,43428.25049985,132606.340173,1,1
0.305,0.26,0.385,0.48,0.9995,,,,,,1,0.305,0.385,0.9995,5,43428.286490583334,189477.662316,1,1
0.09,0.135,0.345,0.235,0.145,0.245,0.39,0.39,0.46,0.49,4,0.09,0.165,0.4,10,43428.27801946667,1644548.891776,1,1
0.03,0.14,0.077,0.0425,0.1135,0.143,0.215,0.1365,0.0095,0.0005,0,0.0295,0.0665,0.003,10,43428.29919418333,1736973.384508,1,0
0.015,0.031,0.023,0.0075,0.0305,0.0325,0.0475,0.0155,0.0045,0.0005,0,0.012,0.0255,0.0015,10,43428.246270749994,1073515.072696,1,0
0.0105,0.007,0.014,0.01,0.0055,0.0045,0.005,0.0005,0.001,0.0005,0,0.012,0.0055,0.001,10,44377.0510536,3900458.869197,1,0
0.065,0.07,0.075,0.025,0.032,0.011,0.006,0.0015,0.0005,0.0005,0,0.075,0.012,0.001,10,44377.08902603333,2031198.060199,1,0
0.1,0.15,0.13,0.05,0.0635,0.016,0.011,0.0035,0.0015,0.0005,0,0.155,0.0235,0.001,10,44376.87080976667,998599.889847,1,0
0.165,0.205,0.215,0.045,0.115,0.027,0.02,0.01,0.0035,0.0005,0,0.23,0.045,0.001,10,44377.084786750005,2256173.955143,1,0
0.255,0.29,0.295,0.09,0.17,0.0405,0.032,0.0135,0.0045,0.0005,0,0.345,0.11,0.001,10,44376.93174966667,1356233.576557,1,0
0.36,0.44,0.42,0.13,0.275,0.08,0.045,0.042,0.018,0.0005,4,0.47,0.19,0.003,10,44376.80254325,4662515.126834,1,0
0.51,0.65,0.655,0.18,0.35,0.13,0.095,0.045,0.034,0.0005,1,0.67,0.175,0.0035,10,44376.835982783334,4087360.807277,1,0
0.69,0.765,0.865,0.9015,0.8705,,,,,,0,0.69,0.865,0.8705,5,44376.88940461667,279825.673469,1,1
0.64,0.555,0.445,0.405,0.36,0.345,0.235,0.385,0.495,0.51,2,0.605,0.38,0.51,10,44377.006092899996,871741.391018,1,1
0.43,0.345,0.29,0.255,0.205,0.195,0.135,0.205,0.285,0.305,0,0.41,0.225,0.28,10,44376.89896223333,438426.217893,1,1
0.26,0.165,0.145,0.13,0.11,0.095,0.055,0.13,0.15,0.155,0,0.245,0.115,0.155,10,44376.89363006667,1785144.835884,1,1
0.16,0.085,0.064,0.3685,0.1795,0.302,0.2265,0.107,0.0135,0.0025,0,0.095,0.3365,0.011,10,44376.86638483334,1610099.421802,1,0
0.1,0.0375,0.0295,0.239,0.112,0.1685,0.1055,0.048,0.0055,0.0005,0,0.055,0.1265,0.003,10,44376.96759196666,687999.631474,1,0
0.055,0.023,0.031,0.118,0.062,0.088,0.053,0.0235,0.005,0.0005,0,0.0275,0.0705,0.0035,10,44376.972778899995,721641.579034,1,0
0.0265,0.0135,0.0185,0.061,0.0355,0.0465,0.03,0.0145,0.002,0.0005,0,0.019,0.033,0.002,10,44377.0553989,460953.379487,1,0
0.019,0.006,0.0085,0.0425,0.029,0.032,0.022,0.003,0.0005,0.0005,0,0.0095,0.026,0.001,10,44376.936511516666,591717.693739,1,0
0.012,0.0025,0.0055,0.014,0.011,0.0125,0.0075,0.0025,0.001,0.0005,0,0.0055,0.0125,0.0015,10,44376.90318485,757755.125366,1,0
0.0105,0.01,0.007,0.0125,0.0085,0.0045,0.0025,0.0025,0.0015,0.0005,0,0.0145,0.009,0.0005,10,42838.03249545,1094699.433131,1,0
0.195,0.14,0.125,0.105,0.115,0.075,0.014,0.0035,0.002,0.001,0,0.15,0.07,0.0005,10,42837.26087228333,511831.933266,1,0
0.385,0.27,0.225,0.25,0.335,0.24,0.055,0.0105,0.0045,0.001,0,0.32,0.23,0.0005,10,42837.163067116664,436411.01855,1,0
0.635,0.535,0.5,0.56,0.775,0.66,0.395,0.0485,0.0125,0.003,7,0.575,0.59,0.003,10,42835.77301153333,1360569.332279,1,0
0.905,0.86,0.936,0.8025,0.804,0.802,0.7905,0.821,0.8015,0.9345,0,0.825,0.757,0.9045,10,42836.02655465,444825.671952,1,1
0.8,0.745,0.865,0.855,0.83,0.38,0.415,0.555,0.42,0.465,3,0.85,0.665,0.435,10,42838.1984371,446730.604381,1,1
0.43,0.5,0.445,0.28,0.095,0.08,0.06,0.19,0.315,0.0025,8,0.51,0.16,0.0155,10,42838.47020988333,1494048.735591,1,0
0.185,0.195,0.165,0.065,0.0425,0.0415,0.0175,0.0275,0.013,0.002,0,0.21,0.038,0.0035,10,42836.56562186666,521039.153743,1,0
0.065,0.065,0.055,0.027,0.0095,0.0115,0.0055,0.006,0.007,0.0015,0,0.07,0.014,0.001,10,42836.366100516665,159351.017275,1,0
0.011,0.0155,0.014,0.01,0.008,0.0035,0.0025,0.0035,0.003,0.0005,0,0.015,0.006,0.0005,10,42836.227501366666,130144.011228,1,0
0.1,0.065,0.055,0.055,0.06,0.036,0.0125,0.002,0.002,0.0005,0,0.07,0.045,0.0015,10,42837.42454075,900554.484821,1,0
0.28,0.185,0.145,0.15,0.19,0.13,0.0245,0.006,0.002,0.0005,0,0.215,0.105,0.0015,10,42837.76083028333,342907.96807,1,0
0.505,0.37,0.345,0.365,0.49,0.395,0.16,0.0165,0.005,0.001,5,0.425,0.35,0.0025,10,42836.96458211667,940331.349191,1,0
0.815,0.775,0.86,0.72,0.69,0.695,0.675,0.675,0.785,0.905,0,0.745,0.67,0.82,10,42835.93977453333,164349.020896,1,1
0.6,0.565,0.67,0.56,0.435,0.215,0.31,0.235,0.585,0.575,2,0.66,0.225,0.615,10,42838.33658165,680432.370675,1,1
0.31,0.335,0.285,0.165,0.065,0.055,0.028,0.068,0.0625,0.003,0,0.34,0.07,0.007,10,42837.863736800005,615395.907386,1,0
0.095,0.125,0.095,0.055,0.023,0.0245,0.013,0.011,0.011,0.002,0,0.14,0.0275,0.003,10,42836.67048663333,181442.993035,1,0
0.045,0.039,0.0325,0.0165,0.0105,0.0105,0.0045,0.004,0.0035,0.001,0,0.0455,0.0095,0.001,10,42836.128061033334,187913.249885,1,0
0.01,0.003,0.004,0.0055,0.0025,0.002,0.002,0.0025,0.002,0.001,0,0.005,0.0025,0.0015,10,42837.594219716666,228795.069457,1,0
0.125,0.105,0.12,0.145,0.12,0.265,0.365,0.585,0.48,0.58,3,0.125,0.2,0.53,10,43974.521883333335,1330271.200681,1,1
0.185,0.15,0.195,0.255,0.21,0.425,0.545,0.82,0.745,0.845,1,0.195,0.245,0.79,10,43974.254733333335,743482.832936,1,1
0.3,0.22,0.27,0.29,0.44,0.33,0.33,0.54,0.61,0.755,1,0.31,0.385,0.63,10,43974.40413333334,439203.804998,1,1
0.445,0.445,0.445,0.435,0.655,0.585,0.525,0.59,0.875,0.88,1,0.445,0.585,0.875,10,43974.085100000004,342338.855008,1,1
0.555,0.54,0.55,0.545,0.59,0.73,0.655,0.66,0.9,0.9995,2,0.54,0.795,0.9,10,43973.88026666667,124537.481821,1,1
0.655,0.65,0.535,0.64,0.685,0.9,0.83,0.765,0.85,0.9995,0,0.65,0.9,0.85,10,43972.5649,211181.890459,1,1
0.775,0.54,0.26,0.11,0.0425,0.0705,0.0425,0.0075,0.0045,0.0005,1,0.75,0.048,0.0015,10,43973.51048333334,1523020.874472,1,0
0.645,0.43,0.195,0.095,0.03,0.062,0.0325,0.006,0.004,0.0005,1,0.645,0.036,0.0005,10,43972.934583333335,641775.258083,1,0
0.44,0.24,0.09,0.0425,0.014,0.031,0.0175,0.0045,0.003,0.0005,2,0.43,0.018,0.0005,10,43974.68656666667,598609.35483,1,0
0.265,0.105,0.05,0.025,0.0125,0.014,0.0075,0.0035,0.002,0.0005,0,0.24,0.0155,0.001,10,43972.31303333333,612975.890028,1,0
0.08,0.0355,0.015,0.006,0.005,0.008,0.005,0.002,0.0015,0.0005,0,0.055,0.006,0.001,10,43973.17016666666,308246.159856,1,0
0.039,0.0115,0.0075,0.009,0.0035,0.0045,0.0025,0.0015,0.0015,0.0005,0,0.014,0.003,0.001,10,43972.733433333335,304273.579349,1,0
0.014,0.009,0.007,0.0055,0.0025,0.0015,0.0025,0.002,0.0015,0.0005,0,0.0105,0.0015,0.001,10,43973.33863333333,626177.327303,1,0
0.05,0.031,0.0195,0.0165,0.0055,0.014,0.0045,0.004,0.0015,0.001,0,0.034,0.0245,0.0015,10,26974.161817300002,602649.969043,1,0
0.87,0.898,0.795,0.5415,0.71,0.383,0.354,0.237,0.2665,0.28,1,0.9625,0.5995,0.251,10,26952.14099378333,957060.066734,1,1
0.05,0.155,0.2875,0.65,0.4605,0.1365,0.49,0.1365,0.0505,0.0005,6,0.085,0.2245,0.005,10,38414.349533333334,3516467.062081,1,0
0.1,0.12,0.34,0.135,0.09,0.0415,0.2175,0.0525,0.0025,0.002,0,0.105,0.054,0.0025,10,34191.667116666664,1653454.122049,1,0
0.38,0.38,0.07,0.065,0.11,0.0465,0.008,0.0065,0.0025,0.002,0,0.335,0.03,0.0025,10,12341.687926133334,384887.161736,1,0
0.315,0.25,0.325,0.645,0.685,0.945,0.965,0.975,0.9895,0.9955,1,0.285,0.9,0.9935,10,41639.691483333336,89206.525535,1,1
0.475,0.425,0.52,0.815,0.845,0.973,0.982,0.9775,0.9905,0.995,3,0.455,0.956,0.9925,10,41634.02331666667,48540.866224,1,1
0.655,0.625,0.72,0.92,0.94,0.9845,0.9885,0.9925,0.991,0.9935,0,0.665,0.977,0.9935,10,41633.95085,34040.308784,1,1
0.895,0.91,0.95,0.9715,0.9785,0.988,0.988,0.9885,0.9945,0.995,0,0.92,0.987,0.992,10,41633.95513333334,11538.677755,1,1
0.945,0.951,0.977,0.985,0.988,0.9915,0.993,0.9945,0.9985,0.996,0,0.964,0.99,0.996,10,41634.01908333333,17393.706458,1,1
0.795,0.795,0.88,0.9615,0.9645,0.9855,0.988,0.9885,0.9955,0.996,0,0.82,0.984,0.996,10,41633.85316666667,18861.038866,1,1
0.495,0.38,0.39,0.075,0.065,0.0085,0.009,0.0065,0.0015,0.0005,2,0.53,0.0275,0.0015,10,45306.77966666666,653587.191628,1,0
0.0265,0.0185,0.02,0.087,0.0585,0.239,0.608,0.3105,0.596,0.0005,4,0.0145,0.098,0.113,10,45306.80073333334,7517688.702565,1,0
0.21,0.175,0.225,0.185,0.205,0.25,0.715,0.72,0.895,0.9995,1,0.15,0.2,0.825,10,45306.78388333333,1216617.538092,1,1
0.37,0.25,0.47,0.48,0.355,0.335,0.39,0.4,0.475,0.76,3,0.31,0.35,0.72,10,45306.737916666665,306339.07221,1,1
0.335,0.275,0.24,0.05,0.0375,0.007,0.0075,0.0055,0.0005,0.0005,0,0.375,0.0185,0.0005,10,45306.90456666667,473075.079664,1,0
0.165,0.135,0.1,0.0205,0.0175,0.0055,0.0045,0.0015,0.0005,0.0025,0,0.17,0.0115,0.001,10,45306.80496666666,551782.90855,1,0
0.085,0.046,0.034,0.0095,0.0095,0.0045,0.0025,0.0005,0.0005,0.001,0,0.065,0.0055,0.0015,10,45306.73368333334,402150.176255,1,0
0.0195,0.0035,0.004,0.0025,0.004,0.0015,0.0025,0.0005,0.0005,0.0005,0,0.0055,0.0025,0.0015,10,45306.72523333333,707772.875096,1,0
0.46,0.46,0.45,0.465,0.465,0.585,0.515,0.445,0.705,0.735,3,0.46,0.585,0.735,10,29644.727133333334,412133.198376,1,1
0.145,0.16,0.155,0.2,0.135,0.255,0.555,0.61,0.73,0.795,1,0.135,0.265,0.735,10,29644.65953333333,816996.038241,1,1
0.635,0.49,0.77,0.8,0.62,0.635,0.62,0.72,0.735,0.83,2,0.545,0.62,0.795,10,45306.78811666667,273658.08256,1,1
0.11,0.075,0.11,0.045,0.071,0.045,0.0485,0.056,0.007,0.0005,0,0.105,0.067,0.0025,10,44873.50708333333,1128181.7149,1,0
0.0415,0.0315,0.0165,0.038,0.0175,0.0095,0.0045,0.0025,0.0005,0.0005,0,0.042,0.012,0.0015,10,44873.80553333333,2466116.838962,1,0
0.175,0.23,0.15,0.365,0.175,0.135,0.025,0.022,0.0045,0.0005,0,0.2,0.155,0.002,10,44873.6216,1394859.446093,1,0
0.315,0.385,0.26,0.585,0.345,0.245,0.065,0.067,0.0105,0.0005,2,0.37,0.3,0.0015,10,44873.52503333333,1918187.67785,1,0
0.575,0.55,0.515,0.65,0.67,0.385,0.425,0.485,0.49,0.95,4,0.59,0.655,0.775,10,44873.52078333333,398636.923424,1,1
0.705,0.67,0.64,0.84,0.87,0.53,0.595,0.71,0.66,0.965,0,0.73,0.83,0.685,10,44873.69153333334,339361.020874,1,1
0.64,0.515,0.485,0.645,0.365,0.305,0.54,0.52,0.48,0.9995,10,0.69,0.27,0.69,10,44873.60735,529993.706034,1,1
0.515,0.38,0.34,0.445,0.18,0.2,0.37,0.315,0.265,0.785,8,0.54,0.185,0.35,10,44873.58545,624927.275824,1,1
0.255,0.185,0.215,0.09,0.155,0.155,0.16,0.14,0.0175,0.0005,0,0.255,0.17,0.0015,10,44873.62585,1401672.40989,1,0
0.0075,0.0065,0.004,0.003,0.0035,0.0025,0.0025,0.0015,0.001,0.0005,0,0.007,0.003,0.001,10,44873.58968333333,338131.048294,1,0
0.011,0.0015,0.0025,0.003,0.0015,0.0025,0.0015,0.0015,0.0005,0.0005,0,0.0025,0.0015,0.0005,10,44140.4450748,2739536.026578,1,0
0.0155,0.0025,0.0025,0.0045,0.004,0.0025,0.0025,0.0015,0.0005,0.0005,0,0.004,0.0035,0.0005,10,44140.27470626667,1695484.638265,1,0
0.0125,0.005,0.004,0.0255,0.0175,0.008,0.006,0.0055,0.0025,0.0005,0,0.008,0.0145,0.0015,10,44140.37696228333,861132.403826,1,0
0.0295,0.008,0.0045,0.07,0.0645,0.023,0.0245,0.0125,0.003,0.0005,0,0.011,0.052,0.0015,10,44140.377064483335,1277868.053595,1,0
0.04,0.012,0.0085,0.2875,0.303,0.1515,0.186,0.0905,0.08,0.0005,0,0.0155,0.286,0.0085,10,44140.240070299995,2141836.792572,1,0
0.055,0.055,0.04,0.0345,0.0365,0.0125,0.0335,0.293,0.4945,0.9995,3,0.065,0.028,0.572,10,44140.27480773334,899976.592986,1,1
0.075,0.135,0.13,0.115,0.1,0.09,0.055,0.085,0.17,0.9995,1,0.135,0.09,0.575,10,44140.274769016665,344610.832049,1,1
0.165,0.295,0.295,0.265,0.26,0.225,0.165,0.21,0.2,0.9995,1,0.3,0.22,0.4,10,44140.274735716666,354279.94194,1,1
0.405,0.6,0.59,0.555,0.57,0.515,0.525,0.49,0.545,0.88,5,0.62,0.515,0.475,10,44140.275003116665,210190.89508,1,1
0.735,0.85,0.82,0.8,0.825,0.755,0.735,0.625,0.75,0.735,0,0.865,0.81,0.815,10,44140.37702635,200387.939198,1,1
0.745,0.69,0.69,0.095,0.055,0.041,0.0245,0.0175,0.0045,0.0005,1,0.69,0.0395,0.0015,10,44140.37699506667,987191.29145,1,0
0.415,0.45,0.43,0.07,0.043,0.0325,0.018,0.009,0.0015,0.0005,2,0.47,0.037,0.0015,10,44140.10561406667,529859.624398,1,0
0.165,0.155,0.135,0.0315,0.024,0.0125,0.0135,0.0045,0.0015,0.0025,0,0.18,0.0245,0.001,10,44140.206713516665,446435.899336,1,0
0.075,0.055,0.04,0.011,0.008,0.008,0.0045,0.002,0.0015,0.0005,0,0.055,0.0085,0.001,10,44140.20668146667,497742.803473,1,0
0.04,0.0195,0.008,0.006,0.0055,0.006,0.004,0.0025,0.0015,0.0005,0,0.0165,0.006,0.001,10,44140.20674951666,462229.282075,1,0
0.0075,0.0025,0.005,0.0045,0.002,0.0015,0.0015,0.0005,0.0005,0.0005,0,0.0035,0.0025,0.0005,10,43999.83176968333,222173.66009699952,2,0
0.0145,0.0045,0.006,0.0105,0.0075,0.005,0.0015,0.0005,0.0005,0.0005,0,0.005,0.0055,0.0005,10,43999.49701823333,143567.16428499986,2,0
0.0145,0.012,0.018,0.034,0.027,0.0035,0.0025,0.0005,0.0005,0.0005,0,0.0055,0.013,0.0005,10,43997.59262691667,234872.3232580002,2,0
0.0295,0.0245,0.046,0.1025,0.049,0.0175,0.005,0.003,0.0005,0.0005,0,0.0175,0.025,0.0005,10,43999.40577595001,197605.53438999978,2,0
0.205,0.205,0.275,0.815,0.405,0.115,0.1,0.0305,0.004,0.0005,4,0.215,0.215,0.0015,10,43999.06519366666,359648.04370000015,2,0
0.73,0.685,0.41,0.205,0.215,0.545,0.605,0.27,0.305,0.525,8,0.74,0.245,0.275,10,43998.45626266667,309751.95403999987,2,1
0.0375,0.029,0.025,0.014,0.012,0.042,0.009,0.0035,0.0015,0.0005,0,0.041,0.0175,0.0015,10,43999.836211316666,317113.0529510005,2,0
0.013,0.0085,0.0115,0.007,0.0065,0.004,0.0015,0.0005,0.0005,0.0005,0,0.0195,0.0055,0.0005,10,43998.09005735,128947.02237500006,2,0
0.0145,0.0025,0.0025,0.002,0.0015,0.0015,0.0005,0.0005,0.0005,0.0005,0,0.003,0.0015,0.0005,10,43998.22608266667,40254.84551400001,2,0
0.0065,0.0025,0.0015,0.0015,0.0005,0.0005,0.0005,0.0005,0.0005,0.0005,0,0.003,0.0005,0.0005,10,43996.16398113334,101558.34083300001,2,0
0.018,0.0035,0.0045,0.0075,0.0045,0.0025,0.0015,0.0005,0.0005,0.0005,0,0.004,0.0035,0.0005,10,43998.2217305,102207.87668199989,2,0
0.01,0.009,0.011,0.024,0.0085,0.0045,0.003,0.001,0.0005,0.0005,0,0.0095,0.0065,0.0005,10,43997.94193908333,128271.48778299989,2,0
0.065,0.06,0.125,0.305,0.135,0.0295,0.0205,0.009,0.001,0.0005,0,0.06,0.055,0.001,10,43998.864834483335,282418.5730690001,2,0
0.585,0.59,0.6,0.585,0.595,0.585,0.6,0.645,0.76,0.9995,0,0.585,0.595,0.9995,10,43999.73566483334,77171.518924,2,1
0.22,0.16,0.075,0.035,0.044,0.132,0.036,0.014,0.056,0.0005,0,0.195,0.0655,0.0055,10,43997.42840921667,231386.07287399983,2,0
0.012,0.013,0.0205,0.0105,0.0105,0.013,0.005,0.0025,0.001,0.0005,0,0.011,0.0095,0.001,10,43998.99260701667,222247.99552099968,2,0
0.0215,0.0035,0.0035,0.0045,0.0035,0.0025,0.0005,0.0005,0.0005,0.0005,0,0.005,0.0035,0.0005,10,43999.23639488334,43070.706266999994,2,0
0.0045,0.007,0.0095,0.0085,0.0085,0.008,0.0045,0.0015,0.0005,0.0005,0,0.0085,0.005,0.0005,10,41764.59467568333,213616.34218099972,2,0
0.0155,0.026,0.017,0.0205,0.0205,0.01,0.009,0.002,0.0025,0.0005,0,0.0155,0.0205,0.0005,10,41765.721426000004,165736.13882199975,2,0
0.05,0.065,0.074,0.074,0.0565,0.0565,0.0305,0.0145,0.0065,0.0005,0,0.065,0.0565,0.0015,10,41765.11191203333,244464.86889200014,2,0
0.0025,0.008,0.0065,0.0065,0.0055,0.0055,0.0045,0.002,0.0005,0.0005,0,0.008,0.0055,0.0005,10,41765.09560445,553045.462047,2,0
0.675,0.245,0.285,0.285,0.075,0.075,0.07,0.0275,0.017,0.0005,1,0.675,0.075,0.0015,10,41765.45810443334,186232.55022899987,2,0
0.0035,0.0025,0.0035,0.0035,0.0015,0.0015,0.0015,0.0015,0.0005,0.0005,0,0.0025,0.0015,0.0005,10,41765.52917981667,304789.9711309999,2,0
0.016,0.0145,0.01,0.01,0.01,0.003,0.0015,0.0015,0.0015,0.0005,0,0.0145,0.01,0.0005,10,41765.52495751667,152678.6605879999,2,0
0.03,0.014,0.032,0.032,0.032,0.015,0.0105,0.008,0.004,0.0005,0,0.03,0.032,0.0015,10,41765.653938916665,244420.02208200013,2,0
0.27,0.215,0.285,0.285,0.285,0.105,0.055,0.045,0.0165,0.0005,0,0.215,0.285,0.002,10,41765.24684401667,265103.274536001,2,0
0.135,0.075,0.055,0.055,0.0225,0.022,0.019,0.0085,0.004,0.0005,0,0.135,0.0225,0.001,10,41765.77283583333,243462.32318400033,2,0
0.0075,0.0085,0.0025,0.0025,0.0025,0.0015,0.0015,0.0015,0.0005,0.0005,0,0.0075,0.0015,0.0005,10,41765.242623933336,94950.7118679999,2,0
0.125,0.06,0.045,0.0315,0.0125,0.009,0.0075,0.0085,0.0015,0.0005,0,0.07,0.0165,0.0015,10,41765.42347205,253296.94187499996,2,0
0.06,0.0295,0.022,0.021,0.0055,0.0055,0.0045,0.0025,0.0015,0.0005,0,0.032,0.0055,0.0005,10,41765.3155564,190337.3056780002,2,0
0.0145,0.0105,0.0105,0.0105,0.0025,0.0025,0.0025,0.0025,0.0005,0.0005,0,0.0145,0.0025,0.0005,10,41765.476434966666,166940.3640030002,2,0
0.0235,0.0085,0.0035,0.0045,0.004,0.0085,0.0065,0.0035,0.0015,0.0005,0,0.016,0.0045,0.0005,10,44547.68174186666,1058942.4428590008,2,0
0.0435,0.0315,0.0125,0.0165,0.0205,0.023,0.007,0.0045,0.0035,0.001,0,0.0395,0.011,0.002,10,44547.81777283333,348680.7460419996,2,0
0.07,0.0885,0.0315,0.038,0.031,0.054,0.007,0.0075,0.0015,0.0005,0,0.0665,0.0585,0.0005,10,44548.08260013333,352915.747067,2,0
0.14,0.165,0.075,0.075,0.09,0.145,0.05,0.0225,0.017,0.0015,0,0.135,0.06,0.0065,10,44548.045157266664,557897.7391310013,2,0
0.415,0.605,0.365,0.41,0.51,0.655,0.385,0.21,0.445,0.019,6,0.495,0.41,0.085,10,44547.779795083334,418530.57884500024,2,0
0.36,0.245,0.455,0.31,0.215,0.095,0.13,0.045,0.0675,0.001,0,0.355,0.085,0.0155,10,44547.49895055,461595.38980400015,2,0
0.085,0.06,0.07,0.0365,0.041,0.015,0.0205,0.019,0.0035,0.0025,0,0.055,0.0315,0.011,10,44547.95179523333,439049.35941200005,2,0
0.0205,0.0065,0.0055,0.004,0.005,0.003,0.0025,0.0015,0.0005,0.0005,0,0.008,0.0045,0.0005,10,44547.41645128334,223345.57845199984,2,0
0.0075,0.0025,0.002,0.0015,0.002,0.0015,0.0015,0.0015,0.0015,0.0005,0,0.004,0.0015,0.0015,10,44547.784029250004,752472.1342610059,2,0
0.041,0.0165,0.004,0.004,0.004,0.008,0.004,0.0025,0.0005,0.0005,0,0.0185,0.014,0.0005,10,44547.71559658333,217181.03833800013,2,0
0.245,0.34,0.14,0.13,0.165,0.21,0.075,0.065,0.0045,0.0005,0,0.245,0.345,0.0015,10,44547.6107602,355099.735728,2,0
0.835,0.605,0.85,0.698,0.5795,0.279,0.45,0.4395,0.3835,0.9995,6,0.715,0.316,0.6235,10,44547.677527683336,660693.7427649996,2,1
0.18,0.125,0.17,0.13,0.12,0.06,0.072,0.0625,0.0135,0.018,0,0.155,0.06,0.021,10,44547.85132666666,309488.0174829995,2,0
0.05,0.0205,0.035,0.0295,0.0185,0.021,0.01,0.0065,0.0025,0.0015,0,0.036,0.0145,0.003,10,44547.80932975,331036.5005930008,2,0
0.026,0.006,0.011,0.004,0.0115,0.0105,0.0055,0.0035,0.002,0.0015,0,0.0105,0.01,0.0015,10,44547.88507983333,324554.7575920001,2,0
0.14,0.0645,0.0285,0.016,0.0075,0.0085,0.004,0.0025,0.0015,0.0005,0,0.041,0.0095,0.0005,10,41895.171491466666,590646.021045,2,0
0.03,0.0905,0.0915,0.1115,0.09,0.0845,0.163,0.267,0.3285,0.727,1,0.0905,0.09,0.3285,10,41895.16305723333,388328.780571,2,1
0.0085,0.012,0.0305,0.0175,0.021,0.0065,0.0085,0.005,0.0025,0.0005,0,0.009,0.0095,0.0005,10,41895.206095316666,658724.975314,2,0
0.0205,0.0285,0.0845,0.079,0.1015,0.026,0.0295,0.007,0.0025,0.0005,0,0.037,0.0255,0.0015,10,41895.14021986666,944388.470357,2,0
0.0245,0.0455,0.37,0.242,0.191,0.115,0.0975,0.031,0.0375,0.004,0,0.0575,0.1395,0.0085,10,41895.135994916665,1308348.630929,2,0
0.0085,0.0065,0.0135,0.0055,0.0075,0.0035,0.0055,0.004,0.0025,0.0005,0,0.006,0.005,0.001,10,41894.81341541666,698118.619585,2,0
0.035,0.012,0.013,0.0045,0.0045,0.0025,0.0015,0.0015,0.0015,0.0005,0,0.012,0.0045,0.0005,10,41894.75016618333,333487.018725,2,0
0.03,0.007,0.0075,0.0035,0.0025,0.0015,0.0015,0.0015,0.0005,0.0005,0,0.0095,0.002,0.0005,10,41894.8019219,812222.569707,2,0
0.05,0.0225,0.0195,0.009,0.0065,0.003,0.0025,0.0025,0.0015,0.0005,0,0.014,0.0055,0.0005,10,41894.8219491,1129115.42143,2,0
0.0295,0.0065,0.0105,0.0035,0.0035,0.0015,0.0015,0.0015,0.0005,0.0005,0,0.0115,0.0015,0.0005,10,41894.694791016664,1406340.144979,2,0
0.085,0.037,0.0315,0.015,0.005,0.0035,0.0035,0.0015,0.0015,0.0005,0,0.027,0.004,0.001,10,41894.71803333333,459725.512154,2,0
0.25,0.11,0.0565,0.028,0.015,0.0145,0.0085,0.004,0.002,0.0005,0,0.09,0.019,0.0005,10,41894.80615326667,379782.658316,2,0
0.49,0.215,0.105,0.05,0.0175,0.0155,0.0115,0.0085,0.0045,0.0005,0,0.155,0.03,0.0005,10,41894.72656313333,379372.552732,2,0
0.835,0.375,0.16,0.135,0.0385,0.038,0.0235,0.012,0.0135,0.0005,3,0.335,0.0915,0.0015,10,41894.72227043333,772455.157181,2,0
0.155,0.405,0.57,0.475,0.695,0.745,0.9995,0.9995,0.9995,0.9995,3,0.365,0.695,0.9995,10,41894.758699549995,2584127.791938,2,1
0.075,0.17,0.195,0.31,0.255,0.25,0.35,0.395,0.515,0.6,1,0.17,0.22,0.6,10,41894.75443456667,240387.480016,2,1
0.012,0.0195,0.048,0.033,0.047,0.016,0.008,0.005,0.002,0.0005,0,0.0195,0.019,0.0005,10,41894.7975298,1046195.46836,2,0
0.008,0.018,0.011,0.013,0.01,0.006,0.003,0.0015,0.0005,0.0005,0,0.0085,0.0105,0.0005,10,43759.30173573333,1563297.700123,2,0
0.04,0.067,0.066,0.071,0.107,0.047,0.007,0.004,0.0015,0.0005,0,0.052,0.056,0.0005,10,43759.22788621667,382029.385853,2,0
0.021,0.0165,0.0205,0.024,0.0145,0.009,0.0035,0.0025,0.0015,0.0005,0,0.0125,0.01,0.0005,10,43759.14329511667,618582.841636,2,0
0.19,0.06,0.075,0.04,0.0225,0.012,0.0525,0.025,0.023,0.0075,0,0.115,0.015,0.0225,10,43759.18875386667,1265790.467854,2,1
0.0295,0.032,0.0345,0.0355,0.0485,0.0255,0.009,0.004,0.0015,0.0005,0,0.026,0.0245,0.0005,10,43759.35230661666,275543.084271,2,0
0.085,0.13,0.13,0.12,0.2,0.105,0.021,0.007,0.0035,0.0005,0,0.1,0.13,0.0005,10,43759.29746675,472778.094838,2,0
0.165,0.255,0.23,0.245,0.37,0.22,0.0425,0.014,0.0105,0.0005,0,0.205,0.335,0.0015,10,43759.263780533336,609486.554876,2,0
0.29,0.515,0.45,0.515,0.77,0.595,0.135,0.0375,0.026,0.0005,6,0.385,0.75,0.002,10,43759.2680159,1068585.626495,2,0
0.52,0.705,0.755,0.78,0.936,,,,,,0,0.52,0.755,0.936,5,43759.17437735,220553.758542,2,1
0.745,0.465,0.375,0.385,0.245,0.125,0.11,0.495,0.46,0.9995,4,0.54,0.15,0.45,10,43759.259545249995,731532.168223,2,1
0.0225,0.0085,0.0135,0.005,0.0065,0.0035,0.0015,0.0015,0.0015,0.001,0,0.0245,0.006,0.002,10,43759.23211961667,568432.202909,2,0
0.435,0.185,0.185,0.09,0.0445,0.03,0.181,0.103,0.0465,0.0765,0,0.27,0.027,0.173,10,43759.197204899996,1355025.759604,2,1
0.06,0.026,0.045,0.0185,0.013,0.009,0.01,0.0105,0.003,0.021,0,0.065,0.013,0.011,10,43759.16302863333,1075337.015343,2,0
0.03,0.0165,0.0135,0.0105,0.0095,0.005,0.009,0.0035,0.0035,0.004,0,0.0315,0.008,0.002,10,43759.25530813333,571518.041853,2,0
0.0155,0.004,0.0045,0.005,0.004,0.0035,0.0025,0.0025,0.002,0.0005,0,0.007,0.003,0.0005,10,43759.1587983,195987.061422,2,0
0.018,0.0055,0.0035,0.003,0.0025,0.0025,0.0025,0.0025,0.002,0.0005,0,0.004,0.0025,0.0005,10,43759.147515933335,230202.520889,2,0
0.0085,0.0025,0.0015,0.0015,0.0025,0.002,0.002,0.0015,0.0015,0.0005,0,0.003,0.002,0.0005,10,43759.22366231667,148098.858029,2,0
0.0045,0.002,0.0015,0.0015,0.0015,0.0015,0.0015,0.0015,0.0015,0.0005,0,0.002,0.0015,0.0005,10,43759.1786151,705063.595,2,0
0.038,0.011,0.0095,0.016,0.007,0.0065,0.003,0.0105,0.0015,0.0005,0,0.038,0.007,0.002,10,42294.193502333335,131569.054268,2,0
0.075,0.03,0.0285,0.0375,0.014,0.01,0.0045,0.004,0.0005,0.0005,0,0.085,0.009,0.0015,10,42294.23077365,65513.774281,2,0
0.185,0.1,0.09,0.1,0.0495,0.014,0.0045,0.0055,0.0025,0.0005,0,0.19,0.0325,0.002,10,42294.19775008333,57822.288917,2,0
0.455,0.305,0.295,0.365,0.12,0.05,0.0405,0.008,0.007,0.001,2,0.51,0.085,0.0035,10,42294.16309946667,102541.254263,2,0
0.325,0.34,0.31,0.155,0.335,0.54,0.16,0.2,0.0315,0.001,4,0.24,0.305,0.018,10,42294.21472025,192986.250111,2,0
0.0205,0.0395,0.047,0.0195,0.042,0.0305,0.005,0.006,0.0035,0.0005,0,0.0375,0.014,0.0025,10,42294.2434997,156848.745926,2,0
0.055,0.0205,0.015,0.027,0.0105,0.0085,0.009,0.007,0.0005,0.0005,0,0.065,0.0105,0.0005,10,42294.24775705,62414.214182,2,0
0.11,0.06,0.04,0.0565,0.0225,0.0105,0.0035,0.0035,0.002,0.0005,0,0.135,0.015,0.003,10,42294.206244049994,61094.355916,2,0
0.285,0.16,0.175,0.19,0.045,0.0205,0.012,0.0085,0.004,0.001,0,0.275,0.065,0.0035,10,42294.21047783333,117872.039192,2,0
0.695,0.5,0.475,0.585,0.255,0.09,0.11,0.027,0.009,0.001,7,0.785,0.215,0.003,10,42294.235004183334,324942.812833,2,0
0.15,0.17,0.165,0.07,0.155,0.235,0.05,0.038,0.0125,0.002,0,0.125,0.13,0.0045,10,42294.23923848334,127665.785976,2,0
0.021,0.0075,0.0095,0.0095,0.007,0.0115,0.007,0.004,0.003,0.0005,0,0.009,0.014,0.002,10,42294.20199561667,103460.717084,2,0
0.054,0.012,0.0075,0.008,0.0075,0.0035,0.0015,0.0015,0.0005,0.0005,0,0.0255,0.0045,0.0005,10,43428.26744976667,530052.156261,2,0
0.105,0.026,0.0255,0.02,0.013,0.009,0.0045,0.003,0.0015,0.0005,0,0.085,0.011,0.0005,10,43428.29496596667,305802.067266,2,0
0.22,0.055,0.06,0.0405,0.016,0.0085,0.0065,0.0035,0.0015,0.0005,0,0.185,0.0145,0.0005,10,43428.26320565,242931.485358,2,0
0.4,0.14,0.12,0.09,0.03,0.0165,0.0105,0.0085,0.002,0.0005,0,0.375,0.0245,0.0005,10,43428.25473491666,158801.908375,2,0
0.705,0.26,0.275,0.23,0.055,0.0325,0.029,0.01,0.004,0.0005,1,0.71,0.045,0.0005,10,43428.241991216666,284912.787422,2,0
0.42,0.405,0.39,0.63,0.865,,,,,,1,0.42,0.39,0.865,5,43428.18395905,24129.326515,2,1
0.17,0.13,0.5,0.6,0.615,0.495,0.375,0.31,0.41,0.83,9,0.13,0.46,0.5,10,43428.25896561667,151904.958384,2,1
0.09,0.304,0.147,0.1,0.3985,0.5625,0.425,0.5255,0.051,0.003,6,0.033,0.328,0.013,10,43428.228091649995,923146.810885,2,0
0.0255,0.098,0.0595,0.042,0.098,0.125,0.124,0.0755,0.0095,0.0005,0,0.0135,0.071,0.0005,10,43428.21963281666,777282.608852,2,0
0.06,0.017,0.0185,0.016,0.011,0.0085,0.0025,0.0025,0.0015,0.0005,0,0.05,0.008,0.0005,10,43428.188192333335,737600.066348,2,0
0.13,0.042,0.036,0.0355,0.0135,0.0115,0.0035,0.003,0.002,0.0005,0,0.135,0.012,0.0005,10,43428.223857883335,167845.610814,2,0
0.29,0.085,0.075,0.073,0.0225,0.0145,0.0075,0.0025,0.002,0.0005,0,0.26,0.0185,0.0005,10,43428.166200366664,171143.209305,2,0
0.555,0.195,0.185,0.16,0.045,0.028,0.0185,0.01,0.003,0.0005,1,0.565,0.037,0.0005,10,43428.23231746667,286762.881755,2,0
0.91,0.38,0.39,0.405,0.1,0.04,0.04,0.022,0.0045,0.0005,3,0.945,0.08,0.001,10,43428.20088348333,587498.86023,2,0
0.62,0.615,0.61,0.88,0.9995,,,,,,0,0.62,0.61,0.9995,5,43428.196656550004,54726.337562,2,1
0.265,0.235,0.425,0.6,0.9965,,,,,,1,0.265,0.425,0.9965,5,43428.16197633334,154338.912201,2,1
0.07,0.12,0.445,0.38,0.265,0.14,0.29,0.525,0.635,0.58,1,0.065,0.275,0.64,10,43428.17974121667,289814.755088,2,1
0.0305,0.193,0.08,0.0565,0.1935,0.2725,0.235,0.216,0.016,0.0005,0,0.016,0.159,0.005,10,43428.19242373333,509328.84689,2,0
0.026,0.073,0.034,0.017,0.043,0.0465,0.054,0.03,0.0025,0.0005,0,0.0225,0.037,0.0005,10,43428.15774956667,449608.607367,2,0
0.045,0.042,0.032,0.016,0.0195,0.0065,0.0045,0.0025,0.0015,0.0005,0,0.06,0.0115,0.0015,10,44366.45274773333,667441.765755,2,0
0.65,0.79,0.625,0.195,0.385,0.16,0.085,0.0585,0.024,0.0005,1,0.925,0.285,0.005,10,44366.261222416666,900864.371903,2,0
0.47,0.365,0.315,0.315,0.265,0.255,0.36,0.23,0.355,0.9995,1,0.435,0.255,0.33,10,44366.13556203333,112646.932726,2,1
0.2,0.11,0.105,0.09,0.08,0.05,0.06,0.095,0.09,0.09,0,0.155,0.11,0.105,10,44366.232357149995,190150.361321,2,1
0.135,0.145,0.095,0.05,0.065,0.0135,0.008,0.0025,0.0015,0.0005,0,0.2,0.033,0.001,10,44366.41719235,562909.512739,2,0
0.72,0.775,0.84,0.99,0.917,,,,,,0,0.72,0.84,0.917,5,44366.197687349995,113865.775119,2,1
0.405,0.3,0.255,0.245,0.215,0.2,0.175,0.255,0.245,0.24,0,0.35,0.24,0.27,10,44366.32774013334,120484.780728,2,1
0.07,0.032,0.038,0.295,0.1205,0.2055,0.1055,0.0395,0.0115,0.0005,0,0.0285,0.1485,0.011,10,44366.144031133335,764066.945757,2,0
0.315,0.35,0.24,0.0925,0.147,0.0445,0.014,0.005,0.004,0.0005,0,0.46,0.0695,0.0005,10,44366.34725786666,931057.822772,2,0
0.645,0.535,0.485,0.49,0.425,0.415,0.41,0.535,0.505,0.51,4,0.6,0.465,0.555,10,44366.148267250006,128810.708361,2,1
0.335,0.23,0.195,0.2,0.18,0.14,0.155,0.195,0.19,0.185,0,0.28,0.205,0.21,10,44366.40086918334,111804.683397,2,1
0.025,0.0045,0.009,0.0935,0.036,0.046,0.0225,0.0105,0.0025,0.0005,0,0.004,0.0375,0.002,10,44366.13980018334,517227.874622,2,0
0.52,0.62,0.465,0.125,0.285,0.075,0.032,0.0365,0.019,0.0005,3,0.765,0.19,0.0035,10,44366.26559533333,566628.650126,2,0
0.555,0.45,0.4,0.39,0.32,0.325,0.305,0.425,0.4,0.395,1,0.515,0.37,0.42,10,44366.33197796667,139449.007961,2,1
0.265,0.13,0.14,0.13,0.11,0.08,0.095,0.135,0.12,0.105,0,0.205,0.145,0.125,10,44366.28202311667,231844.598737,2,1
0.045,0.031,0.0175,0.043,0.0435,0.0235,0.0105,0.002,0.0015,0.0005,0,0.03,0.0275,0.0005,10,42825.52675985,418690.461407,2,0
0.475,0.2,0.175,0.3,0.545,0.435,0.225,0.017,0.0075,0.001,4,0.27,0.335,0.002,10,42825.410166,640587.58183,2,0
0.495,0.48,0.565,0.47,0.405,0.43,0.535,0.565,0.71,0.9715,3,0.425,0.385,0.77,10,42824.92770378334,363447.291077,2,1
0.655,0.63,0.76,0.71,0.69,0.61,0.625,0.805,0.85,0.89,0,0.57,0.625,0.84,10,42824.262071833335,95812.052844,2,1
0.77,0.77,0.885,0.93,0.86,0.86,0.775,0.72,0.79,0.9995,0,0.715,0.805,0.865,10,42823.01547661667,176835.720242,2,1
0.855,0.775,0.695,0.37,0.11,0.085,0.0585,0.324,0.369,0.0175,3,0.695,0.13,0.043,10,42824.69436051667,776134.024496,2,0
0.7,0.64,0.525,0.235,0.05,0.045,0.0395,0.122,0.103,0.005,3,0.54,0.065,0.009,10,42824.013254950005,353490.6335,2,0
0.54,0.485,0.365,0.14,0.045,0.011,0.013,0.0545,0.034,0.0045,1,0.41,0.061,0.002,10,42823.46401395,296778.542231,2,0
0.21,0.31,0.205,0.065,0.031,0.014,0.004,0.03,0.013,0.0025,0,0.26,0.027,0.0005,10,42826.063134,254320.009865,2,0
0.05,0.075,0.055,0.0265,0.02,0.008,0.005,0.003,0.0055,0.0005,0,0.06,0.0165,0.0005,10,42822.8604268,149926.594322,2,0
0.145,0.09,0.085,0.12,0.23,0.135,0.036,0.011,0.005,0.0005,0,0.125,0.105,0.001,10,42824.490564499996,453356.937507,2,0
0.385,0.43,0.365,0.28,0.395,0.525,0.82,0.88,0.625,0.86,1,0.37,0.405,0.585,10,42824.40840968334,244123.570678,2,1
0.53,0.49,0.595,0.495,0.485,0.48,0.63,0.655,0.77,0.855,6,0.44,0.435,0.79,10,42825.27032793334,95344.059174,2,1
0.715,0.71,0.85,0.78,0.765,0.715,0.655,0.78,0.88,0.9345,0,0.635,0.765,0.9495,10,42824.793704799995,103636.077064,2,1
0.78,0.715,0.61,0.29,0.085,0.075,0.04,0.194,0.189,0.014,3,0.605,0.105,0.014,10,42823.30024315,258324.499637,2,0
0.615,0.555,0.435,0.17,0.055,0.0425,0.022,0.098,0.046,0.005,5,0.465,0.045,0.009,10,42824.16548901667,236769.156965,2,0
0.47,0.39,0.285,0.11,0.025,0.0155,0.009,0.036,0.0205,0.0055,0,0.31,0.054,0.0105,10,42825.73141486666,182915.807271,2,0
0.28,0.21,0.12,0.04,0.013,0.013,0.0095,0.009,0.01,0.002,0,0.165,0.0275,0.0025,10,42823.749575233334,231349.849928,2,0
0.02,0.012,0.0205,0.0085,0.011,0.0035,0.0035,0.002,0.0025,0.0005,0,0.0115,0.007,0.001,10,42825.88182736667,274746.36183,2,0
0.034,0.048,0.09,0.0565,0.2155,0.1035,0.058,0.0835,0.0835,0.002,0,0.0355,0.153,0.005,10,43970.61261666667,1325499.333716,2,0
0.17,0.185,0.2,0.41,0.285,0.84,0.507,0.391,0.371,0.7845,5,0.12,0.6,0.7295,10,43970.4763,830083.128876,2,1
0.29,0.21,0.285,0.39,0.325,0.425,0.585,0.55,0.43,0.82,3,0.285,0.39,0.42,10,43968.37048333333,193217.163787,2,1
0.35,0.275,0.335,0.48,0.395,0.535,0.665,0.645,0.5,0.92,3,0.35,0.49,0.495,10,43970.035416666666,99531.12519,2,1
0.42,0.335,0.395,0.53,0.405,0.625,0.67,0.76,0.73,0.62,3,0.435,0.57,0.605,10,43969.815833333334,148121.040126,2,1
0.51,0.41,0.48,0.475,0.655,0.5,0.695,0.765,0.805,0.88,2,0.515,0.5,0.9,10,43970.12236666667,62009.978609,2,1
0.6,0.495,0.58,0.57,0.74,0.605,0.61,0.815,0.89,0.9365,2,0.625,0.78,0.95,10,43969.901366666665,253883.657646,2,1
0.705,0.745,0.695,0.67,0.68,0.88,0.705,0.7,0.94,0.9995,0,0.745,0.83,0.94,10,43968.607533333336,85541.740203,2,1
0.027,0.0175,0.032,0.015,0.012,0.0045,0.0075,0.004,0.001,0.0005,0,0.0165,0.008,0.0005,10,33538.97547773334,279440.070707,2,0
0.825,0.594,0.385,0.415,0.1625,0.3265,0.274,0.099,0.0045,0.001,1,0.8195,0.2235,0.003,10,43969.42231666667,388196.678078,2,0
0.685,0.49,0.325,0.32,0.14,0.26,0.185,0.072,0.005,0.0005,3,0.71,0.14,0.0025,10,43969.69838333333,311652.772745,2,0
0.565,0.38,0.225,0.235,0.1,0.185,0.12,0.0655,0.005,0.0005,3,0.565,0.11,0.002,10,43969.28775,247710.476933,2,0
0.455,0.285,0.155,0.17,0.074,0.123,0.0675,0.032,0.003,0.001,2,0.43,0.08,0.0025,10,43969.05738333333,269655.383693,2,0
0.245,0.12,0.06,0.052,0.0455,0.0595,0.0205,0.0165,0.0035,0.0005,0,0.24,0.041,0.0005,10,43968.7599,211094.329565,2,0
0.0315,0.0285,0.0085,0.0115,0.014,0.01,0.0045,0.002,0.001,0.0005,0,0.051,0.007,0.0015,10,43968.90455,277984.944762,2,0
0.66,0.34,0.275,0.19,0.15,0.55,0.2,0.37,0.235,0.02,5,0.5,0.485,0.0395,10,25574.023133333332,550937.708247,2,0
0.49,0.225,0.195,0.115,0.075,0.325,0.095,0.195,0.045,0.0045,0,0.365,0.325,0.007,10,25570.725641016666,781274.156953,2,0
0.935,0.645,0.78,0.78,0.65,0.65,0.79,0.74,0.79,0.905,0,0.68,0.65,0.89,10,45304.15425,117759.630586,2,1
0.029,0.029,0.0135,0.0235,0.031,0.0345,0.0965,0.0275,0.0045,0.0005,0,0.0245,0.02,0.003,10,45304.249334633336,956131.079611,2,0
0.59,0.695,0.71,0.305,0.36,0.155,0.0345,0.057,0.0045,0.0015,1,0.75,0.255,0.002,10,45303.81863333333,393503.585569,2,0
0.24,0.185,0.13,0.09,0.115,0.18,0.18,0.375,0.37,0.88,1,0.105,0.17,0.455,10,45303.79663333333,912797.907947,2,1
0.475,0.37,0.285,0.27,0.305,0.36,0.46,0.45,0.51,0.88,5,0.28,0.33,0.8,10,45303.91426666667,498632.104947,2,1
0.645,0.455,0.48,0.42,0.415,0.51,0.81,0.695,0.74,0.875,6,0.435,0.455,0.66,10,45304.15003333333,299350.367531,2,1
0.345,0.44,0.45,0.165,0.18,0.05,0.0165,0.018,0.0035,0.0005,2,0.48,0.105,0.0015,10,45304.25358333333,254170.588175,2,0
0.195,0.24,0.245,0.08,0.09,0.034,0.014,0.0125,0.002,0.0005,0,0.26,0.05,0.001,10,45303.80085,355096.029661,2,0
0.06,0.059,0.0585,0.024,0.0245,0.006,0.0095,0.007,0.0015,0.0005,0,0.065,0.011,0.0015,10,45303.91853333334,440194.073253,2,0
0.026,0.016,0.0065,0.008,0.0095,0.0045,0.0035,0.0015,0.001,0.0005,0,0.0205,0.0065,0.0025,10,45303.8144,277824.695767,2,0
0.105,0.085,0.05,0.095,0.039,0.024,0.0055,0.004,0.001,0.0025,0,0.1,0.033,0.0015,10,43964.57178333333,427321.070315,2,0
0.235,0.19,0.13,0.25,0.075,0.06,0.0085,0.015,0.002,0.0005,0,0.19,0.12,0.0005,10,43964.578,323551.625057,2,0
0.49,0.415,0.34,0.62,0.2,0.235,0.046,0.061,0.0105,0.0015,8,0.405,0.31,0.004,10,43964.58403333333,704499.977798,2,0
0.92,0.8,0.94,0.837,0.916,,,,,,0,0.92,0.94,0.916,5,43964.489550000006,65285.333473,2,1
0.615,0.6,0.68,0.69,0.585,0.415,0.728,0.5785,0.731,0.621,4,0.59,0.345,0.7885,10,43964.48413333333,358861.957252,2,1
0.255,0.25,0.26,0.13,0.28,0.175,0.245,0.165,0.0315,0.0015,0,0.305,0.18,0.0055,10,43964.588566666665,824088.687425,2,0
0.095,0.075,0.075,0.046,0.0735,0.054,0.0365,0.026,0.0095,0.0015,0,0.095,0.061,0.0005,10,43964.473849999995,724152.330875,2,0
0.035,0.016,0.0185,0.0085,0.0165,0.0085,0.013,0.0035,0.0025,0.0005,0,0.0285,0.013,0.0005,10,43964.478800000004,490285.862791,2,0
0.26,0.3,0.235,0.495,0.435,0.165,0.1,0.021,0.005,0.001,2,0.29,0.29,0.0015,10,43999.50128713333,256532.43678499892,3,0
0.27,0.225,0.215,0.09,0.1,0.195,0.115,0.09,0.225,0.0055,0,0.27,0.185,0.027,10,43998.76246198334,121301.42149600007,3,0
0.008,0.0275,0.0195,0.0125,0.0075,0.008,0.005,0.0015,0.0005,0.0005,0,0.017,0.0075,0.001,10,43999.63757701667,117515.92078600002,3,0
0.006,0.004,0.0035,0.0025,0.0025,0.002,0.0005,0.0005,0.0005,0.0005,0,0.0055,0.0025,0.0005,10,43996.88736181667,8371.723326,3,0
0.0145,0.007,0.007,0.0095,0.007,0.003,0.0025,0.0005,0.0005,0.0005,0,0.0155,0.006,0.0005,10,43998.89505006666,125578.2758199998,3,0
0.019,0.02,0.01,0.016,0.013,0.005,0.0015,0.0005,0.0035,0.0005,0,0.0175,0.0105,0.0005,10,43998.96390526667,40383.14944699997,3,0
0.0115,0.037,0.035,0.0585,0.044,0.014,0.0025,0.0005,0.005,0.0005,0,0.0265,0.0195,0.0005,10,43999.56956035,212664.01618899978,3,0
0.022,0.04,0.036,0.026,0.0275,0.022,0.0205,0.008,0.0015,0.001,0,0.052,0.017,0.0015,10,43999.93774968334,171518.1113039998,3,0
0.0095,0.004,0.007,0.0135,0.007,0.0045,0.0005,0.0005,0.0005,0.0005,0,0.007,0.0045,0.0005,10,43998.66174451667,31202.544347999978,3,0
0.006,0.0025,0.005,0.0025,0.0015,0.0015,0.0005,0.0005,0.0005,0.0005,0,0.0035,0.0015,0.0005,10,43999.333138266666,30610.089597999988,3,0
0.0155,0.0065,0.0075,0.011,0.0075,0.0045,0.003,0.0005,0.0005,0.0005,0,0.0145,0.005,0.0005,10,43999.633056783336,470809.2841820015,3,0
0.0135,0.0075,0.009,0.015,0.0105,0.0035,0.003,0.0005,0.0005,0.0005,0,0.007,0.007,0.0005,10,43999.02982893333,90863.82128099991,3,0
0.0145,0.024,0.0175,0.0235,0.0115,0.011,0.003,0.0005,0.001,0.0005,0,0.0235,0.013,0.0005,10,43996.39698945,102380.86548500007,3,0
0.055,0.075,0.08,0.12,0.085,0.029,0.0145,0.0065,0.0055,0.0005,0,0.08,0.05,0.001,10,43999.23213693334,269214.38408799964,3,0
0.0085,0.0065,0.008,0.009,0.009,0.0065,0.006,0.0035,0.001,0.0005,0,0.0085,0.0065,0.001,10,41765.77706116667,113910.19285099975,3,0
0.044,0.012,0.032,0.032,0.032,0.011,0.009,0.0035,0.004,0.0005,0,0.012,0.032,0.0005,10,41765.53341031667,106751.37007999994,3,0
0.195,0.175,0.18,0.145,0.15,0.265,0.26,0.15,0.041,0.001,0,0.19,0.235,0.017,10,41764.522998216664,100403.24370699999,3,0
0.145,0.06,0.0395,0.0395,0.0395,0.0185,0.015,0.0315,0.015,0.0015,0,0.145,0.0185,0.0015,10,41765.81228488334,834576.43333,3,0
0.08,0.04,0.0415,0.0445,0.0575,0.061,0.0545,0.023,0.012,0.001,0,0.065,0.061,0.0115,10,41765.1943092,148280.37516100003,3,0
0.08,0.0345,0.0435,0.0435,0.0065,0.0065,0.007,0.0055,0.0035,0.0005,0,0.055,0.0065,0.0015,10,41765.72564703333,121911.51297400003,3,0
0.0145,0.0035,0.0035,0.004,0.0025,0.0025,0.0025,0.0005,0.0005,0.0005,0,0.004,0.0025,0.0005,10,41765.46233655,15001.370783999999,3,0
0.006,0.0045,0.006,0.006,0.0045,0.005,0.0025,0.003,0.0015,0.0005,0,0.006,0.0045,0.001,10,41765.87378955,604555.3428829992,3,0
0.0145,0.0075,0.0045,0.0045,0.0095,0.0095,0.007,0.006,0.0015,0.0005,0,0.009,0.0095,0.001,10,41765.57991478334,98812.56781099994,3,0
0.0105,0.019,0.017,0.017,0.017,0.005,0.005,0.0035,0.0025,0.0005,0,0.0105,0.005,0.003,10,41765.09137271667,47296.95118700002,3,0
0.575,0.61,0.415,0.465,0.06,0.06,0.07,0.04,0.045,0.0015,3,0.57,0.06,0.016,10,41765.8610833,67644.80765700004,3,0
0.0285,0.0105,0.0205,0.0205,0.0035,0.0035,0.0025,0.0025,0.0015,0.0005,0,0.009,0.0035,0.0015,10,41765.760361533336,99229.09161200006,3,0
0.0065,0.0065,0.0065,0.0045,0.0045,0.0045,0.0035,0.0025,0.0015,0.0005,0,0.0065,0.0045,0.0005,10,41764.88104493333,139504.0844479998,3,0
0.0095,0.003,0.002,0.0015,0.0015,0.0015,0.0015,0.0005,0.0005,0.0005,0,0.004,0.0015,0.001,10,41765.45387611667,72884.37857599994,3,0
0.065,0.0075,0.011,0.0065,0.01,0.006,0.005,0.005,0.003,0.0015,0,0.0205,0.006,0.003,10,44548.3581318,76893.07686999989,3,0
0.065,0.015,0.0105,0.0085,0.009,0.008,0.0055,0.005,0.0015,0.0015,0,0.015,0.006,0.002,10,44548.46239848333,100299.71999700002,3,0
0.095,0.0285,0.017,0.024,0.022,0.023,0.0345,0.0075,0.007,0.001,0,0.037,0.0275,0.0025,10,44548.39429193333,102927.59123499994,3,0
0.125,0.075,0.045,0.054,0.042,0.088,0.0475,0.0155,0.01,0.0025,0,0.075,0.044,0.0035,10,44548.36238095,164262.091244,3,0
0.46,0.45,0.525,0.435,0.31,0.32,0.355,0.43,0.55,0.775,3,0.38,0.315,0.55,10,44548.27723365,0.0,3,1
0.05,0.0255,0.012,0.014,0.0095,0.0105,0.003,0.0025,0.0025,0.0045,0,0.028,0.0095,0.0025,10,44548.313625866664,239997.3219359998,3,0
0.024,0.0045,0.0025,0.0025,0.0015,0.0025,0.0015,0.0015,0.0005,0.0005,0,0.007,0.0035,0.0005,10,44548.428739849995,121249.61310700004,3,0
0.024,0.0075,0.007,0.0045,0.006,0.0055,0.0045,0.003,0.001,0.0005,0,0.0105,0.0055,0.0005,10,44548.24906706667,806600.3579200017,3,0
0.045,0.0055,0.009,0.0055,0.008,0.011,0.0075,0.0045,0.0025,0.0015,0,0.011,0.0065,0.0015,10,44548.28145711667,167620.71410500078,3,0
0.06,0.0245,0.011,0.0165,0.016,0.0095,0.0075,0.0055,0.0015,0.0005,0,0.025,0.0305,0.0005,10,44548.30940133333,104155.23140000012,3,0
0.205,0.235,0.1,0.115,0.115,0.175,0.05,0.0145,0.0065,0.0005,0,0.19,0.26,0.002,10,44547.744023600004,156464.82031500002,3,0
0.505,0.46,0.475,0.415,0.315,0.1,0.23,0.285,0.1,0.145,7,0.49,0.315,0.22,10,44547.8135545,334617.3126600003,3,0
0.205,0.145,0.16,0.095,0.05,0.038,0.0545,0.028,0.0245,0.0005,0,0.155,0.02,0.0065,10,44547.61501378333,251165.202166,3,0
0.07,0.0325,0.0535,0.0505,0.0375,0.0105,0.0095,0.02,0.01,0.0045,0,0.034,0.04,0.0045,10,44547.94755491666,261760.24512500002,3,0
0.0355,0.008,0.0045,0.0035,0.006,0.0055,0.0035,0.0025,0.0015,0.0015,0,0.012,0.005,0.0005,10,44547.74825155,96529.59205100006,3,0
0.0115,0.0065,0.0075,0.004,0.0045,0.003,0.0035,0.0015,0.0005,0.0005,0,0.0075,0.0045,0.0005,10,41915.75754863334,985170.711836,3,0
0.0225,0.0085,0.012,0.0035,0.0075,0.0035,0.0035,0.0015,0.0015,0.0015,0,0.0075,0.002,0.0005,10,41915.90791375,657516.663932,3,0
0.03,0.0195,0.0285,0.0325,0.0175,0.0105,0.0125,0.004,0.003,0.0005,0,0.0235,0.008,0.0005,10,41915.6954308,303605.105297,3,0
0.035,0.009,0.0195,0.005,0.0065,0.0075,0.0025,0.0025,0.0015,0.0005,0,0.011,0.01,0.0005,10,41915.73838638333,388303.767985,3,0
0.215,0.355,0.365,0.525,0.5,0.485,0.565,0.51,0.675,0.9995,3,0.215,0.465,0.9995,10,41915.83381396667,47971.235967,3,1
0.035,0.0195,0.0205,0.009,0.008,0.0075,0.005,0.0035,0.0015,0.0005,0,0.013,0.0085,0.001,10,41915.69119229999,443340.074923,3,0
0.04,0.029,0.0265,0.0095,0.01,0.01,0.005,0.003,0.002,0.001,0,0.0155,0.0085,0.001,10,41915.76599625,184304.901508,3,0
0.06,0.0365,0.0435,0.019,0.0095,0.011,0.0075,0.005,0.002,0.001,0,0.025,0.0105,0.001,10,41915.838038500005,120786.89383,3,0
0.09,0.165,0.155,0.195,0.185,0.185,0.21,0.205,0.295,0.595,1,0.09,0.175,0.595,10,41915.72994475,72502.393858,3,1
0.085,0.0515,0.0445,0.0295,0.017,0.0165,0.0115,0.006,0.0025,0.0015,0,0.04,0.031,0.002,10,41915.73415271667,208207.761,3,0
0.0365,0.083,0.2815,0.136,0.1655,0.047,0.057,0.0455,0.03,0.0145,2,0.0825,0.0925,0.01,10,41915.80539286667,496459.477756,3,0
0.735,0.485,0.345,0.24,0.115,0.195,0.06,0.045,0.02,0.004,3,0.495,0.24,0.005,10,41915.7968988,179910.503831,3,0
0.15,0.08,0.0815,0.0555,0.024,0.0295,0.0135,0.0105,0.003,0.0005,0,0.08,0.046,0.0015,10,41915.801141,250031.703584,3,0
0.0295,0.035,0.0705,0.0515,0.0605,0.0165,0.0315,0.0125,0.005,0.0005,0,0.044,0.034,0.001,10,41915.8725401,275175.05488,3,0
0.008,0.004,0.012,0.0065,0.0075,0.004,0.0055,0.002,0.002,0.0015,0,0.0085,0.0035,0.0005,10,41915.770248500005,160677.151648,3,0
0.335,0.245,0.165,0.1,0.0485,0.06,0.0145,0.0115,0.0095,0.001,0,0.2,0.084,0.0015,10,41915.761776566666,217809.616952,3,0
0.0095,0.003,0.0275,0.0145,0.0055,0.0035,0.0085,0.0035,0.002,0.0005,0,0.009,0.0085,0.0005,10,41915.69970036667,219304.037484,3,0
0.0035,0.009,0.0085,0.007,0.0055,0.0055,0.0035,0.0035,0.0015,0.0005,0,0.005,0.0045,0.0005,10,43758.202845483334,713499.137676,3,0
0.385,0.095,0.1115,0.085,0.0385,0.0405,0.1355,0.054,0.047,0.0485,0,0.185,0.0445,0.0465,10,43758.2547355,523637.451397,3,1
0.0125,0.014,0.0085,0.007,0.006,0.005,0.0035,0.0035,0.0015,0.0005,0,0.006,0.0065,0.0005,10,43758.18594596667,297430.167833,3,0
0.0145,0.0165,0.0175,0.0095,0.0105,0.007,0.0025,0.0035,0.002,0.0005,0,0.0065,0.0075,0.001,10,43758.34913371666,136613.701437,3,0
0.0115,0.051,0.0165,0.016,0.0115,0.0095,0.0035,0.0025,0.0025,0.0005,0,0.0145,0.0105,0.0015,10,43758.194393983336,149374.706609,3,0
0.0085,0.047,0.0355,0.0225,0.032,0.014,0.0075,0.0085,0.002,0.0005,0,0.0315,0.012,0.001,10,43758.26319875,185131.014863,3,0
0.0285,0.0945,0.071,0.0375,0.0505,0.0295,0.008,0.0035,0.005,0.0005,0,0.0475,0.0335,0.0015,10,43758.181721333334,158702.617574,3,0
0.0155,0.0025,0.003,0.003,0.004,0.0015,0.0015,0.0015,0.0015,0.001,0,0.003,0.0015,0.0005,10,43758.24030311666,68616.982036,3,0
0.06,0.185,0.135,0.115,0.125,0.0585,0.0185,0.0055,0.0075,0.0005,2,0.11,0.065,0.005,10,43758.16016676666,321326.967396,3,0
0.13,0.265,0.265,0.345,0.915,,,,,,1,0.13,0.265,0.915,5,43758.21130916666,47819.236117,3,1
0.315,0.56,0.54,0.75,0.845,,,,,,1,0.315,0.54,0.845,5,43758.25051206667,49010.534496,3,1
0.0325,0.0155,0.014,0.01,0.008,0.008,0.0065,0.006,0.0025,0.0055,0,0.022,0.0075,0.004,10,43758.190175,112858.258771,3,0
0.8,0.39,0.265,0.28,0.18,0.175,0.515,0.45,0.485,0.425,5,0.555,0.195,0.3,10,43758.2445363,806136.253951,3,1
0.11,0.026,0.026,0.023,0.0125,0.0135,0.015,0.0125,0.0025,0.01,0,0.0595,0.008,0.0185,10,43758.31040471666,319001.455089,3,0
0.019,0.0075,0.0095,0.0055,0.0065,0.0075,0.0055,0.003,0.003,0.0035,0,0.019,0.008,0.0015,10,43758.23185,62395.141152,3,0
0.0175,0.005,0.004,0.006,0.0055,0.002,0.0075,0.0045,0.0015,0.001,0,0.003,0.0025,0.0025,10,43758.25896666667,33697.361697,3,0
0.011,0.0015,0.002,0.002,0.0015,0.0015,0.0015,0.0015,0.0015,0.0005,0,0.0015,0.0015,0.0005,10,43758.19861381667,362064.031374,3,0
0.015,0.003,0.0015,0.0015,0.0015,0.0015,0.0015,0.0015,0.0015,0.0005,0,0.0035,0.0015,0.0005,10,43758.20707716666,91290.908165,3,0
0.21,0.1,0.1,0.0535,0.025,0.018,0.0085,0.005,0.0015,0.001,0,0.23,0.02,0.0015,10,42285.923942500005,49743.503957,3,0
0.63,0.565,0.715,0.725,0.64,0.575,0.705,0.675,0.695,0.9995,0,0.58,0.655,0.74,10,42285.91970901667,35133.810781,3,1
0.0255,0.0315,0.0215,0.0185,0.026,0.0175,0.0065,0.0045,0.0025,0.001,0,0.021,0.009,0.002,10,42285.91545963333,42776.135984,3,0
0.115,0.0545,0.049,0.023,0.0165,0.007,0.004,0.005,0.0015,0.001,0,0.125,0.0115,0.0035,10,42285.87518898333,74909.804707,3,0
0.055,0.07,0.041,0.0465,0.0545,0.0435,0.0105,0.0205,0.0015,0.001,0,0.0385,0.0305,0.002,10,42285.883680716666,145890.605666,3,0
0.35,0.195,0.19,0.115,0.0345,0.01,0.014,0.0035,0.003,0.001,0,0.365,0.025,0.003,10,42285.91121898333,46559.741007,3,0
0.36,0.405,0.315,0.245,0.465,0.605,0.235,0.26,0.08,0.003,4,0.19,0.36,0.0555,10,42285.8794408,169916.835782,3,0
0.0225,0.0105,0.0085,0.0085,0.013,0.0045,0.004,0.004,0.002,0.001,0,0.022,0.0115,0.0015,10,42285.892426750004,16961.260788,3,0
0.035,0.014,0.019,0.0105,0.0085,0.004,0.0075,0.005,0.0015,0.001,0,0.0325,0.007,0.0005,10,42285.963687083335,49421.115643,3,0
0.595,0.38,0.39,0.28,0.075,0.036,0.0555,0.022,0.0035,0.001,1,0.585,0.085,0.0025,10,42285.88792116667,73799.539575,3,0
0.145,0.175,0.135,0.08,0.16,0.175,0.0505,0.0305,0.0125,0.001,0,0.18,0.11,0.006,10,42285.92817303333,128134.670341,3,0
0.02,0.009,0.004,0.0045,0.0025,0.0065,0.0035,0.0025,0.0025,0.001,0,0.019,0.0055,0.0025,10,42285.93241891667,6937.636663,3,0
0.0275,0.016,0.005,0.0075,0.0105,0.01,0.0035,0.0025,0.0015,0.0005,0,0.0075,0.007,0.0005,10,43428.111563549995,611870.045933,3,0
0.065,0.0245,0.016,0.014,0.018,0.0165,0.0075,0.0025,0.0035,0.0005,0,0.038,0.012,0.001,10,43428.09887916667,274687.541367,3,0
0.115,0.0305,0.0305,0.0415,0.0235,0.0155,0.007,0.0055,0.003,0.0005,0,0.08,0.019,0.001,10,43428.10733681666,104690.850248,3,0
0.225,0.065,0.085,0.135,0.045,0.029,0.0085,0.0095,0.0045,0.0015,0,0.215,0.0375,0.001,10,43428.06934663334,97399.815866,3,0
0.58,0.22,0.3,0.45,0.18,0.09,0.018,0.0335,0.024,0.0015,3,0.595,0.16,0.002,10,43428.1031035,164426.166642,3,0
0.215,0.345,0.545,0.415,0.345,0.295,0.355,0.49,0.575,0.675,9,0.22,0.18,0.635,10,43428.065103333334,127484.412918,3,1
0.045,0.121,0.0725,0.0235,0.0715,0.0975,0.1225,0.068,0.011,0.0005,0,0.037,0.0735,0.0035,10,43428.07357669999,238282.946959,3,0
0.033,0.0255,0.012,0.011,0.019,0.022,0.0245,0.0145,0.005,0.0005,0,0.027,0.016,0.0015,10,43428.02159361667,170475.651512,3,0
0.0255,0.0125,0.0095,0.0045,0.006,0.007,0.0115,0.003,0.002,0.0005,0,0.0165,0.006,0.001,10,43428.038492533335,205752.553618,3,0
0.045,0.0265,0.0095,0.012,0.0105,0.015,0.0025,0.0025,0.0015,0.0005,0,0.023,0.0075,0.0005,10,43428.06053345,390472.652535,3,0
0.085,0.0295,0.0195,0.0255,0.023,0.0165,0.0045,0.0045,0.0045,0.001,0,0.045,0.017,0.001,10,43428.077803550004,490131.304872,3,0
0.155,0.045,0.0535,0.092,0.037,0.026,0.0095,0.0075,0.005,0.001,0,0.13,0.0275,0.001,10,43428.00888853333,120702.685984,3,0
0.365,0.12,0.165,0.25,0.085,0.065,0.0185,0.016,0.004,0.0005,0,0.34,0.085,0.0025,10,43428.025823649994,137940.689351,3,0
0.85,0.395,0.535,0.75,0.365,0.22,0.075,0.0405,0.033,0.0005,7,0.9,0.305,0.0055,10,43428.056306599996,369566.851105,3,0
0.49,0.44,0.64,0.79,0.9955,,,,,,3,0.49,0.64,0.9955,5,43428.034272933335,16882.799856,3,1
0.095,0.3,0.185,0.09,0.19,0.255,0.45,0.29,0.0285,0.002,2,0.105,0.19,0.005,10,43428.00465475,373657.235046,3,0
0.029,0.0365,0.034,0.0105,0.034,0.0265,0.052,0.021,0.0075,0.0005,0,0.023,0.0245,0.0035,10,43428.03004146667,186683.859469,3,0
0.0265,0.0225,0.0085,0.0055,0.008,0.0085,0.0165,0.0075,0.0025,0.0005,0,0.0165,0.009,0.001,10,43427.99179598333,229109.184488,3,0
0.021,0.0075,0.005,0.005,0.005,0.0055,0.0035,0.0015,0.0015,0.0005,0,0.0105,0.0055,0.001,10,43428.00042626667,124317.934616,3,0
0.495,0.009,0.011,0.009,0.0045,0.0025,0.0025,0.0045,0.0015,0.001,0,0.0145,0.004,0.0025,10,44189.10382253334,1238367.260863,3,0
0.495,0.31,0.205,0.105,0.07,0.034,0.0205,0.0135,0.0045,0.001,0,0.395,0.048,0.0025,10,44189.04000605,505299.290635,3,0
0.65,0.784,0.6195,0.2785,0.221,0.0855,0.0855,0.0655,0.054,0.0005,1,0.911,0.071,0.0135,10,44188.886125,908896.527363,3,0
0.495,0.405,0.345,0.41,0.37,0.38,0.4,0.455,0.53,0.52,3,0.47,0.395,0.56,10,44188.89459133334,318232.725605,3,1
0.495,0.0305,0.0185,0.033,0.027,0.034,0.031,0.027,0.047,0.0385,0,0.032,0.0265,0.044,10,44189.04423691667,315420.807552,3,1
0.51,0.0415,0.0295,0.029,0.015,0.013,0.005,0.0065,0.0025,0.001,1,0.0575,0.012,0.0015,10,44188.94382145,814074.149235,3,0
0.5,0.4,0.275,0.1235,0.0785,0.0425,0.0265,0.015,0.0085,0.001,3,0.51,0.039,0.004,10,44188.80631598333,141142.090131,3,0
0.495,0.29,0.25,0.29,0.24,0.25,0.26,0.31,0.375,0.35,0,0.335,0.29,0.39,10,44189.0075478,74333.834305,3,1
0.495,0.011,0.01,0.0075,0.007,0.0085,0.0095,0.0115,0.0165,0.0095,0,0.0135,0.0125,0.0135,10,44188.844042933335,134607.537199,3,1
0.53,0.085,0.06,0.0405,0.0325,0.0165,0.0095,0.004,0.003,0.001,1,0.14,0.023,0.0015,10,44189.14451666667,190902.000104,3,0
0.505,0.51,0.37,0.16,0.105,0.044,0.033,0.0295,0.0145,0.001,1,0.625,0.0475,0.0045,10,44188.89035761667,175875.922208,3,0
0.775,0.71,0.62,0.59,0.705,0.605,0.675,0.715,0.88,0.84,0,0.765,0.605,0.84,10,44359.12743306667,92507.942425,3,1
0.495,0.195,0.145,0.2,0.16,0.16,0.17,0.21,0.245,0.21,0,0.225,0.175,0.23,10,44189.10805646667,46051.143789,3,1
0.495,0.15,0.08,0.0615,0.0475,0.027,0.012,0.007,0.002,0.001,0,0.21,0.036,0.0015,10,44188.9733892,179699.474095,3,0
0.545,0.645,0.485,0.185,0.15,0.0615,0.046,0.04,0.029,0.0005,1,0.77,0.095,0.0115,10,44189.01178298333,305055.422482,3,0
0.495,0.55,0.5,0.54,0.495,0.515,0.56,0.66,0.755,0.75,7,0.61,0.56,0.785,10,44188.928248066666,78608.565394,3,1
0.495,0.08,0.06,0.06,0.055,0.06,0.075,0.075,0.085,0.075,0,0.09,0.07,0.09,10,44188.97762228334,48945.327909,3,1
0.03,0.011,0.01,0.01,0.0125,0.011,0.0035,0.0015,0.002,0.0015,0,0.014,0.0105,0.0005,10,42813.440762616665,530636.583907,3,0
0.06,0.032,0.052,0.057,0.0465,0.0245,0.0075,0.0035,0.0045,0.0005,0,0.0475,0.0175,0.004,10,42811.22908108333,437988.962483,3,0
0.195,0.155,0.195,0.245,0.235,0.185,0.06,0.0195,0.007,0.001,0,0.22,0.15,0.0005,10,42812.4639495,101336.419735,3,0
0.475,0.435,0.51,0.655,0.722,0.7435,0.442,0.194,0.022,0.001,4,0.545,0.5855,0.0165,10,42812.6608003,121874.303353,3,0
0.695,0.7,0.795,0.765,0.68,0.75,0.695,0.735,0.8,0.951,0,0.655,0.68,0.89,10,42812.97632751667,7817.282631,3,1
0.6,0.535,0.395,0.22,0.15,0.105,0.08,0.105,0.0685,0.005,5,0.47,0.15,0.01,10,42813.1237903,107365.577396,3,0
0.355,0.3,0.195,0.105,0.055,0.055,0.029,0.043,0.018,0.004,0,0.255,0.115,0.006,10,42811.59724178333,51472.04914,3,0
0.115,0.105,0.08,0.06,0.029,0.0205,0.009,0.007,0.0075,0.0015,0,0.095,0.015,0.0005,10,42810.559093133335,57203.584225,3,0
0.015,0.016,0.0145,0.0085,0.0105,0.0015,0.003,0.002,0.002,0.0015,0,0.0155,0.003,0.0015,10,42811.86340578333,82169.767159,3,0
0.045,0.023,0.0245,0.025,0.026,0.017,0.002,0.003,0.0045,0.001,0,0.0455,0.012,0.0005,10,42812.02504546666,111734.194785,3,0
0.105,0.08,0.105,0.11,0.11,0.09,0.0155,0.011,0.0065,0.0005,0,0.09,0.065,0.0005,10,42812.3260864,241666.842485,3,0
0.39,0.355,0.415,0.51,0.56,0.55,0.29,0.1,0.0105,0.0085,8,0.445,0.485,0.0065,10,42811.43080728334,92217.882689,3,0
0.585,0.58,0.63,0.565,0.55,0.57,0.78,0.745,0.83,0.86,0,0.535,0.55,0.885,10,42813.3084931,20708.194495,3,1
0.83,0.795,0.945,0.935,0.9165,0.8325,0.9185,0.855,0.8485,0.883,0,0.795,0.908,0.8485,10,42810.85935305,14492.005602,3,1
0.755,0.675,0.535,0.3,0.225,0.14,0.185,0.21,0.235,0.006,3,0.615,0.265,0.022,10,42810.74284108333,160304.536161,3,0
0.47,0.405,0.275,0.145,0.08,0.07,0.0455,0.076,0.029,0.001,0,0.36,0.13,0.0015,10,42811.73040371667,74875.987941,3,0
0.265,0.22,0.125,0.075,0.065,0.04,0.0145,0.0235,0.024,0.004,0,0.175,0.1,0.0005,10,42812.19309056667,67737.671024,3,0
0.065,0.0465,0.038,0.0215,0.018,0.018,0.003,0.0025,0.0045,0.0005,0,0.033,0.0185,0.0005,10,42811.060418216664,47408.679479,3,0
0.1,0.175,0.31,0.215,0.22,0.085,0.0365,0.0275,0.0055,0.003,0,0.095,0.14,0.003,10,43968.00725,682184.290999,3,0
0.28,0.35,0.645,0.38,0.35,0.205,0.07,0.065,0.0325,0.0015,4,0.215,0.325,0.007,10,43968.15721666667,308679.586126,3,0
0.56,0.515,0.32,0.51,0.57,0.665,0.575,0.48,0.525,0.645,4,0.515,0.665,0.525,10,43967.65618333333,41236.459765,3,1
0.675,0.61,0.42,0.645,0.7,0.8,0.79,0.61,0.67,0.805,2,0.61,0.8,0.67,10,43967.80691666667,20791.862303,3,1
0.835,0.785,0.665,0.835,0.943,,,,,,0,0.835,0.665,0.943,5,43967.6074,25552.56662,3,1
0.635,0.475,0.205,0.345,0.355,0.52,0.665,0.405,0.185,0.189,11,0.725,0.355,0.325,10,43967.194416666665,182652.925421,3,0
0.515,0.355,0.145,0.25,0.255,0.38,0.445,0.24,0.11,0.004,3,0.585,0.245,0.09,10,43967.05941666666,66156.958721,3,0
0.39,0.255,0.105,0.19,0.185,0.27,0.305,0.155,0.055,0.0025,2,0.46,0.16,0.0255,10,43966.97331666667,114540.758953,3,0
0.245,0.14,0.045,0.0615,0.0855,0.1185,0.11,0.0405,0.011,0.0015,0,0.245,0.0975,0.0105,10,43966.470283333336,158290.491598,3,0
0.12,0.06,0.016,0.018,0.026,0.0355,0.03,0.012,0.0025,0.001,0,0.075,0.024,0.001,10,43966.569983333335,141935.331773,3,0
0.026,0.0135,0.0085,0.009,0.01,0.008,0.0075,0.0035,0.002,0.001,0,0.0155,0.0085,0.0015,10,43966.71746666667,202276.555028,3,0
0.03,0.027,0.022,0.0195,0.008,0.0035,0.0035,0.004,0.0015,0.0005,0,0.0235,0.0035,0.0005,10,34191.3373839,312798.63499,3,0
0.38,0.345,0.315,0.065,0.044,0.009,0.0085,0.011,0.004,0.001,0,0.45,0.018,0.002,10,45303.410833333335,254818.668245,3,0
0.17,0.14,0.125,0.0315,0.0235,0.0085,0.0085,0.0105,0.004,0.0005,0,0.195,0.023,0.0015,10,45303.419266666664,321013.581254,3,0
0.4985,0.899,0.7355,0.8625,0.9995,,,,,,1,0.4985,0.7355,0.9995,5,45303.39553333333,45382.809613,3,1
0.034,0.0195,0.0155,0.049,0.1185,0.4645,0.4745,0.0705,0.037,0.0005,0,0.0185,0.1045,0.008,10,45303.581666666665,1827555.754996,3,0
0.55,0.545,0.465,0.105,0.075,0.026,0.0145,0.018,0.0035,0.0005,3,0.645,0.041,0.0025,10,45303.48496666667,320709.2053,3,0
0.395,0.47,0.4,0.445,0.49,0.62,0.515,0.555,0.585,0.725,1,0.47,0.685,0.725,10,29640.95795,179207.557946,3,1
0.19,0.115,0.19,0.125,0.125,0.16,0.15,0.145,0.265,0.505,1,0.11,0.175,0.39,10,45303.40398333334,145548.081876,3,1
0.4,0.315,0.385,0.375,0.35,0.415,0.425,0.435,0.56,0.875,1,0.36,0.35,0.65,10,45303.415049999996,80214.090537,3,1
0.71,0.575,0.685,0.715,0.66,0.625,0.725,0.76,0.76,0.955,0,0.66,0.66,0.805,10,45303.315533333334,251951.604361,3,1
0.04,0.0525,0.038,0.0165,0.01,0.007,0.0065,0.0065,0.0025,0.001,0,0.065,0.007,0.001,10,45303.39975,318202.805088,3,0
0.027,0.0135,0.0085,0.0085,0.006,0.004,0.004,0.0015,0.001,0.0005,0,0.024,0.0035,0.001,10,45303.58588333333,240690.9529,3,0
0.45,0.035,0.033,0.024,0.015,0.0155,0.011,0.0025,0.0015,0.001,0,0.036,0.0155,0.001,10,43998.29068806666,6121.664037999996,4,0
0.036,0.011,0.006,0.0005,0.0005,0.0005,0.0005,0.0005,0.0005,0.0005,0,0.012,0.0005,0.0005,10,43998.17069496667,4303.233332999999,4,0
0.0205,0.0035,0.0035,0.008,0.0015,0.0015,0.0025,0.0025,0.002,0.002,0,0.0215,0.0015,0.002,10,43997.83478128333,8157.774854999999,4,0
0.15,0.022,0.0045,0.0155,0.007,0.0035,0.0015,0.001,0.001,0.001,0,0.043,0.004,0.001,10,43996.987338750005,5845.064929000002,4,0
0.205,0.155,0.16,0.155,0.135,0.029,0.03,0.0065,0.0065,0.0005,0,0.105,0.025,0.0055,10,43997.399032366666,15166.198514999998,4,0
0.205,0.17,0.17,0.08,0.06,0.055,0.04,0.034,0.0035,0.0005,0,0.17,0.055,0.002,10,43997.860157949995,3549.331917000001,4,0
0.395,0.0165,0.012,0.005,0.002,0.002,0.001,0.002,0.0035,0.0005,0,0.019,0.002,0.0035,10,43997.224530683336,7669.767286000024,4,0
0.315,0.0575,0.034,0.0465,0.0335,0.008,0.0045,0.002,0.002,0.002,0,0.076,0.0305,0.001,10,43998.28643888333,13555.154496000005,4,0
0.55,0.275,0.535,0.36,0.365,0.165,0.125,0.235,0.14,0.0665,9,0.2,0.75,0.0315,10,43998.03081728333,4376.443609000001,4,1
0.45,0.565,0.62,0.575,0.5,0.37,0.45,0.08,0.37,0.0005,4,0.76,0.495,0.0025,10,43996.46041285,4303.917557000002,4,0
0.027,0.0055,0.0035,0.0025,0.0025,0.0025,0.0015,0.0005,0.0005,0.0005,0,0.005,0.0015,0.0005,10,41769.99714,15655.355765999997,4,0
0.0105,0.0075,0.0075,0.0075,0.0055,0.0055,0.005,0.0035,0.0005,0.0015,0,0.0105,0.0055,0.0005,10,41769.863932533335,12960.420196000005,4,0
0.105,0.035,0.034,0.034,0.026,0.0055,0.0035,0.0115,0.0005,0.001,0,0.0355,0.005,0.0015,10,41772.22015471666,18066.559642999982,4,0
0.011,0.005,0.003,0.003,0.0015,0.0015,0.0015,0.0005,0.0005,0.0005,0,0.0055,0.0015,0.0005,10,41769.392363716666,6904.8258220000025,4,0
0.425,0.28,0.195,0.195,0.21,0.21,0.205,0.125,0.045,0.0055,0,0.28,0.21,0.03,10,41769.45542131667,4534.536682000002,4,0
0.44,0.325,0.305,0.305,0.15,0.13,0.15,0.039,0.009,0.0025,0,0.44,0.15,0.0115,10,41769.647994583334,4051.082105999997,4,0
0.0065,0.0065,0.0035,0.0035,0.0035,0.0035,0.003,0.0005,0.0005,0.0005,0,0.0065,0.0035,0.0005,10,41769.62591536667,16285.184513000004,4,0
0.004,0.0015,0.0015,0.0015,0.0005,0.0005,0.0005,0.0005,0.0005,0.0005,0,0.004,0.0005,0.0005,10,41772.940633050006,9430.160805000018,4,0
0.055,0.065,0.045,0.045,0.0185,0.0185,0.0125,0.012,0.003,0.003,0,0.065,0.0185,0.0035,10,41769.7995332,14600.620087000008,4,0
0.585,0.665,0.625,0.57,0.385,0.325,0.32,0.305,0.23,0.705,2,0.75,0.325,0.635,10,44543.545860750004,7168.808576000001,4,1
0.475,0.25,0.225,0.11,0.105,0.115,0.045,0.0465,0.0205,0.0105,0,0.245,0.115,0.013,10,44543.12054461667,8929.094234000002,4,0
0.0445,0.0125,0.0295,0.0155,0.0145,0.008,0.0035,0.0015,0.001,0.0005,0,0.019,0.0085,0.0005,10,44543.082109066665,26344.974815000023,4,0
0.02,0.0035,0.0035,0.0035,0.0045,0.003,0.003,0.0015,0.0005,0.0005,0,0.0185,0.0045,0.001,10,44543.777332566664,33625.86660499998,4,0
0.0185,0.004,0.003,0.0025,0.0035,0.0015,0.0015,0.0015,0.001,0.0005,0,0.0125,0.0015,0.001,10,44543.24845095,52651.99478099999,4,0
0.125,0.025,0.0065,0.003,0.0045,0.003,0.002,0.0015,0.001,0.0005,0,0.0265,0.0035,0.0005,10,44543.80665405,35849.200863999984,4,0
0.04,0.0355,0.0135,0.0055,0.0105,0.0065,0.0065,0.007,0.0045,0.001,0,0.381,0.0075,0.003,10,44543.881336000006,42059.58128000006,4,0
0.475,0.16,0.16,0.0395,0.0555,0.0595,0.032,0.0295,0.0035,0.001,0,0.16,0.026,0.0025,10,44543.952990783335,18351.69385700002,4,0
0.525,0.55,0.53,0.37,0.43,0.49,0.385,0.235,0.315,0.016,5,0.525,0.455,0.045,10,44544.008998883335,14764.517296999995,4,0
0.41,0.05,0.04,0.0455,0.034,0.0195,0.0065,0.0075,0.0015,0.0005,0,0.075,0.0255,0.0005,10,44543.91815896667,51307.84107000002,4,0
0.29,0.295,0.04,0.154,0.0465,0.0355,0.017,0.0075,0.0435,0.0005,0,0.285,0.028,0.0005,10,37887.09910128333,9656.718574,4,0
0.36,0.07,0.04,0.0595,0.0455,0.0365,0.0105,0.011,0.0045,0.0005,0,0.29,0.037,0.001,10,37887.07414265,28623.506859,4,0
0.725,0.13,0.185,0.125,0.1,0.085,0.065,0.04,0.0075,0.002,1,0.74,0.1,0.002,10,37887.03854153333,41186.418903,4,0
0.29,0.34,0.185,0.245,0.225,0.085,0.125,0.095,0.26,0.004,2,0.275,0.085,0.018,10,37887.1396163,15733.401243,4,0
0.245,0.0245,0.002,0.003,0.0015,0.0025,0.0025,0.0015,0.0015,0.0005,0,0.1,0.002,0.0005,10,37887.13539165,688356.760327,4,0
0.255,0.0225,0.015,0.0045,0.0045,0.0035,0.0045,0.002,0.0005,0.0005,0,0.235,0.0045,0.0005,10,37887.069914316664,44344.249559,4,0
0.255,0.068,0.0255,0.0195,0.0105,0.0085,0.006,0.0055,0.0025,0.0005,0,0.0365,0.009,0.0005,10,37887.061475250004,32856.550841,4,0
0.355,0.0435,0.018,0.0085,0.0125,0.011,0.0075,0.003,0.0005,0.001,0,0.26,0.0105,0.0005,10,37887.10333025,52416.896061,4,0
0.49,0.525,0.66,0.69,0.9995,,,,,,1,0.49,0.66,0.9995,5,37887.065695916666,19276.712348,4,1
0.445,0.47,0.19,0.45,0.9,,,,,,1,0.445,0.19,0.9,5,37887.10756755,216562.023319,4,1
0.016,0.006,0.0035,0.005,0.0105,0.008,0.003,0.002,0.0005,0.0005,0,0.0145,0.01,0.0005,10,44035.70566671667,72181.229544,4,0
0.03,0.0235,0.0285,0.016,0.039,0.016,0.0135,0.004,0.002,0.0005,0,0.02,0.024,0.0005,10,44035.635253483335,33707.753961,4,0
0.055,0.0205,0.0045,0.017,0.012,0.0055,0.012,0.004,0.001,0.004,0,0.032,0.0075,0.002,10,44035.67768073334,11963.777413,4,0
0.035,0.006,0.0045,0.0055,0.005,0.0045,0.004,0.0035,0.0015,0.0005,0,0.011,0.005,0.001,10,44035.605620133334,6287.47328,4,0
0.655,0.745,0.87,0.845,0.859,,,,,,0,0.655,0.87,0.859,5,44035.64372476667,15239.729402,4,1
0.07,0.136,0.1275,0.1045,0.1355,0.1015,0.0585,0.0085,0.006,0.0005,0,0.058,0.1115,0.0015,10,44035.70993878333,27297.519543,4,0
0.19,0.375,0.37,0.32,0.525,0.52,0.085,0.028,0.042,0.0005,6,0.15,0.505,0.007,10,44035.60138581667,27317.431102,4,0
0.37,0.285,0.265,0.225,0.09,0.05,0.13,0.05,0.07,0.0075,0,0.35,0.055,0.049,10,44035.67344326666,44458.148877,4,1
0.175,0.14,0.0345,0.048,0.0265,0.012,0.0325,0.017,0.0055,0.05,0,0.14,0.0215,0.0035,10,44035.6394903,31679.612747,4,0
0.0275,0.0035,0.0035,0.0035,0.0025,0.002,0.0025,0.0015,0.0005,0.0005,0,0.0045,0.0025,0.0005,10,44035.6098548,47178.293007,4,0
0.08,0.045,0.0275,0.0155,0.015,0.0045,0.0015,0.0005,0.0005,0.0005,0,0.05,0.0115,0.0005,10,42657.76275736666,37786.775014,4,0
0.64,0.175,0.27,0.26,0.095,0.07,0.028,0.003,0.0055,0.0005,1,0.35,0.09,0.001,10,42657.710470683334,23330.073017,4,0
0.11,0.045,0.085,0.045,0.0285,0.012,0.0155,0.095,0.0015,0.0005,0,0.04,0.0115,0.001,10,42657.7146953,19518.411279,4,0
0.17,0.0425,0.042,0.049,0.0475,0.0305,0.0085,0.0015,0.0015,0.001,0,0.1,0.0455,0.002,10,42657.70625125,35670.034906,4,0
0.09,0.23,0.255,0.18,0.165,0.23,0.265,0.23,0.205,0.89,1,0.11,0.13,0.235,10,42657.70203388333,137262.387424,4,1
0.0395,0.0225,0.022,0.0265,0.041,0.0255,0.0145,0.0065,0.0015,0.0005,0,0.019,0.0295,0.001,10,43999.303352250005,315093.47813699994,5,0
0.51,0.67,0.18,0.74,0.735,0.555,0.615,0.625,0.62,0.76,4,0.68,0.74,0.62,10,43998.89932806666,580.694685,5,1
0.0185,0.009,0.007,0.009,0.0135,0.006,0.0045,0.0025,0.001,0.0005,0,0.0165,0.01,0.001,10,43999.16830775,244705.28067600017,5,0
0.485,0.1875,0.1265,0.116,0.1305,0.04,0.033,0.007,0.001,0.0015,0,0.114,0.054,0.0015,10,43999.43584048333,142528.66662400006,5,0
0.0245,0.016,0.0155,0.005,0.0035,0.0045,0.002,0.003,0.0025,0.0005,0,0.0205,0.0045,0.002,10,43997.76682515,25340.167339000025,5,0
0.0345,0.029,0.0225,0.0205,0.005,0.005,0.0075,0.0025,0.0005,0.0005,0,0.0325,0.005,0.0005,10,41764.72839501667,23202.184025000002,5,0
0.0755,0.0695,0.05,0.05,0.05,0.0335,0.0215,0.0215,0.0105,0.0015,0,0.0695,0.05,0.0015,10,41764.69618308333,388559.78388300043,5,0
0.0215,0.0145,0.014,0.014,0.014,0.0055,0.008,0.0065,0.003,0.001,0,0.0145,0.014,0.0015,10,41765.756141699996,284786.86449800007,5,0
0.705,0.665,0.67,0.67,0.595,,,,,,0,0.705,0.67,0.605,5,41765.37991685,8641.276906000003,5,1
0.185,0.02,0.017,0.019,0.0095,0.016,0.0065,0.005,0.003,0.0005,0,0.0205,0.0095,0.001,10,44527.79035663333,284943.305945,5,0
0.225,0.085,0.075,0.075,0.065,0.0455,0.0315,0.022,0.0085,0.0065,0,0.14,0.042,0.002,10,44527.75806398333,42866.10950499986,5,0
0.435,0.11,0.0775,0.0655,0.069,0.0685,0.034,0.02,0.016,0.004,0,0.115,0.061,0.022,10,44527.721153883336,229252.02650099993,5,0
0.345,0.17,0.14,0.11,0.0405,0.0505,0.037,0.021,0.0425,0.0015,0,0.23,0.157,0.002,10,41850.77914886666,205896.208707,5,0
0.235,0.045,0.096,0.142,0.1645,0.0335,0.0235,0.01,0.0015,0.01,0,0.065,0.039,0.001,10,41850.83977698334,56112.902624,5,0
0.245,0.012,0.0125,0.011,0.015,0.006,0.0065,0.0035,0.0015,0.0015,0,0.0245,0.01,0.0005,10,41850.835569916664,179869.628453,5,0
0.29,0.0305,0.0205,0.0185,0.01,0.016,0.009,0.004,0.0025,0.001,0,0.041,0.061,0.0015,10,41850.87610443333,185708.913436,5,0
0.15,0.049,0.0425,0.014,0.024,0.012,0.0185,0.0035,0.0025,0.0005,0,0.0345,0.0135,0.0015,10,43756.358649999995,75452.632783,5,0
0.023,0.2315,0.112,0.1335,0.082,0.122,0.015,0.006,0.004,0.001,0,0.163,0.065,0.003,10,43756.31698333333,18468.56301,5,0
0.525,0.5,0.78,0.85,0.83,,,,,,0,0.525,0.78,0.83,5,43756.273466666666,7638.714257,5,1
0.525,0.125,0.195,0.145,0.095,0.105,0.19,0.155,0.06,0.027,1,0.225,0.105,0.06,10,43756.32545,49687.321989,5,1
0.007,0.005,0.008,0.006,0.0045,0.0035,0.0045,0.0035,0.0025,0.0215,0,0.006,0.004,0.003,10,43756.32121666667,27614.082632,5,0
0.53,0.155,0.15,0.12,0.0285,0.015,0.0115,0.0045,0.018,0.001,1,0.275,0.0245,0.0025,10,42281.5748095,27983.927367,5,0
0.51,0.57,0.79,0.77,0.67,0.57,0.83,0.69,0.595,0.795,0,0.565,0.675,0.89,10,42281.587512050006,12343.609657,5,1
0.39,0.0095,0.007,0.0045,0.0035,0.002,0.0015,0.0025,0.0025,0.001,0,0.0075,0.004,0.0015,10,42281.55281571667,10555.09701,5,0
0.525,0.155,0.075,0.021,0.011,0.0055,0.0065,0.0025,0.0015,0.0005,1,0.225,0.01,0.0015,10,42281.583281449995,12736.765514,5,0
0.485,0.135,0.085,0.045,0.066,0.062,0.023,0.006,0.006,0.0025,0,0.04,0.065,0.006,10,42281.62172448333,23065.234691,5,0
0.345,0.075,0.11,0.12,0.075,0.045,0.0415,0.021,0.0125,0.0005,0,0.225,0.07,0.003,10,43427.97110903334,22370.692716,5,0
0.495,0.555,0.705,0.69,0.48,0.385,0.435,0.705,0.69,0.9985,7,0.38,0.365,0.9995,10,43427.962667349995,76410.768809,5,1
0.045,0.014,0.0075,0.002,0.01,0.0095,0.0085,0.0065,0.006,0.0005,0,0.0205,0.0095,0.002,10,43427.97533386666,85100.600668,5,0
0.185,0.033,0.059,0.0325,0.02,0.012,0.0055,0.0045,0.003,0.0015,0,0.08,0.0135,0.0025,10,43427.98753088333,53314.62725,5,0
0.755,0.385,0.605,0.635,0.26,0.11,0.075,0.0455,0.029,0.0005,3,0.745,0.175,0.0055,10,43427.96688691666,25644.358669,5,0
0.145,0.095,0.0745,0.0555,0.0675,0.09,0.0665,0.075,0.0235,0.0005,0,0.04,0.0695,0.0035,10,43427.9962087,10182.846396,5,0
0.49,0.27,0.21,0.145,0.115,0.0295,0.027,0.0115,0.002,0.0005,0,0.22,0.045,0.0025,10,44179.79544225,13815.816074,5,0
0.5,0.41,0.405,0.41,0.465,0.27,0.37,0.315,0.37,0.375,1,0.41,0.495,0.37,10,44179.761249150004,18191.566546,5,1
0.5,0.465,0.475,0.18,0.25,0.085,0.0245,0.0325,0.0075,0.0005,7,0.375,0.115,0.0115,10,44179.799670383334,25079.358012,5,0
0.5,0.25,0.0255,0.0255,0.0255,0.0255,0.0255,0.026,0.025,0.006,1,0.255,0.0255,0.0245,10,44179.765482033334,10950.353128,5,1
0.13,0.16,0.26,0.23,0.245,0.135,0.075,0.0845,0.0535,0.021,0,0.1,0.145,0.018,10,43963.73488775,42728.484163,5,0
0.545,0.37,0.42,0.655,0.57,0.475,0.4,0.28,0.145,0.0245,5,0.44,0.54,0.07,10,43964.54255706666,25803.899898,5,0
0.515,0.48,0.345,0.515,0.52,0.475,0.445,0.645,0.67,0.955,4,0.505,0.475,0.855,10,43964.37034625,561.554016,5,1
0.555,0.665,0.63,0.63,0.595,0.83,0.815,0.82,0.905,0.995,0,0.665,0.865,0.905,10,43963.86893395,1075.809918,5,1
0.545,0.52,0.375,0.205,0.225,0.11,0.195,0.15,0.215,0.0255,1,0.705,0.25,0.125,10,43964.7574081,1288.628389,5,0
0.5,0.24,0.2,0.125,0.105,0.1,0.1,0.095,0.075,0.0245,1,0.32,0.105,0.06,10,43964.23277321667,10371.096907,5,0
0.49,0.125,0.055,0.0025,0.011,0.0245,0.024,0.0035,0.003,0.0025,0,0.125,0.0395,0.003,10,43964.06752553333,8407.412068,5,0
0.23,0.013,0.0105,0.01,0.0075,0.0025,0.002,0.0015,0.0005,0.0025,0,0.04,0.005,0.002,10,45302.48326666666,17030.157019,5,0
0.15,0.004,0.005,0.005,0.0035,0.0015,0.003,0.0005,0.0005,0.002,0,0.0045,0.0035,0.002,10,45302.41885,63470.32623,5,0
0.29,0.125,0.175,0.15,0.16,0.115,0.445,0.35,0.33,0.585,1,0.165,0.145,0.37,10,45302.56698333333,5785.859261,5,1
0.57,0.355,0.37,0.105,0.13,0.0335,0.018,0.01,0.0085,0.0085,3,0.5,0.125,0.0075,10,45302.47481666667,13347.524571,5,0
0.035,0.0095,0.01,0.012,0.0165,0.031,0.0995,0.0305,0.0045,0.0025,0,0.0215,0.011,0.0025,10,45302.55854789999,275882.904835,5,0
0.395,0.28,0.43,0.31,0.36,0.365,0.45,0.44,0.69,0.88,3,0.38,0.36,0.64,10,45302.47058333333,13146.817021,5,1
0.65,0.55,0.76,0.77,0.63,0.64,0.655,0.81,0.8,0.855,0,0.555,0.63,0.8,10,45302.56276666666,1292.298901,5,1
0.39,0.31,0.1,0.2,0.17,0.0105,0.006,0.003,0.0025,0.0025,0,0.16,0.17,0.0025,10,45302.479049999994,4617.679032,5,0
0.495,0.12,0.19,0.115,0.105,0.085,0.055,0.075,0.205,0.71,1,0.1,0.12,0.395,10,42143.57247378333,54039.10208800001,6,1
0.58,0.375,0.6,0.51,0.42,0.19,0.135,0.73,0.205,0.805,8,0.56,0.265,0.605,10,42143.505048416664,43832.100205999974,6,1
0.71,0.72,0.7875,0.8385,0.9475,,,,,,0,0.71,0.7875,0.9475,5,42143.433092299994,917.321599,6,1
0.745,0.56,0.555,0.685,0.47,0.105,0.0135,0.014,0.005,0.0005,5,0.86,0.47,0.001,10,42143.462533566664,100349.90774099999,6,0
0.54,0.07,0.0395,0.0605,0.052,0.018,0.0105,0.004,0.0015,0.0005,1,0.145,0.0725,0.0015,10,42143.60545701667,38362.147284999955,6,0
0.465,0.03,0.0205,0.02,0.0235,0.0175,0.003,0.0025,0.0015,0.0005,0,0.035,0.021,0.0005,10,42143.50064041666,63883.279998000064,6,0
0.44,0.0185,0.016,0.0145,0.0045,0.0055,0.0015,0.0005,0.001,0.0005,0,0.02,0.0115,0.001,10,42143.466763983335,107953.33794499999,6,0
0.14,0.16,0.155,0.155,0.155,0.18,0.18,0.17,0.045,0.0045,0,0.14,0.18,0.016,10,41772.85652095,19726.33456300002,6,0
0.185,0.095,0.065,0.065,0.065,0.0155,0.0155,0.0155,0.0005,0.001,0,0.185,0.0155,0.0015,10,41772.54819765,38090.90295199997,6,0
0.0795,0.085,0.1325,0.071,0.071,0.049,0.042,0.0425,0.0145,0.001,0,0.0795,0.049,0.002,10,41772.029350766665,18449.091186999998,6,0
0.0555,0.0885,0.063,0.063,0.007,0.0085,0.009,0.014,0.001,0.0005,0,0.0555,0.007,0.0005,10,41772.38463278334,16727.301100000004,6,0
0.007,0.0075,0.006,0.006,0.0035,0.0035,0.003,0.0015,0.001,0.0005,0,0.007,0.0035,0.0005,10,41773.027921416666,26461.685695,6,0
0.055,0.0195,0.016,0.0625,0.109,0.0865,0.046,0.0155,0.0005,0.0035,0,0.0245,0.127,0.003,10,41769.38810316667,34983.210396,6,0
0.29,0.345,0.125,0.205,0.205,0.275,0.315,0.675,0.47,0.525,3,0.29,0.21,0.525,10,41772.7588216,3083.7622979999987,6,1
0.555,0.795,0.46,0.42,0.175,0.05,0.055,0.06,0.014,0.005,1,0.745,0.075,0.0165,10,41772.685267366665,20777.67544199999,6,0
0.1105,0.014,0.0215,0.019,0.0075,0.007,0.007,0.002,0.0015,0.0005,0,0.0285,0.011,0.001,10,41769.42402576667,27855.505008000007,6,0
0.255,0.075,0.045,0.0935,0.101,0.185,0.124,0.102,0.0255,0.0145,0,0.07,0.1245,0.0155,10,44543.36637226667,36286.12460600001,6,0
0.5,0.715,0.73,0.66,0.645,0.53,0.47,0.435,0.83,0.77,2,0.725,0.675,0.8,10,44543.984059216666,0.0,6,1
0.455,0.205,0.24,0.065,0.065,0.0145,0.017,0.0055,0.002,0.0015,0,0.22,0.027,0.001,10,44543.885567749996,123144.89241799986,6,0
0.385,0.13,0.11,0.045,0.025,0.0115,0.009,0.006,0.008,0.0005,0,0.15,0.01,0.0015,10,44543.979844999994,138468.98271999994,6,0
0.2545,0.017,0.0215,0.013,0.007,0.0055,0.009,0.004,0.0025,0.001,0,0.0205,0.0065,0.0015,10,44543.748283383335,29962.430898000013,6,0
0.05,0.03,0.0115,0.032,0.0535,0.0955,0.054,0.026,0.007,0.0005,0,0.0305,0.0935,0.0035,10,44543.70704535,129249.27908200015,6,0
0.33,0.185,0.155,0.175,0.2,0.415,0.5285,0.3205,0.296,0.115,4,0.24,0.415,0.159,10,44543.94873738333,39759.44294900001,6,0
0.415,0.445,0.365,0.29,0.365,0.385,0.385,0.55,0.685,0.895,1,0.445,0.31,0.665,10,44544.05140501667,0.0,6,1
0.685,0.55,0.605,0.415,0.22,0.11,0.0405,0.0375,0.0225,0.0095,1,0.615,0.11,0.018,10,44543.84557508333,40822.638329999965,6,0
0.204,0.0035,0.0055,0.0025,0.003,0.004,0.0035,0.0025,0.001,0.0015,0,0.013,0.004,0.001,10,44543.541636,36659.084734000055,6,0
0.225,0.075,0.035,0.0155,0.005,0.016,0.0085,0.0045,0.0015,0.0005,0,0.115,0.0125,0.0005,10,37878.59357501667,160494.410558,6,0
0.255,0.27,0.155,0.08,0.0245,0.005,0.0155,0.008,0.004,0.001,0,0.245,0.0165,0.0015,10,37878.52371013334,96701.437936,6,0
0.235,0.115,0.14,0.034,0.0075,0.013,0.0135,0.0065,0.0025,0.0005,0,0.105,0.008,0.0005,10,37878.49777578333,83450.539401,6,0
0.385,0.32,0.39,0.065,0.075,0.0555,0.0205,0.0135,0.003,0.0005,2,0.34,0.065,0.001,10,37878.55930088333,53899.624779,6,0
0.6,0.41,0.43,0.09,0.11,0.0635,0.0265,0.013,0.0055,0.001,3,0.53,0.11,0.008,10,37878.56354435,100914.764988,6,0
0.245,0.0175,0.0285,0.0595,0.0165,0.011,0.0075,0.0065,0.0045,0.004,0,0.155,0.009,0.0005,10,37878.527923183334,85957.715165,6,0
0.495,0.465,0.545,0.685,0.75,0.8135,0.6805,0.6695,0.658,0.8845,5,0.61,0.9535,0.74,10,37878.532166150006,30462.824331,6,1
0.25,0.235,0.35,0.55,0.125,0.085,0.105,0.075,0.013,0.0015,2,0.255,0.11,0.013,10,37878.55503143334,122283.664557,6,0
0.26,0.188,0.1685,0.1355,0.062,0.0405,0.027,0.018,0.012,0.0065,0,0.0545,0.0615,0.008,10,37878.6316132,59346.533037,6,0
0.0115,0.009,0.008,0.007,0.0075,0.007,0.004,0.005,0.023,0.0005,0,0.0085,0.008,0.002,10,44047.70770761666,201703.466339,6,0
0.0365,0.091,0.014,0.0085,0.007,0.009,0.0065,0.007,0.0915,0.0035,0,0.0095,0.0145,0.005,10,44047.61260171667,286098.040694,6,0
0.0175,0.038,0.1375,0.0345,0.0235,0.0215,0.0095,0.011,0.37,0.0025,0,0.0375,0.0435,0.039,10,44047.6474509,297586.564313,6,0
0.125,0.13,0.255,0.055,0.05,0.06,0.0235,0.0065,0.0565,0.226,0,0.13,0.09,0.007,10,44047.71615028333,72624.456995,6,1
0.5,0.54,0.53,0.28,0.18,0.18,0.085,0.0355,0.074,0.9995,4,0.355,0.315,0.052,10,44047.60837103333,145796.779059,6,1
0.905,0.89,0.875,0.935,0.945,,,,,,0,0.905,0.875,0.945,5,44047.64322183333,22197.438692,6,1
0.67,0.21,0.15,0.235,0.18,0.11,0.555,0.185,0.0045,0.003,3,0.38,0.165,0.007,10,44047.68169395,170781.845645,6,0
0.115,0.0445,0.0255,0.0335,0.024,0.014,0.052,0.0135,0.0035,0.0015,0,0.045,0.016,0.002,10,44047.71192555,111298.812392,6,0
0.045,0.004,0.0065,0.0065,0.016,0.006,0.016,0.0035,0.0015,0.0005,0,0.012,0.008,0.002,10,44047.67323205,69610.103618,6,0
0.009,0.0015,0.0035,0.0015,0.007,0.0025,0.002,0.0055,0.0015,0.001,0,0.003,0.0025,0.0025,10,44047.66901236667,44668.948674,6,0
0.03,0.037,0.021,0.016,0.012,0.004,0.005,0.0035,0.0005,0.001,0,0.0425,0.0085,0.0015,10,43443.445186050005,26638.796165,6,0
0.22,0.245,0.065,0.035,0.031,0.0125,0.0065,0.005,0.0005,0.001,0,0.275,0.008,0.0015,10,43443.44094446667,17974.602141,6,0
0.65,0.5,0.44,0.5,0.59,0.695,0.69,0.81,0.705,0.999,4,0.485,0.675,0.795,10,43443.46380683334,25502.079704,6,1
0.115,0.115,0.105,0.095,0.115,0.43,0.155,0.075,0.0075,0.001,0,0.04,0.175,0.0075,10,43443.43670005,41483.039347,6,0
0.024,0.0165,0.0145,0.007,0.02,0.008,0.013,0.0045,0.007,0.0005,0,0.0085,0.0195,0.003,10,43443.468051200005,6835.591064,6,0
0.12,0.069,0.063,0.026,0.0275,0.0055,0.0055,0.0035,0.0005,0.001,0,0.086,0.011,0.0015,10,43443.51207545,20759.54111,6,0
0.425,0.375,0.21,0.11,0.07,0.029,0.0075,0.0095,0.002,0.0005,2,0.565,0.0215,0.0025,10,43443.43245675,28298.011583,6,0
0.33,0.175,0.34,0.435,0.555,0.605,0.45,0.365,0.56,0.9995,7,0.22,0.455,0.915,10,43443.476548449995,22528.311716,6,1
0.105,0.044,0.0395,0.026,0.0255,0.063,0.012,0.0045,0.005,0.001,0,0.0375,0.0255,0.0035,10,43443.42822641667,44712.90428,6,0
0.12,0.06,0.0455,0.04,0.035,0.0415,0.017,0.0075,0.003,0.0005,0,0.09,0.045,0.001,10,42651.03789641667,80948.963383,6,0
0.6,0.37,0.475,0.47,0.195,0.18,0.075,0.0235,0.019,0.0025,5,0.535,0.235,0.003,10,42650.992132516665,88641.81459,6,0
0.145,0.275,0.22,0.26,0.125,0.125,0.15,0.06,0.11,0.9995,1,0.21,0.125,0.44,10,42651.00057218333,66623.236505,6,1
0.225,0.105,0.13,0.11,0.06,0.05,0.02,0.01,0.0015,0.0005,0,0.195,0.06,0.0015,10,42651.004793433334,59291.460606,6,0
0.775,0.765,0.825,0.995,0.9995,,,,,,0,0.775,0.825,0.9995,5,42650.98791523334,87614.755078,6,1
0.1,0.047,0.031,0.0305,0.0345,0.0435,0.027,0.0365,0.0025,0.001,0,0.045,0.0455,0.0015,10,42650.99634891667,56410.142549,6,0
