price_t0,price_t1,price_t2,price_t3,price_t4,crossings_05,price_early,price_mid,price_late,duration_minutes,volume,coin,label
0.495,0.575,0.855,0.905,0.985,1,0.495,0.855,0.985,5,3011.3047010000005,0,1
0.545,0.175,0.095,0.045,0.015,1,0.545,0.095,0.015,5,55631.39189399982,0,0
0.495,0.535,0.465,0.995,0.975,3,0.495,0.465,0.975,5,138017.1444099995,0,1
0.495,0.795,0.905,0.965,0.995,1,0.495,0.905,0.995,5,56193.043312999995,0,1
0.455,0.335,0.265,0.055,0.005,0,0.455,0.265,0.005,5,56453.76611299993,0,0
0.395,0.425,0.265,0.655,0.585,1,0.395,0.265,0.585,5,66388.18078899992,0,0
0.465,0.485,0.565,0.595,0.595,1,0.465,0.565,0.595,5,95280.43996099997,0,1
0.485,0.335,0.555,0.375,0.625,3,0.485,0.555,0.625,5,111059.2018509998,0,0
0.51,0.265,0.385,0.655,0.775,2,0.51,0.385,0.775,5,81801.58735300004,0,0
0.455,0.605,0.165,0.545,0.955,3,0.455,0.165,0.955,5,82166.09512299986,0,1
0.655,0.525,0.685,0.645,0.985,0,0.655,0.685,0.985,5,93277.23530399975,0,1
0.615,0.815,0.885,0.905,0.975,0,0.615,0.885,0.975,5,62467.62165099989,0,1
0.46,0.275,0.075,0.045,0.005,0,0.46,0.075,0.005,5,41153.86594500001,0,0
0.505,0.565,0.675,0.215,0.835,2,0.505,0.675,0.835,5,0.0,0,1
0.905,0.765,0.885,0.965,0.995,0,0.905,0.885,0.995,5,70065.08079300002,0,1
0.565,0.815,0.905,0.885,0.975,0,0.565,0.905,0.975,5,44600.67458499999,0,1
0.475,0.305,0.235,0.125,0.025,0,0.475,0.235,0.025,5,63705.09902399978,0,0
0.505,0.35,0.175,0.015,0.005,1,0.505,0.175,0.005,5,67516.81614599995,0,0
0.495,0.455,0.355,0.88,0.995,1,0.495,0.355,0.995,5,66223.914429,0,1
0.505,0.435,0.525,0.635,0.335,3,0.505,0.525,0.335,5,70498.88707699989,0,0
0.495,0.615,0.755,0.825,0.905,1,0.495,0.755,0.905,5,63657.86393500015,0,0
0.485,0.565,0.525,0.195,0.205,2,0.485,0.525,0.205,5,54715.22838999993,0,0
0.475,0.545,0.635,0.625,0.975,1,0.475,0.635,0.975,5,61494.88678199981,0,1
0.495,0.575,0.695,0.725,0.985,1,0.495,0.695,0.985,5,52103.638779999994,0,1
0.455,0.465,0.545,0.655,0.705,1,0.455,0.545,0.705,5,82906.85936699968,0,0
0.475,0.615,0.445,0.785,0.985,3,0.475,0.445,0.985,5,61850.45837499998,0,1
0.485,0.705,0.785,0.935,0.955,1,0.485,0.785,0.955,5,59285.88865799978,0,1
0.525,0.405,0.335,0.145,0.005,1,0.525,0.335,0.005,5,78172.49752099997,0,0
0.545,0.625,0.32,0.075,0.015,1,0.545,0.32,0.015,5,74262.80724599984,0,0
0.475,0.525,0.725,0.345,0.005,2,0.475,0.725,0.005,5,85958.19729399998,0,0
0.515,0.885,0.815,0.965,0.995,0,0.515,0.815,0.995,5,78236.89590999998,0,1
0.485,0.2,0.175,0.215,0.085,0,0.485,0.175,0.085,5,64888.661749999956,0,0
0.505,0.615,0.685,0.455,0.835,2,0.505,0.685,0.835,5,73981.2453119998,0,1
0.535,0.8,0.845,0.655,0.535,0,0.535,0.845,0.535,5,75314.22843599998,0,0
0.505,0.675,0.875,0.935,0.985,0,0.505,0.875,0.985,5,49425.42704300005,0,1
0.365,0.215,0.125,0.025,0.005,0,0.365,0.125,0.005,5,58249.91862900007,0,0
0.455,0.375,0.105,0.065,0.005,0,0.455,0.105,0.005,5,59574.83378600001,0,0
0.475,0.985,0.985,0.995,0.995,1,0.475,0.985,0.995,5,84299.82516599992,0,1
0.505,0.595,0.455,0.315,0.105,1,0.505,0.455,0.105,5,72306.35158900006,0,0
0.555,0.515,0.855,0.955,0.995,0,0.555,0.855,0.995,5,71092.60231700004,0,1
0.505,0.485,0.535,0.115,0.025,3,0.505,0.535,0.025,5,66491.99832799989,0,0
0.385,0.405,0.275,0.235,0.395,0,0.385,0.275,0.395,5,106405.31583599976,0,0
0.485,0.485,0.61,0.795,0.895,1,0.485,0.61,0.895,5,89690.44412099977,0,1
0.505,0.285,0.825,0.945,0.985,2,0.505,0.825,0.985,5,99691.19189300008,0,1
0.385,0.765,0.805,0.93,0.995,1,0.385,0.805,0.995,5,86076.53833899988,0,1
0.415,0.605,0.805,0.715,0.945,1,0.415,0.805,0.945,5,87840.72923000013,0,1
0.525,0.435,0.725,0.725,0.425,3,0.525,0.725,0.425,5,89431.36172099972,0,1
0.515,0.475,0.825,0.695,0.225,3,0.515,0.825,0.225,5,94622.29846899984,0,0
0.495,0.765,0.695,0.965,0.995,1,0.495,0.695,0.995,5,86135.50082800006,0,1
0.525,0.465,0.445,0.585,0.025,3,0.525,0.445,0.025,5,103283.10320099951,0,0
0.535,0.505,0.215,0.135,0.365,1,0.535,0.215,0.365,5,128058.28951500003,0,0
0.465,0.725,0.555,0.4,0.035,2,0.465,0.555,0.035,5,127771.26642299931,0,0
0.505,0.525,0.805,0.965,0.995,0,0.505,0.805,0.995,5,130740.9753709995,0,1
0.495,0.525,0.045,0.005,0.005,2,0.495,0.045,0.005,5,92901.28852999992,0,0
0.59,0.765,0.745,0.935,0.985,0,0.59,0.745,0.985,5,107797.5450709999,0,1
0.51,0.515,0.125,0.055,0.055,1,0.51,0.125,0.055,5,138163.36324499955,0,0
0.535,0.285,0.07,0.005,0.005,1,0.535,0.07,0.005,5,103576.25026399999,0,0
0.505,0.14,0.285,0.045,0.005,1,0.505,0.285,0.005,5,95134.5759660001,0,0
0.495,0.485,0.115,0.185,0.045,0,0.495,0.115,0.045,5,91810.29750399989,0,0
0.435,0.585,0.655,0.875,0.995,1,0.435,0.655,0.995,5,61543.187503000045,0,1
0.52,0.695,0.685,0.815,0.915,0,0.52,0.685,0.915,5,96030.71490199998,0,1
0.485,0.285,0.325,0.025,0.015,0,0.485,0.325,0.015,5,76991.40743899987,0,0
0.505,0.275,0.335,0.105,0.145,1,0.505,0.335,0.145,5,71179.42937999988,0,0
0.585,0.615,0.615,0.905,0.735,0,0.585,0.615,0.735,5,60249.33828799998,0,1
0.535,0.495,0.455,0.325,0.715,2,0.535,0.455,0.715,5,86335.55490799993,0,1
0.48,0.595,0.105,0.035,0.005,2,0.48,0.105,0.005,5,47614.31981699999,0,0
0.505,0.275,0.115,0.205,0.065,1,0.505,0.115,0.065,5,46647.62459000001,0,0
0.545,0.305,0.135,0.175,0.055,1,0.545,0.135,0.055,5,99923.01836199987,0,1
0.505,0.415,0.715,0.965,0.975,2,0.505,0.715,0.975,5,150879.44637499997,0,1
0.495,0.445,0.885,0.975,0.975,1,0.495,0.885,0.975,5,86662.00123500008,0,1
0.515,0.615,0.685,0.885,0.995,0,0.515,0.685,0.995,5,48569.44503199992,0,1
0.465,0.505,0.405,0.135,0.055,2,0.465,0.405,0.055,5,67351.71677500008,0,0
0.445,0.545,0.675,0.825,0.985,1,0.445,0.675,0.985,5,85098.54852499989,0,1
0.495,0.265,0.135,0.365,0.465,0,0.495,0.135,0.465,5,84840.37878800002,0,1
0.485,0.085,0.005,0.005,0.005,0,0.485,0.005,0.005,5,44717.778067000014,0,0
0.485,0.435,0.175,0.175,0.055,0,0.485,0.175,0.055,5,61458.56442499992,0,0
0.485,0.475,0.225,0.23,0.025,0,0.485,0.225,0.025,5,71936.56060400001,0,0
0.515,0.645,0.945,0.985,0.995,0,0.515,0.945,0.995,5,51494.79882499996,0,1
0.485,0.225,0.255,0.375,0.515,1,0.485,0.255,0.515,5,83323.565577,0,0
0.525,0.295,0.225,0.325,0.005,1,0.525,0.225,0.005,5,160205.08101099962,0,0
0.455,0.375,0.355,0.225,0.455,0,0.455,0.355,0.455,5,97317.16413200003,0,0
0.515,0.465,0.555,0.215,0.045,3,0.515,0.555,0.045,5,149063.3632209997,0,0
0.485,0.235,0.255,0.305,0.155,0,0.485,0.255,0.155,5,158365.8096409996,0,0
0.635,0.875,0.935,0.715,0.595,0,0.635,0.935,0.595,5,128425.75107599956,0,1
0.365,0.285,0.165,0.125,0.205,0,0.365,0.165,0.205,5,76664.3952800001,0,0
0.415,0.155,0.275,0.145,0.105,0,0.415,0.275,0.105,5,65858.28555200007,0,0
0.515,0.725,0.945,0.965,0.995,0,0.515,0.945,0.995,5,53859.51328200009,0,1
0.505,0.425,0.715,0.945,0.995,2,0.505,0.715,0.995,5,95993.50253899972,0,1
0.505,0.365,0.265,0.105,0.015,1,0.505,0.265,0.015,5,85593.08980199987,0,0
0.535,0.575,0.495,0.095,0.005,1,0.535,0.495,0.005,5,63713.785558999945,0,0
0.515,0.765,0.935,0.975,0.995,0,0.515,0.935,0.995,5,60155.610142,0,1
0.495,0.755,0.58,0.745,0.525,1,0.495,0.58,0.525,5,56139.74731599978,0,1
0.375,0.535,0.415,0.875,0.965,3,0.375,0.415,0.965,5,63790.99935399991,0,1
0.515,0.125,0.285,0.165,0.005,1,0.515,0.285,0.005,5,56445.481631999886,0,0
0.505,0.63,0.455,0.605,0.545,2,0.505,0.455,0.545,5,60973.15950699991,0,1
0.525,0.615,0.795,0.895,0.935,0,0.525,0.795,0.935,5,59104.432352999946,0,1
0.495,0.19,0.805,0.855,0.995,1,0.495,0.805,0.995,5,91625.40187799989,0,1
0.495,0.135,0.035,0.005,0.0005,0,0.495,0.035,0.0005,5,105658.66144099986,0,0
0.455,0.345,0.37,0.155,0.045,0,0.455,0.37,0.045,5,100618.0115279998,0,0
0.57,0.575,0.615,0.155,0.085,1,0.57,0.615,0.085,5,74496.92176699989,0,0
0.525,0.715,0.795,0.675,0.275,1,0.525,0.795,0.275,5,81498.41725599988,0,0
0.515,0.535,0.715,0.725,0.995,0,0.515,0.715,0.995,5,103033.28052299988,0,0
0.495,0.475,0.525,0.295,0.035,2,0.495,0.525,0.035,5,110500.75812599961,0,0
0.495,0.285,0.115,0.065,0.005,0,0.495,0.115,0.005,5,52357.219592999914,0,0
0.485,0.655,0.635,0.155,0.035,2,0.485,0.635,0.035,5,68992.78778400006,0,0
0.445,0.385,0.095,0.065,0.005,0,0.445,0.095,0.005,5,88697.1375249995,0,0
0.485,0.535,0.625,0.875,0.995,1,0.485,0.625,0.995,5,94201.48674599962,0,1
0.495,0.595,0.765,0.945,0.995,1,0.495,0.765,0.995,5,60960.34051699992,0,1
0.575,0.445,0.455,0.695,0.335,3,0.575,0.455,0.335,5,131581.75584799962,0,0
0.495,0.545,0.525,0.795,0.715,1,0.495,0.525,0.715,5,116123.8690399997,0,1
0.505,0.665,0.825,0.915,0.735,0,0.505,0.825,0.735,5,177050.52522699966,0,1
0.505,0.775,0.835,0.665,0.905,0,0.505,0.835,0.905,5,89710.81949799978,0,1
0.505,0.495,0.745,0.945,0.955,2,0.505,0.745,0.955,5,99869.97853599994,0,1
0.505,0.515,0.455,0.185,0.695,2,0.505,0.455,0.695,5,104121.0551119998,0,1
0.495,0.705,0.75,0.4,0.77,3,0.495,0.75,0.77,5,86004.76370899983,0,1
0.51,0.265,0.365,0.715,0.705,2,0.51,0.365,0.705,5,101860.03938299962,0,1
0.525,0.465,0.525,0.865,0.975,2,0.525,0.525,0.975,5,108488.48267899995,0,1
0.535,0.415,0.175,0.065,0.275,1,0.535,0.175,0.275,5,132939.0723669997,0,0
0.515,0.6,0.775,0.615,0.695,0,0.515,0.775,0.695,5,109695.14856799976,0,1
0.505,0.295,0.155,0.015,0.025,1,0.505,0.155,0.025,5,82965.27969899989,0,0
0.495,0.295,0.315,0.535,0.935,1,0.495,0.315,0.935,5,67393.69451099986,0,1
0.455,0.505,0.115,0.005,0.005,2,0.455,0.115,0.005,5,108788.83563099983,0,0
0.495,0.565,0.045,0.175,0.635,3,0.495,0.045,0.635,5,131266.68467799982,0,1
0.495,0.485,0.545,0.415,0.385,2,0.495,0.545,0.385,5,89048.42173899985,0,1
0.705,0.645,0.895,0.715,0.955,0,0.705,0.895,0.955,5,82372.47364799994,0,1
0.495,0.685,0.705,0.785,0.675,1,0.495,0.705,0.675,5,70796.40126699985,0,1
0.515,0.385,0.495,0.465,0.855,2,0.515,0.495,0.855,5,89925.67168700008,0,1
0.505,0.77,0.735,0.855,0.085,1,0.505,0.735,0.085,5,110452.47092799994,0,0
0.5,0.445,0.745,0.725,0.965,2,0.5,0.745,0.965,5,73669.42748199978,0,1
0.435,0.515,0.545,0.115,0.185,2,0.435,0.545,0.185,5,111065.25514499986,0,1
0.495,0.875,0.905,0.835,0.96,1,0.495,0.905,0.96,5,127429.34988599941,0,1
0.475,0.385,0.905,0.895,0.995,1,0.475,0.905,0.995,5,73935.36399500007,0,1
0.495,0.655,0.375,0.405,0.615,3,0.495,0.375,0.615,5,86560.71713499984,0,1
0.555,0.665,0.835,0.825,0.995,0,0.555,0.835,0.995,5,108904.35434699991,0,1
0.575,0.285,0.325,0.415,0.615,2,0.575,0.325,0.615,5,122078.70918199977,0,0
0.415,0.195,0.075,0.015,0.005,0,0.415,0.075,0.005,5,92031.68223299997,0,0
0.545,0.15,0.065,0.035,0.005,1,0.545,0.065,0.005,5,77417.21525499992,0,0
0.505,0.705,0.465,0.805,0.685,2,0.505,0.465,0.685,5,93950.29005999964,0,0
0.505,0.175,0.045,0.005,0.005,1,0.505,0.045,0.005,5,53356.599724999985,0,0
0.455,0.405,0.355,0.235,0.105,0,0.455,0.355,0.105,5,62367.33614899988,0,0
0.5,0.78,0.855,0.935,0.995,0,0.5,0.855,0.995,5,64840.419006000186,0,1
0.505,0.755,0.565,0.655,0.985,0,0.505,0.565,0.985,5,80803.027729,0,1
0.615,0.495,0.505,0.535,0.075,3,0.615,0.505,0.075,5,70194.08354099999,0,0
0.575,0.575,0.755,0.765,0.325,1,0.575,0.755,0.325,5,83875.05152299997,0,0
0.475,0.225,0.375,0.335,0.005,0,0.475,0.375,0.005,5,72835.83908499977,0,0
0.555,0.415,0.29,0.105,0.015,1,0.555,0.29,0.015,5,111181.0836539996,0,0
0.495,0.495,0.605,0.875,0.955,1,0.495,0.605,0.955,5,73812.75373899996,0,1
0.505,0.715,0.585,0.775,0.875,0,0.505,0.585,0.875,5,54816.386393999914,0,1
0.515,0.785,0.595,0.365,0.655,2,0.515,0.595,0.655,5,73849.3105340001,0,1
0.485,0.585,0.485,0.665,0.925,3,0.485,0.485,0.925,5,75313.79715199997,0,1
0.505,0.635,0.645,0.605,0.965,0,0.505,0.645,0.965,5,48825.753170000025,0,1
0.505,0.385,0.265,0.135,0.085,1,0.505,0.265,0.085,5,21814.429509000016,0,0
0.515,0.345,0.325,0.285,0.155,1,0.515,0.325,0.155,5,19196.00644800002,0,0
0.455,0.385,0.155,0.055,0.025,0,0.455,0.155,0.025,5,46163.52549299996,0,0
0.485,0.905,0.955,0.955,0.995,1,0.485,0.955,0.995,5,46658.437451999955,0,1
0.505,0.675,0.975,0.995,0.995,0,0.505,0.975,0.995,5,46707.44288099999,0,1
0.505,0.545,0.165,0.215,0.165,1,0.505,0.165,0.165,5,46684.949109,0,0
0.475,0.365,0.175,0.035,0.015,0,0.475,0.175,0.015,5,46082.9421999999,0,0
0.395,0.345,0.715,0.635,0.735,1,0.395,0.715,0.735,5,64680.07765499991,0,1
0.525,0.595,0.455,0.755,0.925,2,0.525,0.455,0.925,5,52562.43789799987,0,1
0.495,0.455,0.285,0.425,0.395,0,0.495,0.285,0.395,5,47622.89604299996,0,0
0.505,0.405,0.505,0.445,0.635,4,0.505,0.505,0.635,5,49646.09737800002,0,1
0.525,0.495,0.355,0.865,0.975,2,0.525,0.355,0.975,5,54229.846222000044,0,1
0.455,0.315,0.165,0.065,0.065,0,0.455,0.165,0.065,5,45307.53207100002,0,0
0.465,0.625,0.895,0.925,0.595,1,0.465,0.895,0.595,5,67933.05982800004,0,1
0.505,0.675,0.845,0.935,0.975,0,0.505,0.845,0.975,5,39704.14769200009,0,1
0.555,0.445,0.215,0.155,0.435,1,0.555,0.215,0.435,5,78389.69257100007,0,0
0.43,0.225,0.085,0.545,0.045,2,0.43,0.085,0.045,5,58662.10753599991,0,0
0.465,0.225,0.035,0.015,0.015,0,0.465,0.035,0.015,5,41327.825863999926,0,0
0.515,0.635,0.505,0.665,0.845,0,0.515,0.505,0.845,5,120845.45142499969,0,0
0.505,0.305,0.065,0.045,0.005,1,0.505,0.065,0.005,5,60496.28581299998,0,0
0.415,0.375,0.505,0.765,0.655,1,0.415,0.505,0.655,5,116503.53053200005,0,1
0.505,0.435,0.405,0.295,0.355,1,0.505,0.405,0.355,5,60747.37945799996,0,0
0.535,0.575,0.125,0.105,0.055,1,0.535,0.125,0.055,5,46719.409535,0,0
0.575,0.625,0.475,0.635,0.805,2,0.575,0.475,0.805,5,64348.65117699984,0,1
0.545,0.505,0.575,0.435,0.175,1,0.545,0.575,0.175,5,51161.12385200006,0,0
0.395,0.555,0.735,0.775,0.755,1,0.395,0.735,0.755,5,76597.45663600025,0,1
0.525,0.715,0.485,0.205,0.255,1,0.525,0.485,0.255,5,62445.317151000025,0,0
0.525,0.425,0.495,0.505,0.105,3,0.525,0.495,0.105,5,62054.41539399994,0,0
0.505,0.295,0.565,0.405,0.995,4,0.505,0.565,0.995,5,57252.520406999996,0,1
0.485,0.46,0.625,0.435,0.675,3,0.485,0.625,0.675,5,64873.89372699987,0,1
0.505,0.765,0.805,0.935,0.825,0,0.505,0.805,0.825,5,97671.12214699968,0,1
0.625,0.38,0.315,0.085,0.055,1,0.625,0.315,0.055,5,101133.77793799982,0,1
0.515,0.385,0.205,0.245,0.175,1,0.515,0.205,0.175,5,83317.41657400013,0,0
0.515,0.105,0.035,0.015,0.005,1,0.515,0.035,0.005,5,70677.98192599989,0,0
0.545,0.715,0.465,0.75,0.845,2,0.545,0.465,0.845,5,90000.38863699995,0,1
0.515,0.495,0.185,0.185,0.135,1,0.515,0.185,0.135,5,69514.02790099995,0,0
0.495,0.06,0.075,0.015,0.015,0,0.495,0.075,0.015,5,93545.2843649998,0,0
0.495,0.415,0.165,0.095,0.005,0,0.495,0.165,0.005,5,57884.18601399998,0,0
0.505,0.505,0.505,0.505,0.505,0,0.505,0.505,0.505,5,2961.6841929999996,0,0
0.535,0.815,0.895,0.965,0.995,0,0.535,0.895,0.995,5,72966.06411299991,0,1
0.495,0.405,0.795,0.835,0.815,1,0.495,0.795,0.815,5,68158.99779599975,0,1
0.475,0.305,0.675,0.405,0.525,3,0.475,0.675,0.525,5,81725.84056699977,0,0
0.455,0.415,0.335,0.175,0.005,0,0.455,0.335,0.005,5,85291.80984999992,0,0
0.515,0.565,0.715,0.935,0.975,0,0.515,0.715,0.975,5,121772.38004899923,0,1
0.505,0.565,0.615,0.575,0.785,0,0.505,0.615,0.785,5,86047.11915999973,0,1
0.495,0.655,0.365,0.375,0.555,3,0.495,0.365,0.555,5,105034.86936199985,0,0
0.475,0.645,0.845,0.975,0.995,1,0.475,0.845,0.995,5,57280.39086000008,0,1
0.495,0.545,0.525,0.465,0.765,3,0.495,0.525,0.765,5,96359.67272299978,0,1
0.525,0.445,0.275,0.275,0.155,1,0.525,0.275,0.155,5,81684.56133599996,0,0
0.485,0.145,0.06,0.005,0.005,0,0.485,0.06,0.005,5,56074.69929699997,0,0
0.495,0.595,0.215,0.02,0.005,2,0.495,0.215,0.005,5,63537.54558399988,0,0
0.515,0.615,0.925,0.975,0.995,0,0.515,0.925,0.995,5,83635.51788399987,0,1
0.505,0.485,0.745,0.935,0.995,2,0.505,0.745,0.995,5,75212.44259099984,0,1
0.545,0.305,0.365,0.475,0.585,2,0.545,0.365,0.585,5,92563.5122719997,0,1
0.505,0.345,0.405,0.405,0.525,2,0.505,0.405,0.525,5,95225.07987799973,0,1
0.495,0.515,0.755,0.625,0.105,2,0.495,0.755,0.105,5,104504.3057700001,0,0
0.555,0.775,0.925,0.955,0.995,0,0.555,0.925,0.995,5,103226.91791899982,0,1
0.495,0.255,0.235,0.255,0.005,0,0.495,0.235,0.005,5,0.0,0,0
0.505,0.385,0.295,0.905,0.865,2,0.505,0.295,0.865,5,116970.16519099983,0,1
0.285,0.225,0.185,0.015,0.125,0,0.285,0.185,0.125,5,139291.09888999956,0,0
0.495,0.325,0.185,0.445,0.035,0,0.495,0.185,0.035,5,120028.40567399972,0,0
0.345,0.245,0.235,0.135,0.015,0,0.345,0.235,0.015,5,106087.44006399992,0,0
0.525,0.535,0.495,0.59,0.185,3,0.525,0.495,0.185,5,165111.01061399982,0,1
0.535,0.425,0.025,0.025,0.006,1,0.535,0.025,0.006,5,228246.30479200004,0,0
0.595,0.785,0.605,0.215,0.025,1,0.595,0.605,0.025,5,156235.49521100058,0,0
0.505,0.575,0.915,0.935,0.995,0,0.505,0.915,0.995,5,132514.18061799946,0,1
0.515,0.265,0.085,0.005,0.005,1,0.515,0.085,0.005,5,98689.74259999987,0,0
0.465,0.835,0.965,0.985,0.995,1,0.465,0.965,0.995,5,138071.66560699933,0,1
0.475,0.415,0.735,0.835,0.785,1,0.475,0.735,0.785,5,90023.63439999975,0,1
0.595,0.425,0.635,0.375,0.605,4,0.595,0.635,0.605,5,132642.29255199942,0,0
0.505,0.815,0.845,0.885,0.865,0,0.505,0.845,0.865,5,108779.80900299946,0,1
0.555,0.635,0.42,0.185,0.035,1,0.555,0.42,0.035,5,90859.92121899982,0,0
0.525,0.365,0.545,0.255,0.015,3,0.525,0.545,0.015,5,64350.561533999884,0,0
0.475,0.675,0.725,0.605,0.165,2,0.475,0.725,0.165,5,86800.84862999986,0,1
0.51,0.165,0.305,0.125,0.035,1,0.51,0.305,0.035,5,78155.46033399989,0,0
0.495,0.615,0.735,0.945,0.995,1,0.495,0.735,0.995,5,114749.5384649996,0,1
0.47,0.565,0.215,0.135,0.005,2,0.47,0.215,0.005,5,67824.18643499988,0,0
0.445,0.505,0.545,0.235,0.095,2,0.445,0.545,0.095,5,119738.60818699964,0,1
0.535,0.555,0.635,0.485,0.585,2,0.535,0.635,0.585,5,59786.69668499985,0,0
0.545,0.645,0.555,0.205,0.015,1,0.545,0.555,0.015,5,51776.039002999976,0,0
0.475,0.245,0.285,0.52,0.195,2,0.475,0.285,0.195,5,55613.24286100003,0,0
0.465,0.405,0.185,0.045,0.005,0,0.465,0.185,0.005,5,50862.223447000026,0,0
0.515,0.345,0.235,0.035,0.035,1,0.515,0.235,0.035,5,62214.46956099992,0,0
0.445,0.355,0.525,0.355,0.155,2,0.445,0.525,0.155,5,52499.45895099992,0,0
0.505,0.595,0.905,0.955,0.965,0,0.505,0.905,0.965,5,54695.510322999886,0,1
0.505,0.405,0.185,0.195,0.035,1,0.505,0.185,0.035,5,64780.070701999866,0,0
0.455,0.205,0.265,0.055,0.055,0,0.455,0.265,0.055,5,83117.48986599984,0,0
0.525,0.245,0.215,0.365,0.095,1,0.525,0.215,0.095,5,78720.85163899981,0,0
0.505,0.145,0.185,0.065,0.015,1,0.505,0.185,0.015,5,66985.43228499987,0,0
0.545,0.735,0.355,0.285,0.155,1,0.545,0.355,0.155,5,84649.42425499977,0,0
0.515,0.725,0.945,0.995,0.995,0,0.515,0.945,0.995,5,60806.533505999985,0,1
0.515,0.5,0.575,0.495,0.575,2,0.515,0.575,0.575,5,67311.30441799988,0,1
0.515,0.685,0.795,0.945,0.975,0,0.515,0.795,0.975,5,46257.60166600004,0,1
0.41,0.115,0.045,0.005,0.015,0,0.41,0.045,0.015,5,64186.857655999964,0,0
0.495,0.195,0.245,0.105,0.095,0,0.495,0.245,0.095,5,43535.737224000055,0,0
0.455,0.485,0.575,0.645,0.775,1,0.455,0.575,0.775,5,132111.4126279999,0,1
0.485,0.545,0.765,0.875,0.975,1,0.485,0.765,0.975,5,52316.563405999994,0,1
0.505,0.455,0.615,0.735,0.945,2,0.505,0.615,0.945,5,48362.04372000006,0,1
0.495,0.305,0.555,0.315,0.465,2,0.495,0.555,0.465,5,57426.04331199985,0,1
0.505,0.675,0.545,0.725,0.515,0,0.505,0.545,0.515,5,55750.73613499988,0,1
0.555,0.545,0.61,0.565,0.825,0,0.555,0.61,0.825,5,49966.569261999975,0,1
0.505,0.54,0.455,0.425,0.545,2,0.505,0.455,0.545,5,55904.587128,0,0
0.51,0.755,0.575,0.955,0.985,0,0.51,0.575,0.985,5,63850.6525039999,0,1
0.515,0.345,0.395,0.17,0.015,1,0.515,0.395,0.015,5,50370.11174700001,0,0
0.435,0.665,0.565,0.845,0.725,1,0.435,0.565,0.725,5,52381.51298699997,0,1
0.545,0.465,0.465,0.295,0.405,1,0.545,0.465,0.405,5,66532.24015700002,0,1
0.375,0.055,0.015,0.005,0.005,0,0.375,0.015,0.005,5,73606.21566700001,0,0
0.545,0.435,0.655,0.895,0.885,2,0.545,0.655,0.885,5,40840.76166500017,0,1
0.555,0.175,0.385,0.035,0.025,1,0.555,0.385,0.025,5,86944.9172079998,0,0
0.465,0.825,0.925,0.985,0.995,1,0.465,0.925,0.995,5,65157.73680299999,0,1
0.505,0.485,0.225,0.355,0.335,1,0.505,0.225,0.335,5,97770.29668200022,0,0
0.665,0.75,0.845,0.925,0.965,0,0.665,0.845,0.965,5,79033.68122399964,0,1
0.555,0.485,0.225,0.225,0.165,1,0.555,0.225,0.165,5,171647.36041899995,0,1
0.505,0.385,0.575,0.555,0.955,2,0.505,0.575,0.955,5,66380.1498059999,0,1
0.505,0.475,0.455,0.595,0.145,3,0.505,0.455,0.145,5,75853.90586999978,0,0
0.525,0.455,0.675,0.555,0.595,2,0.525,0.675,0.595,5,55986.886609999856,0,0
0.515,0.545,0.535,0.635,0.645,0,0.515,0.535,0.645,5,168371.8371809996,0,0
0.525,0.495,0.765,0.705,0.945,2,0.525,0.765,0.945,5,49053.135100999905,0,1
0.365,0.585,0.545,0.435,0.925,3,0.365,0.545,0.925,5,78148.19025599991,0,1
0.555,0.695,0.525,0.535,0.555,0,0.555,0.525,0.555,5,144840.57601199992,0,1
0.365,0.305,0.115,0.025,0.005,0,0.365,0.115,0.005,5,106958.16945099976,0,0
0.505,0.605,0.865,0.925,0.975,0,0.505,0.865,0.975,5,55268.77981999998,0,1
0.46,0.545,0.785,0.685,0.955,1,0.46,0.785,0.955,5,67933.97255299999,0,1
0.475,0.665,0.285,0.265,0.605,3,0.475,0.285,0.605,5,79797.587222,0,0
0.505,0.325,0.565,0.255,0.565,4,0.505,0.565,0.565,5,68225.0516299999,0,0
0.495,0.335,0.375,0.605,0.625,1,0.495,0.375,0.625,5,65985.86557299987,0,0
0.545,0.835,0.755,0.665,0.63,0,0.545,0.755,0.63,5,79004.30776699986,0,1
0.485,0.475,0.675,0.505,0.035,2,0.485,0.675,0.035,5,75527.68943599994,0,0
0.545,0.435,0.525,0.515,0.365,3,0.545,0.525,0.365,5,52159.23923999973,0,0
0.595,0.395,0.315,0.105,0.035,1,0.595,0.315,0.035,5,71736.20077399966,0,0
0.505,0.335,0.145,0.095,0.005,1,0.505,0.145,0.005,5,72587.01746099994,0,0
0.525,0.375,0.505,0.525,0.875,2,0.525,0.505,0.875,5,97450.06193399994,0,1
0.325,0.235,0.185,0.225,0.145,0,0.325,0.185,0.145,5,144375.56347099965,0,0
0.285,0.245,0.135,0.045,0.025,0,0.285,0.135,0.025,5,137984.1270759994,0,0
0.435,0.76,0.425,0.615,0.765,3,0.435,0.425,0.765,5,135745.69191299952,0,1
0.445,0.255,0.265,0.235,0.055,0,0.445,0.265,0.055,5,107865.87272099992,0,0
0.475,0.625,0.565,0.415,0.585,3,0.475,0.565,0.585,5,101034.24468999993,0,1
0.545,0.655,0.875,0.895,0.925,0,0.545,0.875,0.925,5,73079.50553499976,0,1
0.515,0.275,0.145,0.065,0.015,1,0.515,0.145,0.015,5,78379.98472499981,0,0
0.515,0.465,0.395,0.165,0.015,1,0.515,0.395,0.015,5,49483.49649200002,0,0
0.675,0.485,0.655,0.165,0.025,3,0.675,0.655,0.025,5,59577.65436099987,0,0
0.565,0.325,0.765,0.785,0.945,2,0.565,0.765,0.945,5,63651.646063999906,0,1
0.485,0.695,0.745,0.955,0.995,1,0.485,0.745,0.995,5,49569.08509899996,0,1
0.475,0.615,0.465,0.305,0.095,2,0.475,0.465,0.095,5,51059.36935899991,0,0
0.515,0.065,0.045,0.005,0.005,1,0.515,0.045,0.005,5,89972.28068300003,0,0
0.495,0.565,0.605,0.435,0.755,3,0.495,0.605,0.755,5,60797.70266799983,0,1
0.465,0.635,0.455,0.205,0.025,2,0.465,0.455,0.025,5,56785.54108999974,0,0
0.495,0.315,0.435,0.355,0.685,1,0.495,0.435,0.685,5,77186.11465199973,0,1
0.475,0.265,0.155,0.275,0.485,0,0.475,0.155,0.485,5,86201.76002099963,0,0
0.485,0.435,0.825,0.975,0.995,1,0.485,0.825,0.995,5,68715.28324199999,0,1
0.485,0.585,0.585,0.555,0.755,1,0.485,0.585,0.755,5,53067.48812099993,0,1
0.625,0.785,0.865,0.395,0.315,1,0.625,0.865,0.315,5,63656.892448999875,0,0
0.465,0.585,0.785,0.705,0.875,1,0.465,0.785,0.875,5,58795.55484899993,0,1
0.465,0.265,0.045,0.025,0.015,0,0.465,0.045,0.015,5,63542.40767099996,0,0
0.455,0.185,0.055,0.025,0.035,0,0.455,0.055,0.035,5,185384.57870299948,0,1
0.495,0.645,0.755,0.785,0.815,1,0.495,0.755,0.815,5,51215.642044999855,0,1
0.505,0.325,0.225,0.115,0.265,1,0.505,0.225,0.265,5,95177.76146899996,0,1
0.485,0.635,0.865,0.985,0.995,1,0.485,0.865,0.995,5,51190.79871700004,0,1
0.495,0.765,0.375,0.075,0.015,2,0.495,0.375,0.015,5,138007.51832399954,0,0
0.505,0.285,0.175,0.025,0.005,1,0.505,0.175,0.005,5,42313.836423000095,0,0
0.485,0.555,0.945,0.975,0.975,1,0.485,0.945,0.975,5,59796.88495200001,0,1
0.515,0.795,0.935,0.965,0.995,0,0.515,0.935,0.995,5,117208.29137299984,0,1
0.505,0.225,0.165,0.195,0.025,1,0.505,0.165,0.025,5,96176.0109169998,0,0
0.365,0.045,0.015,0.025,0.015,0,0.365,0.015,0.015,5,248988.76625600137,0,0
0.495,0.505,0.705,0.925,0.995,1,0.495,0.705,0.995,5,57758.81158600008,0,1
0.555,0.695,0.785,0.945,0.985,0,0.555,0.785,0.985,5,63371.31879899986,0,1
0.465,0.765,0.805,0.635,0.885,1,0.465,0.805,0.885,5,62894.845363,0,1
0.525,0.585,0.735,0.785,0.745,0,0.525,0.735,0.745,5,57536.90720200002,0,1
0.455,0.325,0.625,0.675,0.975,1,0.455,0.625,0.975,5,75543.98512499988,0,0
0.475,0.405,0.255,0.905,0.995,1,0.475,0.255,0.995,5,80421.5470529999,0,1
0.445,0.545,0.445,0.645,0.595,3,0.445,0.445,0.595,5,65731.54532999985,0,1
0.505,0.615,0.575,0.735,0.335,1,0.505,0.575,0.335,5,191805.15937899976,0,1
0.605,0.395,0.555,0.645,0.495,3,0.605,0.555,0.495,5,119263.25873299973,0,1
0.535,0.685,0.805,0.885,0.905,0,0.535,0.805,0.905,5,91540.87260999985,0,1
0.525,0.245,0.595,0.895,0.985,2,0.525,0.595,0.985,5,94877.81960499982,0,1
0.505,0.255,0.095,0.105,0.235,1,0.505,0.095,0.235,5,80219.76102999986,0,0
0.48,0.595,0.465,0.575,0.775,3,0.48,0.465,0.775,5,60123.86012099998,0,1
0.505,0.945,0.935,0.965,0.995,0,0.505,0.935,0.995,5,68413.11542499992,0,1
0.485,0.625,0.515,0.535,0.295,2,0.485,0.515,0.295,5,78502.58385299997,0,0
0.515,0.285,0.175,0.065,0.005,1,0.515,0.175,0.005,5,63074.37494699994,0,0
0.505,0.165,0.095,0.175,0.015,1,0.505,0.095,0.015,5,95691.77017100001,0,0
0.745,0.905,0.975,0.995,0.995,0,0.745,0.975,0.995,5,114127.63078500006,0,1
0.575,0.565,0.635,0.925,0.945,0,0.575,0.635,0.945,5,104068.11576999986,0,1
0.515,0.725,0.595,0.415,0.115,1,0.515,0.595,0.115,5,98726.53582699974,0,1
0.475,0.265,0.445,0.755,0.905,1,0.475,0.445,0.905,5,84795.56757199996,0,0
0.645,0.615,0.615,0.275,0.275,1,0.645,0.615,0.275,5,103619.0322619999,0,0
0.485,0.195,0.295,0.815,0.945,1,0.485,0.295,0.945,5,80436.84506399978,0,0
0.475,0.145,0.335,0.155,0.015,0,0.475,0.335,0.015,5,66538.10796899998,0,0
0.435,0.385,0.435,0.315,0.435,0,0.435,0.435,0.435,5,77442.90052899992,0,1
0.485,0.525,0.715,0.6,0.985,1,0.485,0.715,0.985,5,52123.93777499993,0,1
0.495,0.735,0.795,0.345,0.345,2,0.495,0.795,0.345,5,80416.06367999982,0,1
0.435,0.375,0.105,0.12,0.025,0,0.435,0.105,0.025,5,46160.88651500015,0,0
0.515,0.555,0.905,0.975,0.995,0,0.515,0.905,0.995,5,74659.52451599987,0,1
0.495,0.695,0.605,0.675,0.165,2,0.495,0.605,0.165,5,83454.09711699988,0,0
0.515,0.195,0.045,0.055,0.025,1,0.515,0.045,0.025,5,64966.00156199995,0,0
0.445,0.645,0.815,0.815,0.985,1,0.445,0.815,0.985,5,80566.6449979999,0,1
0.505,0.695,0.615,0.915,0.995,0,0.505,0.615,0.995,5,56083.059492999906,0,1
0.515,0.535,0.575,0.245,0.405,1,0.515,0.575,0.405,5,68696.25794900004,0,1
0.485,0.295,0.365,0.115,0.095,0,0.485,0.365,0.095,5,63523.939400999916,0,0
0.575,0.415,0.795,0.915,0.735,2,0.575,0.795,0.735,5,73563.71364699963,0,1
0.525,0.375,0.565,0.335,0.065,3,0.525,0.565,0.065,5,64439.918627999694,0,0
0.35,0.215,0.145,0.41,0.135,0,0.35,0.145,0.135,5,79568.2995809999,0,0
0.43,0.725,0.925,0.985,0.955,1,0.43,0.925,0.955,5,81203.03651500007,0,1
0.535,0.295,0.415,0.235,0.075,1,0.535,0.415,0.075,5,63964.83720599989,0,0
0.515,0.325,0.235,0.645,0.205,3,0.515,0.235,0.205,5,69245.8938999997,0,1
0.525,0.56,0.615,0.325,0.395,1,0.525,0.615,0.395,5,58780.322562999965,0,1
0.525,0.295,0.065,0.025,0.035,1,0.525,0.065,0.035,5,67118.17828500007,0,0
0.515,0.265,0.095,0.075,0.055,1,0.515,0.095,0.055,5,58834.14074599992,0,0
0.58,0.485,0.025,0.035,0.015,1,0.58,0.025,0.015,5,130261.52877899952,0,0
0.505,0.465,0.475,0.285,0.265,1,0.505,0.475,0.265,5,113154.61455599978,0,0
0.505,0.495,0.575,0.375,0.225,3,0.505,0.575,0.225,5,126252.05722299944,0,0
0.605,0.755,0.925,0.865,0.645,0,0.605,0.925,0.645,5,91655.80044899984,0,0
0.495,0.665,0.695,0.425,0.335,2,0.495,0.695,0.335,5,53405.35695999994,0,0
0.505,0.335,0.465,0.515,0.385,3,0.505,0.465,0.385,5,76590.66249599987,0,0
0.545,0.385,0.235,0.425,0.595,2,0.545,0.235,0.595,5,50996.450963999814,0,0
0.555,0.425,0.345,0.275,0.145,1,0.555,0.345,0.145,5,40391.49909800001,0,0
0.545,0.565,0.685,0.875,0.975,0,0.545,0.685,0.975,5,45936.40379099997,0,1
0.495,0.675,0.685,0.485,0.615,3,0.495,0.685,0.615,5,69597.84295599979,0,1
0.505,0.855,0.605,0.845,0.345,1,0.505,0.605,0.345,5,67311.61990799972,0,0
0.445,0.565,0.335,0.105,0.515,3,0.445,0.335,0.515,5,62684.199547999895,0,1
0.475,0.445,0.745,0.755,0.805,1,0.475,0.745,0.805,5,52779.646366999936,0,1
0.505,0.795,0.795,0.865,0.975,0,0.505,0.795,0.975,5,49857.52872700002,0,1
0.51,0.245,0.235,0.175,0.015,1,0.51,0.235,0.015,5,62557.31037899984,0,0
0.395,0.175,0.285,0.125,0.455,0,0.395,0.285,0.455,5,103600.39472299951,0,0
0.475,0.445,0.575,0.705,0.985,1,0.475,0.575,0.985,5,72304.27325599987,0,1
0.495,0.505,0.945,0.955,0.945,1,0.495,0.945,0.945,5,65377.57164700002,0,1
0.485,0.335,0.355,0.915,0.875,1,0.485,0.355,0.875,5,44746.50363999992,0,1
0.495,0.555,0.485,0.395,0.515,3,0.495,0.485,0.515,5,83489.71466499992,0,1
0.505,0.605,0.585,0.485,0.795,2,0.505,0.585,0.795,5,58346.506107999936,0,1
0.495,0.725,0.845,0.965,0.995,1,0.495,0.845,0.995,5,59169.79822199987,0,1
0.485,0.215,0.135,0.055,0.025,0,0.485,0.135,0.025,5,45004.353956000006,0,0
0.455,0.645,0.565,0.585,0.425,2,0.455,0.565,0.425,5,69069.99036599991,0,1
0.565,0.595,0.765,0.735,0.945,0,0.565,0.765,0.945,5,59689.53362699987,0,1
0.485,0.735,0.565,0.365,0.515,3,0.485,0.565,0.515,5,119084.854622,0,0
0.525,0.555,0.665,0.505,0.325,1,0.525,0.665,0.325,5,48822.426338,0,0
0.595,0.505,0.415,0.355,0.665,2,0.595,0.415,0.665,5,52485.81283200001,0,0
0.405,0.445,0.435,0.545,0.195,2,0.405,0.435,0.195,5,97996.0065099996,0,0
0.515,0.525,0.655,0.405,0.385,1,0.515,0.655,0.385,5,50396.540275999985,0,0
0.505,0.275,0.095,0.015,0.005,1,0.505,0.095,0.005,5,62548.27315899996,0,0
0.485,0.255,0.325,0.325,0.435,0,0.485,0.325,0.435,5,147193.37221199975,0,1
0.48,0.355,0.535,0.165,0.085,2,0.48,0.535,0.085,5,76456.38022199989,0,1
0.415,0.285,0.205,0.095,0.035,0,0.415,0.205,0.035,5,45170.06451800009,0,0
0.435,0.095,0.105,0.025,0.005,0,0.435,0.105,0.005,5,59365.26288700002,0,0
0.635,0.635,0.585,0.575,0.405,1,0.635,0.585,0.405,5,87967.88714300001,0,1
0.525,0.505,0.245,0.115,0.205,1,0.525,0.245,0.205,5,73553.03195499997,0,0
0.495,0.555,0.535,0.595,0.115,2,0.495,0.535,0.115,5,57689.29304799997,0,0
0.515,0.445,0.455,0.465,0.495,1,0.515,0.455,0.495,5,78593.10985599997,0,1
0.465,0.315,0.405,0.415,0.225,0,0.465,0.405,0.225,5,50649.831339999866,0,0
0.495,0.435,0.255,0.075,0.055,0,0.495,0.255,0.055,5,58317.28904900003,0,0
0.525,0.795,0.735,0.895,0.925,0,0.525,0.735,0.925,5,44290.16045200001,0,1
0.525,0.185,0.555,0.425,0.355,3,0.525,0.555,0.355,5,83080.68765699989,0,0
0.575,0.625,0.595,0.565,0.325,1,0.575,0.595,0.325,5,64458.17562899992,0,0
0.475,0.345,0.445,0.345,0.315,0,0.475,0.445,0.315,5,48130.47988699996,0,0
0.535,0.505,0.335,0.155,0.215,1,0.535,0.335,0.215,5,54072.30253200001,0,1
0.575,0.705,0.725,0.895,0.985,0,0.575,0.725,0.985,5,43996.238376000016,0,1
0.495,0.495,0.475,0.265,0.145,0,0.495,0.475,0.145,5,47013.566229000004,0,0
0.635,0.945,0.945,0.985,0.995,0,0.635,0.945,0.995,5,60798.01898199991,0,1
0.495,0.675,0.745,0.685,0.865,1,0.495,0.745,0.865,5,44978.51122099988,0,1
0.495,0.715,0.925,0.985,0.975,1,0.495,0.925,0.975,5,70034.86970800003,0,1
0.515,0.775,0.905,0.965,0.975,0,0.515,0.905,0.975,5,67377.35371400003,0,1
0.465,0.795,0.985,0.985,0.995,1,0.465,0.985,0.995,5,71587.60530100002,0,1
0.485,0.585,0.315,0.625,0.675,3,0.485,0.315,0.675,5,62800.892092,0,1
0.495,0.57,0.535,0.745,0.635,1,0.495,0.535,0.635,5,84118.61973699978,0,0
0.575,0.505,0.645,0.82,0.965,0,0.575,0.645,0.965,5,57951.25174999982,0,1
0.315,0.125,0.265,0.225,0.245,0,0.315,0.265,0.245,5,130640.26618399957,0,1
0.495,0.295,0.265,0.235,0.355,0,0.495,0.265,0.355,5,128735.80353899962,0,0
0.415,0.435,0.845,0.925,0.985,1,0.415,0.845,0.985,5,61785.93156799991,0,1
0.535,0.965,0.935,0.975,0.985,0,0.535,0.935,0.985,5,79069.96606900003,0,1
0.495,0.495,0.205,0.205,0.155,0,0.495,0.205,0.155,5,63275.72925699992,0,0
0.595,0.465,0.405,0.565,0.365,3,0.595,0.405,0.365,5,50368.41357200002,0,0
0.515,0.505,0.555,0.575,0.975,0,0.515,0.555,0.975,5,45278.318060999976,0,1
0.455,0.385,0.255,0.065,0.045,0,0.455,0.255,0.045,5,69912.43970899982,0,0
0.475,0.395,0.245,0.335,0.515,1,0.475,0.245,0.515,5,71582.02954399996,0,1
0.475,0.575,0.365,0.275,0.085,2,0.475,0.365,0.085,5,82841.9347749996,0,0
0.485,0.535,0.795,0.705,0.975,1,0.485,0.795,0.975,5,47885.3860639999,0,1
0.565,0.795,0.865,0.895,0.925,0,0.565,0.865,0.925,5,75340.52467099983,0,1
0.495,0.525,0.745,0.825,0.965,1,0.495,0.745,0.965,5,60656.85992599986,0,1
0.505,0.395,0.325,0.495,0.585,2,0.505,0.325,0.585,5,89467.2612499997,0,1
0.715,0.565,0.545,0.465,0.335,1,0.715,0.545,0.335,5,128696.23589299999,0,1
0.485,0.655,0.745,0.745,0.795,1,0.485,0.745,0.795,5,111325.22987199944,0,0
0.505,0.285,0.095,0.075,0.035,1,0.505,0.095,0.035,5,49048.34511299999,0,0
0.715,0.765,0.725,0.865,0.985,0,0.715,0.725,0.985,5,68845.71160999991,0,1
0.315,0.355,0.37,0.505,0.065,2,0.315,0.37,0.065,5,88767.39831499985,0,0
0.535,0.61,0.545,0.845,0.985,0,0.535,0.545,0.985,5,91036.03521699975,0,1
0.535,0.355,0.285,0.465,0.415,1,0.535,0.285,0.415,5,56655.91283899992,0,0
0.495,0.73,0.715,0.785,0.185,2,0.495,0.715,0.185,5,75464.64074800005,0,1
0.535,0.795,0.955,0.965,0.985,0,0.535,0.955,0.985,5,61731.38701199991,0,1
0.495,0.795,0.715,0.725,0.105,2,0.495,0.715,0.105,5,115043.45819199986,0,0
0.445,0.595,0.855,0.935,0.995,1,0.445,0.855,0.995,5,74199.90765399997,0,1
0.525,0.845,0.855,0.975,0.995,0,0.525,0.855,0.995,5,42897.778772999976,0,1
0.495,0.175,0.125,0.235,0.695,1,0.495,0.125,0.695,5,76681.21573799982,0,0
0.545,0.815,0.285,0.175,0.435,1,0.545,0.285,0.435,5,96084.42307999979,0,0
0.505,0.825,0.955,0.965,0.955,0,0.505,0.955,0.955,5,53103.76505099993,0,1
0.415,0.325,0.425,0.225,0.045,0,0.415,0.425,0.045,5,57087.645851999994,0,0
0.505,0.975,0.995,0.995,0.995,0,0.505,0.995,0.995,5,90628.99024699998,0,1
0.675,0.575,0.425,0.495,0.485,1,0.675,0.425,0.485,5,53849.90863399993,0,0
0.445,0.555,0.415,0.055,0.145,2,0.445,0.415,0.145,5,97755.244783999,0,0
0.755,0.825,0.755,0.555,0.795,0,0.755,0.755,0.795,5,78869.83839700006,0,0
0.515,0.615,0.665,0.705,0.755,0,0.515,0.665,0.755,5,106359.87153499998,0,1
0.415,0.435,0.215,0.085,0.015,0,0.415,0.215,0.015,5,82741.83745499988,0,0
0.565,0.595,0.665,0.785,0.975,0,0.565,0.665,0.975,5,67059.06631599978,0,1
0.645,0.725,0.785,0.845,0.985,0,0.645,0.785,0.985,5,68458.46267999987,0,1
0.565,0.585,0.625,0.705,0.885,0,0.565,0.625,0.885,5,105985.99070199992,0,1
0.525,0.665,0.565,0.555,0.465,1,0.525,0.565,0.465,5,74134.84984299996,0,0
0.335,0.485,0.465,0.625,0.685,1,0.335,0.465,0.685,5,76016.24231199996,0,1
0.545,0.385,0.535,0.675,0.795,2,0.545,0.535,0.795,5,54166.30934700005,0,1
0.665,0.695,0.765,0.855,0.945,0,0.665,0.765,0.945,5,50187.803975999894,0,1
0.505,0.205,0.085,0.045,0.005,1,0.505,0.085,0.005,5,69270.76971700003,0,0
0.495,0.635,0.595,0.665,0.205,2,0.495,0.595,0.205,5,65414.09674600005,0,0
0.455,0.255,0.065,0.085,0.015,0,0.455,0.065,0.015,5,67254.47243299999,0,0
0.505,0.645,0.905,0.925,0.875,0,0.505,0.905,0.875,5,56484.03128200016,0,1
0.455,0.395,0.165,0.125,0.045,0,0.455,0.165,0.045,5,49055.816674999915,0,0
0.555,0.505,0.855,0.905,0.925,0,0.555,0.855,0.925,5,97790.81122099965,0,1
0.545,0.255,0.005,0.005,0.005,1,0.545,0.005,0.005,5,108872.66137799987,0,0
0.375,0.37,0.475,0.415,0.515,1,0.375,0.475,0.515,5,77603.84376399992,0,0
0.505,0.235,0.115,0.025,0.005,1,0.505,0.115,0.005,5,46740.11221499994,0,0
0.545,0.585,0.885,0.775,0.965,0,0.545,0.885,0.965,5,55557.97706199994,0,1
0.605,0.545,0.575,0.505,0.145,1,0.605,0.575,0.145,5,30957.76308600001,0,0
0.415,0.515,0.775,0.575,0.475,2,0.415,0.775,0.475,5,68278.92596100015,0,0
0.435,0.525,0.475,0.425,0.485,2,0.435,0.475,0.485,5,141666.33617199998,0,0
0.475,0.375,0.565,0.875,0.965,1,0.475,0.565,0.965,5,5.843136,1,1
0.505,0.415,0.375,0.225,0.485,1,0.505,0.375,0.485,5,10762.397159999997,1,1
0.455,0.565,0.375,0.835,0.295,4,0.455,0.375,0.295,5,6890.169284000013,1,0
0.465,0.575,0.805,0.755,0.975,1,0.465,0.805,0.975,5,0.0,1,1
0.465,0.415,0.455,0.075,0.025,0,0.465,0.455,0.025,5,0.0,1,1
0.355,0.345,0.115,0.375,0.205,0,0.355,0.115,0.205,5,6851.881419999994,1,0
0.535,0.795,0.975,0.995,0.995,0,0.535,0.975,0.995,5,5466.440566999999,1,1
0.595,0.255,0.375,0.265,0.485,1,0.595,0.375,0.485,5,0.0,1,1
0.495,0.255,0.055,0.025,0.005,0,0.495,0.055,0.005,5,6715.814270999998,1,0
0.455,0.605,0.745,0.945,0.995,1,0.455,0.745,0.995,5,4883.889240000002,1,1
0.515,0.515,0.465,0.235,0.715,2,0.515,0.465,0.715,5,0.0,1,0
0.465,0.495,0.765,0.855,0.615,1,0.465,0.765,0.615,5,7996.687297000005,1,0
0.495,0.645,0.785,0.955,0.995,1,0.495,0.785,0.995,5,0.0,1,1
0.505,0.575,0.87,0.295,0.735,2,0.505,0.87,0.735,5,0.0,1,0
0.815,0.585,0.685,0.815,0.995,0,0.815,0.685,0.995,5,7268.708976999999,1,1
0.535,0.305,0.235,0.035,0.025,1,0.535,0.235,0.025,5,6680.641818,1,0
0.535,0.405,0.325,0.065,0.045,1,0.535,0.325,0.045,5,5105.917829000003,1,0
0.435,0.465,0.585,0.705,0.945,1,0.435,0.585,0.945,5,5413.248142000002,1,1
0.525,0.805,0.945,0.975,0.995,0,0.525,0.945,0.995,5,0.0,1,1
0.595,0.695,0.925,0.825,0.885,0,0.595,0.925,0.885,5,9013.303803000004,1,0
0.505,0.485,0.505,0.365,0.965,4,0.505,0.505,0.965,5,0.0,1,1
0.485,0.755,0.755,0.865,0.775,1,0.485,0.755,0.775,5,7719.019663000003,1,1
0.485,0.495,0.885,0.955,0.935,1,0.485,0.885,0.935,5,9993.403244,1,1
0.545,0.6,0.755,0.445,0.515,2,0.545,0.755,0.515,5,12407.144330999998,1,1
0.645,0.495,0.475,0.485,0.225,1,0.645,0.475,0.225,5,15125.44976499997,1,1
0.495,0.155,0.155,0.165,0.015,0,0.495,0.155,0.015,5,8166.459587000002,1,0
0.485,0.595,0.795,0.855,0.965,1,0.485,0.795,0.965,5,7038.988391000004,1,1
0.505,0.755,0.845,0.815,0.965,0,0.505,0.845,0.965,5,5601.689998,1,1
0.5,0.505,0.505,0.455,0.295,1,0.5,0.505,0.295,5,11784.203721999997,1,0
0.485,0.705,0.635,0.285,0.085,2,0.485,0.635,0.085,5,10428.115162,1,0
0.485,0.465,0.755,0.995,0.995,1,0.485,0.755,0.995,5,9118.258921,1,1
0.41,0.225,0.445,0.335,0.495,0,0.41,0.445,0.495,5,0.0,1,1
0.485,0.205,0.475,0.695,0.805,1,0.485,0.475,0.805,5,14515.041008999991,1,1
0.5,0.515,0.495,0.135,0.165,1,0.5,0.495,0.165,5,10240.292572000011,1,0
0.505,0.515,0.285,0.025,0.015,1,0.505,0.285,0.015,5,15943.284338000001,1,0
0.28,0.845,0.935,0.885,0.955,1,0.28,0.935,0.955,5,19296.123445000012,1,1
0.495,0.285,0.115,0.095,0.005,0,0.495,0.115,0.005,5,7916.793907,1,0
0.485,0.365,0.075,0.005,0.0035,0,0.485,0.075,0.0035,5,10749.061537000007,1,0
0.505,0.445,0.535,0.625,0.035,3,0.505,0.535,0.035,5,13520.411953999996,1,0
0.48,0.795,0.625,0.805,0.16,2,0.48,0.625,0.16,5,18734.567038,1,0
0.475,0.575,0.685,0.745,0.655,1,0.475,0.685,0.655,5,11925.333208000002,1,1
0.505,0.785,0.395,0.055,0.065,1,0.505,0.395,0.065,5,19507.925518000022,1,0
0.41,0.685,0.695,0.755,0.875,1,0.41,0.695,0.875,5,0.0,1,1
0.485,0.115,0.055,0.86,0.995,1,0.485,0.055,0.995,5,17463.534483999985,1,1
0.525,0.495,0.055,0.005,0.005,1,0.525,0.055,0.005,5,8702.965966,1,0
0.505,0.485,0.135,0.035,0.005,1,0.505,0.135,0.005,5,11669.27905399998,1,0
0.455,0.835,0.905,0.555,0.325,2,0.455,0.905,0.325,5,25724.52474100001,1,1
0.5,0.515,0.335,0.815,0.995,2,0.5,0.335,0.995,5,7650.860300000003,1,1
0.51,0.425,0.555,0.775,0.575,2,0.51,0.555,0.575,5,12245.708581000006,1,0
0.485,0.555,0.3,0.095,0.015,2,0.485,0.3,0.015,5,9787.658374000008,1,0
0.475,0.685,0.615,0.625,0.285,2,0.475,0.615,0.285,5,0.0,1,1
0.525,0.505,0.375,0.715,0.465,3,0.525,0.375,0.465,5,9399.988772999997,1,1
0.525,0.315,0.105,0.125,0.015,1,0.525,0.105,0.015,5,7485.928000000001,1,0
0.53,0.625,0.605,0.735,0.145,1,0.53,0.605,0.145,5,8621.205440999998,1,0
0.485,0.695,0.565,0.405,0.185,2,0.485,0.565,0.185,5,7216.281516000004,1,0
0.495,0.445,0.445,0.505,0.965,1,0.495,0.445,0.965,5,0.0,1,1
0.465,0.505,0.355,0.045,0.005,2,0.465,0.355,0.005,5,6757.324553000004,1,0
0.495,0.945,0.975,0.885,0.915,1,0.495,0.975,0.915,5,8771.405934,1,1
0.555,0.795,0.975,0.995,0.995,0,0.555,0.975,0.995,5,5865.974562999997,1,1
0.495,0.595,0.645,0.655,0.865,1,0.495,0.645,0.865,5,7825.154975999997,1,1
0.505,0.195,0.405,0.625,0.545,2,0.505,0.405,0.545,5,8316.532360999998,1,1
0.505,0.795,0.945,0.915,0.995,0,0.505,0.945,0.995,5,5608.642241999998,1,1
0.425,0.445,0.275,0.215,0.045,0,0.425,0.275,0.045,5,5160.9594320000015,1,0
0.515,0.495,0.845,0.965,0.755,2,0.515,0.845,0.755,5,9015.941525000004,1,1
0.305,0.805,0.825,0.925,0.995,1,0.305,0.825,0.995,5,7547.523567000001,1,1
0.51,0.635,0.565,0.285,0.155,1,0.51,0.565,0.155,5,0.0,1,0
0.505,0.645,0.605,0.875,0.945,0,0.505,0.605,0.945,5,0.0,1,1
0.495,0.515,0.25,0.265,0.005,2,0.495,0.25,0.005,5,8198.898817000007,1,0
0.515,0.405,0.735,0.765,0.905,2,0.515,0.735,0.905,5,7856.970176000009,1,1
0.495,0.685,0.705,0.645,0.935,1,0.495,0.705,0.935,5,4806.742163999999,1,1
0.485,0.325,0.125,0.085,0.005,0,0.485,0.125,0.005,5,5356.827799000003,1,0
0.505,0.535,0.485,0.465,0.22,1,0.505,0.485,0.22,5,12128.12827700001,1,0
0.495,0.345,0.525,0.425,0.365,2,0.495,0.525,0.365,5,10487.316084000007,1,1
0.515,0.505,0.475,0.175,0.005,1,0.515,0.475,0.005,5,7224.773184000002,1,0
0.495,0.125,0.135,0.095,0.02,0,0.495,0.135,0.02,5,0.0,1,0
0.495,0.715,0.435,0.025,0.055,2,0.495,0.435,0.055,5,0.0,1,0
0.415,0.305,0.025,0.005,0.005,0,0.415,0.025,0.005,5,5235.912902000004,1,0
0.505,0.275,0.415,0.395,0.335,1,0.505,0.415,0.335,5,7409.458244000003,1,1
0.525,0.545,0.895,0.955,0.9755,0,0.525,0.895,0.9755,5,5869.545910000001,1,1
0.495,0.195,0.165,0.185,0.035,0,0.495,0.165,0.035,5,7194.989287000002,1,0
0.56,0.54,0.355,0.69,0.875,2,0.56,0.355,0.875,5,6195.728447999999,1,1
0.555,0.715,0.655,0.895,0.915,0,0.555,0.655,0.915,5,7811.999934999998,1,0
0.335,0.345,0.205,0.055,0.005,0,0.335,0.205,0.005,5,8918.644792000025,1,0
0.575,0.595,0.165,0.035,0.005,1,0.575,0.165,0.005,5,15017.122665999976,1,0
0.325,0.36,0.485,0.065,0.005,0,0.325,0.485,0.005,5,8816.256362000002,1,0
0.515,0.705,0.815,0.665,0.395,1,0.515,0.815,0.395,5,0.0,1,1
0.49,0.365,0.395,0.235,0.035,0,0.49,0.395,0.035,5,4663.864827000005,1,0
0.575,0.635,0.665,0.775,0.955,0,0.575,0.665,0.955,5,4864.272014,1,1
0.525,0.645,0.775,0.845,0.105,1,0.525,0.775,0.105,5,10218.990494999995,1,0
0.505,0.565,0.855,0.925,0.995,0,0.505,0.855,0.995,5,8427.637714999997,1,1
0.475,0.675,0.815,0.945,0.995,1,0.475,0.815,0.995,5,5246.7820729999985,1,1
0.475,0.475,0.095,0.015,0.005,0,0.475,0.095,0.005,5,5026.751659999999,1,0
0.49,0.245,0.295,0.225,0.165,0,0.49,0.295,0.165,5,5235.730122000003,1,0
0.485,0.495,0.245,0.105,0.085,0,0.485,0.245,0.085,5,4634.005109999998,1,0
0.465,0.355,0.155,0.065,0.005,0,0.465,0.155,0.005,5,7589.361146,1,0
0.535,0.565,0.725,0.865,0.625,0,0.535,0.725,0.625,5,0.0,1,1
0.505,0.645,0.315,0.485,0.635,2,0.505,0.315,0.635,5,0.0,1,1
0.515,0.425,0.215,0.135,0.765,2,0.515,0.215,0.765,5,0.0,1,1
0.485,0.505,0.295,0.235,0.1,2,0.485,0.295,0.1,5,9521.939467,1,0
0.535,0.725,0.695,0.285,0.345,1,0.535,0.695,0.345,5,8902.650248999998,1,1
0.485,0.465,0.595,0.495,0.465,2,0.485,0.595,0.465,5,0.0,1,0
0.515,0.335,0.325,0.085,0.355,1,0.515,0.325,0.355,5,9137.326111999993,1,0
0.555,0.755,0.965,0.985,0.995,0,0.555,0.965,0.995,5,4596.841367999999,1,1
0.545,0.375,0.32,0.325,0.655,2,0.545,0.32,0.655,5,19807.17032199999,1,0
0.575,0.645,0.135,0.035,0.005,1,0.575,0.135,0.005,5,8492.360965000007,1,0
0.465,0.645,0.445,0.715,0.605,3,0.465,0.445,0.605,5,8126.254412999999,1,1
0.495,0.755,0.945,0.935,0.995,1,0.495,0.945,0.995,5,6616.858370000004,1,1
0.475,0.315,0.465,0.825,0.485,2,0.475,0.465,0.485,5,10343.499356999993,1,0
0.52,0.825,0.725,0.905,0.115,1,0.52,0.725,0.115,5,0.0,1,0
0.465,0.395,0.705,0.595,0.955,1,0.465,0.705,0.955,5,6482.41143,1,1
0.52,0.475,0.055,0.055,0.005,1,0.52,0.055,0.005,5,7783.850671000002,1,0
0.595,0.795,0.895,0.955,0.995,0,0.595,0.895,0.995,5,5911.2561270000015,1,1
0.52,0.885,0.935,0.935,0.975,0,0.52,0.935,0.975,5,9910.205105000012,1,1
0.485,0.485,0.705,0.735,0.995,1,0.485,0.705,0.995,5,16385.098426000004,1,1
0.515,0.725,0.865,0.935,0.585,0,0.515,0.865,0.585,5,41545.34871599999,1,0
0.505,0.505,0.245,0.035,0.155,1,0.505,0.245,0.155,5,9453.255452999998,1,0
0.55,0.805,0.975,0.55,0.275,1,0.55,0.975,0.275,5,14992.685750000002,1,1
0.54,0.575,0.535,0.415,0.2,1,0.54,0.535,0.2,5,14175.416540999991,1,1
0.56,0.495,0.715,0.83,0.995,2,0.56,0.715,0.995,5,9558.203324,1,1
0.545,0.455,0.535,0.855,0.685,2,0.545,0.535,0.685,5,10014.884735,1,1
0.605,0.765,0.955,0.995,0.995,0,0.605,0.955,0.995,5,7425.199280000008,1,1
0.535,0.315,0.095,0.015,0.005,1,0.535,0.095,0.005,5,11088.882095,1,0
0.525,0.605,0.25,0.165,0.095,1,0.525,0.25,0.095,5,19385.001030000014,1,0
0.54,0.115,0.085,0.005,0.01,1,0.54,0.085,0.01,5,11959.333271999993,1,0
0.7,0.415,0.205,0.185,0.055,1,0.7,0.205,0.055,5,9934.607911,1,0
0.525,0.705,0.565,0.875,0.885,0,0.525,0.565,0.885,5,11893.267524999987,1,0
0.505,0.295,0.065,0.005,0.005,1,0.505,0.065,0.005,5,3920.6183580000006,1,0
0.475,0.495,0.515,0.46,0.86,3,0.475,0.515,0.86,5,0.0,1,0
0.55,0.425,0.835,0.545,0.995,2,0.55,0.835,0.995,5,11557.596911,1,1
0.535,0.265,0.185,0.165,0.055,1,0.535,0.185,0.055,5,0.0,1,0
0.495,0.335,0.385,0.095,0.035,0,0.495,0.385,0.035,5,0.0,1,0
0.495,0.145,0.115,0.045,0.025,0,0.495,0.115,0.025,5,3166.412204999998,1,0
0.52,0.805,0.965,0.995,0.995,0,0.52,0.965,0.995,5,0.0,1,1
0.505,0.695,0.815,0.665,0.915,0,0.505,0.815,0.915,5,12128.067103999998,1,0
0.525,0.295,0.705,0.785,0.115,3,0.525,0.705,0.115,5,11883.677609,1,0
0.56,0.605,0.825,0.525,0.155,1,0.56,0.825,0.155,5,12938.911517000002,1,0
0.515,0.265,0.285,0.085,0.005,1,0.515,0.285,0.005,5,10895.851064,1,0
0.175,0.125,0.195,0.055,0.005,0,0.175,0.195,0.005,5,0.0,1,0
0.485,0.555,0.415,0.165,0.015,2,0.485,0.415,0.015,5,0.0,1,0
0.505,0.565,0.725,0.925,0.955,0,0.505,0.725,0.955,5,5029.922678000003,1,1
0.475,0.365,0.375,0.365,0.175,0,0.475,0.375,0.175,5,4031.716551999997,1,0
0.545,0.645,0.345,0.56,0.775,2,0.545,0.345,0.775,5,5074.453424999997,1,1
0.44,0.465,0.585,0.805,0.965,1,0.44,0.585,0.965,5,2984.3082099999992,1,1
0.515,0.525,0.555,0.585,0.745,0,0.515,0.555,0.745,5,0.0,1,1
0.485,0.415,0.215,0.095,0.095,0,0.485,0.215,0.095,5,0.0,1,0
0.575,0.925,0.925,0.985,0.995,0,0.575,0.925,0.995,5,0.0,1,1
0.545,0.455,0.255,0.315,0.605,2,0.545,0.255,0.605,5,10340.621356,1,1
0.575,0.435,0.265,0.055,0.095,1,0.575,0.265,0.095,5,0.0,1,0
0.54,0.755,0.465,0.725,0.945,2,0.54,0.465,0.945,5,6640.863437,1,1
0.625,0.415,0.07,0.005,0.005,1,0.625,0.07,0.005,5,0.0,1,0
0.465,0.115,0.245,0.115,0.015,0,0.465,0.245,0.015,5,6231.720529000003,1,0
0.465,0.425,0.555,0.545,0.885,1,0.465,0.555,0.885,5,6788.695530000002,1,1
0.46,0.695,0.985,0.995,0.995,1,0.46,0.985,0.995,5,7533.714544,1,1
0.465,0.585,0.725,0.505,0.115,2,0.465,0.725,0.115,5,11692.106405999997,1,0
0.465,0.485,0.325,0.565,0.495,2,0.465,0.325,0.495,5,9302.155708000004,1,1
0.515,0.315,0.365,0.745,0.695,2,0.515,0.365,0.695,5,0.0,1,1
0.49,0.125,0.225,0.115,0.035,0,0.49,0.225,0.035,5,5563.792811999999,1,0
0.505,0.325,0.225,0.165,0.685,2,0.505,0.225,0.685,5,0.0,1,1
0.495,0.475,0.555,0.575,0.045,2,0.495,0.555,0.045,5,5210.637888000001,1,0
0.535,0.555,0.495,0.525,0.885,2,0.535,0.495,0.885,5,11837.629921999996,1,1
0.49,0.845,0.935,0.925,0.995,1,0.49,0.935,0.995,5,6086.867137000002,1,1
0.575,0.515,0.565,0.145,0.015,1,0.575,0.565,0.015,5,6158.767205999999,1,0
0.425,0.585,0.805,0.645,0.745,1,0.425,0.805,0.745,5,0.0,1,1
0.51,0.455,0.785,0.975,0.995,2,0.51,0.785,0.995,5,5235.440971000003,1,1
0.475,0.725,0.615,0.895,0.845,1,0.475,0.615,0.845,5,7412.036551000001,1,1
0.525,0.025,0.015,0.005,0.005,1,0.525,0.015,0.005,5,16300.204805999996,1,0
0.53,0.195,0.175,0.055,0.005,1,0.53,0.175,0.005,5,0.0,1,0
0.465,0.515,0.405,0.595,0.065,4,0.465,0.405,0.065,5,4218.706405000003,1,0
0.485,0.175,0.125,0.135,0.025,0,0.485,0.125,0.025,5,0.0,1,0
0.515,0.555,0.515,0.695,0.715,0,0.515,0.515,0.715,5,0.0,1,1
0.475,0.76,0.695,0.895,0.795,1,0.475,0.695,0.795,5,0.0,1,1
0.545,0.955,0.985,0.995,0.995,0,0.545,0.985,0.995,5,5052.701448000002,1,1
0.515,0.755,0.705,0.875,0.995,0,0.515,0.705,0.995,5,0.0,1,1
0.365,0.275,0.335,0.675,0.865,1,0.365,0.335,0.865,5,8481.932589000004,1,1
0.51,0.585,0.375,0.265,0.065,1,0.51,0.375,0.065,5,0.0,1,0
0.535,0.325,0.185,0.095,0.015,1,0.535,0.185,0.015,5,8641.700571999998,1,0
0.505,0.575,0.625,0.425,0.775,2,0.505,0.625,0.775,5,0.0,1,0
0.495,0.575,0.605,0.405,0.725,3,0.495,0.605,0.725,5,0.0,1,0
0.495,0.585,0.765,0.795,0.905,1,0.495,0.765,0.905,5,7573.581200000004,1,1
0.525,0.595,0.815,0.925,0.975,0,0.525,0.815,0.975,5,0.0,1,1
0.355,0.415,0.205,0.175,0.405,0,0.355,0.205,0.405,5,6731.572418000002,1,0
0.465,0.355,0.695,0.925,0.925,1,0.465,0.695,0.925,5,0.0,1,1
0.48,0.355,0.375,0.225,0.865,1,0.48,0.375,0.865,5,8821.978824000002,1,1
0.495,0.375,0.665,0.435,0.455,2,0.495,0.665,0.455,5,0.0,1,0
0.475,0.535,0.39,0.145,0.055,2,0.475,0.39,0.055,5,0.0,1,0
0.465,0.245,0.455,0.635,0.945,1,0.465,0.455,0.945,5,10115.183324999993,1,1
0.575,0.825,0.945,0.985,0.995,0,0.575,0.945,0.995,5,0.0,1,1
0.505,0.435,0.615,0.365,0.565,4,0.505,0.615,0.565,5,0.0,1,1
0.505,0.485,0.405,0.215,0.005,1,0.505,0.405,0.005,5,11052.516591,1,0
0.44,0.515,0.445,0.195,0.695,3,0.44,0.445,0.695,5,11309.622624999982,1,1
0.525,0.515,0.555,0.365,0.995,2,0.525,0.555,0.995,5,12570.427298999994,1,1
0.46,0.315,0.195,0.285,0.205,0,0.46,0.195,0.205,5,19473.561200000015,1,0
0.505,0.745,0.875,0.955,0.985,0,0.505,0.875,0.985,5,10312.34988700001,1,1
0.515,0.325,0.035,0.065,0.13,1,0.515,0.035,0.13,5,17267.581942,1,0
0.515,0.525,0.305,0.185,0.17,1,0.515,0.305,0.17,5,12752.700468000005,1,0
0.375,0.265,0.255,0.135,0.005,0,0.375,0.255,0.005,5,10307.501168000004,1,0
0.555,0.475,0.805,0.915,0.985,2,0.555,0.805,0.985,5,19597.369784,1,1
0.525,0.295,0.035,0.005,0.005,1,0.525,0.035,0.005,5,9965.658094000002,1,0
0.545,0.575,0.625,0.475,0.895,2,0.545,0.625,0.895,5,14684.173900999995,1,1
0.525,0.625,0.925,0.965,0.985,0,0.525,0.925,0.985,5,6404.137738000016,1,1
0.535,0.545,0.335,0.365,0.335,1,0.535,0.335,0.335,5,23971.233743000008,1,1
0.545,0.215,0.125,0.015,0.0045,1,0.545,0.125,0.0045,5,12467.18073199999,1,0
0.475,0.215,0.355,0.765,0.935,1,0.475,0.355,0.935,5,21910.727701999986,1,1
0.535,0.455,0.715,0.985,0.935,2,0.535,0.715,0.935,5,11633.712544,1,1
0.575,0.255,0.455,0.165,0.025,1,0.575,0.455,0.025,5,20821.280688999996,1,0
0.47,0.275,0.225,0.075,0.045,0,0.47,0.225,0.045,5,9220.544441,1,0
0.765,0.74,0.275,0.155,0.025,1,0.765,0.275,0.025,5,13457.826659000018,1,0
0.52,0.535,0.695,0.595,0.955,0,0.52,0.695,0.955,5,0.0,1,1
0.615,0.465,0.645,0.875,0.955,2,0.615,0.645,0.955,5,13441.398843999996,1,1
0.445,0.525,0.765,0.845,0.975,1,0.445,0.765,0.975,5,0.0,1,1
0.49,0.345,0.185,0.105,0.01,0,0.49,0.185,0.01,5,0.0,1,0
0.48,0.675,0.285,0.335,0.105,2,0.48,0.285,0.105,5,9636.834667000005,1,0
0.505,0.465,0.355,0.635,0.135,3,0.505,0.355,0.135,5,12230.670648999994,1,0
0.52,0.635,0.685,0.745,0.545,0,0.52,0.685,0.545,5,10335.013597999994,1,1
0.475,0.635,0.395,0.555,0.055,4,0.475,0.395,0.055,5,0.0,1,0
0.505,0.425,0.105,0.055,0.035,1,0.505,0.105,0.035,5,6941.062209000002,1,0
0.435,0.605,0.895,0.995,0.995,1,0.435,0.895,0.995,5,0.0,1,1
0.39,0.605,0.955,0.955,0.995,1,0.39,0.955,0.995,5,13964.784815000005,1,1
0.505,0.485,0.345,0.115,0.085,1,0.505,0.345,0.085,5,10519.264148999999,1,0
0.465,0.765,0.715,0.195,0.015,2,0.465,0.715,0.015,5,0.0,1,0
0.53,0.405,0.515,0.995,0.995,2,0.53,0.515,0.995,5,8678.932137,1,1
0.495,0.455,0.565,0.135,0.035,2,0.495,0.565,0.035,5,7010.061190999999,1,0
0.425,0.315,0.505,0.925,0.985,1,0.425,0.505,0.985,5,8346.806208000002,1,1
0.445,0.33,0.465,0.395,0.06,0,0.445,0.465,0.06,5,6391.671152999999,1,0
0.475,0.235,0.245,0.415,0.955,1,0.475,0.245,0.955,5,8343.621622999999,1,1
0.39,0.025,0.005,0.005,0.005,0,0.39,0.005,0.005,5,5506.195708000001,1,0
0.535,0.745,0.805,0.885,0.995,0,0.535,0.805,0.995,5,5185.176007,1,1
0.505,0.32,0.175,0.135,0.035,1,0.505,0.175,0.035,5,6355.592572000006,1,0
0.585,0.445,0.765,0.755,0.515,2,0.585,0.765,0.515,5,9523.474208,1,1
0.53,0.315,0.125,0.04,0.73,2,0.53,0.125,0.73,5,15565.044625,1,1
0.495,0.295,0.345,0.345,0.045,0,0.495,0.345,0.045,5,6587.751593000003,1,0
0.655,0.685,0.545,0.515,0.825,0,0.655,0.545,0.825,5,8816.477517000001,1,1
0.555,0.575,0.495,0.105,0.005,1,0.555,0.495,0.005,5,7440.008052000003,1,0
0.465,0.105,0.055,0.025,0.095,0,0.465,0.055,0.095,5,8416.967009000002,1,0
0.55,0.895,0.955,0.995,0.995,0,0.55,0.955,0.995,5,6411.546959000003,1,1
0.445,0.295,0.385,0.465,0.155,0,0.445,0.385,0.155,5,7421.802144000001,1,0
0.48,0.535,0.655,0.855,0.94,1,0.48,0.655,0.94,5,9752.463448999993,1,1
0.475,0.505,0.415,0.365,0.635,3,0.475,0.415,0.635,5,8663.970942000005,1,1
0.49,0.625,0.495,0.315,0.835,3,0.49,0.495,0.835,5,6691.880354999999,1,1
0.65,0.575,0.875,0.705,0.495,1,0.65,0.875,0.495,5,10244.704198000005,1,1
0.565,0.235,0.085,0.045,0.015,1,0.565,0.085,0.015,5,6343.474845000001,1,0
0.465,0.595,0.735,0.565,0.155,2,0.465,0.735,0.155,5,8435.035283000007,1,1
0.505,0.465,0.345,0.275,0.075,1,0.505,0.345,0.075,5,6881.153229000004,1,1
0.505,0.755,0.825,0.625,0.905,0,0.505,0.825,0.905,5,4702.993446000005,1,1
0.505,0.435,0.525,0.345,0.495,3,0.505,0.525,0.495,5,14056.019597000002,1,1
0.315,0.075,0.015,0.015,0.005,0,0.315,0.015,0.005,5,17150.317834999998,1,0
0.55,0.385,0.195,0.295,0.025,1,0.55,0.195,0.025,5,9811.832670999996,1,0
0.535,0.375,0.275,0.305,0.785,2,0.535,0.275,0.785,5,16981.067424000008,1,0
0.505,0.185,0.345,0.345,0.335,1,0.505,0.345,0.335,5,6811.378858000004,1,0
0.495,0.465,0.715,0.915,0.915,1,0.495,0.715,0.915,5,8133.7110490000105,1,1
0.5,0.375,0.305,0.545,0.175,3,0.5,0.305,0.175,5,12542.489350000005,1,0
0.555,0.785,0.425,0.285,0.555,2,0.555,0.425,0.555,5,7253.959121000009,1,1
0.535,0.885,0.14,0.005,0.005,1,0.535,0.14,0.005,5,10130.372973999998,1,0
0.42,0.69,0.835,0.955,0.995,1,0.42,0.835,0.995,5,6797.338641,1,1
0.6,0.295,0.625,0.125,0.055,3,0.6,0.625,0.055,5,11141.758125999997,1,0
0.565,0.805,0.835,0.735,0.925,0,0.565,0.835,0.925,5,17059.127050999996,1,1
0.535,0.585,0.775,0.865,0.975,0,0.535,0.775,0.975,5,10310.160221999991,1,1
0.55,0.575,0.465,0.115,0.025,1,0.55,0.465,0.025,5,4185.758815000001,1,0
0.55,0.455,0.585,0.685,0.715,2,0.55,0.585,0.715,5,7871.445725,1,0
0.565,0.715,0.875,0.905,0.125,1,0.565,0.875,0.125,5,9428.215852000003,1,0
0.5,0.235,0.155,0.075,0.015,1,0.5,0.155,0.015,5,5564.5089659999985,1,0
0.46,0.735,0.815,0.895,0.825,1,0.46,0.815,0.825,5,3499.8413829999995,1,1
0.5,0.085,0.075,0.085,0.025,1,0.5,0.075,0.025,5,6361.667580000005,1,0
0.46,0.545,0.645,0.295,0.135,2,0.46,0.645,0.135,5,6119.856575000005,1,0
0.545,0.705,0.825,0.935,0.985,0,0.545,0.825,0.985,5,5419.340959000001,1,1
0.535,0.585,0.315,0.195,0.055,1,0.535,0.315,0.055,5,6346.262439000003,1,0
0.52,0.255,0.465,0.145,0.195,1,0.52,0.465,0.195,5,7077.691328000002,1,0
0.505,0.315,0.395,0.125,0.015,1,0.505,0.395,0.015,5,5117.527283999999,1,0
0.485,0.235,0.235,0.075,0.035,0,0.485,0.235,0.035,5,10110.068653,1,0
0.48,0.29,0.265,0.185,0.475,0,0.48,0.265,0.475,5,9797.095336999993,1,0
0.525,0.785,0.945,0.975,0.605,0,0.525,0.945,0.605,5,12564.68036999998,1,1
0.46,0.375,0.775,0.79,0.815,1,0.46,0.775,0.815,5,9518.999032999995,1,1
0.495,0.295,0.325,0.77,0.885,1,0.495,0.325,0.885,5,16327.656240999999,1,0
0.485,0.735,0.785,0.785,0.775,1,0.485,0.785,0.775,5,9679.387463999996,1,1
0.515,0.895,0.885,0.78,0.875,0,0.515,0.885,0.875,5,9337.018525999994,1,1
0.5,0.505,0.415,0.365,0.405,1,0.5,0.415,0.405,5,14562.91346099999,1,1
0.52,0.215,0.575,0.565,0.365,3,0.52,0.575,0.365,5,12893.118922999998,1,1
0.51,0.335,0.245,0.195,0.315,1,0.51,0.245,0.315,5,9282.424550999995,1,0
0.465,0.135,0.045,0.015,0.005,0,0.465,0.045,0.005,5,5305.211004999999,1,0
0.335,0.885,0.995,0.995,0.995,1,0.335,0.995,0.995,5,15064.654363000005,1,1
0.495,0.505,0.985,0.995,0.995,1,0.495,0.985,0.995,5,8122.5158010000005,1,1
0.485,0.215,0.145,0.385,0.105,0,0.485,0.145,0.105,5,11480.782759,1,0
0.455,0.185,0.295,0.325,0.075,0,0.455,0.295,0.075,5,10451.172007999985,1,0
0.485,0.555,0.34,0.175,0.115,2,0.485,0.34,0.115,5,7119.669102999998,1,0
0.44,0.835,0.485,0.625,0.855,3,0.44,0.485,0.855,5,17705.59573300002,1,1
0.52,0.365,0.595,0.315,0.875,4,0.52,0.595,0.875,5,7989.370090999999,1,1
0.505,0.415,0.305,0.335,0.145,1,0.505,0.305,0.145,5,6411.361788000005,1,0
0.495,0.255,0.255,0.115,0.055,0,0.495,0.255,0.055,5,13226.876246000005,1,0
0.495,0.385,0.095,0.015,0.005,0,0.495,0.095,0.005,5,3791.467402999999,1,0
0.515,0.405,0.675,0.715,0.965,2,0.515,0.675,0.965,5,6756.270702000001,1,1
0.475,0.255,0.095,0.045,0.005,0,0.475,0.095,0.005,5,6806.273868000005,1,0
0.475,0.585,0.555,0.485,0.265,2,0.475,0.555,0.265,5,8656.013975999997,1,0
0.495,0.495,0.225,0.135,0.865,1,0.495,0.225,0.865,5,0.0,1,1
0.545,0.695,0.845,0.695,0.755,0,0.545,0.845,0.755,5,9087.243542999999,1,1
0.645,0.635,0.835,0.255,0.185,1,0.645,0.835,0.185,5,6293.240585000003,1,0
0.5,0.275,0.27,0.365,0.105,1,0.5,0.27,0.105,5,31617.699667999997,1,1
0.505,0.465,0.595,0.375,0.045,3,0.505,0.595,0.045,5,6055.363702000003,1,0
0.505,0.425,0.175,0.535,0.725,2,0.505,0.175,0.725,5,4712.460795000004,1,1
0.475,0.505,0.175,0.185,0.555,3,0.475,0.175,0.555,5,7531.325715000005,1,1
0.385,0.805,0.555,0.635,0.765,1,0.385,0.555,0.765,5,4922.472295,1,1
0.505,0.595,0.685,0.945,0.965,0,0.505,0.685,0.965,5,12358.789776999998,1,0
0.505,0.315,0.29,0.515,0.055,3,0.505,0.29,0.055,5,0.0,1,0
0.545,0.685,0.525,0.175,0.025,1,0.545,0.525,0.025,5,0.0,1,0
0.505,0.875,0.585,0.705,0.225,1,0.505,0.585,0.225,5,13601.086075999989,1,0
0.495,0.325,0.195,0.115,0.59,1,0.495,0.195,0.59,5,25374.943204999996,1,1
0.53,0.395,0.195,0.155,0.195,1,0.53,0.195,0.195,5,6581.618583000009,1,0
0.485,0.425,0.165,0.265,0.035,0,0.485,0.165,0.035,5,8141.5445540000055,1,1
0.465,0.545,0.375,0.325,0.095,2,0.465,0.375,0.095,5,7867.269709999999,1,0
0.475,0.775,0.835,0.725,0.975,1,0.475,0.835,0.975,5,7609.0405359999995,1,1
0.475,0.605,0.315,0.125,0.135,2,0.475,0.315,0.135,5,8355.268086000007,1,1
0.535,0.835,0.615,0.665,0.595,0,0.535,0.615,0.595,5,7909.849913000004,1,1
0.595,0.615,0.705,0.115,0.135,1,0.595,0.705,0.135,5,6128.325505000001,1,0
0.495,0.265,0.205,0.135,0.55,1,0.495,0.205,0.55,5,10737.847664000004,1,1
0.485,0.365,0.325,0.195,0.155,0,0.485,0.325,0.155,5,5072.107976000004,1,0
0.515,0.515,0.575,0.925,0.995,0,0.515,0.575,0.995,5,8867.521438000002,1,1
0.495,0.585,0.685,0.855,0.995,1,0.495,0.685,0.995,5,7906.79116,1,1
0.495,0.605,0.565,0.615,0.965,1,0.495,0.565,0.965,5,7009.23903400001,1,1
0.465,0.645,0.665,0.725,0.175,2,0.465,0.665,0.175,5,10854.072860000004,1,0
0.505,0.515,0.815,0.925,0.955,0,0.505,0.815,0.955,5,0.0,1,1
0.545,0.315,0.215,0.315,0.415,1,0.545,0.215,0.415,5,12439.114300999996,1,0
0.485,0.485,0.515,0.525,0.895,1,0.485,0.515,0.895,5,11517.645899999998,1,1
0.475,0.345,0.185,0.345,0.035,0,0.475,0.185,0.035,5,7293.659340000006,1,0
0.625,0.665,0.525,0.535,0.965,0,0.625,0.525,0.965,5,4711.474328,1,1
0.405,0.265,0.405,0.155,0.535,1,0.405,0.405,0.535,5,7616.431048000005,1,0
0.465,0.775,0.725,0.475,0.545,3,0.465,0.725,0.545,5,8991.844722000003,1,0
0.47,0.325,0.245,0.265,0.215,0,0.47,0.245,0.215,5,7557.801005999999,1,0
0.355,0.235,0.265,0.36,0.135,0,0.355,0.265,0.135,5,6196.833519000002,1,0
0.505,0.385,0.395,0.655,0.095,3,0.505,0.395,0.095,5,7915.173474999994,1,0
0.505,0.815,0.765,0.425,0.745,2,0.505,0.765,0.745,5,10404.618086999993,1,0
0.585,0.495,0.765,0.955,0.98,2,0.585,0.765,0.98,5,5941.67994900002,1,1
0.415,0.505,0.735,0.315,0.965,3,0.415,0.735,0.965,5,11639.786890999978,1,1
0.725,0.945,0.995,0.995,0.995,0,0.725,0.995,0.995,5,14875.99927,1,1
0.585,0.635,0.405,0.635,0.815,2,0.585,0.405,0.815,5,14419.454814999992,1,0
0.455,0.155,0.095,0.035,0.005,0,0.455,0.095,0.005,5,0.0,1,0
0.58,0.445,0.845,0.995,0.995,2,0.58,0.845,0.995,5,5613.175813000001,1,1
0.505,0.805,0.655,0.335,0.015,1,0.505,0.655,0.015,5,0.0,1,0
0.565,0.665,0.755,0.825,0.975,0,0.565,0.755,0.975,5,4900.345966000002,1,1
0.505,0.505,0.615,0.425,0.545,2,0.505,0.615,0.545,5,11943.389079999997,1,0
0.555,0.565,0.825,0.685,0.465,1,0.555,0.825,0.465,5,14221.407522000012,1,0
0.535,0.395,0.095,0.075,0.085,1,0.535,0.095,0.085,5,10699.965446999993,1,0
0.505,0.145,0.305,0.735,0.805,2,0.505,0.305,0.805,5,11874.565674999989,1,0
0.475,0.495,0.575,0.245,0.105,2,0.475,0.575,0.105,5,10939.897711999996,1,0
0.525,0.915,0.955,0.965,0.955,0,0.525,0.955,0.955,5,0.0,1,1
0.535,0.725,0.675,0.645,0.335,1,0.535,0.675,0.335,5,11666.96852999999,1,1
0.535,0.705,0.685,0.945,0.185,1,0.535,0.685,0.185,5,0.0,1,0
0.515,0.265,0.165,0.015,0.005,1,0.515,0.165,0.005,5,4290.411507999999,1,0
0.515,0.205,0.065,0.075,0.035,1,0.515,0.065,0.035,5,5344.007514000007,1,0
0.485,0.645,0.615,0.815,0.935,1,0.485,0.615,0.935,5,23860.198333000004,1,1
0.555,0.635,0.735,0.395,0.365,1,0.555,0.735,0.365,5,8579.370664000005,1,0
0.495,0.165,0.135,0.065,0.015,0,0.495,0.135,0.015,5,7813.061467000003,1,0
0.495,0.525,0.545,0.065,0.175,2,0.495,0.545,0.175,5,13076.586811000003,1,1
0.465,0.41,0.295,0.235,0.03,0,0.465,0.295,0.03,5,5867.913478000002,1,0
0.515,0.705,0.745,0.595,0.715,0,0.515,0.745,0.715,5,0.0,1,1
0.475,0.305,0.435,0.925,0.995,1,0.475,0.435,0.995,5,8311.068790000003,1,1
0.455,0.755,0.935,0.985,0.995,1,0.455,0.935,0.995,5,4575.259694,1,1
0.535,0.285,0.485,0.165,0.055,1,0.535,0.485,0.055,5,5581.689453000004,1,0
0.545,0.305,0.41,0.135,0.075,1,0.545,0.41,0.075,5,6014.323885000003,1,0
0.455,0.7,0.655,0.685,0.355,2,0.455,0.655,0.355,5,9375.721597,1,0
0.545,0.335,0.275,0.265,0.725,2,0.545,0.275,0.725,5,7886.865454999998,1,1
0.465,0.645,0.495,0.425,0.235,2,0.465,0.495,0.235,5,0.0,1,1
0.535,0.665,0.795,0.855,0.945,0,0.535,0.795,0.945,5,0.0,1,1
0.525,0.835,0.965,0.995,0.995,0,0.525,0.965,0.995,5,8134.37111000001,1,1
0.665,0.725,0.815,0.895,0.895,0,0.665,0.815,0.895,5,9001.039193999988,1,1
0.56,0.645,0.625,0.165,0.005,1,0.56,0.625,0.005,5,14310.545752999993,1,0
0.565,0.405,0.445,0.405,0.305,1,0.565,0.445,0.305,5,10425.165918999997,1,0
0.515,0.555,0.465,0.735,0.795,2,0.515,0.465,0.795,5,0.0,1,1
0.545,0.505,0.405,0.185,0.125,1,0.545,0.405,0.125,5,6108.036914000004,1,0
0.535,0.285,0.215,0.075,0.045,1,0.535,0.215,0.045,5,7698.329090999999,1,0
0.535,0.315,0.015,0.005,0.005,1,0.535,0.015,0.005,5,3466.5860390000007,1,0
0.485,0.625,0.415,0.095,0.045,2,0.485,0.415,0.045,5,19568.987811999996,1,0
0.515,0.825,0.795,0.725,0.785,0,0.515,0.795,0.785,5,7920.453797999993,1,0
0.515,0.795,0.555,0.285,0.705,2,0.515,0.555,0.705,5,9409.909345000004,1,1
0.455,0.665,0.665,0.415,0.035,2,0.455,0.665,0.035,5,8141.722874,1,0
0.465,0.295,0.105,0.075,0.05,0,0.465,0.105,0.05,5,6639.408735000005,1,0
0.475,0.795,0.845,0.955,0.965,1,0.475,0.845,0.965,5,5149.634585999998,1,1
0.475,0.655,0.725,0.545,0.675,1,0.475,0.725,0.675,5,6172.163617000004,1,1
0.535,0.495,0.745,0.965,0.985,2,0.535,0.745,0.985,5,7844.326980000001,1,1
0.465,0.055,0.025,0.025,0.035,0,0.465,0.025,0.035,5,11012.976437000008,1,0
0.465,0.165,0.085,0.055,0.015,0,0.465,0.085,0.015,5,7025.427285000003,1,0
0.55,0.395,0.915,0.965,0.965,2,0.55,0.915,0.965,5,20077.128313,1,1
0.545,0.055,0.025,0.015,0.005,1,0.545,0.025,0.005,5,5890.662396000004,1,0
0.5,0.215,0.225,0.125,0.035,1,0.5,0.225,0.035,5,4275.687387000003,1,0
0.525,0.835,0.965,0.985,0.995,0,0.525,0.965,0.995,5,6207.55255,1,1
0.395,0.045,0.025,0.005,0.005,0,0.395,0.025,0.005,5,6233.273241000002,1,0
0.505,0.575,0.505,0.875,0.975,0,0.505,0.505,0.975,5,0.0,1,1
0.495,0.815,0.615,0.785,0.855,1,0.495,0.615,0.855,5,5474.675223000005,1,1
0.515,0.105,0.225,0.47,0.075,1,0.515,0.225,0.075,5,0.0,1,0
0.505,0.775,0.885,0.855,0.355,1,0.505,0.885,0.355,5,25030.17761399999,1,0
0.465,0.695,0.405,0.395,0.465,2,0.465,0.405,0.465,5,7857.646894000003,1,0
0.51,0.585,0.755,0.755,0.515,0,0.51,0.755,0.515,5,6898.1965980000095,1,1
0.52,0.415,0.435,0.555,0.92,2,0.52,0.435,0.92,5,10197.923329999994,1,1
0.48,0.635,0.525,0.405,0.785,3,0.48,0.525,0.785,5,5742.47650800001,1,1
0.49,0.225,0.205,0.155,0.075,0,0.49,0.205,0.075,5,7702.776985999997,1,0
0.505,0.145,0.105,0.065,0.045,1,0.505,0.105,0.045,5,8407.228276,1,0
0.565,0.505,0.245,0.285,0.045,1,0.565,0.245,0.045,5,0.0,1,0
0.535,0.695,0.415,0.355,0.325,1,0.535,0.415,0.325,5,11200.655879000005,1,1
0.405,0.135,0.055,0.075,0.015,0,0.405,0.055,0.015,5,3153.2998320000006,1,0
0.46,0.505,0.495,0.465,0.295,2,0.46,0.495,0.295,5,7626.840242000005,1,0
0.475,0.605,0.685,0.915,0.925,1,0.475,0.685,0.925,5,5933.6817470000005,1,1
0.475,0.915,0.925,0.885,0.885,1,0.475,0.925,0.885,5,6306.205780000003,1,1
0.505,0.475,0.79,0.965,0.905,2,0.505,0.79,0.905,5,10045.705584999992,1,1
0.515,0.355,0.335,0.035,0.015,1,0.515,0.335,0.015,5,5602.936661000006,1,0
0.345,0.255,0.175,0.185,0.055,0,0.345,0.175,0.055,5,0.0,1,0
0.485,0.215,0.325,0.295,0.165,0,0.485,0.325,0.165,5,7427.782354000007,1,0
0.495,0.185,0.125,0.045,0.025,0,0.495,0.125,0.025,5,0.0,1,0
0.495,0.375,0.185,0.165,0.025,0,0.495,0.185,0.025,5,3910.0711729999966,1,0
0.5,0.255,0.495,0.475,0.065,1,0.5,0.495,0.065,5,6878.388552000003,1,0
0.5,0.205,0.465,0.195,0.505,2,0.5,0.465,0.505,5,8344.436111999994,1,0
0.29,0.195,0.235,0.045,0.195,0,0.29,0.235,0.195,5,7917.720684999998,1,0
0.565,0.885,0.995,0.995,0.995,0,0.565,0.995,0.995,5,6732.112531999999,1,1
0.575,0.485,0.565,0.835,0.945,2,0.575,0.565,0.945,5,0.0,1,0
0.495,0.325,0.055,0.035,0.005,0,0.495,0.055,0.005,5,2809.119640999998,1,0
0.555,0.685,0.845,0.945,0.985,0,0.555,0.845,0.985,5,6290.6545659999965,1,1
0.505,0.625,0.185,0.125,0.025,1,0.505,0.185,0.025,5,6856.9111950000115,1,0
0.465,0.255,0.175,0.295,0.085,0,0.465,0.175,0.085,5,10311.324719999993,1,0
0.505,0.715,0.695,0.725,0.265,1,0.505,0.695,0.265,5,9896.188308000003,1,0
0.35,0.105,0.355,0.475,0.825,1,0.35,0.355,0.825,5,22953.879102999974,1,1
0.475,0.365,0.165,0.025,0.025,0,0.475,0.165,0.025,5,6296.859312000006,1,0
0.445,0.845,0.935,0.985,0.995,1,0.445,0.935,0.995,5,13374.657470999982,1,1
0.465,0.705,0.435,0.685,0.965,3,0.465,0.435,0.965,5,16707.277578999983,1,1
0.445,0.695,0.175,0.175,0.065,2,0.445,0.175,0.065,5,19941.024383999982,1,1
0.505,0.975,0.965,0.985,0.995,0,0.505,0.965,0.995,5,11524.835961999994,1,1
0.475,0.195,0.085,0.115,0.045,0,0.475,0.085,0.045,5,4369.811737000001,1,0
0.495,0.805,0.915,0.985,0.995,1,0.495,0.915,0.995,5,3470.796485000003,1,1
0.495,0.385,0.225,0.135,0.005,0,0.495,0.225,0.005,5,6452.215067,1,0
0.49,0.715,0.785,0.875,0.985,1,0.49,0.785,0.985,5,10248.617511999999,1,1
0.495,0.405,0.245,0.465,0.625,1,0.495,0.245,0.625,5,12565.932158999998,1,1
0.44,0.895,0.915,0.935,0.375,2,0.44,0.915,0.375,5,16447.47166,1,0
0.445,0.395,0.195,0.885,0.735,1,0.445,0.195,0.735,5,16276.857603000004,1,1
0.515,0.555,0.525,0.445,0.725,2,0.515,0.525,0.725,5,8992.767686999998,1,1
0.5,0.355,0.255,0.295,0.265,1,0.5,0.255,0.265,5,8739.219177999996,1,0
0.495,0.385,0.075,0.075,0.025,0,0.495,0.075,0.025,5,4810.659309,1,0
0.475,0.185,0.165,0.055,0.005,0,0.475,0.165,0.005,5,8811.463253000002,1,0
0.485,0.655,0.805,0.255,0.115,2,0.485,0.805,0.115,5,7426.589316000003,1,0
0.495,0.725,0.855,0.68,0.195,2,0.495,0.855,0.195,5,9458.982280000004,1,0
0.46,0.535,0.635,0.745,0.955,1,0.46,0.635,0.955,5,14520.014654999986,1,1
0.445,0.645,0.595,0.845,0.225,2,0.445,0.595,0.225,5,9165.986974999998,1,0
0.465,0.605,0.565,0.875,0.975,1,0.465,0.565,0.975,5,6092.701654000004,1,1
0.59,0.905,0.855,0.835,0.935,0,0.59,0.855,0.935,5,10514.453526,1,1
0.495,0.305,0.275,0.275,0.165,0,0.495,0.275,0.165,5,6902.2195710000005,1,0
0.455,0.725,0.715,0.765,0.885,1,0.455,0.715,0.885,5,9498.599209999993,1,1
0.515,0.785,0.815,0.925,0.975,0,0.515,0.815,0.975,5,5915.927822,1,1
0.465,0.365,0.385,0.115,0.015,0,0.465,0.385,0.015,5,0.0,1,0
0.565,0.505,0.635,0.895,0.975,0,0.565,0.635,0.975,5,9127.536149999987,1,1
0.445,0.385,0.875,0.785,0.985,1,0.445,0.875,0.985,5,11173.37603,1,1
0.42,0.555,0.685,0.835,0.975,1,0.42,0.685,0.975,5,10477.529350000006,1,1
0.505,0.235,0.925,0.945,0.985,2,0.505,0.925,0.985,5,5590.265849000002,1,1
0.45,0.985,0.995,0.995,0.995,1,0.45,0.995,0.995,5,8074.959747000002,1,1
0.495,0.765,0.845,0.875,0.335,2,0.495,0.845,0.335,5,6252.963424000003,1,1
0.475,0.225,0.155,0.035,0.045,0,0.475,0.155,0.045,5,4916.316916000009,1,0
0.535,0.525,0.475,0.465,0.925,2,0.535,0.475,0.925,5,6014.931100000002,1,1
0.555,0.755,0.785,0.935,0.955,0,0.555,0.785,0.955,5,10217.024039999995,1,0
0.515,0.295,0.325,0.225,0.005,1,0.515,0.325,0.005,5,6627.425933000006,1,0
0.555,0.475,0.595,0.775,0.895,2,0.555,0.595,0.895,5,4801.557399999997,1,1
0.525,0.655,0.625,0.695,0.805,0,0.525,0.625,0.805,5,5201.942412000009,1,1
0.485,0.295,0.345,0.565,0.095,2,0.485,0.345,0.095,5,5928.980362000003,1,0
0.425,0.545,0.295,0.455,0.405,2,0.425,0.295,0.405,5,7921.832958,1,0
0.51,0.825,0.835,0.975,0.995,0,0.51,0.835,0.995,5,4882.152648000002,1,1
0.39,0.345,0.475,0.305,0.595,1,0.39,0.475,0.595,5,9152.719773000006,1,0
0.465,0.25,0.335,0.565,0.745,1,0.465,0.335,0.745,5,0.0,1,1
0.465,0.845,0.905,0.775,0.785,1,0.465,0.905,0.785,5,0.0,1,1
0.525,0.615,0.625,0.955,0.985,0,0.525,0.625,0.985,5,4865.7605250000015,1,1
0.465,0.615,0.195,0.075,0.175,2,0.465,0.195,0.175,5,10550.595151999993,1,1
0.495,0.185,0.055,0.075,0.015,0,0.495,0.055,0.015,5,0.0,1,0
0.525,0.525,0.635,0.795,0.895,0,0.525,0.635,0.895,5,10413.817388000001,1,1
0.505,0.635,0.855,0.815,0.215,1,0.505,0.855,0.215,5,7092.118542000006,1,0
0.46,0.675,0.535,0.625,0.915,1,0.46,0.535,0.915,5,10338.040182999994,1,1
0.555,0.645,0.735,0.875,0.955,0,0.555,0.735,0.955,5,10574.046476999998,1,1
0.525,0.365,0.225,0.185,0.045,1,0.525,0.225,0.045,5,8882.63342600001,1,0
0.425,0.505,0.295,0.075,0.025,2,0.425,0.295,0.025,5,8226.883838000009,1,0
0.51,0.835,0.645,0.755,0.815,0,0.51,0.645,0.815,5,10992.945093999982,1,1
0.515,0.055,0.095,0.005,0.005,1,0.515,0.095,0.005,5,23566.14188800004,1,0
0.565,0.705,0.985,0.945,0.985,0,0.565,0.985,0.985,5,6841.849134000004,1,1
0.38,0.525,0.355,0.385,0.915,3,0.38,0.355,0.915,5,9137.93437099998,1,1
0.335,0.165,0.105,0.055,0.025,0,0.335,0.105,0.025,5,6002.578056000003,1,0
0.535,0.38,0.185,0.635,0.24,3,0.535,0.185,0.24,5,11966.321011999997,1,1
0.525,0.665,0.795,0.885,0.955,0,0.525,0.795,0.955,5,7755.790099999998,1,1
0.535,0.595,0.945,0.965,0.985,0,0.535,0.945,0.985,5,7828.259650000022,1,1
0.505,0.175,0.155,0.275,0.035,1,0.505,0.155,0.035,5,8478.097359999998,1,0
0.495,0.655,0.595,0.615,0.875,1,0.495,0.595,0.875,5,6115.898157999998,1,1
0.51,0.305,0.085,0.095,0.065,1,0.51,0.085,0.065,5,0.0,1,0
0.565,0.845,0.855,0.885,0.91,0,0.565,0.855,0.91,5,4659.274953000005,1,1
0.51,0.055,0.155,0.165,0.015,1,0.51,0.155,0.015,5,8663.203040000006,1,0
0.515,0.415,0.505,0.825,0.975,2,0.515,0.505,0.975,5,9663.260293999996,1,1
0.515,0.795,0.285,0.265,0.095,1,0.515,0.285,0.095,5,8188.663134999997,1,0
0.555,0.585,0.525,0.165,0.095,1,0.555,0.525,0.095,5,8922.667223999999,1,0
0.615,0.505,0.775,0.865,0.955,0,0.615,0.775,0.955,5,0.0,1,1
0.51,0.305,0.345,0.585,0.395,3,0.51,0.345,0.395,5,0.0,2,1
0.505,0.595,0.625,0.825,0.935,0,0.505,0.625,0.935,5,1264.8670299999997,2,1
0.42,0.34,0.115,0.18,0.005,0,0.42,0.115,0.005,5,2382.6576649999997,2,0
0.6,0.325,0.215,0.115,0.025,1,0.6,0.215,0.025,5,0.0,2,0
0.415,0.575,0.74,0.835,0.995,1,0.415,0.74,0.995,5,0.0,2,1
0.535,0.165,0.295,0.185,0.175,1,0.535,0.295,0.175,5,0.0,2,0
0.485,0.485,0.685,0.755,0.93,1,0.485,0.685,0.93,5,0.0,2,1
0.475,0.475,0.195,0.075,0.015,0,0.475,0.195,0.015,5,2399.911729,2,0
0.515,0.295,0.215,0.105,0.065,1,0.515,0.215,0.065,5,3879.509850000004,2,0
0.505,0.445,0.29,0.415,0.345,1,0.505,0.29,0.345,5,0.0,2,1
0.505,0.455,0.545,0.655,0.395,3,0.505,0.545,0.395,5,3160.539169999998,2,1
0.505,0.695,0.375,0.235,0.885,2,0.505,0.375,0.885,5,0.0,2,1
0.515,0.725,0.885,0.945,0.985,0,0.515,0.885,0.985,5,1743.5317950000006,2,1
0.505,0.185,0.055,0.005,0.005,1,0.505,0.055,0.005,5,1281.068878,2,0
0.485,0.165,0.045,0.005,0.005,0,0.485,0.045,0.005,5,0.0,2,0
0.535,0.51,0.54,0.545,0.83,0,0.535,0.54,0.83,5,0.0,2,1
0.81,0.485,0.715,0.625,0.94,2,0.81,0.715,0.94,5,2691.259653000001,2,1
0.505,0.835,0.885,0.52,0.75,0,0.505,0.885,0.75,5,3180.9166150000015,2,1
0.39,0.375,0.22,0.455,0.815,1,0.39,0.22,0.815,5,3446.647584999998,2,0
0.505,0.605,0.575,0.085,0.07,1,0.505,0.575,0.07,5,14667.705168,2,0
0.505,0.325,0.265,0.225,0.09,1,0.505,0.265,0.09,5,0.0,2,1
0.475,0.535,0.565,0.195,0.235,2,0.475,0.565,0.235,5,4356.882669,2,1
0.505,0.255,0.155,0.055,0.005,1,0.505,0.155,0.005,5,0.0,2,0
0.49,0.415,0.19,0.745,0.935,1,0.49,0.19,0.935,5,0.0,2,1
0.51,0.445,0.405,0.695,0.495,3,0.51,0.405,0.495,5,3072.912213000001,2,0
0.51,0.875,0.925,0.95,0.995,0,0.51,0.925,0.995,5,1573.360171,2,1
0.485,0.195,0.11,0.095,0.165,0,0.485,0.11,0.165,5,0.0,2,0
0.495,0.68,0.515,0.85,0.995,1,0.495,0.515,0.995,5,0.0,2,1
0.675,0.365,0.39,0.115,0.005,1,0.675,0.39,0.005,5,1555.5861039999993,2,0
0.475,0.725,0.805,0.825,0.945,1,0.475,0.805,0.945,5,2004.29903,2,1
0.47,0.35,0.195,0.075,0.135,0,0.47,0.195,0.135,5,0.0,2,0
0.505,0.795,0.685,0.855,0.885,0,0.505,0.685,0.885,5,0.0,2,0
0.485,0.505,0.555,0.59,0.2,2,0.485,0.555,0.2,5,2651.648152,2,0
0.515,0.475,0.725,0.995,0.995,2,0.515,0.725,0.995,5,1335.5033939999996,2,1
0.495,0.525,0.695,0.825,0.995,1,0.495,0.695,0.995,5,1369.052192,2,1
0.48,0.65,0.545,0.075,0.025,2,0.48,0.545,0.025,5,3091.7784629999983,2,0
0.5,0.605,0.855,0.955,0.97,0,0.5,0.855,0.97,5,3442.212098999997,2,1
0.515,0.74,0.815,0.695,0.42,1,0.515,0.815,0.42,5,3980.551586,2,0
0.5,0.24,0.285,0.225,0.065,1,0.5,0.285,0.065,5,2734.21019,2,0
0.525,0.475,0.855,0.995,0.995,2,0.525,0.855,0.995,5,1817.6300980000003,2,1
0.565,0.56,0.585,0.445,0.35,1,0.565,0.585,0.35,5,3443.8085469999987,2,0
0.585,0.555,0.905,0.845,0.695,0,0.585,0.905,0.695,5,0.0,2,0
0.515,0.585,0.58,0.82,0.955,0,0.515,0.58,0.955,5,0.0,2,1
0.51,0.595,0.565,0.705,0.06,1,0.51,0.565,0.06,5,0.0,2,0
0.5,0.615,0.585,0.315,0.08,1,0.5,0.585,0.08,5,2192.961257999999,2,0
0.515,0.675,0.865,0.985,0.995,0,0.515,0.865,0.995,5,1561.5131179999994,2,1
0.505,0.6,0.265,0.275,0.375,1,0.505,0.265,0.375,5,4445.238098000001,2,0
0.485,0.765,0.46,0.29,0.33,2,0.485,0.46,0.33,5,4363.037873999999,2,0
0.485,0.235,0.045,0.005,0.005,0,0.485,0.045,0.005,5,2185.9992749999997,2,0
0.46,0.44,0.575,0.205,0.025,2,0.46,0.575,0.025,5,2468.671731999999,2,0
0.51,0.515,0.32,0.185,0.055,1,0.51,0.32,0.055,5,2603.1627230000004,2,0
0.505,0.665,0.735,0.785,0.925,0,0.505,0.735,0.925,5,2095.9978660000006,2,1
0.505,0.325,0.075,0.005,0.005,1,0.505,0.075,0.005,5,1099.063409,2,0
0.49,0.715,0.515,0.705,0.755,1,0.49,0.515,0.755,5,0.0,2,1
0.46,0.335,0.605,0.205,0.055,2,0.46,0.605,0.055,5,0.0,2,0
0.515,0.39,0.425,0.125,0.21,1,0.515,0.425,0.21,5,1787.7993790000005,2,0
0.495,0.485,0.115,0.035,0.005,0,0.495,0.115,0.005,5,0.0,2,0
0.525,0.61,0.83,0.935,0.985,0,0.525,0.83,0.985,5,2335.685138,2,1
0.505,0.185,0.1,0.015,0.005,1,0.505,0.1,0.005,5,2952.580690999999,2,0
0.51,0.59,0.685,0.665,0.26,1,0.51,0.685,0.26,5,0.0,2,0
0.515,0.59,0.68,0.845,0.955,0,0.515,0.68,0.955,5,0.0,2,1
0.51,0.395,0.125,0.135,0.205,1,0.51,0.125,0.205,5,1777.6785640000007,2,0
0.505,0.44,0.67,0.565,0.91,2,0.505,0.67,0.91,5,1517.3760219999995,2,1
0.51,0.515,0.585,0.235,0.005,1,0.51,0.585,0.005,5,1192.6275229999992,2,0
0.505,0.885,0.885,0.875,0.77,0,0.505,0.885,0.77,5,2264.9838339999997,2,1
0.5,0.365,0.75,0.57,0.465,3,0.5,0.75,0.465,5,0.0,2,0
0.51,0.565,0.595,0.765,0.985,0,0.51,0.595,0.985,5,0.0,2,1
0.51,0.565,0.69,0.685,0.915,0,0.51,0.69,0.915,5,0.0,2,1
0.5,0.545,0.565,0.475,0.785,2,0.5,0.565,0.785,5,2487.4638189999982,2,1
0.475,0.455,0.345,0.4,0.235,0,0.475,0.345,0.235,5,2761.005710999999,2,1
0.51,0.455,0.09,0.055,0.005,1,0.51,0.09,0.005,5,0.0,2,0
0.49,0.165,0.035,0.02,0.005,0,0.49,0.035,0.005,5,1637.0413109999997,2,0
0.505,0.755,0.845,0.985,0.995,0,0.505,0.845,0.995,5,0.0,2,1
0.505,0.275,0.205,0.08,0.015,1,0.505,0.205,0.015,5,1300.852239,2,0
0.485,0.465,0.095,0.145,0.025,0,0.485,0.095,0.025,5,1737.2648270000004,2,0
0.495,0.225,0.485,0.57,0.945,1,0.495,0.485,0.945,5,0.0,2,1
0.46,0.225,0.245,0.405,0.79,1,0.46,0.245,0.79,5,3288.0740919999976,2,0
0.535,0.965,0.985,0.995,0.995,0,0.535,0.985,0.995,5,0.0,2,1
0.515,0.38,0.275,0.425,0.685,2,0.515,0.275,0.685,5,1878.9090579999995,2,1
0.465,0.215,0.18,0.18,0.535,1,0.465,0.18,0.535,5,0.0,2,1
0.505,0.775,0.515,0.925,0.825,0,0.505,0.515,0.825,5,1500.6202839999996,2,1
0.515,0.425,0.315,0.055,0.005,1,0.515,0.315,0.005,5,2045.4506869999998,2,0
0.53,0.46,0.49,0.455,0.17,1,0.53,0.49,0.17,5,2122.5928039999985,2,0
0.48,0.265,0.15,0.065,0.03,0,0.48,0.15,0.03,5,2680.3746800000004,2,0
0.465,0.18,0.245,0.38,0.125,0,0.465,0.245,0.125,5,2112.281646000001,2,0
0.515,0.505,0.825,0.78,0.945,0,0.515,0.825,0.945,5,1739.855140999999,2,1
0.485,0.585,0.845,0.975,0.995,1,0.485,0.845,0.995,5,1601.3662510000008,2,1
0.515,0.605,0.565,0.775,0.025,1,0.515,0.565,0.025,5,0.0,2,0
0.475,0.425,0.645,0.86,0.995,1,0.475,0.645,0.995,5,2580.022356000002,2,1
0.53,0.57,0.185,0.005,0.005,1,0.53,0.185,0.005,5,4521.608367000011,2,0
0.515,0.395,0.195,0.145,0.07,1,0.515,0.195,0.07,5,0.0,2,0
0.525,0.23,0.055,0.005,0.0055,1,0.525,0.055,0.0055,5,3630.113284000001,2,0
0.515,0.775,0.745,0.93,0.935,0,0.515,0.745,0.935,5,1835.864637,2,1
0.51,0.195,0.115,0.4,0.085,1,0.51,0.115,0.085,5,3656.65358,2,0
0.51,0.595,0.685,0.845,0.985,0,0.51,0.685,0.985,5,1604.5701100000013,2,1
0.405,0.145,0.425,0.335,0.58,1,0.405,0.425,0.58,5,3566.3884590000025,2,0
0.535,0.615,0.565,0.91,0.995,0,0.535,0.565,0.995,5,2254.5632889999993,2,1
0.53,0.21,0.805,0.785,0.995,2,0.53,0.805,0.995,5,4017.957264000002,2,1
0.525,0.525,0.61,0.815,0.93,0,0.525,0.61,0.93,5,4973.674328000001,2,0
0.53,0.535,0.455,0.375,0.395,1,0.53,0.455,0.395,5,2996.845176999999,2,0
0.515,0.515,0.525,0.255,0.945,2,0.515,0.525,0.945,5,4795.985497,2,0
0.51,0.555,0.895,0.805,0.54,0,0.51,0.895,0.54,5,0.0,2,0
0.515,0.605,0.725,0.735,0.855,0,0.515,0.725,0.855,5,3913.8447230000015,2,1
0.505,0.435,0.465,0.615,0.905,2,0.505,0.465,0.905,5,1621.4765679999998,2,1
0.505,0.665,0.765,0.595,0.085,1,0.505,0.765,0.085,5,2271.447923999999,2,0
0.5,0.58,0.565,0.905,0.96,0,0.5,0.565,0.96,5,0.0,2,1
0.51,0.38,0.475,0.855,0.995,2,0.51,0.475,0.995,5,0.0,2,1
0.585,0.695,0.325,0.085,0.075,1,0.585,0.325,0.075,5,0.0,2,0
0.505,0.75,0.51,0.675,0.825,0,0.505,0.51,0.825,5,0.0,2,0
0.505,0.54,0.315,0.255,0.12,1,0.505,0.315,0.12,5,0.0,2,0
0.525,0.71,0.615,0.435,0.09,1,0.525,0.615,0.09,5,5906.744101999999,2,0
0.5,0.485,0.505,0.595,0.97,2,0.5,0.505,0.97,5,4845.818046,2,0
0.51,0.435,0.435,0.465,0.165,1,0.51,0.435,0.165,5,2018.637319,2,0
0.495,0.585,0.775,0.64,0.915,1,0.495,0.775,0.915,5,2464.7458070000025,2,1
0.505,0.435,0.155,0.04,0.135,1,0.505,0.155,0.135,5,0.0,2,0
0.535,0.645,0.945,0.955,0.99,0,0.535,0.945,0.99,5,2936.5119889999987,2,1
0.545,0.235,0.425,0.705,0.9,2,0.545,0.425,0.9,5,4057.7921419999966,2,1
0.515,0.68,0.885,0.955,0.995,0,0.515,0.885,0.995,5,1537.0244559999999,2,1
0.535,0.41,0.385,0.17,0.4,1,0.535,0.385,0.4,5,2796.363157,2,1
0.49,0.3,0.435,0.375,0.745,1,0.49,0.435,0.745,5,2772.394690000001,2,1
0.49,0.665,0.465,0.055,0.005,2,0.49,0.465,0.005,5,3264.4353479999986,2,0
0.5,0.8,0.905,0.975,0.96,0,0.5,0.905,0.96,5,3498.732197000002,2,1
0.535,0.93,0.955,0.945,0.96,0,0.535,0.955,0.96,5,3988.3651190000005,2,1
0.45,0.585,0.915,0.875,0.995,1,0.45,0.915,0.995,5,3030.7464510000004,2,1
0.505,0.495,0.395,0.36,0.49,1,0.505,0.395,0.49,5,2657.3428589999994,2,1
0.495,0.735,0.635,0.955,0.995,1,0.495,0.635,0.995,5,1831.2779619999997,2,1
0.51,0.815,0.925,0.98,0.885,0,0.51,0.925,0.885,5,0.0,2,1
0.505,0.51,0.17,0.04,0.055,1,0.505,0.17,0.055,5,2087.869811000001,2,0
0.52,0.425,0.395,0.535,0.88,2,0.52,0.395,0.88,5,0.0,2,1
0.575,0.845,0.955,0.705,0.325,1,0.575,0.955,0.325,5,6564.229405000009,2,1
0.495,0.055,0.025,0.015,0.005,0,0.495,0.025,0.005,5,3721.0257099999976,2,0
0.58,0.695,0.755,0.925,0.995,0,0.58,0.755,0.995,5,4313.663146000002,2,1
0.62,0.425,0.415,0.465,0.615,2,0.62,0.415,0.615,5,3841.5742310000005,2,1
0.43,0.16,0.085,0.055,0.015,0,0.43,0.085,0.015,5,1844.5245870000006,2,0
0.605,0.45,0.185,0.07,0.04,1,0.605,0.185,0.04,5,2964.552118,2,0
0.44,0.265,0.055,0.015,0.005,0,0.44,0.055,0.005,5,0.0,2,0
0.485,0.765,0.965,0.995,0.98,1,0.485,0.965,0.98,5,0.0,2,1
0.55,0.565,0.085,0.08,0.02,1,0.55,0.085,0.02,5,5379.4008600000025,2,0
0.675,0.395,0.195,0.065,0.005,1,0.675,0.195,0.005,5,7703.664584000001,2,0
0.56,0.265,0.405,0.24,0.165,1,0.56,0.405,0.165,5,0.0,2,0
0.6,0.5,0.53,0.845,0.995,0,0.6,0.53,0.995,5,1637.067123,2,1
0.5,0.285,0.18,0.005,0.015,1,0.5,0.18,0.015,5,3104.124828000001,2,0
0.67,0.265,0.215,0.055,0.005,1,0.67,0.215,0.005,5,3803.5070129999963,2,0
0.475,0.2,0.145,0.005,0.02,0,0.475,0.145,0.02,5,3150.658018000001,2,0
0.495,0.465,0.485,0.385,0.025,0,0.495,0.485,0.025,5,0.0,2,0
0.455,0.54,0.465,0.775,0.935,3,0.455,0.465,0.935,5,0.0,2,1
0.47,0.675,0.7,0.69,0.845,1,0.47,0.7,0.845,5,0.0,2,1
0.59,0.525,0.48,0.825,0.985,2,0.59,0.48,0.985,5,0.0,2,1
0.53,0.68,0.85,0.905,0.945,0,0.53,0.85,0.945,5,0.0,2,1
0.7,0.245,0.115,0.04,0.015,1,0.7,0.115,0.015,5,0.0,2,0
0.425,0.56,0.115,0.1,0.18,2,0.425,0.115,0.18,5,0.0,2,0
0.55,0.475,0.275,0.055,0.005,1,0.55,0.275,0.005,5,0.0,2,0
0.52,0.585,0.265,0.165,0.115,1,0.52,0.265,0.115,5,0.0,2,0
0.515,0.405,0.15,0.055,0.015,1,0.515,0.15,0.015,5,0.0,2,0
0.495,0.555,0.215,0.345,0.095,2,0.495,0.215,0.095,5,0.0,2,0
0.495,0.685,0.925,0.995,0.995,1,0.495,0.925,0.995,5,1572.5837839999997,2,1
0.48,0.47,0.735,0.955,0.955,1,0.48,0.735,0.955,5,2315.005861,2,1
0.575,0.535,0.68,0.685,0.145,1,0.575,0.68,0.145,5,0.0,2,0
0.5,0.245,0.415,0.125,0.05,1,0.5,0.415,0.05,5,0.0,2,1
0.56,0.545,0.795,0.685,0.925,0,0.56,0.795,0.925,5,0.0,2,1
0.515,0.535,0.64,0.765,0.655,0,0.515,0.64,0.655,5,2478.57662,2,0
0.48,0.715,0.89,0.98,0.995,1,0.48,0.89,0.995,5,0.0,2,1
0.57,0.7,0.59,0.805,0.975,0,0.57,0.59,0.975,5,0.0,2,1
0.535,0.345,0.18,0.255,0.56,2,0.535,0.18,0.56,5,3163.05229,2,1
0.545,0.665,0.7,0.855,0.975,0,0.545,0.7,0.975,5,0.0,2,1
0.555,0.405,0.735,0.775,0.88,2,0.555,0.735,0.88,5,0.0,2,1
0.31,0.7,0.885,0.985,0.995,1,0.31,0.885,0.995,5,0.0,2,1
0.48,0.62,0.875,0.785,0.765,1,0.48,0.875,0.765,5,0.0,2,1
0.55,0.375,0.255,0.2,0.015,1,0.55,0.255,0.015,5,1793.3962710000005,2,0
0.485,0.48,0.255,0.405,0.475,0,0.485,0.255,0.475,5,0.0,2,1
0.54,0.715,0.655,0.915,0.84,0,0.54,0.655,0.84,5,3303.0727880000013,2,1
0.51,0.425,0.415,0.445,0.865,2,0.51,0.415,0.865,5,0.0,2,1
0.41,0.025,0.015,0.005,0.005,0,0.41,0.015,0.005,5,3189.3206599999994,2,0
0.52,0.395,0.59,0.37,0.18,3,0.52,0.59,0.18,5,2527.416687,2,1
0.48,0.54,0.315,0.135,0.05,2,0.48,0.315,0.05,5,1894.6406280000006,2,0
0.485,0.515,0.245,0.225,0.225,2,0.485,0.245,0.225,5,2109.2338460000005,2,0
0.47,0.575,0.445,0.515,0.42,4,0.47,0.445,0.42,5,14626.288740000002,2,1
0.535,0.215,0.215,0.075,0.015,1,0.535,0.215,0.015,5,0.0,2,0
0.53,0.22,0.115,0.07,0.205,1,0.53,0.115,0.205,5,0.0,2,1
0.46,0.175,0.125,0.21,0.035,0,0.46,0.125,0.035,5,2989.2189249999997,2,0
0.585,0.35,0.255,0.055,0.16,1,0.585,0.255,0.16,5,2671.695426999999,2,0
0.53,0.105,0.4,0.085,0.63,2,0.53,0.4,0.63,5,0.0,2,1
0.575,0.64,0.865,0.755,0.995,0,0.575,0.865,0.995,5,4962.278825000002,2,1
0.505,0.525,0.675,0.475,0.585,2,0.505,0.675,0.585,5,0.0,2,0
0.525,0.505,0.505,0.51,0.51,0,0.525,0.505,0.51,5,1039.62,2,0
0.47,0.175,0.145,0.06,0.005,0,0.47,0.145,0.005,5,2900.985601,2,0
0.625,0.765,0.73,0.935,0.985,0,0.625,0.73,0.985,5,2249.0280049999997,2,1
0.48,0.625,0.775,0.98,0.995,1,0.48,0.775,0.995,5,0.0,2,1
0.52,0.295,0.505,0.695,0.98,2,0.52,0.505,0.98,5,3457.7200860000016,2,1
0.525,0.795,0.945,0.965,0.995,0,0.525,0.945,0.995,5,0.0,2,1
0.515,0.505,0.625,0.735,0.805,0,0.515,0.625,0.805,5,0.0,2,1
0.505,0.475,0.345,0.19,0.055,1,0.505,0.345,0.055,5,5193.255423,2,0
0.505,0.52,0.66,0.69,0.95,0,0.505,0.66,0.95,5,0.0,2,1
0.595,0.48,0.45,0.095,0.005,1,0.595,0.45,0.005,5,2225.6732600000005,2,0
0.52,0.255,0.45,0.275,0.675,2,0.52,0.45,0.675,5,0.0,2,1
0.485,0.52,0.73,0.905,0.995,1,0.485,0.73,0.995,5,0.0,2,1
0.56,0.45,0.305,0.28,0.195,1,0.56,0.305,0.195,5,0.0,2,0
0.515,0.265,0.12,0.175,0.2,1,0.515,0.12,0.2,5,4027.444166999999,2,1
0.505,0.715,0.935,0.965,0.975,0,0.505,0.935,0.975,5,2760.1563040000015,2,1
0.5,0.465,0.415,0.735,0.34,3,0.5,0.415,0.34,5,4150.349727999999,2,0
0.51,0.34,0.115,0.005,0.005,1,0.51,0.115,0.005,5,6919.798734000002,2,0
0.56,0.365,0.27,0.11,0.085,1,0.56,0.27,0.085,5,2885.4812339999985,2,0
0.61,0.735,0.535,0.07,0.02,1,0.61,0.535,0.02,5,6720.201851000002,2,0
0.64,0.755,0.565,0.295,0.44,1,0.64,0.565,0.44,5,6761.303179000001,2,0
0.5,0.26,0.33,0.465,0.755,2,0.5,0.33,0.755,5,8042.955016999999,2,0
0.495,0.55,0.795,0.915,0.965,1,0.495,0.795,0.965,5,2621.611627,2,1
0.48,0.51,0.305,0.52,0.305,4,0.48,0.305,0.305,5,3063.7138589999986,2,1
0.47,0.555,0.46,0.46,0.32,2,0.47,0.46,0.32,5,4200.317981999999,2,0
0.485,0.52,0.475,0.475,0.045,2,0.485,0.475,0.045,5,2972.041302999999,2,0
0.485,0.565,0.67,0.8,0.785,1,0.485,0.67,0.785,5,2633.0224880000005,2,1
0.505,0.635,0.765,0.71,0.995,0,0.505,0.765,0.995,5,3381.7093059999997,2,1
0.505,0.4,0.485,0.56,0.785,2,0.505,0.485,0.785,5,2070.824283999999,2,1
0.565,0.8,0.865,0.98,0.9945,0,0.565,0.865,0.9945,5,4072.6520429999996,2,1
0.48,0.155,0.035,0.005,0.005,0,0.48,0.035,0.005,5,2081.1501,2,0
0.525,0.72,0.755,0.58,0.7,0,0.525,0.755,0.7,5,2935.8472110000007,2,1
0.495,0.615,0.745,0.96,0.995,1,0.495,0.745,0.995,5,15603.401697000001,2,1
0.495,0.54,0.795,0.835,0.94,1,0.495,0.795,0.94,5,0.0,2,1
0.36,0.675,0.645,0.635,0.515,1,0.36,0.645,0.515,5,2366.0945610000003,2,1
0.53,0.715,0.845,0.985,0.995,0,0.53,0.845,0.995,5,1653.0045220000002,2,1
0.505,0.425,0.285,0.245,0.115,1,0.505,0.285,0.115,5,3042.2841009999993,2,0
0.45,0.385,0.595,0.195,0.055,2,0.45,0.595,0.055,5,0.0,2,0
0.58,0.81,0.715,0.55,0.505,0,0.58,0.715,0.505,5,2962.6525720000004,2,0
0.555,0.425,0.375,0.995,0.995,2,0.555,0.375,0.995,5,2377.220049999999,2,1
0.515,0.685,0.875,0.97,0.81,0,0.515,0.875,0.81,5,0.0,2,1
0.505,0.675,0.155,0.42,0.17,1,0.505,0.155,0.17,5,3239.560660999999,2,0
0.515,0.425,0.505,0.185,0.055,3,0.515,0.505,0.055,5,0.0,2,0
0.42,0.62,0.805,0.98,0.995,1,0.42,0.805,0.995,5,2094.889377,2,1
0.43,0.575,0.675,0.275,0.29,2,0.43,0.675,0.29,5,2491.3862220000005,2,0
0.475,0.135,0.015,0.015,0.005,0,0.475,0.015,0.005,5,1543.2238569999995,2,0
0.515,0.83,0.88,0.955,0.975,0,0.515,0.88,0.975,5,2142.015552999999,2,1
0.535,0.295,0.085,0.03,0.05,1,0.535,0.085,0.05,5,2369.699840000002,2,0
0.58,0.495,0.555,0.29,0.015,3,0.58,0.555,0.015,5,1918.4322249999998,2,0
0.5,0.325,0.315,0.28,0.045,1,0.5,0.315,0.045,5,1727.161875,2,0
0.625,0.67,0.555,0.74,0.915,0,0.625,0.555,0.915,5,2713.9296660000005,2,1
0.505,0.645,0.585,0.875,0.9,0,0.505,0.585,0.9,5,3011.8251929999983,2,1
0.365,0.155,0.215,0.105,0.1,0,0.365,0.215,0.1,5,2692.061902000001,2,0
0.51,0.555,0.62,0.615,0.74,0,0.51,0.62,0.74,5,2290.1202519999993,2,1
0.5,0.495,0.325,0.135,0.07,1,0.5,0.325,0.07,5,2204.9173170000013,2,0
0.455,0.17,0.065,0.025,0.045,0,0.455,0.065,0.045,5,2449.964377999999,2,0
0.505,0.695,0.495,0.785,0.955,2,0.505,0.495,0.955,5,3221.3283160000015,2,1
0.47,0.795,0.895,0.865,0.985,1,0.47,0.895,0.985,5,2477.2156439999994,2,1
0.475,0.645,0.705,0.705,0.895,1,0.475,0.705,0.895,5,1664.330202000001,2,1
0.505,0.665,0.62,0.645,0.565,0,0.505,0.62,0.565,5,2555.7050250000016,2,1
0.535,0.57,0.785,0.905,0.955,0,0.535,0.785,0.955,5,1730.4139930000001,2,1
0.585,0.765,0.505,0.205,0.045,1,0.585,0.505,0.045,5,3042.9137260000016,2,0
0.49,0.645,0.585,0.26,0.03,2,0.49,0.585,0.03,5,0.0,2,0
0.53,0.335,0.515,0.745,0.155,3,0.53,0.515,0.155,5,2015.2158199999997,2,0
0.49,0.195,0.305,0.105,0.055,0,0.49,0.305,0.055,5,2052.9698750000002,2,0
0.495,0.565,0.765,0.935,0.965,1,0.495,0.765,0.965,5,1946.5639429999994,2,1
0.505,0.705,0.65,0.305,0.245,1,0.505,0.65,0.245,5,4048.151952,2,0
0.505,0.695,0.685,0.905,0.86,0,0.505,0.685,0.86,5,2742.268224000001,2,1
0.52,0.525,0.265,0.3,0.075,1,0.52,0.265,0.075,5,2840.3296049999994,2,0
0.545,0.625,0.685,0.715,0.895,0,0.545,0.685,0.895,5,2453.8562779999997,2,1
0.7,0.795,0.815,0.935,0.935,0,0.7,0.815,0.935,5,3327.127135000001,2,1
0.505,0.475,0.435,0.535,0.155,3,0.505,0.435,0.155,5,1907.452862,2,0
0.505,0.825,0.905,0.955,0.985,0,0.505,0.905,0.985,5,1856.132796,2,1
0.525,0.275,0.12,0.06,0.015,1,0.525,0.12,0.015,5,2859.8154609999997,2,0
0.53,0.71,0.825,0.84,0.965,0,0.53,0.825,0.965,5,3798.6591779999994,2,1
0.525,0.795,0.835,0.965,0.995,0,0.525,0.835,0.995,5,1494.147155,2,1
0.495,0.465,0.455,0.8,0.805,1,0.495,0.455,0.805,5,2564.385202999999,2,1
0.805,0.885,0.94,0.975,0.995,0,0.805,0.94,0.995,5,3994.196051000001,2,1
0.51,0.285,0.075,0.04,0.005,1,0.51,0.075,0.005,5,3744.3742649999976,2,0
0.545,0.635,0.58,0.605,0.605,0,0.545,0.58,0.605,5,10675.034766999997,2,0
0.505,0.33,0.535,0.375,0.185,3,0.505,0.535,0.185,5,2036.2781260000002,2,0
0.495,0.175,0.055,0.025,0.005,0,0.495,0.055,0.005,5,0.0,2,0
0.505,0.37,0.435,0.865,0.895,2,0.505,0.435,0.895,5,0.0,2,0
0.485,0.865,0.73,0.705,0.905,1,0.485,0.73,0.905,5,2193.265542,2,1
0.485,0.615,0.855,0.975,0.995,1,0.485,0.855,0.995,5,1835.9602509999997,2,1
0.505,0.145,0.105,0.135,0.055,1,0.505,0.105,0.055,5,0.0,2,0
0.505,0.635,0.745,0.845,0.98,0,0.505,0.745,0.98,5,1224.714165,2,1
0.485,0.165,0.055,0.015,0.005,0,0.485,0.055,0.005,5,1957.3733889999994,2,0
0.59,0.585,0.525,0.775,0.835,0,0.59,0.525,0.835,5,2548.1967469999995,2,0
0.505,0.365,0.505,0.245,0.375,3,0.505,0.505,0.375,5,2390.374421,2,0
0.455,0.28,0.145,0.16,0.005,0,0.455,0.145,0.005,5,2616.683187,2,0
0.5,0.755,0.495,0.265,0.15,1,0.5,0.495,0.15,5,2963.358791999999,2,0
0.47,0.525,0.565,0.315,0.165,2,0.47,0.565,0.165,5,0.0,2,0
0.505,0.355,0.165,0.095,0.005,1,0.505,0.165,0.005,5,0.0,2,0
0.44,0.53,0.235,0.195,0.115,2,0.44,0.235,0.115,5,3643.7479719999997,2,1
0.495,0.605,0.65,0.725,0.945,1,0.495,0.65,0.945,5,1635.061446,2,1
0.515,0.345,0.495,0.48,0.945,2,0.515,0.495,0.945,5,1710.3862249999993,2,1
0.505,0.685,0.755,0.575,0.485,1,0.505,0.755,0.485,5,0.0,2,0
0.495,0.455,0.145,0.365,0.295,0,0.495,0.145,0.295,5,4162.007506,2,0
0.325,0.785,0.915,0.91,0.455,2,0.325,0.915,0.455,5,4373.972333000002,2,0
0.56,0.49,0.775,0.615,0.525,2,0.56,0.775,0.525,5,3409.4014899999984,2,1
0.525,0.635,0.515,0.285,0.14,1,0.525,0.515,0.14,5,2367.017149999999,2,0
0.475,0.525,0.685,0.86,0.905,1,0.475,0.685,0.905,5,2284.847791,2,1
0.505,0.595,0.535,0.655,0.72,0,0.505,0.535,0.72,5,2575.5428930000007,2,1
0.505,0.435,0.145,0.085,0.055,1,0.505,0.145,0.055,5,0.0,2,0
0.515,0.335,0.665,0.655,0.265,3,0.515,0.665,0.265,5,2617.216712,2,0
0.505,0.415,0.235,0.155,0.105,1,0.505,0.235,0.105,5,2443.64382,2,0
0.495,0.305,0.405,0.385,0.925,1,0.495,0.405,0.925,5,4319.220711999999,2,1
0.5,0.385,0.735,0.765,0.985,2,0.5,0.735,0.985,5,2223.0063190000005,2,1
0.485,0.545,0.835,0.375,0.495,2,0.485,0.835,0.495,5,2665.3224080000014,2,1
0.505,0.395,0.605,0.775,0.835,2,0.505,0.605,0.835,5,2703.9815470000026,2,1
0.515,0.345,0.285,0.145,0.015,1,0.515,0.285,0.015,5,2797.824520999999,2,0
0.505,0.605,0.7,0.935,0.995,0,0.505,0.7,0.995,5,1912.8671510000004,2,1
0.495,0.095,0.145,0.02,0.045,0,0.495,0.145,0.045,5,2420.7376980000004,2,0
0.415,0.745,0.735,0.745,0.925,1,0.415,0.735,0.925,5,1686.346681,2,1
0.495,0.395,0.525,0.64,0.545,1,0.495,0.525,0.545,5,0.0,2,1
0.505,0.585,0.835,0.935,0.985,0,0.505,0.835,0.985,5,1544.8106529999998,2,1
0.42,0.605,0.775,0.875,0.965,1,0.42,0.775,0.965,5,1659.3586810000004,2,1
0.445,0.265,0.38,0.255,0.425,0,0.445,0.38,0.425,5,3062.247280000001,2,0
0.475,0.38,0.365,0.225,0.175,0,0.475,0.365,0.175,5,3536.2797130000004,2,0
0.495,0.485,0.375,0.515,0.655,1,0.495,0.375,0.655,5,2721.3522959999978,2,1
0.475,0.485,0.135,0.115,0.05,0,0.475,0.135,0.05,5,4824.161354000007,2,1
0.495,0.495,0.385,0.315,0.105,0,0.495,0.385,0.105,5,1966.1849910000005,2,0
0.465,0.625,0.375,0.325,0.425,2,0.465,0.375,0.425,5,2608.9126269999992,2,0
0.505,0.555,0.495,0.175,0.175,1,0.505,0.495,0.175,5,2488.362431000001,2,0
0.515,0.445,0.395,0.625,0.885,2,0.515,0.395,0.885,5,0.0,2,1
0.505,0.405,0.505,0.685,0.815,2,0.505,0.505,0.815,5,2351.7411269999993,2,1
0.51,0.36,0.555,0.665,0.985,2,0.51,0.555,0.985,5,1823.7017130000004,2,1
0.495,0.865,0.435,0.165,0.005,2,0.495,0.435,0.005,5,2407.434727000001,2,0
0.45,0.45,0.245,0.065,0.005,0,0.45,0.245,0.005,5,2327.813044,2,0
0.525,0.57,0.725,0.895,0.995,0,0.525,0.725,0.995,5,1694.2627449999995,2,1
0.505,0.565,0.52,0.265,0.185,1,0.505,0.52,0.185,5,5487.314192999999,2,1
0.385,0.255,0.245,0.165,0.075,0,0.385,0.245,0.075,5,3082.910144,2,0
0.455,0.395,0.425,0.525,0.155,2,0.455,0.425,0.155,5,2526.702346,2,1
0.435,0.255,0.195,0.035,0.035,0,0.435,0.195,0.035,5,3307.5817169999996,2,0
0.445,0.415,0.255,0.185,0.025,0,0.445,0.255,0.025,5,3190.609137000002,2,0
0.415,0.375,0.745,0.95,0.995,1,0.415,0.745,0.995,5,0.0,2,1
0.495,0.675,0.885,0.995,0.995,1,0.495,0.885,0.995,5,1903.971743,2,1
0.445,0.715,0.815,0.685,0.69,1,0.445,0.815,0.69,5,3512.757942000002,2,1
0.505,0.555,0.775,0.855,0.985,0,0.505,0.775,0.985,5,1939.2709929999999,2,1
0.555,0.675,0.9,0.955,0.985,0,0.555,0.9,0.985,5,1656.1062890000003,2,1
0.505,0.385,0.565,0.735,0.535,2,0.505,0.565,0.535,5,0.0,2,0
0.485,0.465,0.235,0.245,0.215,0,0.485,0.235,0.215,5,0.0,2,1
0.56,0.785,0.965,0.995,0.995,0,0.56,0.965,0.995,5,3999.265146999999,2,1
0.545,0.54,0.425,0.145,0.475,1,0.545,0.425,0.475,5,3109.0956969999993,2,0
0.43,0.675,0.38,0.725,0.875,3,0.43,0.38,0.875,5,2974.4783559999996,2,1
0.45,0.42,0.58,0.465,0.515,3,0.45,0.58,0.515,5,0.0,2,1
0.48,0.655,0.705,0.495,0.155,2,0.48,0.705,0.155,5,3006.996764,2,0
0.525,0.645,0.975,0.975,0.995,0,0.525,0.975,0.995,5,3314.6263560000007,2,1
0.525,0.825,0.78,0.695,0.895,0,0.525,0.78,0.895,5,3712.9789929999993,2,0
0.475,0.605,0.565,0.71,0.14,2,0.475,0.565,0.14,5,2096.569647,2,0
0.425,0.245,0.185,0.485,0.135,0,0.425,0.185,0.135,5,2477.3659279999983,2,0
0.675,0.665,0.555,0.845,0.985,0,0.675,0.555,0.985,5,0.0,2,1
0.555,0.68,0.815,0.565,0.09,1,0.555,0.815,0.09,5,3950.122802000001,2,0
0.65,0.395,0.83,0.78,0.235,3,0.65,0.83,0.235,5,3704.6793120000016,2,0
0.505,0.265,0.195,0.095,0.005,1,0.505,0.195,0.005,5,0.0,2,0
0.495,0.575,0.645,0.685,0.655,1,0.495,0.645,0.655,5,2657.3452649999986,2,1
0.535,0.64,0.67,0.625,0.6,0,0.535,0.67,0.6,5,0.0,2,1
0.435,0.585,0.6,0.265,0.055,2,0.435,0.6,0.055,5,5463.733969999999,2,0
0.52,0.075,0.08,0.035,0.005,1,0.52,0.08,0.005,5,0.0,2,0
0.525,0.675,0.665,0.7,0.525,0,0.525,0.665,0.525,5,0.0,2,1
0.54,0.735,0.6,0.905,0.955,0,0.54,0.6,0.955,5,0.0,2,0
0.505,0.68,0.385,0.575,0.705,2,0.505,0.385,0.705,5,0.0,2,1
0.505,0.515,0.525,0.385,0.815,2,0.505,0.525,0.815,5,0.0,2,1
0.51,0.625,0.675,0.905,0.245,1,0.51,0.675,0.245,5,0.0,2,0
0.515,0.35,0.16,0.285,0.34,1,0.515,0.16,0.34,5,1850.779438000001,2,0
0.505,0.575,0.555,0.575,0.225,1,0.505,0.555,0.225,5,0.0,2,0
0.565,0.555,0.515,0.26,0.155,1,0.565,0.515,0.155,5,2485.6835760000004,2,0
0.505,0.51,0.325,0.215,0.055,1,0.505,0.325,0.055,5,0.0,2,0
0.485,0.595,0.55,0.48,0.075,2,0.485,0.55,0.075,5,0.0,2,0
0.475,0.805,0.8,0.5,0.48,2,0.475,0.8,0.48,5,4400.5973779999995,2,1
0.545,0.26,0.405,0.655,0.905,2,0.545,0.405,0.905,5,2100.1377619999985,2,1
0.56,0.505,0.66,0.57,0.305,1,0.56,0.66,0.305,5,0.0,2,0
0.52,0.285,0.085,0.115,0.165,1,0.52,0.085,0.165,5,4138.557789999999,2,0
0.405,0.745,0.885,0.995,0.995,1,0.405,0.885,0.995,5,2962.3388900000004,2,1
0.505,0.235,0.075,0.085,0.625,2,0.505,0.075,0.625,5,4869.991869999996,2,1
0.45,0.325,0.435,0.79,0.695,1,0.45,0.435,0.695,5,2810.3721060000003,2,1
0.51,0.345,0.255,0.075,0.265,1,0.51,0.255,0.265,5,2508.582326999999,2,0
0.44,0.685,0.595,0.855,0.725,1,0.44,0.595,0.725,5,2828.438833000001,2,1
0.51,0.525,0.81,0.745,0.48,1,0.51,0.81,0.48,5,4034.4337440000004,2,1
0.5,0.235,0.075,0.04,0.045,1,0.5,0.075,0.045,5,2233.5612910000004,2,0
0.655,0.705,0.835,0.82,0.785,0,0.655,0.835,0.785,5,0.0,2,1
0.545,0.68,0.855,0.145,0.065,1,0.545,0.855,0.065,5,3625.7368909999977,2,0
0.55,0.805,0.805,0.895,0.985,0,0.55,0.805,0.985,5,2109.9808140000005,2,1
0.515,0.665,0.315,0.115,0.075,1,0.515,0.315,0.075,5,2902.8973589999987,2,0
0.485,0.635,0.64,0.595,0.1,2,0.485,0.64,0.1,5,0.0,2,0
0.505,0.605,0.675,0.805,0.955,0,0.505,0.675,0.955,5,0.0,2,1
0.57,0.255,0.285,0.455,0.555,2,0.57,0.285,0.555,5,3033.4055580000027,2,1
0.505,0.36,0.315,0.245,0.125,1,0.505,0.315,0.125,5,1931.6493980000002,2,0
0.485,0.275,0.045,0.015,0.005,0,0.485,0.045,0.005,5,0.0,2,0
0.585,0.335,0.175,0.315,0.07,1,0.585,0.175,0.07,5,3126.524021999998,2,1
0.495,0.355,0.395,0.415,0.595,1,0.495,0.395,0.595,5,2071.817851,2,0
0.38,0.345,0.535,0.395,0.295,2,0.38,0.535,0.295,5,2970.818767,2,0
0.48,0.425,0.435,0.115,0.015,0,0.48,0.435,0.015,5,1581.707121,2,0
0.49,0.865,0.63,0.875,0.87,1,0.49,0.63,0.87,5,3233.3021670000003,2,1
0.49,0.205,0.1,0.14,0.215,0,0.49,0.1,0.215,5,4009.5854159999963,2,0
0.545,0.565,0.585,0.555,0.8,0,0.545,0.585,0.8,5,4013.7171410000005,2,0
0.485,0.215,0.215,0.89,0.985,1,0.485,0.215,0.985,5,0.0,2,1
0.515,0.285,0.135,0.065,0.005,1,0.515,0.135,0.005,5,1734.0272849999997,2,0
0.505,0.515,0.585,0.605,0.705,0,0.505,0.585,0.705,5,1989.7984550000008,2,1
0.43,0.245,0.245,0.555,0.995,1,0.43,0.245,0.995,5,2582.0892449999997,2,1
0.5,0.305,0.145,0.145,0.365,1,0.5,0.145,0.365,5,2382.203339,2,1
0.545,0.895,0.955,0.985,0.995,0,0.545,0.955,0.995,5,0.0,2,1
0.495,0.785,0.555,0.555,0.655,1,0.495,0.555,0.655,5,3135.781602999999,2,1
0.395,0.145,0.165,0.18,0.085,0,0.395,0.165,0.085,5,0.0,2,0
0.395,0.245,0.185,0.085,0.055,0,0.395,0.185,0.055,5,0.0,2,0
0.47,0.505,0.795,0.645,0.955,1,0.47,0.795,0.955,5,0.0,2,1
0.5,0.295,0.175,0.055,0.045,1,0.5,0.175,0.045,5,0.0,2,0
0.495,0.495,0.25,0.06,0.015,0,0.495,0.25,0.015,5,1478.8270269999998,2,0
0.505,0.435,0.365,0.435,0.715,2,0.505,0.365,0.715,5,0.0,2,1
0.485,0.345,0.955,0.98,0.995,1,0.485,0.955,0.995,5,2443.7483830000006,2,1
0.555,0.275,0.215,0.055,0.015,1,0.555,0.215,0.015,5,1499.3927500000004,2,0
0.495,0.565,0.57,0.335,0.185,2,0.495,0.57,0.185,5,0.0,2,0
0.515,0.645,0.76,0.885,0.785,0,0.515,0.76,0.785,5,3732.3794980000002,2,1
0.505,0.195,0.285,0.055,0.19,1,0.505,0.285,0.19,5,2340.4277889999985,2,0
0.51,0.645,0.475,0.495,0.08,1,0.51,0.475,0.08,5,0.0,2,0
0.505,0.385,0.29,0.46,0.55,2,0.505,0.29,0.55,5,3595.3498160000004,2,1
0.55,0.765,0.895,0.9,0.975,0,0.55,0.895,0.975,5,2623.8350560000003,2,1
0.505,0.355,0.325,0.765,0.665,2,0.505,0.325,0.665,5,2509.8160700000008,2,1
0.495,0.605,0.515,0.195,0.66,3,0.495,0.515,0.66,5,2832.4820740000005,2,0
0.505,0.695,0.945,0.715,0.935,0,0.505,0.945,0.935,5,3953.494507,2,1
0.525,0.785,0.91,0.835,0.46,1,0.525,0.91,0.46,5,4114.143260000001,2,0
0.42,0.055,0.12,0.075,0.035,0,0.42,0.12,0.035,5,8271.244644000004,2,1
0.275,0.295,0.2,0.08,0.005,0,0.275,0.2,0.005,5,2044.8806169999991,2,0
0.625,0.685,0.835,0.7,0.755,0,0.625,0.835,0.755,5,5378.741710000002,2,0
0.485,0.505,0.42,0.535,0.595,3,0.485,0.42,0.595,5,3675.5209210000016,2,1
0.495,0.68,0.985,0.985,0.995,1,0.495,0.985,0.995,5,0.0,2,1
0.505,0.575,0.365,0.225,0.05,1,0.505,0.365,0.05,5,1846.018375,2,0
0.51,0.29,0.175,0.275,0.13,1,0.51,0.175,0.13,5,0.0,2,0
0.485,0.585,0.26,0.14,0.015,2,0.485,0.26,0.015,5,0.0,2,0
0.495,0.605,0.155,0.035,0.015,2,0.495,0.155,0.015,5,0.0,2,0
0.515,0.655,0.33,0.175,0.045,1,0.515,0.33,0.045,5,4071.3695479999997,2,1
0.51,0.64,0.86,0.34,0.145,1,0.51,0.86,0.145,5,1581.7072539999997,2,0
0.485,0.52,0.705,0.715,0.675,1,0.485,0.705,0.675,5,4021.442108999999,2,1
0.49,0.45,0.405,0.285,0.02,0,0.49,0.405,0.02,5,2433.6138760000003,2,0
0.61,0.635,0.435,0.075,0.005,1,0.61,0.435,0.005,5,2516.944434,2,0
0.465,0.695,0.675,0.945,0.995,1,0.465,0.675,0.995,5,2432.896050999999,2,1
0.445,0.715,0.715,0.805,0.275,2,0.445,0.715,0.275,5,4266.918501000001,2,0
0.455,0.435,0.66,0.985,0.995,1,0.455,0.66,0.995,5,5044.710849000007,2,1
0.515,0.735,0.845,0.785,0.7,0,0.515,0.845,0.7,5,2782.7558219999983,2,0
0.48,0.185,0.085,0.025,0.005,0,0.48,0.085,0.005,5,2104.8100940000004,2,0
0.485,0.245,0.215,0.235,0.445,0,0.485,0.215,0.445,5,2884.804324999998,2,0
0.515,0.69,0.725,0.895,0.995,0,0.515,0.725,0.995,5,1542.4383650000007,2,1
0.505,0.825,0.95,0.925,0.98,0,0.505,0.95,0.98,5,3092.9003559999996,2,1
0.475,0.655,0.615,0.805,0.405,2,0.475,0.615,0.405,5,3086.5537629999985,2,1
0.485,0.165,0.195,0.075,0.015,0,0.485,0.195,0.015,5,1893.0788729999995,2,0
0.495,0.41,0.52,0.795,0.975,1,0.495,0.52,0.975,5,2228.7770010000004,2,1
0.525,0.475,0.185,0.15,0.015,1,0.525,0.185,0.015,5,2301.882232,2,0
0.485,0.305,0.145,0.2,0.155,0,0.485,0.145,0.155,5,2900.205867999999,2,0
0.465,0.85,0.595,0.665,0.945,1,0.465,0.595,0.945,5,3460.919325000001,2,1
0.445,0.885,0.985,0.995,0.975,1,0.445,0.985,0.975,5,4720.927784000009,2,1
0.505,0.305,0.075,0.045,0.005,1,0.505,0.075,0.005,5,1641.2199209999997,2,0
0.445,0.135,0.155,0.055,0.02,0,0.445,0.155,0.02,5,2801.666413,2,0
0.445,0.245,0.285,0.065,0.02,0,0.445,0.285,0.02,5,1654.2537200000004,2,0
0.405,0.575,0.895,0.985,0.995,1,0.405,0.895,0.995,5,3214.715412,2,1
0.445,0.455,0.715,0.43,0.715,3,0.445,0.715,0.715,5,0.0,2,1
0.465,0.495,0.23,0.15,0.205,0,0.465,0.23,0.205,5,5465.144628000007,2,1
0.465,0.44,0.545,0.665,0.855,1,0.465,0.545,0.855,5,4975.9934060000005,2,1
0.445,0.145,0.18,0.245,0.405,0,0.445,0.18,0.405,5,2944.955537,2,0
0.435,0.745,0.22,0.13,0.285,2,0.435,0.22,0.285,5,4701.984739999999,2,0
0.455,0.685,0.92,0.935,0.87,1,0.455,0.92,0.87,5,3107.721410000002,2,1
0.445,0.46,0.315,0.245,0.45,0,0.445,0.315,0.45,5,3761.972014999999,2,1
0.37,0.215,0.725,0.555,0.74,1,0.37,0.725,0.74,5,4563.844959,2,1
0.465,0.225,0.325,0.61,0.895,1,0.465,0.325,0.895,5,2828.090950999999,2,1
0.49,0.615,0.745,0.765,0.635,1,0.49,0.745,0.635,5,2551.9064050000025,2,1
0.5,0.485,0.545,0.705,0.905,2,0.5,0.545,0.905,5,0.0,2,1
0.595,0.525,0.36,0.185,0.065,1,0.595,0.36,0.065,5,0.0,2,1
0.475,0.575,0.305,0.285,0.155,2,0.475,0.305,0.155,5,0.0,2,0
0.465,0.695,0.805,0.675,0.715,1,0.465,0.805,0.715,5,0.0,2,1
0.495,0.545,0.39,0.445,0.635,3,0.495,0.39,0.635,5,0.0,2,0
0.48,0.335,0.245,0.165,0.045,0,0.48,0.245,0.045,5,0.0,2,0
0.475,0.805,0.905,0.895,0.975,1,0.475,0.905,0.975,5,2676.108842999999,2,1
0.51,0.495,0.915,0.94,0.995,2,0.51,0.915,0.995,5,0.0,2,1
0.5,0.545,0.655,0.59,0.305,1,0.5,0.655,0.305,5,0.0,2,1
0.485,0.515,0.82,0.905,0.915,1,0.485,0.82,0.915,5,1659.8054050000014,2,1
0.505,0.295,0.325,0.065,0.14,1,0.505,0.325,0.14,5,3301.1054639999998,2,1
0.485,0.295,0.31,0.125,0.03,0,0.485,0.31,0.03,5,2191.5056460000014,2,0
0.545,0.885,0.825,0.935,0.34,1,0.545,0.825,0.34,5,5931.194867000003,2,0
0.525,0.155,0.115,0.045,0.005,1,0.525,0.115,0.005,5,0.0,2,0
0.53,0.325,0.325,0.445,0.575,2,0.53,0.325,0.575,5,0.0,2,0
0.52,0.365,0.27,0.105,0.695,2,0.52,0.27,0.695,5,4094.6263059999987,2,1
0.535,0.775,0.385,0.165,0.235,1,0.535,0.385,0.235,5,2626.5037490000004,2,0
0.55,0.615,0.315,0.05,0.005,1,0.55,0.315,0.005,5,2126.763059,2,0
0.49,0.185,0.195,0.425,0.23,0,0.49,0.195,0.23,5,2898.0777200000016,2,0
0.48,0.33,0.115,0.115,0.085,0,0.48,0.115,0.085,5,0.0,2,0
0.495,0.485,0.1,0.12,0.04,0,0.495,0.1,0.04,5,2028.4013250000012,2,0
0.45,0.515,0.515,0.755,0.83,1,0.45,0.515,0.83,5,0.0,2,1
0.535,0.635,0.805,0.965,0.985,0,0.535,0.805,0.985,5,0.0,2,1
0.49,0.105,0.075,0.045,0.015,0,0.49,0.075,0.015,5,2012.5789960000006,2,0
0.515,0.515,0.885,0.945,0.965,0,0.515,0.885,0.965,5,0.0,2,0
0.505,0.795,0.47,0.345,0.2,1,0.505,0.47,0.2,5,0.0,2,0
0.575,0.655,0.405,0.32,0.575,2,0.575,0.405,0.575,5,3004.2561609999984,2,1
0.445,0.585,0.295,0.09,0.055,2,0.445,0.295,0.055,5,1758.1438319999995,2,0
0.505,0.275,0.485,0.645,0.725,2,0.505,0.485,0.725,5,0.0,3,1
0.475,0.445,0.425,0.605,0.945,1,0.475,0.425,0.945,5,0.0,3,1
0.4,0.255,0.125,0.055,0.005,0,0.4,0.125,0.005,5,764.639844,3,0
0.46,0.335,0.285,0.69,0.965,1,0.46,0.285,0.965,5,0.0,3,1
0.53,0.41,0.435,0.315,0.395,1,0.53,0.435,0.395,5,1286.98951,3,0
0.55,0.245,0.73,0.875,0.955,2,0.55,0.73,0.955,5,1688.629783,3,1
0.435,0.065,0.1,0.055,0.025,0,0.435,0.1,0.025,5,635.7445419999999,3,0
0.505,0.295,0.09,0.035,0.005,1,0.505,0.09,0.005,5,1781.5160499999997,3,0
0.49,0.395,0.43,0.555,0.94,1,0.49,0.43,0.94,5,1996.9180170000004,3,1
0.485,0.555,0.69,0.955,0.995,1,0.485,0.69,0.995,5,1549.3159029999997,3,1
0.63,0.485,0.335,0.255,0.105,1,0.63,0.335,0.105,5,0.0,3,0
0.565,0.93,0.87,0.825,0.935,0,0.565,0.87,0.935,5,1744.1000920000006,3,1
0.535,0.785,0.395,0.26,0.825,2,0.535,0.395,0.825,5,0.0,3,1
0.565,0.565,0.86,0.965,0.975,0,0.565,0.86,0.975,5,1327.1874950000004,3,1
0.525,0.155,0.045,0.005,0.005,1,0.525,0.045,0.005,5,1319.0431929999997,3,0
0.51,0.665,0.375,0.13,0.025,1,0.51,0.375,0.025,5,764.864451,3,0
0.565,0.65,0.75,0.585,0.865,0,0.565,0.75,0.865,5,1001.2000610000001,3,1
0.405,0.09,0.005,0.005,0.005,0,0.405,0.005,0.005,5,0.0,3,0
0.505,0.075,0.245,0.38,0.625,2,0.505,0.245,0.625,5,0.0,3,1
0.505,0.315,0.235,0.065,0.005,1,0.505,0.235,0.005,5,0.0,3,0
0.515,0.615,0.485,0.245,0.115,1,0.515,0.485,0.115,5,0.0,3,0
0.57,0.645,0.86,0.945,0.985,0,0.57,0.86,0.985,5,0.0,3,1
0.505,0.505,0.445,0.185,0.035,1,0.505,0.445,0.035,5,693.5420339999998,3,0
0.59,0.375,0.32,0.07,0.015,1,0.59,0.32,0.015,5,0.0,3,0
0.395,0.29,0.155,0.075,0.06,0,0.395,0.155,0.06,5,956.390415,3,0
0.415,0.305,0.185,0.095,0.015,0,0.415,0.185,0.015,5,0.0,3,0
0.545,0.585,0.615,0.5,0.69,0,0.545,0.615,0.69,5,0.0,3,1
0.565,0.195,0.38,0.375,0.215,1,0.565,0.38,0.215,5,0.0,3,0
0.51,0.145,0.115,0.175,0.04,1,0.51,0.115,0.04,5,1367.7562129999997,3,0
0.555,0.615,0.665,0.775,0.345,1,0.555,0.665,0.345,5,1606.7694710000007,3,1
0.585,0.545,0.505,0.72,0.165,1,0.585,0.505,0.165,5,1540.4403540000008,3,0
0.575,0.545,0.615,0.065,0.015,1,0.575,0.615,0.015,5,1003.6601799999999,3,0
0.56,0.135,0.045,0.005,0.005,1,0.56,0.045,0.005,5,0.0,3,0
0.5,0.47,0.58,0.23,0.075,3,0.5,0.58,0.075,5,954.3243570000002,3,0
0.455,0.625,0.685,0.89,0.995,1,0.455,0.685,0.995,5,0.0,3,1
0.505,0.775,0.865,0.91,0.975,0,0.505,0.865,0.975,5,1152.0646119999994,3,1
0.59,0.365,0.33,0.125,0.005,1,0.59,0.33,0.005,5,0.0,3,0
0.575,0.49,0.235,0.095,0.295,1,0.575,0.235,0.295,5,2024.325508,3,1
0.575,0.35,0.1,0.045,0.005,1,0.575,0.1,0.005,5,1182.1002319999998,3,0
0.55,0.75,0.745,0.59,0.59,0,0.55,0.745,0.59,5,0.0,3,0
0.545,0.065,0.035,0.005,0.005,1,0.545,0.035,0.005,5,1716.5184189999995,3,0
0.575,0.365,0.77,0.745,0.93,2,0.575,0.77,0.93,5,0.0,3,1
0.56,0.3,0.255,0.155,0.06,1,0.56,0.255,0.06,5,1369.9089230000006,3,0
0.405,0.64,0.93,0.71,0.845,1,0.405,0.93,0.845,5,1971.9219850000006,3,1
0.475,0.32,0.505,0.1,0.005,2,0.475,0.505,0.005,5,1462.5643729999995,3,0
0.57,0.335,0.175,0.37,0.58,2,0.57,0.175,0.58,5,0.0,3,0
0.6,0.43,0.68,0.42,0.08,3,0.6,0.68,0.08,5,2041.330137,3,0
0.5,0.485,0.565,0.68,0.81,2,0.5,0.565,0.81,5,1660.2477409999995,3,1
0.505,0.5,0.775,0.64,0.7,0,0.505,0.775,0.7,5,0.0,3,0
0.425,0.315,0.285,0.81,0.98,1,0.425,0.285,0.98,5,1954.3539260000032,3,1
0.41,0.565,0.435,0.06,0.035,2,0.41,0.435,0.035,5,2024.0121920000001,3,0
0.505,0.315,0.535,0.38,0.69,4,0.505,0.535,0.69,5,2594.278064,3,1
0.375,0.44,0.29,0.445,0.865,1,0.375,0.29,0.865,5,2972.368947,3,1
0.495,0.405,0.91,0.98,0.975,1,0.495,0.91,0.975,5,1978.79524,3,1
0.475,0.395,0.285,0.21,0.02,0,0.475,0.285,0.02,5,1759.5768400000009,3,0
0.45,0.265,0.585,0.665,0.34,2,0.45,0.585,0.34,5,2966.252221999999,3,1
0.475,0.655,0.905,0.985,0.995,1,0.475,0.905,0.995,5,0.0,3,1
0.515,0.34,0.115,0.095,0.365,1,0.515,0.115,0.365,5,2315.8388610000006,3,1
0.51,0.41,0.295,0.84,0.94,2,0.51,0.295,0.94,5,0.0,3,1
0.57,0.64,0.7,0.415,0.335,1,0.57,0.7,0.335,5,0.0,3,1
0.52,0.605,0.665,0.945,0.995,0,0.52,0.665,0.995,5,1746.6264709999994,3,1
0.335,0.7,0.57,0.715,0.905,1,0.335,0.57,0.905,5,2964.5997190000003,3,0
0.505,0.155,0.025,0.005,0.23,1,0.505,0.025,0.23,5,4831.291713999997,3,1
0.505,0.695,0.405,0.305,0.935,2,0.505,0.405,0.935,5,2711.743706999999,3,1
0.58,0.09,0.605,0.975,0.955,2,0.58,0.605,0.955,5,2368.071046999998,3,1
0.505,0.285,0.755,0.765,0.055,3,0.505,0.755,0.055,5,2293.3196670000007,3,0
0.405,0.505,0.595,0.485,0.93,3,0.405,0.595,0.93,5,2191.632206999999,3,1
0.445,0.58,0.245,0.05,0.075,2,0.445,0.245,0.075,5,2283.7991690000003,3,0
0.49,0.45,0.405,0.68,0.655,1,0.49,0.405,0.655,5,1618.7486730000003,3,1
0.505,0.23,0.14,0.03,0.005,1,0.505,0.14,0.005,5,0.0,3,0
0.63,0.21,0.165,0.03,0.005,1,0.63,0.165,0.005,5,655.4633249999999,3,0
0.6,0.31,0.565,0.105,0.065,3,0.6,0.565,0.065,5,0.0,3,0
0.605,0.4,0.385,0.55,0.15,3,0.605,0.385,0.15,5,0.0,3,0
0.5,0.275,0.155,0.035,0.045,1,0.5,0.155,0.045,5,916.6041080000001,3,0
0.6,0.705,0.69,0.75,0.805,0,0.6,0.69,0.805,5,0.0,3,1
0.495,0.335,0.23,0.15,0.55,1,0.495,0.23,0.55,5,1595.5220630000003,3,1
0.525,0.525,0.63,0.925,0.975,0,0.525,0.63,0.975,5,1607.872750999999,3,1
0.505,0.615,0.28,0.065,0.005,1,0.505,0.28,0.005,5,663.9301280000001,3,0
0.475,0.905,0.805,0.8,0.925,1,0.475,0.805,0.925,5,3575.580596,3,0
0.585,0.45,0.39,0.44,0.665,2,0.585,0.39,0.665,5,1846.3412280000002,3,0
0.615,0.705,0.735,0.755,0.845,0,0.615,0.735,0.845,5,0.0,3,1
0.505,0.185,0.07,0.125,0.075,1,0.505,0.07,0.075,5,1439.8956449999998,3,0
0.58,0.605,0.745,0.525,0.65,0,0.58,0.745,0.65,5,0.0,3,0
0.515,0.46,0.545,0.935,0.975,2,0.515,0.545,0.975,5,0.0,3,1
0.63,0.805,0.895,0.985,0.995,0,0.63,0.895,0.995,5,0.0,3,1
0.58,0.26,0.315,0.525,0.885,2,0.58,0.315,0.885,5,1915.044786,3,1
0.475,0.235,0.205,0.07,0.005,0,0.475,0.205,0.005,5,0.0,3,0
0.505,0.255,0.295,0.14,0.015,1,0.505,0.295,0.015,5,0.0,3,0
0.505,0.4,0.11,0.57,0.605,2,0.505,0.11,0.605,5,0.0,3,1
0.5,0.615,0.435,0.625,0.725,2,0.5,0.435,0.725,5,0.0,3,0
0.615,0.425,0.465,0.795,0.865,2,0.615,0.465,0.865,5,1072.154751,3,1
0.42,0.825,0.935,0.995,0.995,1,0.42,0.935,0.995,5,0.0,3,1
0.51,0.215,0.19,0.08,0.005,1,0.51,0.19,0.005,5,2624.7705050000004,3,1
0.505,0.74,0.745,0.605,0.455,1,0.505,0.745,0.455,5,992.2397709999999,3,1
0.58,0.615,0.15,0.265,0.1,1,0.58,0.15,0.1,5,1692.3755980000005,3,0
0.515,0.605,0.615,0.705,0.945,0,0.515,0.615,0.945,5,1126.4254060000007,3,1
0.56,0.7,0.7,0.61,0.225,1,0.56,0.7,0.225,5,1940.8583780000006,3,0
0.505,0.415,0.835,0.82,0.965,2,0.505,0.835,0.965,5,0.0,3,1
0.495,0.695,0.785,0.835,0.975,1,0.495,0.785,0.975,5,1072.150575,3,1
0.54,0.56,0.705,0.715,0.295,1,0.54,0.705,0.295,5,1794.3654980000008,3,1
0.585,0.655,0.33,0.805,0.935,2,0.585,0.33,0.935,5,1741.6462510000001,3,1
0.525,0.43,0.275,0.125,0.005,1,0.525,0.275,0.005,5,946.8530039999998,3,0
0.535,0.295,0.23,0.195,0.135,1,0.535,0.23,0.135,5,765.619318,3,0
0.495,0.42,0.53,0.555,0.355,2,0.495,0.53,0.355,5,2180.3423780000003,3,0
0.53,0.61,0.73,0.415,0.545,2,0.53,0.73,0.545,5,1114.7130479999998,3,1
0.6,0.575,0.78,0.95,0.995,0,0.6,0.78,0.995,5,932.7360319999992,3,1
0.555,0.465,0.215,0.69,0.985,2,0.555,0.215,0.985,5,0.0,3,1
0.585,0.275,0.085,0.005,0.005,1,0.585,0.085,0.005,5,1971.1456380000004,3,0
0.525,0.635,0.59,0.78,0.085,1,0.525,0.59,0.085,5,0.0,3,0
0.635,0.61,0.54,0.18,0.04,1,0.635,0.54,0.04,5,1927.2884770000003,3,0
0.525,0.41,0.68,0.74,0.985,2,0.525,0.68,0.985,5,0.0,3,1
0.525,0.285,0.405,0.19,0.615,2,0.525,0.405,0.615,5,2001.2054659999994,3,1
0.57,0.57,0.765,0.865,0.87,0,0.57,0.765,0.87,5,1100.3866340000002,3,1
0.505,0.76,0.785,0.92,0.935,0,0.505,0.785,0.935,5,0.0,3,1
0.56,0.535,0.12,0.045,0.002,1,0.56,0.12,0.002,5,4282.583395000005,3,0
0.56,0.67,0.605,0.885,0.975,0,0.56,0.605,0.975,5,992.0329779999996,3,1
0.615,0.69,0.675,0.145,0.035,1,0.615,0.675,0.035,5,0.0,3,0
0.57,0.14,0.08,0.34,0.055,1,0.57,0.08,0.055,5,1619.2033490000001,3,0
0.575,0.455,0.07,0.055,0.005,1,0.575,0.07,0.005,5,2655.348574999999,3,0
0.44,0.45,0.47,0.03,0.005,0,0.44,0.47,0.005,5,770.7809280000001,3,0
0.595,0.24,0.195,0.375,0.245,1,0.595,0.195,0.245,5,1563.62909,3,0
0.54,0.715,0.875,0.94,0.985,0,0.54,0.875,0.985,5,2930.046654,3,1
0.555,0.575,0.215,0.045,0.005,1,0.555,0.215,0.005,5,894.562369,3,0
0.66,0.425,0.665,0.945,0.995,2,0.66,0.665,0.995,5,0.0,3,0
0.61,0.455,0.685,0.815,0.8,2,0.61,0.685,0.8,5,0.0,3,0
0.525,0.265,0.285,0.29,0.03,1,0.525,0.285,0.03,5,0.0,3,0
0.535,0.535,0.725,0.98,0.93,0,0.535,0.725,0.93,5,2465.914322,3,1
0.745,0.745,0.895,0.975,0.995,0,0.745,0.895,0.995,5,1408.606619,3,1
0.515,0.87,0.925,0.925,0.995,0,0.515,0.925,0.995,5,656.149494,3,1
0.62,0.46,0.61,0.665,0.96,2,0.62,0.61,0.96,5,0.0,3,0
0.585,0.35,0.62,0.65,0.77,2,0.585,0.62,0.77,5,3309.7012999999997,3,0
0.675,0.365,0.435,0.615,0.895,2,0.675,0.435,0.895,5,2474.0815900000002,3,1
0.53,0.555,0.085,0.09,0.02,1,0.53,0.085,0.02,5,1951.9039260000002,3,0
0.625,0.585,0.035,0.02,0.02,1,0.625,0.035,0.02,5,0.0,3,0
0.495,0.765,0.965,0.94,0.995,1,0.495,0.965,0.995,5,1547.7718460000003,3,1
0.405,0.325,0.415,0.57,0.135,2,0.405,0.415,0.135,5,1424.694889,3,0
0.7,0.225,0.365,0.255,0.29,1,0.7,0.365,0.29,5,1635.6134100000004,3,0
0.58,0.44,0.025,0.005,0.005,1,0.58,0.025,0.005,5,1341.994574,3,0
0.565,0.595,0.545,0.72,0.435,1,0.565,0.545,0.435,5,2208.1535989999998,3,0
0.385,0.44,0.845,0.975,0.995,1,0.385,0.845,0.995,5,2895.0699220000006,3,1
0.475,0.605,0.325,0.4,0.84,3,0.475,0.325,0.84,5,1364.5333710000007,3,1
0.44,0.475,0.86,0.905,0.995,1,0.44,0.86,0.995,5,1725.699886999999,3,1
0.585,0.715,0.77,0.465,0.38,1,0.585,0.77,0.38,5,3330.9347570000023,3,1
0.685,0.785,0.94,0.98,0.995,0,0.685,0.94,0.995,5,1766.3669240000002,3,1
0.58,0.455,0.205,0.295,0.03,1,0.58,0.205,0.03,5,3463.0821430000037,3,0
0.515,0.515,0.185,0.235,0.32,1,0.515,0.185,0.32,5,3556.0530670000007,3,0
0.515,0.135,0.11,0.025,0.005,1,0.515,0.11,0.005,5,1938.5485380000005,3,0
0.525,0.67,0.695,0.71,0.375,1,0.525,0.695,0.375,5,3520.5338580000002,3,1
0.545,0.65,0.395,0.385,0.02,1,0.545,0.395,0.02,5,1894.1594929999997,3,0
0.505,0.815,0.97,0.995,0.985,0,0.505,0.97,0.985,5,0.0,3,1
0.565,0.585,0.665,0.625,0.53,0,0.565,0.665,0.53,5,0.0,3,1
0.56,0.39,0.505,0.67,0.52,2,0.56,0.505,0.52,5,0.0,3,1
0.51,0.48,0.23,0.04,0.005,1,0.51,0.23,0.005,5,2593.685102999999,3,0
0.54,0.63,0.74,0.95,0.995,0,0.54,0.74,0.995,5,1147.1948260000004,3,1
0.585,0.305,0.225,0.055,0.005,1,0.585,0.225,0.005,5,1098.635363,3,0
0.575,0.825,0.89,0.935,0.995,0,0.575,0.89,0.995,5,0.0,3,1
0.66,0.925,0.595,0.705,0.635,0,0.66,0.595,0.635,5,0.0,3,1
0.595,0.59,0.575,0.605,0.805,0,0.595,0.575,0.805,5,0.0,3,0
0.6,0.72,0.245,0.115,0.245,1,0.6,0.245,0.245,5,0.0,3,0
0.575,0.46,0.84,0.975,0.925,2,0.575,0.84,0.925,5,0.0,3,1
0.495,0.515,0.3,0.485,0.075,2,0.495,0.3,0.075,5,0.0,3,0
0.585,0.4,0.25,0.285,0.085,1,0.585,0.25,0.085,5,0.0,3,0
0.515,0.525,0.425,0.665,0.755,2,0.515,0.425,0.755,5,1974.9823789999994,3,1
0.505,0.425,0.315,0.29,0.545,2,0.505,0.315,0.545,5,0.0,3,1
0.505,0.48,0.555,0.49,0.27,3,0.505,0.555,0.27,5,0.0,3,1
0.445,0.595,0.35,0.23,0.795,3,0.445,0.35,0.795,5,0.0,3,1
0.51,0.74,0.66,0.64,0.205,1,0.51,0.66,0.205,5,0.0,3,0
0.59,0.27,0.265,0.05,0.005,1,0.59,0.265,0.005,5,0.0,3,0
0.605,0.455,0.29,0.335,0.065,1,0.605,0.29,0.065,5,0.0,3,0
0.51,0.515,0.805,0.895,0.9,0,0.51,0.805,0.9,5,0.0,3,1
0.485,0.585,0.745,0.935,0.995,1,0.485,0.745,0.995,5,1042.4054999999996,3,1
0.51,0.58,0.825,0.95,0.985,0,0.51,0.825,0.985,5,0.0,3,1
0.46,0.565,0.295,0.28,0.455,2,0.46,0.295,0.455,5,0.0,3,1
0.485,0.215,0.045,0.005,0.005,0,0.485,0.045,0.005,5,0.0,3,0
0.585,0.73,0.87,0.62,0.985,0,0.585,0.87,0.985,5,0.0,3,1
0.49,0.415,0.685,0.74,0.765,1,0.49,0.685,0.765,5,0.0,3,1
0.485,0.445,0.11,0.045,0.015,0,0.485,0.11,0.015,5,1055.0703659999997,3,0
0.485,0.655,0.895,0.785,0.735,1,0.485,0.895,0.735,5,0.0,3,0
0.55,0.475,0.615,0.41,0.75,4,0.55,0.615,0.75,5,0.0,3,1
0.6,0.945,0.97,0.985,0.995,0,0.6,0.97,0.995,5,0.0,3,1
0.595,0.455,0.265,0.215,0.045,1,0.595,0.265,0.045,5,0.0,3,0
0.585,0.565,0.595,0.835,0.965,0,0.585,0.595,0.965,5,0.0,3,1
0.565,0.485,0.58,0.465,0.335,3,0.565,0.58,0.335,5,1461.3594330000005,3,1
0.54,0.435,0.49,0.735,0.215,3,0.54,0.49,0.215,5,1602.613885,3,0
0.505,0.715,0.5,0.335,0.1,1,0.505,0.5,0.1,5,1037.642281,3,0
0.605,0.44,0.415,0.215,0.3,1,0.605,0.415,0.3,5,0.0,3,0
0.495,0.635,0.535,0.235,0.28,2,0.495,0.535,0.28,5,0.0,3,0
0.59,0.44,0.315,0.47,0.435,1,0.59,0.315,0.435,5,0.0,3,0
0.535,0.48,0.595,0.825,0.715,2,0.535,0.595,0.715,5,1744.5810980000003,3,1
0.595,0.435,0.075,0.065,0.015,1,0.595,0.075,0.015,5,981.2918769999999,3,0
0.52,0.665,0.845,0.9,0.925,0,0.52,0.845,0.925,5,1055.7072119999998,3,1
0.595,0.4,0.445,0.115,0.705,2,0.595,0.445,0.705,5,2849.169123999999,3,1
0.52,0.62,0.655,0.695,0.995,0,0.52,0.655,0.995,5,3134.7091969999988,3,1
0.525,0.27,0.055,0.06,0.045,1,0.525,0.055,0.045,5,956.6116049999997,3,0
0.565,0.725,0.845,0.785,0.955,0,0.565,0.845,0.955,5,2370.8741410000002,3,1
0.505,0.82,0.915,0.935,0.995,0,0.505,0.915,0.995,5,0.0,3,1
0.335,0.32,0.225,0.14,0.275,0,0.335,0.225,0.275,5,4439.9241870000005,3,0
0.615,0.395,0.64,0.63,0.335,3,0.615,0.64,0.335,5,3813.2561830000004,3,1
0.405,0.51,0.775,0.625,0.685,1,0.405,0.775,0.685,5,2707.470288,3,1
0.52,0.54,0.78,0.855,0.96,0,0.52,0.78,0.96,5,0.0,3,1
0.545,0.69,0.77,0.685,0.845,0,0.545,0.77,0.845,5,0.0,3,1
0.44,0.505,0.46,0.13,0.22,2,0.44,0.46,0.22,5,0.0,3,0
0.585,0.385,0.35,0.175,0.03,1,0.585,0.35,0.03,5,0.0,3,0
0.415,0.5,0.72,0.975,0.995,1,0.415,0.72,0.995,5,0.0,3,1
0.475,0.545,0.63,0.935,0.915,1,0.475,0.63,0.915,5,0.0,3,1
0.53,0.085,0.065,0.005,0.005,1,0.53,0.065,0.005,5,0.0,3,0
0.57,0.39,0.335,0.055,0.175,1,0.57,0.335,0.175,5,1836.4607100000017,3,1
0.505,0.415,0.565,0.615,0.255,3,0.505,0.565,0.255,5,2967.275191,3,0
0.515,0.34,0.505,0.22,0.85,4,0.515,0.505,0.85,5,1908.7274660000007,3,0
0.51,0.59,0.43,0.235,0.19,1,0.51,0.43,0.19,5,0.0,3,0
0.53,0.52,0.245,0.145,0.04,1,0.53,0.245,0.04,5,0.0,3,0
0.495,0.595,0.835,0.865,0.905,1,0.495,0.835,0.905,5,2167.6098079999997,3,1
0.355,0.175,0.07,0.005,0.18,0,0.355,0.07,0.18,5,3840.665284000002,3,0
0.535,0.35,0.35,0.125,0.025,1,0.535,0.35,0.025,5,1886.3082300000005,3,0
0.5,0.465,0.335,0.685,0.185,3,0.5,0.335,0.185,5,1958.7789429999996,3,0
0.485,0.525,0.88,0.97,0.995,1,0.485,0.88,0.995,5,1424.4517990000002,3,1
0.57,0.525,0.88,0.945,0.995,0,0.57,0.88,0.995,5,2284.688629,3,1
0.61,0.535,0.895,0.965,0.985,0,0.61,0.895,0.985,5,1097.5593270000004,3,1
0.405,0.285,0.085,0.015,0.005,0,0.405,0.085,0.005,5,1282.9627139999993,3,0
0.36,0.395,0.365,0.1,0.005,0,0.36,0.365,0.005,5,1817.4353429999996,3,0
0.445,0.86,0.905,0.97,0.925,1,0.445,0.905,0.925,5,2907.3395849999984,3,1
0.395,0.645,0.785,0.955,0.995,1,0.395,0.785,0.995,5,2168.9862149999994,3,1
0.575,0.55,0.545,0.595,0.93,0,0.575,0.545,0.93,5,2262.686769,3,1
0.555,0.595,0.775,0.64,0.92,0,0.555,0.775,0.92,5,2978.835242,3,1
0.52,0.88,0.84,0.945,0.89,0,0.52,0.84,0.89,5,1676.8795850000001,3,1
0.465,0.78,0.88,0.95,0.995,1,0.465,0.88,0.995,5,1830.5752449999998,3,1
0.42,0.44,0.595,0.97,0.89,1,0.42,0.595,0.89,5,1866.3735699999997,3,1
0.61,0.34,0.46,0.24,0.13,1,0.61,0.46,0.13,5,2992.3593949999986,3,0
0.5,0.48,0.405,0.145,0.055,1,0.5,0.405,0.055,5,1706.9573459999997,3,0
0.47,0.36,0.14,0.355,0.045,0,0.47,0.14,0.045,5,1609.2308489999998,3,0
0.48,0.615,0.675,0.59,0.365,2,0.48,0.675,0.365,5,2948.7078510000006,3,1
0.585,0.53,0.665,0.535,0.975,0,0.585,0.665,0.975,5,1888.0569370000003,3,1
0.515,0.625,0.67,0.91,0.965,0,0.515,0.67,0.965,5,1202.620433,3,1
0.52,0.465,0.405,0.505,0.86,2,0.52,0.405,0.86,5,0.0,3,1
0.53,0.67,0.87,0.98,0.9945,0,0.53,0.87,0.9945,5,2193.6264919999994,3,1
0.495,0.425,0.61,0.8,0.515,1,0.495,0.61,0.515,5,0.0,3,1
0.48,0.58,0.465,0.47,0.45,2,0.48,0.465,0.45,5,1703.1069909999999,3,0
0.405,0.39,0.275,0.3,0.175,0,0.405,0.275,0.175,5,0.0,3,0
0.62,0.725,0.77,0.73,0.805,0,0.62,0.77,0.805,5,0.0,3,1
0.55,0.23,0.08,0.055,0.015,1,0.55,0.08,0.015,5,0.0,3,0
0.52,0.375,0.235,0.5,0.05,3,0.52,0.235,0.05,5,0.0,3,0
0.4,0.685,0.735,0.795,0.82,1,0.4,0.735,0.82,5,3011.242164000001,3,1
0.345,0.605,0.845,0.525,0.415,2,0.345,0.845,0.415,5,2941.5535899999986,3,1
0.63,0.89,0.435,0.525,0.945,2,0.63,0.435,0.945,5,0.0,3,1
0.57,0.435,0.58,0.76,0.945,2,0.57,0.58,0.945,5,0.0,3,1
0.585,0.62,0.805,0.625,0.805,0,0.585,0.805,0.805,5,1756.882901,3,1
0.545,0.69,0.805,0.975,0.995,0,0.545,0.805,0.995,5,0.0,3,1
0.585,0.62,0.105,0.165,0.05,1,0.585,0.105,0.05,5,0.0,3,0
0.51,0.33,0.18,0.115,0.005,1,0.51,0.18,0.005,5,1044.1636059999998,3,0
0.43,0.205,0.205,0.205,0.12,0,0.43,0.205,0.12,5,1562.374459,3,0
0.425,0.22,0.45,0.485,0.265,0,0.425,0.45,0.265,5,0.0,3,0
0.495,0.82,0.56,0.465,0.82,3,0.495,0.56,0.82,5,3006.3505270000005,3,1
0.48,0.43,0.37,0.155,0.095,0,0.48,0.37,0.095,5,1389.294045,3,0
0.395,0.4,0.895,0.92,0.43,2,0.395,0.895,0.43,5,0.0,3,0
0.515,0.515,0.53,0.415,0.93,2,0.515,0.53,0.93,5,2283.3218990000005,3,1
0.515,0.555,0.35,0.32,0.925,2,0.515,0.35,0.925,5,0.0,3,1
0.595,0.54,0.755,0.945,0.975,0,0.595,0.755,0.975,5,1340.7520690000001,3,1
0.495,0.48,0.085,0.025,0.005,0,0.495,0.085,0.005,5,1531.3238910000002,3,0
0.48,0.335,0.47,0.31,0.065,0,0.48,0.47,0.065,5,1361.2032800000006,3,0
0.505,0.5,0.37,0.535,0.33,3,0.505,0.37,0.33,5,2057.161713,3,0
0.47,0.17,0.13,0.13,0.065,0,0.47,0.13,0.065,5,2325.8304520000006,3,0
0.385,0.715,0.805,0.785,0.51,1,0.385,0.805,0.51,5,2321.0463569999997,3,0
0.565,0.43,0.545,0.465,0.8,4,0.565,0.545,0.8,5,1281.3214890000006,3,1
0.565,0.64,0.62,0.78,0.95,0,0.565,0.62,0.95,5,1565.4822809999998,3,1
0.545,0.845,0.68,0.61,0.72,0,0.545,0.68,0.72,5,2348.187236000001,3,1
0.54,0.315,0.535,0.635,0.315,3,0.54,0.535,0.315,5,1217.77303,3,0
0.495,0.575,0.68,0.9,0.945,1,0.495,0.68,0.945,5,1260.82508,3,1
0.455,0.645,0.595,0.48,0.6,3,0.455,0.595,0.6,5,1998.2862919999998,3,0
0.505,0.485,0.31,0.23,0.065,1,0.505,0.31,0.065,5,0.0,3,1
0.545,0.655,0.69,0.86,0.82,0,0.545,0.69,0.82,5,1553.691313,3,1
0.575,0.365,0.39,0.54,0.795,2,0.575,0.39,0.795,5,1549.1791289999996,3,1
0.395,0.075,0.025,0.015,0.005,0,0.395,0.025,0.005,5,1474.6713439999992,3,0
0.6,0.435,0.1,0.045,0.005,1,0.6,0.1,0.005,5,5012.6283300000005,3,0
0.55,0.9,0.58,0.16,0.385,1,0.55,0.58,0.385,5,2187.1450320000004,3,0
0.57,0.275,0.185,0.175,0.015,1,0.57,0.185,0.015,5,0.0,3,0
0.53,0.495,0.595,0.69,0.07,3,0.53,0.595,0.07,5,1623.3221009999997,3,0
0.59,0.51,0.52,0.585,0.89,0,0.59,0.52,0.89,5,1573.2503529999994,3,1
0.535,0.565,0.335,0.17,0.015,1,0.535,0.335,0.015,5,1098.6710909999997,3,0
0.56,0.745,0.885,0.965,0.97,0,0.56,0.885,0.97,5,3600.7421689999996,3,1
0.525,0.205,0.065,0.025,0.005,1,0.525,0.065,0.005,5,1284.011446,3,0
0.55,0.705,0.83,0.87,0.985,0,0.55,0.83,0.985,5,1487.4351219999999,3,1
0.55,0.86,0.91,0.95,0.995,0,0.55,0.91,0.995,5,0.0,3,1
0.615,0.575,0.325,0.235,0.265,1,0.615,0.325,0.265,5,1010.456577,3,0
0.575,0.245,0.325,0.285,0.325,1,0.575,0.325,0.325,5,1802.1210720000004,3,0
0.505,0.705,0.675,0.835,0.985,0,0.505,0.675,0.985,5,1125.7763790000001,3,1
0.61,0.755,0.825,0.94,0.895,0,0.61,0.825,0.895,5,2776.1769289999997,3,0
0.505,0.475,0.48,0.635,0.805,2,0.505,0.48,0.805,5,12373.131245,3,1
0.435,0.215,0.11,0.02,0.005,0,0.435,0.11,0.005,5,1072.955921,3,0
0.575,0.53,0.595,0.595,0.695,0,0.575,0.595,0.695,5,1188.8160990000006,3,1
0.43,0.61,0.425,0.515,0.5,3,0.43,0.425,0.5,5,1252.6686300000001,3,0
0.575,0.585,0.725,0.65,0.985,0,0.575,0.725,0.985,5,1230.3795860000002,3,1
0.54,0.35,0.345,0.115,0.005,1,0.54,0.345,0.005,5,986.2113469999998,3,0
0.55,0.64,0.795,0.78,0.985,0,0.55,0.795,0.985,5,1472.4591670000004,3,1
0.58,0.36,0.395,0.325,0.48,1,0.58,0.395,0.48,5,1775.7952699999998,3,0
0.285,0.075,0.125,0.035,0.015,0,0.285,0.125,0.015,5,1786.112045,3,0
0.46,0.475,0.855,0.815,0.88,1,0.46,0.855,0.88,5,1243.0482289999998,3,1
0.505,0.52,0.84,0.975,0.995,0,0.505,0.84,0.995,5,806.4817460000002,3,1
0.52,0.525,0.42,0.335,0.015,1,0.52,0.42,0.015,5,0.0,3,0
0.46,0.335,0.265,0.465,0.49,0,0.46,0.265,0.49,5,2918.900073,3,0
0.54,0.415,0.495,0.36,0.405,1,0.54,0.495,0.405,5,0.0,3,0
0.515,0.385,0.135,0.015,0.005,1,0.515,0.135,0.005,5,890.520026,3,0
0.435,0.615,0.635,0.87,0.965,1,0.435,0.635,0.965,5,1437.9969050000002,3,1
0.5,0.555,0.375,0.285,0.325,1,0.5,0.375,0.325,5,1878.9842779999997,3,1
0.55,0.375,0.675,0.645,0.225,3,0.55,0.675,0.225,5,0.0,3,0
0.48,0.55,0.705,0.815,0.73,1,0.48,0.705,0.73,5,0.0,3,0
0.55,0.375,0.045,0.005,0.005,1,0.55,0.045,0.005,5,0.0,3,0
0.545,0.515,0.805,0.755,0.975,0,0.545,0.805,0.975,5,0.0,3,1
0.485,0.21,0.095,0.025,0.005,0,0.485,0.095,0.005,5,2698.9149150000003,3,0
0.505,0.625,0.775,0.715,0.07,1,0.505,0.775,0.07,5,1781.2717680000003,3,0
0.505,0.645,0.755,0.745,0.465,1,0.505,0.755,0.465,5,0.0,3,0
0.435,0.605,0.835,0.425,0.375,2,0.435,0.835,0.375,5,2032.0702459999995,3,1
0.61,0.415,0.2,0.045,0.015,1,0.61,0.2,0.015,5,1007.7035369999998,3,0
0.625,0.555,0.645,0.205,0.035,1,0.625,0.645,0.035,5,1062.5748350000001,3,0
0.435,0.125,0.195,0.135,0.015,0,0.435,0.195,0.015,5,999.9663049999999,3,0
0.515,0.495,0.235,0.055,0.035,1,0.515,0.235,0.035,5,1372.9243679999997,3,0
0.59,0.585,0.415,0.245,0.125,1,0.59,0.415,0.125,5,1202.048583,3,0
0.61,0.375,0.105,0.305,0.275,1,0.61,0.105,0.275,5,1081.234215,3,0
0.625,0.925,0.925,0.925,0.995,0,0.625,0.925,0.995,5,1123.650446,3,1
0.615,0.405,0.175,0.295,0.265,1,0.615,0.175,0.265,5,0.0,3,1
0.475,0.31,0.145,0.14,0.11,0,0.475,0.145,0.11,5,0.0,3,0
0.505,0.165,0.055,0.125,0.045,1,0.505,0.055,0.045,5,0.0,3,0
0.505,0.395,0.755,0.85,0.965,2,0.505,0.755,0.965,5,1759.6317549999997,3,1
0.48,0.805,0.845,0.945,0.885,1,0.48,0.845,0.885,5,2205.3481150000002,3,1
0.485,0.33,0.215,0.16,0.115,0,0.485,0.215,0.115,5,1396.4227760000003,3,0
0.435,0.375,0.8,0.925,0.985,1,0.435,0.8,0.985,5,1073.8053950000003,3,1
0.57,0.65,0.38,0.29,0.175,1,0.57,0.38,0.175,5,1620.1876550000002,3,0
0.515,0.495,0.515,0.75,0.765,2,0.515,0.515,0.765,5,1652.3771619999998,3,1
0.435,0.695,0.575,0.525,0.615,1,0.435,0.575,0.615,5,2321.5158299999994,3,1
0.5,0.595,0.015,0.005,0.005,1,0.5,0.015,0.005,5,1384.3101729999996,3,0
0.465,0.935,0.825,0.875,0.85,1,0.465,0.825,0.85,5,2447.6708640000006,3,1
0.61,0.465,0.225,0.26,0.505,2,0.61,0.225,0.505,5,1624.9959650000012,3,1
0.49,0.505,0.505,0.615,0.73,1,0.49,0.505,0.73,5,2038.3172790000003,3,1
0.525,0.515,0.475,0.94,0.995,2,0.525,0.475,0.995,5,1716.898332,3,1
0.505,0.205,0.15,0.055,0.015,1,0.505,0.15,0.015,5,0.0,3,0
0.515,0.735,0.805,0.925,0.995,0,0.515,0.805,0.995,5,1395.2291599999999,3,1
0.56,0.535,0.705,0.805,0.955,0,0.56,0.705,0.955,5,0.0,3,1
0.455,0.635,0.475,0.165,0.035,2,0.455,0.475,0.035,5,1356.9225370000001,3,0
0.425,0.825,0.815,0.45,0.63,3,0.425,0.815,0.63,5,2629.1484869999995,3,1
0.465,0.445,0.17,0.405,0.125,0,0.465,0.17,0.125,5,2399.891270000001,3,0
0.475,0.635,0.965,0.995,0.995,1,0.475,0.965,0.995,5,1620.694139,3,1
0.42,0.325,0.645,0.915,0.985,1,0.42,0.645,0.985,5,0.0,3,1
0.505,0.635,0.8,0.945,0.995,0,0.505,0.8,0.995,5,1121.534427,3,1
0.58,0.51,0.505,0.445,0.025,1,0.58,0.505,0.025,5,0.0,3,0
0.565,0.315,0.41,0.59,0.835,2,0.565,0.41,0.835,5,2294.4707499999995,3,1
0.49,0.665,0.915,0.915,0.755,1,0.49,0.915,0.755,5,0.0,3,0
0.375,0.365,0.155,0.13,0.08,0,0.375,0.155,0.08,5,1468.782146,3,0
0.405,0.325,0.79,0.945,0.995,1,0.405,0.79,0.995,5,1537.0774309999997,3,1
0.535,0.81,0.945,0.96,0.935,0,0.535,0.945,0.935,5,0.0,3,1
0.515,0.315,0.195,0.055,0.225,1,0.515,0.195,0.225,5,0.0,3,0
0.515,0.685,0.945,0.955,0.995,0,0.515,0.945,0.995,5,2509.134241,3,1
0.365,0.62,0.68,0.775,0.985,1,0.365,0.68,0.985,5,1961.1439390000005,3,1
0.525,0.465,0.425,0.115,0.005,1,0.525,0.425,0.005,5,1297.2928309999995,3,0
0.575,0.755,0.885,0.985,0.995,0,0.575,0.885,0.995,5,1413.2713569999999,3,1
0.545,0.765,0.935,0.63,0.16,1,0.545,0.935,0.16,5,2199.320196,3,0
0.62,0.36,0.805,0.87,0.18,3,0.62,0.805,0.18,5,1928.870656000001,3,0
0.58,0.245,0.16,0.11,0.135,1,0.58,0.16,0.135,5,1024.891986,3,0
0.525,0.285,0.235,0.135,0.025,1,0.525,0.235,0.025,5,0.0,3,0
0.52,0.375,0.625,0.985,0.995,2,0.52,0.625,0.995,5,1050.5727709999996,3,1
0.525,0.545,0.585,0.57,0.735,0,0.525,0.585,0.735,5,0.0,3,1
0.52,0.325,0.245,0.34,0.1,1,0.52,0.245,0.1,5,0.0,3,0
0.51,0.815,0.805,0.495,0.05,1,0.51,0.805,0.05,5,0.0,3,1
0.555,0.66,0.635,0.69,0.895,0,0.555,0.635,0.895,5,1318.32914,3,1
0.655,0.445,0.695,0.28,0.06,3,0.655,0.695,0.06,5,1725.9333620000004,3,0
0.57,0.42,0.425,0.215,0.215,1,0.57,0.425,0.215,5,1313.303099,3,0
0.505,0.525,0.705,0.585,0.985,0,0.505,0.705,0.985,5,1144.8525029999998,3,1
0.485,0.23,0.435,0.27,0.025,0,0.485,0.435,0.025,5,1161.561256,3,0
0.55,0.685,0.735,0.845,0.93,0,0.55,0.735,0.93,5,0.0,3,1
0.53,0.875,0.91,0.975,0.985,0,0.53,0.91,0.985,5,2005.721741,3,1
0.535,0.175,0.175,0.255,0.015,1,0.535,0.175,0.015,5,0.0,3,0
0.56,0.755,0.905,0.91,0.985,0,0.56,0.905,0.985,5,891.8278039999998,3,1
0.52,0.545,0.555,0.855,0.955,0,0.52,0.555,0.955,5,10892.785236,3,1
0.515,0.415,0.455,0.695,0.81,2,0.515,0.455,0.81,5,2831.979951,3,1
0.505,0.375,0.365,0.065,0.02,1,0.505,0.365,0.02,5,0.0,3,0
0.48,0.325,0.275,0.205,0.155,0,0.48,0.275,0.155,5,1546.5948980000007,3,0
0.455,0.265,0.295,0.175,0.24,0,0.455,0.295,0.24,5,1927.2696060000003,3,0
0.565,0.545,0.73,0.855,0.59,0,0.565,0.73,0.59,5,0.0,3,1
0.505,0.105,0.065,0.055,0.035,1,0.505,0.065,0.035,5,0.0,3,0
0.4,0.2,0.195,0.285,0.125,0,0.4,0.195,0.125,5,981.8902309999997,3,0
0.52,0.295,0.205,0.1,0.295,1,0.52,0.205,0.295,5,0.0,3,1
0.595,0.395,0.06,0.065,0.1,1,0.595,0.06,0.1,5,0.0,3,0
0.485,0.37,0.57,0.595,0.455,2,0.485,0.57,0.455,5,0.0,3,1
0.535,0.6,0.79,0.755,0.705,0,0.535,0.79,0.705,5,0.0,3,0
0.505,0.725,0.85,0.775,0.975,0,0.505,0.85,0.975,5,1701.2370189999997,3,1
0.52,0.31,0.12,0.115,0.225,1,0.52,0.12,0.225,5,1403.0006259999993,3,0
0.555,0.295,0.015,0.005,0.005,1,0.555,0.015,0.005,5,0.0,3,0
0.565,0.655,0.055,0.005,0.005,1,0.565,0.055,0.005,5,1632.0381169999994,3,0
0.495,0.225,0.36,0.06,0.005,0,0.495,0.36,0.005,5,1374.6212909999995,3,0
0.5,0.775,0.855,0.895,0.955,0,0.5,0.855,0.955,5,1483.785812000001,3,1
0.57,0.735,0.675,0.505,0.33,1,0.57,0.675,0.33,5,11820.904666999999,3,1
0.495,0.52,0.525,0.655,0.865,1,0.495,0.525,0.865,5,1287.7845850000003,3,1
0.595,0.73,0.64,0.725,0.745,0,0.595,0.64,0.745,5,14250.931331,3,0
0.41,0.895,0.905,0.885,0.965,1,0.41,0.905,0.965,5,2681.0971989999994,3,1
0.505,0.655,0.735,0.645,0.84,0,0.505,0.735,0.84,5,1413.3820049999995,3,1
0.525,0.495,0.585,0.17,0.015,3,0.525,0.585,0.015,5,1063.77651,3,0
0.44,0.755,0.765,0.75,0.115,2,0.44,0.765,0.115,5,0.0,3,0
0.505,0.365,0.36,0.415,0.245,1,0.505,0.36,0.245,5,1427.4651929999993,3,0
0.505,0.185,0.13,0.07,0.015,1,0.505,0.13,0.015,5,974.2732620000002,3,0
0.44,0.705,0.825,0.975,0.985,1,0.44,0.825,0.985,5,0.0,3,1
0.46,0.62,0.885,0.935,0.975,1,0.46,0.885,0.975,5,1487.263685,3,1
0.52,0.275,0.315,0.275,0.14,1,0.52,0.315,0.14,5,1454.178169,3,0
0.42,0.47,0.55,0.82,0.97,1,0.42,0.55,0.97,5,1774.0775510000008,3,1
0.455,0.475,0.225,0.255,0.475,0,0.455,0.225,0.475,5,2769.375486000001,3,0
0.47,0.525,0.75,0.985,0.985,1,0.47,0.75,0.985,5,1068.3136959999997,3,1
0.46,0.265,0.225,0.5,0.895,1,0.46,0.225,0.895,5,1716.1776889999996,3,1
0.47,0.495,0.605,0.685,0.945,1,0.47,0.605,0.945,5,1021.2328559999999,3,1
0.475,0.73,0.855,0.595,0.55,1,0.475,0.855,0.55,5,0.0,3,0
0.455,0.335,0.345,0.62,0.94,1,0.455,0.345,0.94,5,1727.2600599999996,3,1
0.53,0.73,0.935,0.905,0.795,0,0.53,0.935,0.795,5,2102.9697190000006,3,1
0.53,0.675,0.915,0.965,0.985,0,0.53,0.915,0.985,5,1145.2454249999996,3,1
0.46,0.48,0.53,0.605,0.755,1,0.46,0.53,0.755,5,1331.229077,3,1
0.505,0.475,0.4,0.165,0.06,1,0.505,0.4,0.06,5,1372.7129400000006,3,0
0.41,0.245,0.26,0.19,0.175,0,0.41,0.26,0.175,5,2922.309740000003,3,1
0.495,0.395,0.57,0.205,0.4,2,0.495,0.57,0.4,5,0.0,3,1
0.485,0.665,0.85,0.93,0.985,1,0.485,0.85,0.985,5,1326.84396,3,1
0.505,0.505,0.755,0.895,0.985,0,0.505,0.755,0.985,5,0.0,3,1
0.47,0.825,0.855,0.805,0.925,1,0.47,0.855,0.925,5,1169.7818710000001,3,1
0.47,0.315,0.715,0.795,0.895,1,0.47,0.715,0.895,5,0.0,3,1
0.495,0.335,0.265,0.125,0.02,0,0.495,0.265,0.02,5,0.0,3,0
0.335,0.235,0.215,0.255,0.055,0,0.335,0.215,0.055,5,0.0,3,0
0.465,0.055,0.065,0.035,0.015,0,0.465,0.065,0.015,5,1167.7659679999997,3,0
0.43,0.595,0.655,0.935,0.985,1,0.43,0.655,0.985,5,1107.9327580000001,3,1
0.465,0.475,0.505,0.335,0.375,2,0.465,0.505,0.375,5,1554.1692259999998,3,0
0.485,0.405,0.865,0.945,0.985,1,0.485,0.865,0.985,5,0.0,3,1
0.505,0.77,0.905,0.98,0.995,0,0.505,0.905,0.995,5,0.0,3,1
0.5,0.45,0.625,0.89,0.745,2,0.5,0.625,0.745,5,1490.065241,3,1
0.49,0.735,0.71,0.735,0.345,2,0.49,0.71,0.345,5,0.0,3,0
0.495,0.17,0.22,0.335,0.135,0,0.495,0.22,0.135,5,1662.4846920000005,3,0
0.5,0.315,0.405,0.735,0.84,2,0.5,0.405,0.84,5,1351.933205,3,1
0.515,0.715,0.915,0.895,0.965,0,0.515,0.915,0.965,5,1359.433941,3,1
0.495,0.675,0.125,0.025,0.005,2,0.495,0.125,0.005,5,1235.8295709999993,3,0
0.44,0.825,0.91,0.985,0.995,1,0.44,0.91,0.995,5,2086.3391759999995,3,1
0.36,0.605,0.05,0.255,0.765,3,0.36,0.05,0.765,5,4026.2797710000027,3,1
0.445,0.525,0.14,0.035,0.03,2,0.445,0.14,0.03,5,1204.9519299999997,3,0
0.515,0.275,0.175,0.24,0.12,1,0.515,0.175,0.12,5,0.0,3,0
0.465,0.525,0.25,0.295,0.515,3,0.465,0.25,0.515,5,1515.5979770000004,3,1
0.505,0.68,0.265,0.255,0.165,1,0.505,0.265,0.165,5,0.0,3,0
0.495,0.365,0.37,0.365,0.255,0,0.495,0.37,0.255,5,1675.6610270000008,3,0
0.505,0.645,0.125,0.035,0.005,1,0.505,0.125,0.005,5,1087.9151489999997,3,0
0.515,0.335,0.255,0.41,0.49,1,0.515,0.255,0.49,5,2360.386654999999,3,1
0.51,0.395,0.18,0.785,0.84,2,0.51,0.18,0.84,5,2157.6840750000006,3,1
0.46,0.595,0.665,0.995,0.995,1,0.46,0.665,0.995,5,0.0,3,1
0.5,0.565,0.72,0.825,0.955,0,0.5,0.72,0.955,5,1257.0827849999998,3,1
0.495,0.5,0.53,0.705,0.885,1,0.495,0.53,0.885,5,891.9018710000001,3,1
0.495,0.785,0.715,0.21,0.135,2,0.495,0.715,0.135,5,1171.9714530000003,3,0
0.48,0.77,0.88,0.82,0.705,1,0.48,0.88,0.705,5,1840.3368629999998,3,0
0.475,0.605,0.515,0.675,0.525,1,0.475,0.515,0.525,5,1829.7530619999998,3,1
0.495,0.655,0.445,0.795,0.995,3,0.495,0.445,0.995,5,1027.8350669999998,3,1
0.51,0.505,0.33,0.315,0.015,1,0.51,0.33,0.015,5,2005.0958419999997,3,0
0.505,0.415,0.5,0.505,0.275,3,0.505,0.5,0.275,5,0.0,3,0
0.505,0.635,0.695,0.885,0.76,0,0.505,0.695,0.76,5,1820.4356760000003,3,0
0.465,0.615,0.375,0.305,0.745,3,0.465,0.375,0.745,5,1410.630147,3,1
0.475,0.285,0.37,0.025,0.005,0,0.475,0.37,0.005,5,1718.9426880000003,3,0
0.46,0.695,0.675,0.63,0.555,1,0.46,0.675,0.555,5,0.0,3,1
0.495,0.57,0.595,0.655,0.965,1,0.495,0.595,0.965,5,1599.7322449999992,3,1
0.44,0.615,0.855,0.875,0.915,1,0.44,0.855,0.915,5,0.0,3,1
0.495,0.275,0.475,0.36,0.25,0,0.495,0.475,0.25,5,1304.555828,3,0
0.64,0.765,0.945,0.96,0.945,0,0.64,0.945,0.945,5,1922.0387869999997,3,1
0.435,0.945,0.985,0.995,0.995,1,0.435,0.985,0.995,5,1470.915811,3,1
0.475,0.575,0.65,0.515,0.46,2,0.475,0.65,0.46,5,1209.3413870000004,3,1
0.505,0.175,0.195,0.08,0.03,1,0.505,0.195,0.03,5,0.0,3,0
0.485,0.575,0.615,0.705,0.905,1,0.485,0.615,0.905,5,0.0,3,1
0.45,0.43,0.225,0.105,0.015,0,0.45,0.225,0.015,5,0.0,3,0
0.485,0.625,0.755,0.875,0.98,1,0.485,0.755,0.98,5,0.0,3,1
0.445,0.475,0.595,0.855,0.905,1,0.445,0.595,0.905,5,1571.6168630000002,3,1
0.435,0.38,0.315,0.05,0.005,0,0.435,0.315,0.005,5,793.596559,3,0
0.52,0.605,0.495,0.715,0.92,2,0.52,0.495,0.92,5,0.0,3,1
0.755,0.835,0.865,0.685,0.535,0,0.755,0.865,0.535,5,0.0,3,0
0.395,0.625,0.565,0.715,0.705,1,0.395,0.565,0.705,5,0.0,3,1
0.525,0.595,0.765,0.835,0.995,0,0.525,0.765,0.995,5,1085.146105,3,1
0.48,0.335,0.585,0.055,0.05,2,0.48,0.585,0.05,5,1664.5061980000003,3,0
0.44,0.495,0.435,0.775,0.805,1,0.44,0.435,0.805,5,0.0,3,1
0.475,0.59,0.615,0.6,0.265,2,0.475,0.615,0.265,5,0.0,3,0
0.465,0.385,0.525,0.175,0.285,2,0.465,0.525,0.285,5,0.0,3,1
0.48,0.41,0.565,0.925,0.995,1,0.48,0.565,0.995,5,1090.034827,3,1
0.56,0.145,0.21,0.295,0.165,1,0.56,0.21,0.165,5,0.0,3,0
0.485,0.615,0.49,0.315,0.165,2,0.485,0.49,0.165,5,0.0,3,0
0.495,0.685,0.685,0.945,0.985,1,0.495,0.685,0.985,5,1133.6159709999997,3,1
0.52,0.51,0.715,0.46,0.475,1,0.52,0.715,0.475,5,1780.884243,3,1
0.51,0.68,0.75,0.45,0.885,2,0.51,0.75,0.885,5,0.0,3,1
0.49,0.705,0.715,0.79,0.915,1,0.49,0.715,0.915,5,0.0,3,1
0.58,0.46,0.425,0.545,0.77,2,0.58,0.425,0.77,5,2571.4662909999993,3,1
0.565,0.405,0.3,0.065,0.015,1,0.565,0.3,0.015,5,1551.9478409999997,3,0
0.47,0.595,0.635,0.095,0.03,2,0.47,0.635,0.03,5,0.0,3,0
0.535,0.76,0.865,0.925,0.935,0,0.535,0.865,0.935,5,0.0,3,1
0.43,0.34,0.365,0.145,0.065,0,0.43,0.365,0.065,5,0.0,3,0
0.56,0.585,0.87,0.85,0.915,0,0.56,0.87,0.915,5,1665.7510940000006,3,1
0.5,0.095,0.225,0.43,0.505,2,0.5,0.225,0.505,5,0.0,3,1
0.545,0.385,0.625,0.9,0.98,2,0.545,0.625,0.98,5,1282.430958,3,1
0.51,0.71,0.215,0.085,0.06,1,0.51,0.215,0.06,5,1254.6720819999998,3,0
0.43,0.325,0.585,0.855,0.94,1,0.43,0.585,0.94,5,0.0,3,1
0.545,0.69,0.875,0.955,0.98,0,0.545,0.875,0.98,5,0.0,3,1
0.505,0.485,0.84,0.655,0.255,3,0.505,0.84,0.255,5,0.0,3,0
0.5,0.755,0.23,0.115,0.165,1,0.5,0.23,0.165,5,0.0,3,0
0.46,0.495,0.515,0.545,0.47,2,0.46,0.515,0.47,5,1079.6839119999997,3,0
0.48,0.525,0.18,0.055,0.065,2,0.48,0.18,0.065,5,2280.952307999998,3,0
0.545,0.465,0.7,0.625,0.755,2,0.545,0.7,0.755,5,0.0,3,1
0.475,0.375,0.225,0.04,0.03,0,0.475,0.225,0.03,5,0.0,3,0
0.52,0.38,0.795,0.705,0.905,2,0.52,0.795,0.905,5,5.66,4,1
0.495,0.445,0.505,0.62,0.715,1,0.495,0.505,0.715,5,0.0,4,0
0.51,0.585,0.595,0.325,0.41,1,0.51,0.595,0.41,5,0.0,4,1
0.435,0.27,0.16,0.38,0.02,0,0.435,0.16,0.02,5,0.0,4,0
0.655,0.525,0.475,0.965,0.94,2,0.655,0.475,0.94,5,0.0,4,1
0.545,0.78,0.965,0.995,0.995,0,0.545,0.965,0.995,5,0.0,4,1
0.5,0.195,0.09,0.055,0.015,1,0.5,0.09,0.015,5,0.0,4,0
0.5,0.09,0.125,0.045,0.015,1,0.5,0.125,0.015,5,0.0,4,0
0.615,0.765,0.715,0.83,0.07,1,0.615,0.715,0.07,5,3387.727419999997,4,0
0.48,0.6,0.345,0.63,0.915,3,0.48,0.345,0.915,5,177.777566,4,1
0.555,0.775,0.57,0.32,0.145,1,0.555,0.57,0.145,5,295.793173,4,1
0.5,0.33,0.17,0.21,0.045,1,0.5,0.17,0.045,5,0.0,4,0
0.475,0.765,0.59,0.63,0.965,1,0.475,0.59,0.965,5,179.655765,4,1
0.5,0.37,0.5,0.61,0.84,2,0.5,0.5,0.84,5,0.0,4,1
0.615,0.735,0.67,0.755,0.985,0,0.615,0.67,0.985,5,0.0,4,1
0.55,0.57,0.585,0.74,0.97,0,0.55,0.585,0.97,5,0.0,4,1
0.57,0.625,0.72,0.29,0.305,1,0.57,0.72,0.305,5,363.91435700000005,4,0
0.55,0.44,0.705,0.965,0.995,2,0.55,0.705,0.995,5,0.0,4,1
0.55,0.855,0.78,0.92,0.98,0,0.55,0.78,0.98,5,166.944387,4,1
0.535,0.34,0.17,0.095,0.005,1,0.535,0.17,0.005,5,0.0,4,0
0.54,0.385,0.225,0.28,0.055,1,0.54,0.225,0.055,5,0.0,4,1
0.57,0.525,0.235,0.13,0.045,1,0.57,0.235,0.045,5,0.0,4,0
0.57,0.755,0.735,0.605,0.615,0,0.57,0.735,0.615,5,0.0,4,0
0.55,0.28,0.39,0.485,0.52,2,0.55,0.39,0.52,5,0.0,4,0
0.505,0.665,0.83,0.94,0.995,0,0.505,0.83,0.995,5,344.45243899999997,4,1
0.67,0.49,0.38,0.21,0.02,1,0.67,0.38,0.02,5,0.0,4,1
0.67,0.75,0.675,0.9,0.965,0,0.67,0.675,0.965,5,0.0,4,1
0.565,0.605,0.555,0.745,0.905,0,0.565,0.555,0.905,5,0.0,4,1
0.67,0.155,0.075,0.03,0.005,1,0.67,0.075,0.005,5,0.0,4,0
0.545,0.575,0.35,0.32,0.015,1,0.545,0.35,0.015,5,0.0,4,0
0.575,0.625,0.455,0.715,0.92,2,0.575,0.455,0.92,5,0.0,4,1
0.505,0.44,0.515,0.335,0.065,3,0.505,0.515,0.065,5,145.35324500000002,4,0
0.505,0.545,0.86,0.505,0.37,1,0.505,0.86,0.37,5,0.0,4,0
0.525,0.405,0.365,0.965,0.995,2,0.525,0.365,0.995,5,267.507987,4,1
0.5,0.405,0.335,0.28,0.96,2,0.5,0.335,0.96,5,0.0,4,1
0.58,0.94,0.9,0.84,0.995,0,0.58,0.9,0.995,5,701.5528770000001,4,1
0.67,0.28,0.35,0.195,0.17,1,0.67,0.35,0.17,5,0.0,4,1
0.575,0.3,0.21,0.11,0.08,1,0.575,0.21,0.08,5,302.429076,4,1
0.545,0.27,0.595,0.84,0.94,2,0.545,0.595,0.94,5,614.389963,4,1
0.67,0.635,0.81,0.94,0.955,0,0.67,0.81,0.955,5,354.2961689999999,4,1
0.425,0.575,0.63,0.68,0.815,1,0.425,0.63,0.815,5,0.0,4,1
0.57,0.535,0.555,0.525,0.825,0,0.57,0.555,0.825,5,421.2806270000001,4,1
0.575,0.655,0.535,0.855,0.88,0,0.575,0.535,0.88,5,257.556222,4,1
0.67,0.16,0.145,0.55,0.755,2,0.67,0.145,0.755,5,798.4086889999999,4,1
0.645,0.79,0.6,0.27,0.285,1,0.645,0.6,0.285,5,0.0,4,0
0.505,0.675,0.715,0.84,0.895,0,0.505,0.715,0.895,5,0.0,4,1
0.505,0.73,0.565,0.21,0.44,1,0.505,0.565,0.44,5,0.0,4,0
0.67,0.53,0.725,0.95,0.995,0,0.67,0.725,0.995,5,0.0,4,1
0.555,0.345,0.355,0.23,0.13,1,0.555,0.355,0.13,5,0.0,4,0
0.46,0.375,0.605,0.22,0.13,2,0.46,0.605,0.13,5,364.6666380000001,4,0
0.515,0.115,0.41,0.905,0.995,2,0.515,0.41,0.995,5,497.93376,4,1
0.475,0.785,0.77,0.285,0.065,2,0.475,0.77,0.065,5,379.57960099999997,4,0
0.575,0.655,0.68,0.855,0.995,0,0.575,0.68,0.995,5,0.0,4,1
0.575,0.505,0.255,0.385,0.59,2,0.575,0.255,0.59,5,601.9132529999998,4,1
0.505,0.965,0.96,0.98,0.995,0,0.505,0.96,0.995,5,0.0,4,1
0.5,0.31,0.415,0.16,0.035,1,0.5,0.415,0.035,5,0.0,4,0
0.645,0.305,0.085,0.035,0.005,1,0.645,0.085,0.005,5,0.0,4,0
0.58,0.39,0.425,0.39,0.285,1,0.58,0.425,0.285,5,0.0,4,0
0.685,0.175,0.245,0.22,0.25,1,0.685,0.245,0.25,5,452.13046399999996,4,0
0.525,0.27,0.165,0.25,0.055,1,0.525,0.165,0.055,5,0.0,4,0
0.565,0.59,0.565,0.205,0.035,1,0.565,0.565,0.035,5,0.0,4,0
0.55,0.205,0.055,0.005,0.005,1,0.55,0.055,0.005,5,877.0359880000001,4,0
0.645,0.56,0.845,0.79,0.96,0,0.645,0.845,0.96,5,0.0,4,1
0.7,0.76,0.66,0.73,0.795,0,0.7,0.66,0.795,5,0.0,4,1
0.555,0.505,0.415,0.515,0.76,2,0.555,0.415,0.76,5,522.052138,4,1
0.585,0.695,0.555,0.375,0.285,1,0.585,0.555,0.285,5,0.0,4,0
0.61,0.57,0.565,0.76,0.86,0,0.61,0.565,0.86,5,0.0,4,1
0.555,0.4,0.435,0.505,0.135,3,0.555,0.435,0.135,5,584.3717149999999,4,0
0.7,0.125,0.045,0.035,0.005,1,0.7,0.045,0.005,5,0.0,4,0
0.505,0.65,0.815,0.9,0.975,0,0.505,0.815,0.975,5,0.0,4,0
0.55,0.605,0.505,0.515,0.8,0,0.55,0.505,0.8,5,0.0,4,1
0.54,0.36,0.255,0.185,0.14,1,0.54,0.255,0.14,5,0.0,4,0
0.555,0.35,0.555,0.415,0.235,3,0.555,0.555,0.235,5,0.0,4,0
0.505,0.36,0.365,0.67,0.825,2,0.505,0.365,0.825,5,0.0,4,1
0.7,0.685,0.47,0.76,0.855,2,0.7,0.47,0.855,5,0.0,4,1
0.545,0.255,0.365,0.31,0.285,1,0.545,0.365,0.285,5,0.0,4,0
0.57,0.705,0.75,0.96,0.96,0,0.57,0.75,0.96,5,0.0,4,1
0.51,0.625,0.67,0.37,0.175,1,0.51,0.67,0.175,5,84.886914,4,0
0.685,0.965,0.995,0.995,0.995,0,0.685,0.995,0.995,5,0.0,4,1
0.525,0.26,0.165,0.22,0.255,1,0.525,0.165,0.255,5,166.167698,4,0
0.54,0.46,0.165,0.07,0.005,1,0.54,0.165,0.005,5,0.0,4,0
0.565,0.455,0.225,0.045,0.005,1,0.565,0.225,0.005,5,0.0,4,0
0.555,0.51,0.325,0.195,0.42,1,0.555,0.325,0.42,5,175.299283,4,0
0.685,0.325,0.74,0.65,0.92,2,0.685,0.74,0.92,5,0.0,4,1
0.59,0.66,0.345,0.28,0.01,1,0.59,0.345,0.01,5,1186.3118769999999,4,0
0.365,0.36,0.4,0.355,0.275,0,0.365,0.4,0.275,5,211.13764599999996,4,0
0.525,0.055,0.055,0.01,0.005,1,0.525,0.055,0.005,5,0.0,4,0
0.55,0.58,0.495,0.1,0.115,1,0.55,0.495,0.115,5,0.0,4,0
0.7,0.445,0.1,0.005,0.005,1,0.7,0.1,0.005,5,1333.657213,4,0
0.585,0.595,0.68,0.77,0.98,0,0.585,0.68,0.98,5,0.0,4,1
0.505,0.675,0.755,0.54,0.86,0,0.505,0.755,0.86,5,181.62953200000004,4,1
0.555,0.32,0.13,0.005,0.0055,1,0.555,0.13,0.0055,5,577.9370180000001,4,0
0.55,0.515,0.29,0.025,0.005,1,0.55,0.29,0.005,5,0.0,4,0
0.695,0.645,0.5,0.66,0.705,0,0.695,0.5,0.705,5,449.50271399999974,4,0
0.7,0.615,0.41,0.55,0.31,3,0.7,0.41,0.31,5,0.0,4,1
0.55,0.55,0.855,0.885,0.88,0,0.55,0.855,0.88,5,576.555711,4,1
0.52,0.185,0.62,0.665,0.975,2,0.52,0.62,0.975,5,639.6675499999999,4,1
0.7,0.635,0.76,0.49,0.065,1,0.7,0.76,0.065,5,0.0,4,0
0.44,0.08,0.115,0.095,0.005,0,0.44,0.115,0.005,5,538.4096029999998,4,0
0.075,0.07,0.12,0.01,0.005,0,0.075,0.12,0.005,5,126.269806,4,0
0.5,0.19,0.05,0.025,0.02,1,0.5,0.05,0.02,5,0.0,4,0
0.39,0.665,0.415,0.315,0.22,2,0.39,0.415,0.22,5,0.0,4,1
0.49,0.495,0.425,0.42,0.525,1,0.49,0.425,0.525,5,273.2027279999999,4,1
0.58,0.615,0.865,0.875,0.995,0,0.58,0.865,0.995,5,225.91160200000002,4,1
0.5,0.44,0.445,0.535,0.835,2,0.5,0.445,0.835,5,0.0,4,1
0.32,0.525,0.29,0.125,0.03,2,0.32,0.29,0.03,5,155.482484,4,0
0.445,0.205,0.085,0.46,0.89,1,0.445,0.085,0.89,5,379.144634,4,1
0.655,0.335,0.465,0.565,0.67,2,0.655,0.465,0.67,5,191.416751,4,1
0.515,0.6,0.835,0.965,0.995,0,0.515,0.835,0.995,5,170.73910700000005,4,1
0.435,0.445,0.32,0.28,0.295,0,0.435,0.32,0.295,5,210.86886600000005,4,1
0.52,0.29,0.34,0.67,0.675,2,0.52,0.34,0.675,5,211.31207799999999,4,1
0.475,0.745,0.78,0.73,0.22,2,0.475,0.78,0.22,5,227.60917400000002,4,1
0.565,0.53,0.59,0.28,0.11,1,0.565,0.59,0.11,5,194.60494200000002,4,1
0.475,0.59,0.71,0.855,0.995,1,0.475,0.71,0.995,5,0.0,4,1
0.415,0.51,0.605,0.925,0.915,1,0.415,0.605,0.915,5,0.0,4,0
0.605,0.9,0.975,0.995,0.99,0,0.605,0.975,0.99,5,0.0,4,1
0.455,0.82,0.865,0.945,0.995,1,0.455,0.865,0.995,5,0.0,4,1
0.5,0.54,0.785,0.92,0.945,0,0.5,0.785,0.945,5,419.7830290000002,4,1
0.5,0.87,0.93,0.825,0.94,0,0.5,0.93,0.94,5,430.825534,4,1
0.5,0.795,0.86,0.75,0.855,0,0.5,0.86,0.855,5,217.30729699999995,4,1
0.465,0.685,0.75,0.9,0.395,2,0.465,0.75,0.395,5,0.0,4,1
0.575,0.07,0.03,0.005,0.005,1,0.575,0.03,0.005,5,264.496587,4,0
0.56,0.45,0.525,0.91,0.735,2,0.56,0.525,0.735,5,397.93030000000005,4,1
0.71,0.82,0.625,0.9,0.995,0,0.71,0.625,0.995,5,0.0,4,1
0.5,0.505,0.26,0.115,0.16,1,0.5,0.26,0.16,5,173.63847499999997,4,0
0.5,0.35,0.465,0.3,0.56,2,0.5,0.465,0.56,5,413.0727939999999,4,1
0.545,0.49,0.365,0.14,0.115,1,0.545,0.365,0.115,5,206.067627,4,0
0.5,0.55,0.83,0.065,0.09,1,0.5,0.83,0.09,5,320.24401199999994,4,1
0.415,0.26,0.14,0.025,0.02,0,0.415,0.14,0.02,5,0.0,4,0
0.5,0.41,0.245,0.17,0.07,1,0.5,0.245,0.07,5,0.0,4,0
0.08,0.105,0.12,0.065,0.005,0,0.08,0.12,0.005,5,0.0,4,0
0.42,0.13,0.105,0.025,0.005,0,0.42,0.105,0.005,5,476.2744380000001,4,0
0.5,0.825,0.335,0.56,0.595,2,0.5,0.335,0.595,5,0.0,4,0
0.5,0.67,0.95,0.995,0.995,0,0.5,0.95,0.995,5,154.51526199999998,4,1
0.5,0.615,0.395,0.71,0.965,2,0.5,0.395,0.965,5,0.0,4,1
0.5,0.65,0.79,0.88,0.5,0,0.5,0.79,0.5,5,0.0,4,0
0.5,0.655,0.79,0.67,0.17,1,0.5,0.79,0.17,5,0.0,4,0
0.5,0.66,0.76,0.795,0.84,0,0.5,0.76,0.84,5,0.0,4,1
0.5,0.525,0.36,0.765,0.875,2,0.5,0.36,0.875,5,0.0,4,1
0.3,0.53,0.59,0.63,0.935,1,0.3,0.59,0.935,5,0.0,4,1
0.5,0.31,0.425,0.505,0.505,2,0.5,0.425,0.505,5,0.0,4,1
0.5,0.55,0.12,0.065,0.085,1,0.5,0.12,0.085,5,0.0,4,0
0.5,0.45,0.495,0.84,0.985,2,0.5,0.495,0.985,5,0.0,4,1
0.31,0.47,0.285,0.225,0.12,0,0.31,0.285,0.12,5,0.0,4,0
0.5,0.625,0.25,0.06,0.005,1,0.5,0.25,0.005,5,0.0,4,0
0.5,0.43,0.64,0.74,0.33,3,0.5,0.64,0.33,5,0.0,4,0
0.5,0.675,0.455,0.28,0.26,1,0.5,0.455,0.26,5,0.0,4,0
0.5,0.555,0.535,0.295,0.12,1,0.5,0.535,0.12,5,0.0,4,0
0.5,0.445,0.7,0.71,0.985,2,0.5,0.7,0.985,5,0.0,4,1
0.5,0.57,0.645,0.68,0.69,0,0.5,0.645,0.69,5,0.0,4,1
0.5,0.73,0.925,0.87,0.77,0,0.5,0.925,0.77,5,0.0,4,1
0.5,0.55,0.26,0.68,0.755,2,0.5,0.26,0.755,5,0.0,4,1
0.705,0.24,0.4,0.175,0.025,1,0.705,0.4,0.025,5,295.35175000000004,4,0
0.5,0.185,0.24,0.095,0.19,1,0.5,0.24,0.19,5,0.0,4,0
0.5,0.94,0.755,0.375,0.795,2,0.5,0.755,0.795,5,365.07493500000004,4,0
0.5,0.795,0.595,0.87,0.955,0,0.5,0.595,0.955,5,0.0,4,1
0.5,0.615,0.74,0.425,0.865,2,0.5,0.74,0.865,5,0.0,4,1
0.29,0.365,0.07,0.025,0.015,0,0.29,0.07,0.015,5,0.0,4,0
0.3,0.635,0.895,0.975,0.995,1,0.3,0.895,0.995,5,0.0,4,1
0.49,0.505,0.525,0.11,0.005,2,0.49,0.525,0.005,5,0.0,4,0
0.5,0.35,0.5,0.13,0.2,3,0.5,0.5,0.2,5,0.0,4,0
0.545,0.535,0.515,0.575,0.105,1,0.545,0.515,0.105,5,0.0,4,1
0.505,0.72,0.905,0.935,0.995,0,0.505,0.905,0.995,5,283.531473,4,1
0.665,0.92,0.82,0.945,0.99,0,0.665,0.82,0.99,5,0.0,4,1
0.505,0.56,0.765,0.83,0.74,0,0.505,0.765,0.74,5,380.699625,4,1
0.495,0.32,0.24,0.195,0.005,0,0.495,0.24,0.005,5,370.680283,4,0
0.345,0.365,0.435,0.505,0.75,1,0.345,0.435,0.75,5,0.0,4,0
0.5,0.175,0.1,0.105,0.045,1,0.5,0.1,0.045,5,0.0,4,0
0.51,0.4,0.715,0.715,0.995,2,0.51,0.715,0.995,5,0.0,4,1
0.55,0.955,0.955,0.98,0.995,0,0.55,0.955,0.995,5,0.0,4,1
0.62,0.285,0.125,0.09,0.245,1,0.62,0.125,0.245,5,0.0,4,0
0.485,0.66,0.67,0.915,0.995,1,0.485,0.67,0.995,5,0.0,4,1
0.505,0.66,0.49,0.375,0.05,1,0.505,0.49,0.05,5,0.0,4,0
0.5,0.38,0.495,0.82,0.97,2,0.5,0.495,0.97,5,725.4038910000002,4,1
0.495,0.39,0.15,0.045,0.05,0,0.495,0.15,0.05,5,0.0,4,0
0.505,0.295,0.365,0.365,0.135,1,0.505,0.365,0.135,5,413.32291399999997,4,1
0.53,0.42,0.15,0.065,0.18,1,0.53,0.15,0.18,5,0.0,4,0
0.5,0.65,0.8,0.365,0.125,1,0.5,0.8,0.125,5,0.0,4,0
0.52,0.395,0.28,0.225,0.49,1,0.52,0.28,0.49,5,0.0,4,1
0.5,0.43,0.265,0.07,0.14,1,0.5,0.265,0.14,5,186.51830599999997,4,0
0.465,0.5,0.595,0.59,0.95,1,0.465,0.595,0.95,5,0.0,4,1
0.545,0.72,0.71,0.91,0.985,0,0.545,0.71,0.985,5,0.0,4,1
0.5,0.68,0.91,0.98,0.94,0,0.5,0.91,0.94,5,398.504899,4,1
0.49,0.325,0.22,0.14,0.035,0,0.49,0.22,0.035,5,0.0,4,0
0.545,0.675,0.76,0.745,0.995,0,0.545,0.76,0.995,5,0.0,4,1
0.5,0.55,0.64,0.89,0.85,0,0.5,0.64,0.85,5,0.0,4,1
0.5,0.13,0.235,0.005,0.005,1,0.5,0.235,0.005,5,0.0,4,0
0.455,0.335,0.08,0.045,0.005,0,0.455,0.08,0.005,5,0.0,4,0
0.675,0.645,0.315,0.035,0.005,1,0.675,0.315,0.005,5,0.0,4,0
0.48,0.48,0.52,0.805,0.955,1,0.48,0.52,0.955,5,0.0,4,1
0.495,0.435,0.25,0.225,0.265,0,0.495,0.25,0.265,5,0.0,4,0
0.555,0.38,0.46,0.4,0.625,2,0.555,0.46,0.625,5,0.0,4,0
0.5,0.205,0.16,0.13,0.005,1,0.5,0.16,0.005,5,0.0,4,0
0.5,0.585,0.63,0.355,0.49,1,0.5,0.63,0.49,5,0.0,4,1
0.51,0.53,0.12,0.1,0.51,2,0.51,0.12,0.51,5,473.15712300000007,4,1
0.5,0.665,0.89,0.955,0.995,0,0.5,0.89,0.995,5,0.0,4,1
0.48,0.475,0.53,0.62,0.41,2,0.48,0.53,0.41,5,538.208107,4,1
0.375,0.41,0.34,0.215,0.035,0,0.375,0.34,0.035,5,0.0,4,0
0.5,0.16,0.025,0.005,0.0055,1,0.5,0.025,0.0055,5,407.4137709999999,4,0
0.575,0.66,0.87,0.87,0.855,0,0.575,0.87,0.855,5,0.0,4,0
0.61,0.51,0.61,0.455,0.91,2,0.61,0.61,0.91,5,0.0,4,1
0.63,0.665,0.385,0.055,0.005,1,0.63,0.385,0.005,5,375.421628,4,0
0.49,0.505,0.7,0.41,0.435,2,0.49,0.7,0.435,5,0.0,4,0
0.63,0.615,0.4,0.77,0.92,2,0.63,0.4,0.92,5,0.0,4,1
0.5,0.68,0.22,0.035,0.015,1,0.5,0.22,0.015,5,547.9566769999999,4,0
0.695,0.29,0.115,0.02,0.0055,1,0.695,0.115,0.0055,5,395.96369899999996,4,0
0.49,0.745,0.9,0.98,0.995,1,0.49,0.9,0.995,5,372.83443300000005,4,1
0.665,0.695,0.815,0.905,0.975,0,0.665,0.815,0.975,5,366.41565499999996,4,1
0.655,0.135,0.065,0.065,0.005,1,0.655,0.065,0.005,5,237.045316,4,0
0.61,0.63,0.18,0.22,0.095,1,0.61,0.18,0.095,5,357.01121,4,0
0.545,0.505,0.35,0.66,0.32,3,0.545,0.35,0.32,5,0.0,4,0
0.5,0.47,0.4,0.325,0.105,1,0.5,0.4,0.105,5,504.823333,4,0
0.48,0.615,0.58,0.52,0.49,2,0.48,0.58,0.49,5,606.2533830000001,4,0
0.67,0.645,0.795,0.905,0.935,0,0.67,0.795,0.935,5,0.0,4,1
0.575,0.335,0.365,0.53,0.765,2,0.575,0.365,0.765,5,316.06997499999994,4,1
0.455,0.68,0.595,0.555,0.05,2,0.455,0.595,0.05,5,0.0,4,0
0.335,0.46,0.535,0.715,0.925,1,0.335,0.535,0.925,5,0.0,4,1
0.565,0.62,0.77,0.96,0.995,0,0.565,0.77,0.995,5,766.890028,4,1
0.56,0.155,0.175,0.115,0.02,1,0.56,0.175,0.02,5,0.0,4,0
0.535,0.685,0.6,0.74,0.78,0,0.535,0.6,0.78,5,0.0,4,1
0.485,0.51,0.15,0.235,0.005,2,0.485,0.15,0.005,5,0.0,4,0
0.5,0.335,0.13,0.385,0.66,2,0.5,0.13,0.66,5,0.0,4,1
0.525,0.435,0.955,0.88,0.995,2,0.525,0.955,0.995,5,0.0,4,1
0.5,0.475,0.695,0.23,0.31,3,0.5,0.695,0.31,5,0.0,4,1
0.425,0.66,0.96,0.995,0.995,1,0.425,0.96,0.995,5,0.0,4,1
0.5,0.61,0.78,0.705,0.79,0,0.5,0.78,0.79,5,0.0,4,1
0.62,0.44,0.465,0.625,0.85,2,0.62,0.465,0.85,5,0.0,4,1
0.49,0.655,0.775,0.73,0.93,1,0.49,0.775,0.93,5,244.447722,4,1
0.515,0.245,0.455,0.61,0.56,2,0.515,0.455,0.56,5,0.0,4,0
0.745,0.425,0.55,0.33,0.16,3,0.745,0.55,0.16,5,0.0,4,0
0.495,0.765,0.525,0.6,0.545,1,0.495,0.525,0.545,5,0.0,4,0
0.655,0.36,0.15,0.04,0.005,1,0.655,0.15,0.005,5,0.0,4,0
0.475,0.34,0.735,0.8,0.985,1,0.475,0.735,0.985,5,0.0,4,1
0.335,0.36,0.165,0.15,0.015,0,0.335,0.165,0.015,5,222.373986,4,0
0.465,0.465,0.195,0.045,0.015,0,0.465,0.195,0.015,5,279.290314,4,0
0.5,0.16,0.075,0.07,0.065,1,0.5,0.075,0.065,5,319.217167,4,0
0.55,0.29,0.38,0.305,0.165,1,0.55,0.38,0.165,5,310.764167,4,1
0.535,0.705,0.715,0.375,0.96,2,0.535,0.715,0.96,5,0.0,4,1
0.455,0.305,0.54,0.535,0.72,1,0.455,0.54,0.72,5,369.60938699999997,4,1
0.5,0.38,0.38,0.315,0.015,1,0.5,0.38,0.015,5,375.03932900000007,4,0
0.48,0.48,0.35,0.33,0.645,1,0.48,0.35,0.645,5,300.212332,4,1
0.5,0.35,0.395,0.26,0.01,1,0.5,0.395,0.01,5,342.7366380000001,4,0
0.5,0.23,0.165,0.085,0.03,1,0.5,0.165,0.03,5,202.29846500000002,4,0
0.5,0.815,0.95,0.995,0.995,0,0.5,0.95,0.995,5,212.920676,4,1
0.695,0.725,0.725,0.75,0.93,0,0.695,0.725,0.93,5,321.44204,4,1
0.44,0.175,0.19,0.03,0.015,0,0.44,0.19,0.015,5,0.0,4,0
0.555,0.86,0.925,0.895,0.985,0,0.555,0.925,0.985,5,295.388346,4,1
0.21,0.615,0.58,0.315,0.2,2,0.21,0.58,0.2,5,0.0,4,0
0.45,0.17,0.145,0.41,0.85,1,0.45,0.145,0.85,5,249.31246599999997,4,1
0.515,0.74,0.875,0.805,0.55,0,0.515,0.875,0.55,5,361.19270600000004,4,1
0.5,0.13,0.085,0.125,0.19,1,0.5,0.085,0.19,5,0.0,4,0
0.515,0.775,0.8,0.915,0.915,0,0.515,0.8,0.915,5,280.83860200000004,4,1
0.53,0.775,0.6,0.715,0.895,0,0.53,0.6,0.895,5,889.4842470000001,4,1
0.5,0.435,0.47,0.33,0.725,2,0.5,0.47,0.725,5,0.0,4,1
0.46,0.195,0.13,0.2,0.045,0,0.46,0.13,0.045,5,258.981228,4,0
0.485,0.82,0.745,0.88,0.88,1,0.485,0.745,0.88,5,251.939956,4,1
0.515,0.725,0.895,0.98,0.97,0,0.515,0.895,0.97,5,187.65162699999996,4,1
0.5,0.715,0.585,0.855,0.955,0,0.5,0.585,0.955,5,0.0,4,1
0.45,0.23,0.235,0.045,0.015,0,0.45,0.235,0.015,5,285.1823080000001,4,0
0.505,0.495,0.75,0.66,0.235,3,0.505,0.75,0.235,5,404.003185,4,0
0.5,0.875,0.575,0.11,0.32,1,0.5,0.575,0.32,5,317.783362,4,0
0.5,0.235,0.38,0.165,0.07,1,0.5,0.38,0.07,5,365.2857830000001,4,0
0.5,0.685,0.845,0.885,0.945,0,0.5,0.845,0.945,5,0.0,4,1
0.5,0.715,0.765,0.885,0.995,0,0.5,0.765,0.995,5,275.516769,4,1
0.4,0.51,0.495,0.385,0.015,2,0.4,0.495,0.015,5,462.779469,4,0
0.53,0.315,0.33,0.19,0.14,1,0.53,0.33,0.14,5,298.621913,4,0
0.72,0.845,0.91,0.93,0.975,0,0.72,0.91,0.975,5,1311.224903,4,1
0.5,0.59,0.565,0.535,0.585,0,0.5,0.565,0.585,5,241.742923,4,1
0.505,0.305,0.265,0.285,0.15,1,0.505,0.265,0.15,5,0.0,4,0
0.57,0.36,0.36,0.16,0.04,1,0.57,0.36,0.04,5,389.269282,4,0
0.5,0.185,0.095,0.045,0.005,1,0.5,0.095,0.005,5,0.0,4,0
0.385,0.43,0.48,0.545,0.365,2,0.385,0.48,0.365,5,0.0,4,0
0.5,0.47,0.465,0.845,0.885,2,0.5,0.465,0.885,5,351.7313290000001,4,1
0.515,0.475,0.395,0.56,0.42,3,0.515,0.395,0.42,5,433.7799859999998,4,1
0.5,0.51,0.59,0.865,0.965,0,0.5,0.59,0.965,5,248.99015,4,1
0.5,0.655,0.545,0.51,0.59,0,0.5,0.545,0.59,5,296.591426,4,1
0.5,0.485,0.465,0.11,0.06,1,0.5,0.465,0.06,5,224.596946,4,0
0.465,0.305,0.21,0.525,0.66,1,0.465,0.21,0.66,5,326.76490699999994,4,0
0.5,0.49,0.565,0.315,0.04,3,0.5,0.565,0.04,5,260.13177999999994,4,0
0.06,0.065,0.03,0.006,0.0035,0,0.06,0.03,0.0035,5,1238.5654200000001,4,0
0.6,0.385,0.895,0.985,0.995,2,0.6,0.895,0.995,5,317.04865599999994,4,1
0.5,0.405,0.44,0.585,0.415,3,0.5,0.44,0.415,5,446.6288570000001,4,1
0.53,0.45,0.84,0.53,0.63,2,0.53,0.84,0.63,5,467.87533099999996,4,1
0.455,0.62,0.475,0.285,0.22,2,0.455,0.475,0.22,5,0.0,4,0
0.5,0.26,0.27,0.28,0.91,2,0.5,0.27,0.91,5,343.9838450000001,4,0
0.505,0.095,0.165,0.2,0.025,1,0.505,0.165,0.025,5,437.353279,4,0
0.5,0.55,0.185,0.045,0.005,1,0.5,0.185,0.005,5,0.0,4,0
0.38,0.305,0.175,0.025,0.005,0,0.38,0.175,0.005,5,323.46777899999995,4,0
0.515,0.655,0.69,0.82,0.4,1,0.515,0.69,0.4,5,0.0,4,0
0.51,0.58,0.82,0.81,0.97,0,0.51,0.82,0.97,5,565.8320809999999,4,1
0.48,0.56,0.535,0.53,0.88,1,0.48,0.535,0.88,5,0.0,4,1
0.56,0.62,0.845,0.955,0.995,0,0.56,0.845,0.995,5,0.0,4,1
0.53,0.35,0.245,0.165,0.025,1,0.53,0.245,0.025,5,604.4310429999998,4,1
0.5,0.445,0.365,0.26,0.49,1,0.5,0.365,0.49,5,0.0,4,1
0.5,0.38,0.425,0.165,0.52,2,0.5,0.425,0.52,5,0.0,4,1
0.585,0.29,0.3,0.475,0.155,1,0.585,0.3,0.155,5,0.0,4,0
0.39,0.565,0.295,0.25,0.27,2,0.39,0.295,0.27,5,0.0,4,1
0.475,0.575,0.385,0.675,0.985,3,0.475,0.385,0.985,5,319.266853,4,1
0.475,0.46,0.14,0.015,0.005,0,0.475,0.14,0.005,5,0.0,4,0
0.5,0.69,0.72,0.63,0.63,0,0.5,0.72,0.63,5,293.472459,4,1
0.49,0.66,0.47,0.895,0.98,3,0.49,0.47,0.98,5,546.541377,4,1
0.5,0.38,0.41,0.42,0.57,2,0.5,0.41,0.57,5,0.0,4,0
0.51,0.385,0.415,0.635,0.89,2,0.51,0.415,0.89,5,0.0,4,1
0.49,0.57,0.95,0.985,0.995,1,0.49,0.95,0.995,5,0.0,4,1
0.5,0.565,0.835,0.95,0.98,0,0.5,0.835,0.98,5,0.0,4,1
0.51,0.58,0.455,0.52,0.59,2,0.51,0.455,0.59,5,921.2195909999998,4,0
0.535,0.76,0.47,0.245,0.035,1,0.535,0.47,0.035,5,137.422549,4,0
0.485,0.465,0.265,0.41,0.41,0,0.485,0.265,0.41,5,0.0,4,0
0.505,0.625,0.565,0.455,0.765,2,0.505,0.565,0.765,5,0.0,4,1
0.5,0.375,0.51,0.285,0.36,3,0.5,0.51,0.36,5,284.594821,4,0
0.46,0.525,0.375,0.805,0.985,3,0.46,0.375,0.985,5,192.98985599999997,4,1
0.585,0.515,0.055,0.025,0.005,1,0.585,0.055,0.005,5,809.903667,4,0
0.445,0.505,0.47,0.335,0.36,2,0.445,0.47,0.36,5,701.294603,4,0
0.425,0.32,0.495,0.455,0.515,1,0.425,0.495,0.515,5,406.52269199999984,4,1
0.67,0.29,0.42,0.39,0.52,2,0.67,0.42,0.52,5,715.4242210000003,4,1
0.5,0.38,0.585,0.56,0.845,2,0.5,0.585,0.845,5,1228.9811540000005,4,0
0.435,0.495,0.86,0.795,0.97,1,0.435,0.86,0.97,5,274.12979,4,1
0.505,0.675,0.81,0.96,0.995,0,0.505,0.81,0.995,5,0.0,4,1
0.645,0.495,0.675,0.8,0.965,2,0.645,0.675,0.965,5,0.0,4,1
0.525,0.305,0.2,0.155,0.005,1,0.525,0.2,0.005,5,0.0,4,0
0.545,0.305,0.295,0.53,0.685,2,0.545,0.295,0.685,5,0.0,4,0
0.48,0.77,0.63,0.515,0.305,2,0.48,0.63,0.305,5,719.8277719999999,4,1
0.5,0.165,0.08,0.07,0.015,1,0.5,0.08,0.015,5,0.0,4,0
0.355,0.28,0.12,0.23,0.735,1,0.355,0.12,0.735,5,0.0,4,1
0.4,0.315,0.5,0.44,0.47,2,0.4,0.5,0.47,5,0.0,4,1
0.425,0.465,0.26,0.535,0.17,2,0.425,0.26,0.17,5,0.0,4,1
0.455,0.575,0.66,0.98,0.995,1,0.455,0.66,0.995,5,0.0,4,1
0.42,0.4,0.17,0.16,0.08,0,0.42,0.17,0.08,5,0.0,4,0
0.45,0.215,0.095,0.035,0.05,0,0.45,0.095,0.05,5,0.0,4,0
0.48,0.565,0.32,0.25,0.385,2,0.48,0.32,0.385,5,199.15500799999995,4,0
0.52,0.93,0.895,0.955,0.97,0,0.52,0.895,0.97,5,292.99775800000003,4,1
0.49,0.69,0.675,0.68,0.765,1,0.49,0.675,0.765,5,0.0,4,1
0.365,0.085,0.065,0.035,0.055,0,0.365,0.065,0.055,5,0.0,4,0
0.615,0.465,0.56,0.82,0.975,2,0.615,0.56,0.975,5,0.0,4,1
0.355,0.39,0.6,0.29,0.905,3,0.355,0.6,0.905,5,189.673624,4,1
0.645,0.18,0.18,0.105,0.03,1,0.645,0.18,0.03,5,0.0,4,0
0.575,0.42,0.305,0.265,0.145,1,0.575,0.305,0.145,5,0.0,4,0
0.355,0.505,0.725,0.855,0.89,1,0.355,0.725,0.89,5,0.0,4,1
0.5,0.295,0.5,0.83,0.985,2,0.5,0.5,0.985,5,193.56970900000002,4,1
0.485,0.925,0.935,0.94,0.985,1,0.485,0.935,0.985,5,0.0,4,1
0.505,0.745,0.725,0.455,0.17,1,0.505,0.725,0.17,5,624.289531,4,0
0.505,0.435,0.54,0.935,0.98,2,0.505,0.54,0.98,5,0.0,4,1
0.505,0.655,0.37,0.6,0.935,2,0.505,0.37,0.935,5,0.0,4,1
0.355,0.475,0.22,0.035,0.005,0,0.355,0.22,0.005,5,174.28320099999996,4,0
0.5,0.62,0.905,0.905,0.985,0,0.5,0.905,0.985,5,139.44329999999997,4,1
0.515,0.36,0.285,0.355,0.525,2,0.515,0.285,0.525,5,198.59522499999997,4,0
0.49,0.525,0.48,0.49,0.555,3,0.49,0.48,0.555,5,0.0,4,0
0.57,0.46,0.57,0.725,0.325,3,0.57,0.57,0.325,5,0.0,4,0
0.545,0.51,0.445,0.595,0.705,2,0.545,0.445,0.705,5,0.0,4,1
0.545,0.575,0.865,0.93,0.8,0,0.545,0.865,0.8,5,0.0,4,1
0.555,0.585,0.495,0.585,0.845,2,0.555,0.495,0.845,5,0.0,4,1
0.45,0.73,0.795,0.605,0.49,2,0.45,0.795,0.49,5,0.0,4,1
0.435,0.29,0.485,0.855,0.985,1,0.435,0.485,0.985,5,134.47981,4,1
0.44,0.22,0.27,0.285,0.53,1,0.44,0.27,0.53,5,0.0,4,1
0.645,0.695,0.55,0.425,0.33,1,0.645,0.55,0.33,5,0.0,4,0
0.5,0.315,0.105,0.06,0.03,1,0.5,0.105,0.03,5,0.0,4,0
0.525,0.685,0.735,0.835,0.565,0,0.525,0.735,0.565,5,320.506262,4,1
0.5,0.76,0.4,0.275,0.22,1,0.5,0.4,0.22,5,0.0,4,1
0.53,0.44,0.35,0.455,0.91,2,0.53,0.35,0.91,5,0.0,4,1
0.5,0.315,0.4,0.28,0.43,1,0.5,0.4,0.43,5,0.0,4,0
0.645,0.45,0.33,0.385,0.305,1,0.645,0.33,0.305,5,150.530899,4,0
0.53,0.815,0.64,0.87,0.69,0,0.53,0.64,0.69,5,0.0,4,0
0.495,0.56,0.71,0.835,0.55,1,0.495,0.71,0.55,5,0.0,4,1
0.5,0.455,0.315,0.18,0.05,1,0.5,0.315,0.05,5,339.78508000000005,4,0
0.645,0.76,0.555,0.57,0.79,0,0.645,0.555,0.79,5,0.0,4,1
0.54,0.345,0.42,0.62,0.37,3,0.54,0.42,0.37,5,0.0,4,1
0.47,0.685,0.895,0.88,0.935,1,0.47,0.895,0.935,5,0.0,4,1
0.48,0.385,0.26,0.335,0.695,1,0.48,0.26,0.695,5,0.0,4,0
0.57,0.725,0.925,0.995,0.995,0,0.57,0.925,0.995,5,0.0,4,1
0.565,0.535,0.795,0.28,0.225,1,0.565,0.795,0.225,5,0.0,4,0
0.53,0.325,0.06,0.04,0.03,1,0.53,0.06,0.03,5,714.0055890000001,4,0
0.46,0.42,0.36,0.185,0.025,0,0.46,0.36,0.025,5,0.0,4,0
0.55,0.625,0.145,0.09,0.015,1,0.55,0.145,0.015,5,332.436367,4,0
0.62,0.77,0.61,0.415,0.2,1,0.62,0.61,0.2,5,0.0,4,0
0.455,0.54,0.69,0.28,0.015,2,0.455,0.69,0.015,5,0.0,4,0
0.335,0.45,0.465,0.695,0.96,1,0.335,0.465,0.96,5,0.0,4,1
0.5,0.53,0.545,0.66,0.865,0,0.5,0.545,0.865,5,497.914987,4,1
0.585,0.265,0.095,0.035,0.005,1,0.585,0.095,0.005,5,329.72477899999996,4,0
0.52,0.42,0.205,0.14,0.14,1,0.52,0.205,0.14,5,421.1105000000001,4,0
0.49,0.29,0.165,0.035,0.005,0,0.49,0.165,0.005,5,0.0,4,0
0.5,0.675,0.845,0.98,0.985,0,0.5,0.845,0.985,5,236.92237500000005,4,1
0.5,0.68,0.63,0.24,0.015,1,0.5,0.63,0.015,5,230.55822099999997,4,0
0.45,0.655,0.745,0.75,0.405,2,0.45,0.745,0.405,5,410.590506,4,1
0.455,0.765,0.875,0.955,0.985,1,0.455,0.875,0.985,5,440.1464610000001,4,1
0.385,0.59,0.65,0.84,0.745,1,0.385,0.65,0.745,5,0.0,4,1
0.48,0.44,0.635,0.78,0.845,1,0.48,0.635,0.845,5,0.0,4,1
0.44,0.235,0.37,0.2,0.155,0,0.44,0.37,0.155,5,0.0,4,0
0.445,0.28,0.14,0.135,0.705,1,0.445,0.14,0.705,5,0.0,4,1
0.515,0.52,0.79,0.885,0.985,0,0.515,0.79,0.985,5,0.0,4,1
0.49,0.105,0.125,0.4,0.155,0,0.49,0.125,0.155,5,0.0,4,0
0.33,0.31,0.215,0.4,0.215,0,0.33,0.215,0.215,5,0.0,4,0
0.39,0.495,0.675,0.905,0.92,1,0.39,0.675,0.92,5,0.0,4,1
0.5,0.47,0.52,0.58,0.73,2,0.5,0.52,0.73,5,0.0,4,1
0.5,0.63,0.64,0.54,0.05,1,0.5,0.64,0.05,5,0.0,4,0
0.48,0.675,0.765,0.765,0.97,1,0.48,0.765,0.97,5,0.0,4,1
0.59,0.625,0.545,0.93,0.975,0,0.59,0.545,0.975,5,0.0,4,1
0.49,0.615,0.36,0.265,0.115,2,0.49,0.36,0.115,5,297.02174500000007,4,0
0.5,0.685,0.45,0.455,0.515,2,0.5,0.45,0.515,5,0.0,4,0
0.5,0.66,0.545,0.88,0.925,0,0.5,0.545,0.925,5,170.23254400000002,4,1
0.565,0.565,0.25,0.065,0.125,1,0.565,0.25,0.125,5,0.0,4,0
0.5,0.44,0.38,0.44,0.645,2,0.5,0.38,0.645,5,0.0,4,1
0.575,0.325,0.5,0.395,0.705,4,0.575,0.5,0.705,5,0.0,4,1
0.5,0.23,0.22,0.07,0.07,1,0.5,0.22,0.07,5,0.0,4,0
0.515,0.455,0.505,0.335,0.26,3,0.515,0.505,0.26,5,0.0,4,1
0.395,0.31,0.265,0.21,0.03,0,0.395,0.265,0.03,5,0.0,4,0
0.405,0.505,0.265,0.285,0.63,3,0.405,0.265,0.63,5,0.0,4,0
0.53,0.685,0.965,0.975,0.995,0,0.53,0.965,0.995,5,0.0,4,1
0.485,0.735,0.74,0.855,0.995,1,0.485,0.74,0.995,5,0.0,4,1
0.55,0.535,0.895,0.965,0.985,0,0.55,0.895,0.985,5,0.0,4,1
0.5,0.735,0.8,0.965,0.99,0,0.5,0.8,0.99,5,132.368316,4,1
0.5,0.41,0.215,0.34,0.365,1,0.5,0.215,0.365,5,0.0,4,0
0.555,0.79,0.42,0.555,0.505,2,0.555,0.42,0.505,5,0.0,4,0
0.5,0.755,0.705,0.575,0.17,1,0.5,0.705,0.17,5,2185.996071000001,4,0
0.525,0.745,0.89,0.98,0.995,0,0.525,0.89,0.995,5,0.0,4,1
0.5,0.515,0.395,0.355,0.105,1,0.5,0.395,0.105,5,417.106554,4,0
0.5,0.155,0.065,0.015,0.005,1,0.5,0.065,0.005,5,0.0,4,0
0.495,0.295,0.275,0.035,0.14,0,0.495,0.275,0.14,5,0.0,4,0
0.5,0.53,0.74,0.545,0.75,0,0.5,0.74,0.75,5,229.994084,4,1
0.525,0.62,0.715,0.86,0.995,0,0.525,0.715,0.995,5,310.370881,4,1
0.415,0.435,0.23,0.185,0.025,0,0.415,0.23,0.025,5,204.31956599999998,4,0
0.6,0.765,0.845,0.985,0.995,0,0.6,0.845,0.995,5,342.1925049999999,4,1
0.5,0.335,0.52,0.155,0.23,3,0.5,0.52,0.23,5,502.4288729999999,4,0
0.5,0.685,0.875,0.985,0.98,0,0.5,0.875,0.98,5,0.0,4,1
0.5,0.485,0.31,0.135,0.03,1,0.5,0.31,0.03,5,0.0,4,0
0.475,0.595,0.29,0.445,0.315,2,0.475,0.29,0.315,5,564.28295,4,0
0.51,0.47,0.39,0.795,0.945,2,0.51,0.39,0.945,5,356.65589800000004,4,1
0.5,0.07,0.045,0.035,0.015,1,0.5,0.045,0.015,5,249.54649900000004,4,0
0.5,0.225,0.57,0.775,0.555,2,0.5,0.57,0.555,5,6601.922998999999,4,1
0.5,0.2,0.27,0.09,0.015,1,0.5,0.27,0.015,5,0.0,4,0
0.5,0.56,0.56,0.755,0.255,1,0.5,0.56,0.255,5,415.27447700000005,4,1
0.455,0.845,0.96,0.85,0.835,1,0.455,0.96,0.835,5,762.1436129999997,4,1
0.48,0.54,0.255,0.475,0.815,3,0.48,0.255,0.815,5,405.14655799999997,4,1
0.5,0.695,0.46,0.36,0.47,1,0.5,0.46,0.47,5,0.0,4,1
0.51,0.695,0.84,0.375,0.27,1,0.51,0.84,0.27,5,260.551921,4,0
0.45,0.615,0.715,0.93,0.98,1,0.45,0.715,0.98,5,308.599343,4,1
0.445,0.51,0.715,0.835,0.97,1,0.445,0.715,0.97,5,509.9750200000001,4,1
0.425,0.405,0.315,0.58,0.53,1,0.425,0.315,0.53,5,561.349554,4,1
0.33,0.51,0.34,0.345,0.145,2,0.33,0.34,0.145,5,0.0,4,0
0.505,0.79,0.935,0.985,0.995,0,0.505,0.935,0.995,5,0.0,4,1
0.5,0.35,0.315,0.295,0.88,2,0.5,0.315,0.88,5,0.0,4,1
0.5,0.425,0.195,0.095,0.015,1,0.5,0.195,0.015,5,5.0,4,0
0.5,0.4,0.295,0.28,0.015,1,0.5,0.295,0.015,5,0.0,4,0
0.525,0.745,0.79,0.775,0.89,0,0.525,0.79,0.89,5,0.0,4,1
0.655,0.715,0.565,0.335,0.165,1,0.655,0.565,0.165,5,0.0,4,0
0.575,0.695,0.63,0.885,0.995,0,0.575,0.63,0.995,5,0.0,4,1
0.5,0.55,0.615,0.48,0.725,2,0.5,0.615,0.725,5,353.3749240000001,4,1
0.315,0.79,0.78,0.63,0.545,1,0.315,0.78,0.545,5,0.0,4,1
0.49,0.565,0.3,0.455,0.755,3,0.49,0.3,0.755,5,0.0,4,1
0.49,0.55,0.595,0.265,0.11,2,0.49,0.595,0.11,5,0.0,4,0
0.5,0.645,0.45,0.69,0.835,2,0.5,0.45,0.835,5,0.0,4,1
0.5,0.775,0.795,0.81,0.935,0,0.5,0.795,0.935,5,0.0,4,1
0.48,0.605,0.295,0.48,0.25,2,0.48,0.295,0.25,5,0.0,4,1
0.5,0.625,0.82,0.89,0.985,0,0.5,0.82,0.985,5,399.3992300000001,4,1
0.5,0.735,0.825,0.875,0.935,0,0.5,0.825,0.935,5,0.0,4,1
0.535,0.805,0.565,0.7,0.835,0,0.535,0.565,0.835,5,0.0,4,1
0.5,0.365,0.385,0.345,0.275,1,0.5,0.385,0.275,5,434.56378399999994,4,1
0.5,0.73,0.84,0.89,0.85,0,0.5,0.84,0.85,5,0.0,4,1
0.485,0.675,0.8,0.68,0.93,1,0.485,0.8,0.93,5,0.0,4,1
0.51,0.625,0.715,0.52,0.54,0,0.51,0.715,0.54,5,699.939837,4,0
0.465,0.35,0.56,0.195,0.015,2,0.465,0.56,0.015,5,0.0,4,0
0.5,0.345,0.21,0.3,0.765,2,0.5,0.21,0.765,5,381.16967,4,1
0.425,0.3,0.49,0.115,0.055,0,0.425,0.49,0.055,5,1579.1760809999996,4,0
0.58,0.375,0.685,0.815,0.86,2,0.58,0.685,0.86,5,0.0,4,1
0.505,0.805,0.85,0.95,0.985,0,0.505,0.85,0.985,5,0.0,4,1
0.57,0.385,0.885,0.97,0.985,2,0.57,0.885,0.985,5,307.279301,4,1
0.67,0.56,0.38,0.09,0.025,1,0.67,0.38,0.025,5,0.0,4,0
0.535,0.48,0.59,0.355,0.335,3,0.535,0.59,0.335,5,0.0,4,0
0.53,0.31,0.39,0.195,0.165,1,0.53,0.39,0.165,5,336.6326040000001,4,1
0.565,0.39,0.45,0.615,0.675,2,0.565,0.45,0.675,5,0.0,4,1
0.5,0.54,0.185,0.07,0.025,1,0.5,0.185,0.025,5,0.0,4,0
0.39,0.815,0.91,0.935,0.93,1,0.39,0.91,0.93,5,426.5664500000001,4,1
0.505,0.35,0.61,0.51,0.125,3,0.505,0.61,0.125,5,0.0,4,0
0.665,0.805,0.885,0.58,0.905,0,0.665,0.885,0.905,5,0.0,4,1
0.33,0.405,0.295,0.455,0.415,0,0.33,0.295,0.415,5,0.0,4,0
0.49,0.715,0.665,0.705,0.845,1,0.49,0.665,0.845,5,0.0,4,1
0.52,0.655,0.69,0.665,0.355,1,0.52,0.69,0.355,5,0.0,4,0
0.485,0.815,0.495,0.67,0.905,3,0.485,0.495,0.905,5,0.0,4,1
0.55,0.55,0.765,0.365,0.295,1,0.55,0.765,0.295,5,0.0,4,0
0.325,0.535,0.365,0.435,0.15,2,0.325,0.365,0.15,5,0.0,4,0
0.5,0.66,0.925,0.91,0.765,0,0.5,0.925,0.765,5,0.0,4,1
0.45,0.62,0.6,0.345,0.12,2,0.45,0.6,0.12,5,0.0,4,0
0.47,0.61,0.76,0.415,0.11,2,0.47,0.76,0.11,5,0.0,4,0
0.465,0.68,0.61,0.605,0.46,2,0.465,0.61,0.46,5,398.71137,4,1
0.335,0.565,0.61,0.685,0.96,1,0.335,0.61,0.96,5,0.0,4,1
0.525,0.68,0.85,0.89,0.995,0,0.525,0.85,0.995,5,307.999894,4,1
0.49,0.32,0.2,0.02,0.005,0,0.49,0.2,0.005,5,268.60834200000005,4,0
0.5,0.595,0.525,0.575,0.35,1,0.5,0.525,0.35,5,463.21891300000004,4,1
0.35,0.52,0.395,0.22,0.205,2,0.35,0.395,0.205,5,346.04387500000007,4,0
0.5,0.675,0.885,0.97,0.955,0,0.5,0.885,0.955,5,0.0,4,1
0.5,0.9,0.86,0.94,0.975,0,0.5,0.86,0.975,5,0.0,4,1
0.405,0.485,0.315,0.685,0.985,1,0.405,0.315,0.985,5,472.781018,4,1
0.53,0.29,0.47,0.55,0.105,3,0.53,0.47,0.105,5,299.85597500000006,4,0
0.67,0.375,0.02,0.005,0.005,1,0.67,0.02,0.005,5,399.577553,4,0
0.5,0.375,0.195,0.095,0.015,1,0.5,0.195,0.015,5,0.0,4,0
0.505,0.405,0.315,0.535,0.895,2,0.505,0.315,0.895,5,366.194244,4,1
0.505,0.56,0.575,0.905,0.895,0,0.505,0.575,0.895,5,219.098835,4,1
0.505,0.53,0.22,0.13,0.155,1,0.505,0.22,0.155,5,0.0,4,0
0.505,0.485,0.72,0.885,0.805,2,0.505,0.72,0.805,5,0.0,4,0
0.665,0.39,0.105,0.05,0.005,1,0.665,0.105,0.005,5,0.0,4,0
0.665,0.42,0.175,0.335,0.055,1,0.665,0.175,0.055,5,642.4212479999998,4,0
0.505,0.65,0.59,0.55,0.11,1,0.505,0.59,0.11,5,0.0,4,0
0.585,0.36,0.49,0.115,0.07,1,0.585,0.49,0.07,5,0.0,4,0
0.515,0.815,0.675,0.555,0.6,0,0.515,0.675,0.6,5,0.0,4,1
0.5,0.185,0.065,0.005,0.005,1,0.5,0.065,0.005,5,0.0,4,0
0.54,0.49,0.37,0.345,0.66,2,0.54,0.37,0.66,5,970.663166,4,1
0.505,0.455,0.465,0.59,0.84,2,0.505,0.465,0.84,5,978.688238,4,1
0.67,0.63,0.45,0.31,0.14,1,0.67,0.45,0.14,5,0.0,4,1
0.515,0.155,0.095,0.07,0.015,1,0.515,0.095,0.015,5,423.672946,4,0
0.54,0.59,0.22,0.52,0.1,3,0.54,0.22,0.1,5,0.0,4,0
0.675,0.5,0.365,0.42,0.315,1,0.675,0.365,0.315,5,667.1717299999999,4,0
0.5,0.265,0.205,0.045,0.015,1,0.5,0.205,0.015,5,154.88772,4,0
