price_t0,price_t1,price_t2,price_t3,price_t4,price_t5,price_t6,price_t7,price_t8,price_t9,crossings_05,price_early,price_mid,price_late,duration_minutes,volume,coin,label
0.515,0.495,0.265,0.125,0.025,0.125,0.0925,0.0255,0.003,0.008,1,0.505,0.0535,0.0125,1440,553589.3550330005,0,0
0.535,0.515,0.595,0.385,0.405,0.295,0.425,0.455,0.435,0.155,9,0.545,0.315,0.29,1440,380867.10376499995,0,0
0.505,0.645,0.615,0.615,0.335,0.375,0.145,0.0445,0.024,0.0005,3,0.635,0.425,0.0005,1440,392214.2783079998,0,0
0.505,0.505,0.545,0.515,0.365,0.465,0.265,0.125,0.055,0.0015,7,0.465,0.555,0.0015,1440,211976.64973099995,0,0
0.495,0.565,0.525,0.485,0.635,0.715,0.625,0.425,0.56,0.095,8,0.505,0.625,0.445,1440,222706.7109209997,0,0
0.495,0.305,0.415,0.285,0.365,0.175,0.295,0.235,0.205,0.825,3,0.615,0.235,0.545,1440,259635.2770369998,0,1
0.505,0.755,0.745,0.765,0.775,0.775,0.875,0.875,0.72,0.755,0,0.665,0.685,0.725,1440,223375.39074599973,0,1
0.495,0.385,0.485,0.205,0.165,0.0305,0.025,0.0285,0.0105,0.0005,0,0.485,0.035,0.0005,1440,300632.4254449997,0,0
0.505,0.305,0.365,0.285,0.255,0.165,0.235,0.205,0.145,0.005,1,0.535,0.185,0.021,1440,181983.633281,0,0
0.535,0.495,0.365,0.375,0.195,0.165,0.205,0.075,0.255,0.035,1,0.555,0.135,0.245,1440,485357.646684,0,0
0.515,0.595,0.595,0.745,0.735,0.895,0.935,0.9655,0.9615,0.9985,2,0.595,0.785,0.9945,1440,391405.9790480001,0,1
0.54,0.345,0.115,0.0405,0.0245,0.0225,0.02,0.01,0.0025,0.005,1,0.605,0.024,0.0045,1440,390364.7451989996,0,0
0.555,0.535,0.655,0.65,0.655,0.675,0.585,0.515,0.595,0.025,5,0.465,0.665,0.395,1440,236166.72822699993,0,0
0.495,0.515,0.625,0.565,0.675,0.755,0.585,0.625,0.345,0.055,2,0.475,0.745,0.245,1440,433953.10328900197,0,0
0.535,0.605,0.675,0.625,0.625,0.635,0.845,0.905,0.905,0.9895,0,0.625,0.575,0.905,1440,426631.0787560005,0,1
0.525,0.485,0.725,0.755,0.635,0.745,0.795,0.755,0.715,0.565,2,0.545,0.685,0.835,1440,433829.7469580008,0,1
0.56,0.565,0.575,0.345,0.235,0.175,0.125,0.065,0.155,0.0075,1,0.515,0.165,0.045,1440,488204.5627160002,0,0
0.525,0.525,0.525,0.485,0.305,0.475,0.415,0.545,0.675,0.245,5,0.495,0.395,0.485,1440,286928.61534500093,0,0
0.505,0.595,0.475,0.465,0.525,0.395,0.125,0.0365,0.0235,0.007,3,0.545,0.495,0.0035,1440,361137.79180000076,0,0
0.45,0.525,0.495,0.375,0.375,0.245,0.195,0.115,0.135,0.0015,4,0.595,0.345,0.085,1440,219709.32875000007,0,0
0.52,0.685,0.695,0.605,0.705,0.675,0.785,0.765,0.605,0.9955,0,0.555,0.625,0.83,1440,259244.20337000006,0,1
0.515,0.635,0.655,0.575,0.755,0.825,0.775,0.905,0.615,0.048,3,0.425,0.825,0.125,1440,347967.5209380007,0,0
0.475,0.645,0.635,0.625,0.405,0.415,0.325,0.245,0.215,0.0195,2,0.555,0.345,0.06,1440,226713.42854399976,0,0
0.465,0.445,0.295,0.755,0.535,0.265,0.245,0.255,0.335,0.0645,6,0.475,0.265,0.225,1440,690393.7604119998,0,0
0.495,0.665,0.625,0.595,0.605,0.665,0.675,0.745,0.805,0.978,1,0.555,0.685,0.925,1440,294924.4289129995,0,1
0.505,0.465,0.465,0.505,0.645,0.675,0.585,0.575,0.745,0.845,2,0.365,0.675,0.885,1440,374171.8718149997,0,1
0.505,0.625,0.525,0.565,0.465,0.425,0.345,0.515,0.705,0.825,8,0.495,0.355,0.305,1440,423208.09041399986,0,1
0.425,0.395,0.425,0.395,0.325,0.225,0.385,0.155,0.125,0.0005,0,0.485,0.205,0.0425,1440,340961.60092999984,0,0
0.47,0.485,0.525,0.295,0.475,0.425,0.495,0.765,0.925,0.545,5,0.425,0.535,0.655,1440,441445.83524700016,0,1
0.485,0.515,0.455,0.405,0.585,0.765,0.805,0.745,0.875,0.985,5,0.505,0.665,0.959,1440,238663.1332000005,0,1
0.47,0.505,0.575,0.465,0.795,0.915,0.885,0.935,0.585,0.984,3,0.485,0.855,0.595,1440,538916.4166819997,0,1
0.485,0.505,0.495,0.615,0.375,0.305,0.375,0.575,0.705,0.895,9,0.515,0.325,0.775,1440,234243.17304699973,0,1
0.475,0.445,0.155,0.265,0.325,0.205,0.295,0.215,0.085,0.195,2,0.365,0.355,0.175,1440,190693.85255999936,0,0
0.495,0.465,0.515,0.465,0.615,0.745,0.745,0.895,0.935,0.9985,3,0.455,0.565,0.9935,1440,171873.292638,0,1
0.475,0.395,0.455,0.495,0.655,0.355,0.465,0.645,0.625,0.905,9,0.495,0.545,0.845,1440,190773.01107399975,0,1
0.55,0.565,0.645,0.615,0.705,0.875,0.845,0.949,0.9675,0.9095,0,0.525,0.825,0.8815,1440,543643.0136460013,0,0
0.475,0.545,0.575,0.735,0.645,0.595,0.475,0.43,0.795,0.0075,6,0.475,0.565,0.135,1440,215810.481131,0,0
0.5,0.575,0.535,0.675,0.815,0.805,0.375,0.445,0.385,0.235,3,0.455,0.815,0.29,1440,299342.061513,0,0
0.505,0.475,0.565,0.635,0.575,0.725,0.845,0.905,0.945,0.9885,2,0.515,0.595,0.955,1440,210711.46921999985,0,1
0.505,0.355,0.355,0.205,0.225,0.225,0.125,0.2,0.135,0.022,1,0.415,0.265,0.065,1440,184021.36261399978,0,0
0.455,0.335,0.355,0.465,0.515,0.245,0.265,0.155,0.425,0.155,2,0.435,0.415,0.275,1440,292378.00909299974,0,0
0.485,0.425,0.265,0.185,0.205,0.105,0.145,0.0405,0.029,0.005,0,0.345,0.125,0.0045,1440,614350.2280130003,0,0
0.445,0.415,0.415,0.615,0.895,0.895,0.955,0.9765,0.986,0.9995,1,0.415,0.895,0.996,1440,320469.2781819999,0,1
0.435,0.69,0.62,0.595,0.515,0.585,0.685,0.795,0.85,0.575,1,0.59,0.545,0.685,1440,316512.8323669998,0,1
0.41,0.275,0.19,0.09,0.155,0.155,0.205,0.245,0.245,0.045,0,0.285,0.185,0.215,1440,210924.26543299961,0,0
0.465,0.465,0.395,0.395,0.405,0.335,0.295,0.305,0.305,0.175,0,0.465,0.405,0.175,1440,523469.159642001,0,0
0.325,0.275,0.365,0.27,0.095,0.095,0.115,0.0325,0.0105,0.0005,2,0.535,0.095,0.0005,1440,427465.29567900026,0,0
0.585,0.455,0.455,0.525,0.605,0.645,0.735,0.735,0.9995,0.9995,2,0.585,0.645,0.9995,1440,373249.5128989996,0,1
0.655,0.765,0.765,0.765,0.765,0.765,0.885,0.885,0.885,0.885,0,0.655,0.765,0.885,1440,309419.45276300074,0,1
0.245,0.245,0.155,0.155,0.155,0.055,0.055,0.055,0.0365,0.0365,0,0.245,0.155,0.0365,1440,236624.48686200008,0,0
0.52,0.575,0.635,0.465,0.63,0.505,0.585,0.41,0.475,0.875,4,0.575,0.545,0.635,1440,171980.47811600016,0,1
0.495,0.715,0.715,0.695,0.135,0.085,0.065,0.029,0.0225,0.006,2,0.565,0.165,0.0065,1440,233791.53630999965,0,0
0.475,0.725,0.845,0.735,0.785,0.755,0.715,0.665,0.83,0.745,1,0.725,0.795,0.915,1440,378246.9284850008,0,1
0.495,0.365,0.435,0.385,0.455,0.335,0.315,0.265,0.305,0.465,0,0.495,0.365,0.465,1440,454871.8265670001,0,1
0.425,0.325,0.375,0.365,0.265,0.355,0.335,0.615,0.465,0.465,2,0.415,0.355,0.465,1440,367852.2540800002,0,1
0.505,0.645,0.745,0.965,0.977,0.9825,0.993,0.993,0.993,0.9985,0,0.525,0.983,0.9975,1440,523624.21824399976,0,1
0.405,0.445,0.355,0.205,0.165,0.165,0.115,0.045,0.045,0.0115,0,0.405,0.165,0.035,1440,484880.76441400015,0,0
0.495,0.525,0.575,0.765,0.875,0.945,0.935,0.9825,0.9835,0.9985,3,0.465,0.935,0.99,1440,226083.76626499972,0,1
0.535,0.445,0.445,0.455,0.455,0.325,0.325,0.325,0.205,0.205,1,0.535,0.455,0.205,1440,598777.2371880005,0,0
0.495,0.535,0.505,0.615,0.525,0.555,0.725,0.735,0.875,0.975,1,0.575,0.515,0.845,1440,417092.7476779996,0,1
0.495,0.47,0.565,0.575,0.435,0.415,0.495,0.625,0.575,0.315,6,0.575,0.435,0.315,1440,502899.29607199953,0,1
0.495,0.365,0.335,0.325,0.135,0.045,0.0305,0.016,0.0055,0.0005,2,0.505,0.065,0.0035,1440,475794.8478020003,0,0
0.495,0.66,0.825,0.845,0.76,0.875,0.945,0.955,0.974,0.994,1,0.675,0.745,0.9645,1440,427152.0997260001,0,1
0.495,0.285,0.275,0.305,0.395,0.495,0.47,0.085,0.135,0.027,4,0.335,0.545,0.32,1440,338805.457675,0,0
0.495,0.475,0.475,0.475,0.435,0.54,0.54,0.805,0.805,0.845,1,0.495,0.435,0.845,1440,458398.36896600056,0,1
0.495,0.475,0.475,0.255,0.305,0.365,0.355,0.255,0.355,0.095,0,0.475,0.455,0.135,1440,400860.00453400036,0,0
0.495,0.445,0.495,0.695,0.595,0.675,0.745,0.725,0.785,0.9815,5,0.49,0.635,0.9725,1440,366108.06584600115,0,1
0.495,0.375,0.495,0.45,0.505,0.375,0.395,0.125,0.029,0.0005,2,0.385,0.435,0.006,1440,409409.3891309993,0,0
0.495,0.495,0.555,0.635,0.625,0.475,0.265,0.125,0.055,0.009,4,0.595,0.505,0.064,1440,348316.2864089993,0,0
0.495,0.425,0.575,0.685,0.725,0.815,0.845,0.915,0.9515,0.9925,1,0.425,0.755,0.98,1440,0.0,0,1
0.495,0.685,0.665,0.675,0.595,0.575,0.635,0.855,0.845,0.29,2,0.665,0.625,0.455,1440,0.0,0,0
0.495,0.465,0.385,0.305,0.3,0.415,0.255,0.325,0.805,0.9965,3,0.485,0.375,0.977,1440,0.0,0,1
0.495,0.425,0.455,0.095,0.085,0.125,0.065,0.026,0.009,0.0055,0,0.405,0.125,0.0105,1440,0.0,0,0
0.505,0.525,0.605,0.855,0.805,0.895,0.935,0.935,0.965,0.989,4,0.485,0.905,0.986,1440,0.0,0,1
0.5,0.595,0.735,0.635,0.74,0.84,0.81,0.805,0.825,0.725,0,0.515,0.755,0.715,1440,0.0,0,1
0.495,0.41,0.455,0.415,0.415,0.315,0.165,0.185,0.065,0.0045,0,0.485,0.435,0.037,1440,0.0,0,0
0.495,0.645,0.615,0.485,0.53,0.575,0.495,0.585,0.075,0.004,6,0.535,0.625,0.025,1440,0.0,0,0
0.495,0.635,0.72,0.845,0.925,0.725,0.705,0.715,0.795,0.982,1,0.605,0.785,0.685,1440,498363.2938690005,0,1
0.495,0.485,0.57,0.785,0.81,0.935,0.935,0.945,0.9835,0.9935,3,0.495,0.765,0.9945,1440,0.0,0,1
0.5,0.505,0.565,0.55,0.65,0.78,0.85,0.915,0.977,0.9765,0,0.505,0.79,0.9655,1440,0.0,0,1
0.495,0.27,0.285,0.12,0.075,0.095,0.0455,0.025,0.038,0.0035,0,0.485,0.13,0.0135,1440,0.0,0,0
0.75,0.9,0.93,0.93,0.955,0.955,0.9855,0.9855,0.9985,0.995,0,0.75,0.955,0.995,1440,0.0,0,1
0.495,0.575,0.595,0.49,0.375,0.245,0.255,0.385,0.585,0.13,4,0.615,0.275,0.375,1440,0.0,0,1
0.495,0.395,0.255,0.165,0.195,0.095,0.135,0.085,0.065,0.0865,0,0.475,0.135,0.0265,1440,0.0,0,0
0.47,0.53,0.445,0.56,0.795,0.785,0.885,0.9625,0.9675,0.997,3,0.425,0.795,0.9135,1440,0.0,0,1
0.5,0.435,0.51,0.27,0.3,0.49,0.515,0.74,0.695,0.996,4,0.45,0.365,0.955,1440,0.0,0,1
0.505,0.45,0.395,0.355,0.345,0.155,0.26,0.455,0.365,0.135,3,0.515,0.25,0.19,1440,0.0,0,0
0.505,0.405,0.435,0.435,0.445,0.255,0.185,0.145,0.145,0.0245,1,0.395,0.275,0.1,1440,0.0,0,0
0.5,0.435,0.465,0.435,0.48,0.295,0.435,0.255,0.155,0.0025,1,0.405,0.335,0.0135,1440,0.0,0,0
0.48,0.565,0.505,0.385,0.32,0.275,0.185,0.545,0.395,0.0155,6,0.495,0.365,0.255,1440,436407.0652940004,0,0
0.5,0.565,0.495,0.515,0.585,0.545,0.825,0.949,0.9675,0.9995,4,0.535,0.425,0.9915,1440,962216.9301570005,0,1
0.385,0.425,0.365,0.335,0.26,0.195,0.055,0.034,0.0445,0.009,0,0.385,0.205,0.01,1440,767538.523784,0,0
0.48,0.455,0.4,0.565,0.525,0.665,0.455,0.555,0.415,0.9865,7,0.465,0.665,0.845,1440,641500.073924,0,1
0.5,0.785,0.82,0.845,0.935,0.961,0.959,0.925,0.934,0.9955,0,0.575,0.945,0.9805,1440,614513.350698,0,1
0.495,0.455,0.535,0.77,0.815,0.555,0.055,0.05,0.054,0.043,4,0.55,0.61,0.045,1440,781489.519022,0,0
0.505,0.69,0.665,0.615,0.645,0.775,0.785,0.47,0.235,0.055,1,0.52,0.76,0.085,1440,340077.481553,0,0
0.52,0.655,0.635,0.545,0.535,0.575,0.385,0.55,0.46,0.045,5,0.59,0.615,0.24,1440,553842.486517,0,0
0.495,0.565,0.44,0.505,0.89,0.7,0.76,0.905,0.9735,0.997,3,0.505,0.815,0.994,1440,512060.88805,0,1
0.505,0.285,0.32,0.385,0.2,0.07,0.055,0.044,0.0275,0.0065,1,0.365,0.12,0.016,1440,540320.42637,0,0
0.445,0.445,0.51,0.06,0.045,0.055,0.06,0.105,0.05,0.0035,2,0.455,0.05,0.0225,1440,471473.921612,0,0
0.47,0.58,0.52,0.35,0.32,0.32,0.31,0.37,0.225,0.021,4,0.53,0.345,0.031,1440,319721.590809,0,0
0.495,0.475,0.555,0.6,0.725,0.625,0.61,0.89,0.925,0.9945,5,0.46,0.585,0.9655,1440,432356.148307,0,1
0.505,0.685,0.66,0.765,0.77,0.865,0.885,0.925,0.89,0.9755,0,0.515,0.775,0.855,1440,830593.702546,0,1
0.51,0.305,0.325,0.325,0.415,0.41,0.535,0.365,0.245,0.065,3,0.52,0.395,0.18,1440,459932.988479,0,0
0.5,0.58,0.555,0.445,0.45,0.555,0.72,0.615,0.475,0.675,6,0.435,0.605,0.31,1440,891392.271845,0,0
0.5,0.505,0.725,0.755,0.755,0.62,0.675,0.485,0.525,0.105,3,0.515,0.67,0.105,1440,1561946.552281,0,0
0.495,0.325,0.455,0.445,0.3,0.285,0.335,0.385,0.855,0.0045,2,0.41,0.44,0.115,1440,1538290.564036,0,0
0.49,0.515,0.565,0.52,0.415,0.73,0.885,0.845,0.295,0.037,4,0.505,0.675,0.11,1440,1099054.767193,0,0
0.495,0.545,0.525,0.645,0.53,0.445,0.775,0.925,0.9345,0.9915,5,0.565,0.455,0.9785,1440,1303322.561944,0,1
0.555,0.555,0.54,0.575,0.755,0.64,0.655,0.865,0.865,0.996,2,0.48,0.685,0.9685,1440,535120.374116,0,1
0.48,0.78,0.825,0.795,0.805,0.77,0.785,0.925,0.93,0.9565,1,0.595,0.725,0.945,1440,780408.676771,0,0
0.49,0.43,0.335,0.46,0.325,0.105,0.055,0.035,0.052,0.005,2,0.595,0.12,0.0215,1440,666725.489432,0,0
0.495,0.64,0.53,0.415,0.48,0.305,0.185,0.135,0.095,0.0325,4,0.57,0.325,0.0355,1440,831480.614454,0,0
0.495,0.65,0.535,0.5,0.535,0.63,0.475,0.135,0.155,0.035,6,0.535,0.615,0.105,1440,911159.469481,0,0
0.5,0.59,0.62,0.55,0.605,0.58,0.74,0.88,0.955,0.9965,0,0.54,0.54,0.9845,1440,492703.333706,0,1
0.495,0.705,0.665,0.715,0.725,0.66,0.145,0.065,0.22,0.095,2,0.68,0.86,0.045,1440,1739429.744481,0,0
0.555,0.23,0.11,0.095,0.1545,0.2865,0.133,0.141,0.223,0.7485,2,0.305,0.093,0.539,1440,1293300.420638,0,1
0.495,0.515,0.325,0.325,0.145,0.075,0.075,0.055,0.0275,0.0025,2,0.345,0.085,0.006,1440,1518269.646632,0,0
0.49,0.255,0.44,0.395,0.385,0.45,0.515,0.435,0.395,0.0105,4,0.275,0.5,0.03,1440,1217955.702941,0,0
0.52,0.435,0.475,0.63,0.295,0.385,0.55,0.315,0.385,0.165,7,0.575,0.53,0.065,1440,931268.230192,0,0
0.515,0.455,0.34,0.535,0.325,0.14,0.33,0.5,0.645,0.959,4,0.545,0.275,0.635,1440,3495998.154649,0,1
0.515,0.14,0.135,0.18,0.14,0.06,0.0345,0.031,0.0205,0.0075,1,0.255,0.115,0.0165,1440,1166402.495008,0,0
0.505,0.84,0.9,0.91,0.925,0.935,0.83,0.61,0.31,0.0065,3,0.495,0.925,0.055,1440,1039421.044262,0,0
0.535,0.285,0.345,0.255,0.06,0.075,0.075,0.0465,0.0465,0.0065,1,0.3,0.075,0.0185,1440,783752.949892,0,0
0.485,0.445,0.455,0.355,0.105,0.1,0.135,0.055,0.045,0.003,2,0.625,0.135,0.0105,1440,407341.732757,0,0
0.505,0.46,0.64,0.73,0.71,0.68,0.705,0.805,0.91,0.96,2,0.285,0.675,0.91,1440,427968.898829,0,1
0.495,0.61,0.635,0.71,0.825,0.775,0.755,0.575,0.675,0.84,1,0.52,0.795,0.555,1440,666091.78121,0,1
0.51,0.215,0.21,0.23,0.39,0.44,0.495,0.43,0.375,0.19,3,0.465,0.41,0.59,1440,1118192.983575,0,0
0.515,0.54,0.555,0.525,0.465,0.365,0.215,0.175,0.215,0.019,1,0.575,0.395,0.115,1440,460925.539273,0,0
0.505,0.46,0.11,0.1,0.185,0.22,0.09,0.065,0.0455,0.007,1,0.725,0.23,0.021,1440,698111.764533,0,0
0.5,0.685,0.575,0.66,0.725,0.73,0.71,0.52,0.615,0.945,2,0.63,0.815,0.53,1440,807005.370062,0,1
0.525,0.925,0.945,0.925,0.94,0.955,0.9415,0.9705,0.9725,0.9685,0,0.555,0.955,0.9355,1440,685998.314622,0,1
0.515,0.415,0.365,0.225,0.23,0.435,0.24,0.2,0.1,0.595,2,0.44,0.305,0.325,1440,1010352.507831,0,0
0.5,0.465,0.435,0.33,0.295,0.085,0.0255,0.025,0.0175,0.003,1,0.495,0.23,0.008,1440,677343.901624,0,0
0.5,0.55,0.57,0.195,0.0375,0.024,0.029,0.026,0.0195,0.005,1,0.515,0.0355,0.0025,1440,605794.53879,0,0
0.515,0.515,0.51,0.425,0.385,0.47,0.38,0.445,0.37,0.24,3,0.54,0.45,0.205,1440,726421.605609,0,0
0.515,0.65,0.925,0.94,0.93,0.915,0.79,0.83,0.935,0.991,0,0.65,0.925,0.987,1440,1015011.679442,0,1
0.505,0.23,0.22,0.215,0.18,0.19,0.18,0.065,0.075,0.0045,1,0.46,0.13,0.035,1440,504322.959624,0,0
0.505,0.47,0.53,0.325,0.24,0.225,0.27,0.29,0.35,0.155,3,0.405,0.21,0.065,1440,973294.599062,0,0
0.5,0.69,0.665,0.885,0.9,0.89,0.915,0.95,0.957,0.996,2,0.475,0.915,0.985,1440,450986.431484,0,1
0.515,0.42,0.25,0.28,0.205,0.415,0.415,0.5,0.48,0.9795,6,0.365,0.29,0.645,1440,533928.786825,0,1
0.525,0.415,0.425,0.56,0.845,0.815,0.625,0.245,0.365,0.92,4,0.505,0.81,0.41,1440,653073.987118,0,1
0.515,0.505,0.44,0.495,0.51,0.58,0.54,0.55,0.71,0.77,4,0.47,0.57,0.87,1440,1064908.343357,0,1
0.515,0.06,0.075,0.055,0.055,0.0375,0.0395,0.039,0.0265,0.01,1,0.46,0.034,0.0155,1440,511771.01004,0,0
0.515,0.535,0.61,0.605,0.55,0.57,0.47,0.35,0.34,0.685,2,0.605,0.56,0.14,1440,805078.192304,0,1
0.515,0.51,0.485,0.56,0.43,0.38,0.29,0.205,0.095,0.16,5,0.515,0.445,0.048,1440,1259502.12479,0,0
0.51,0.41,0.65,0.535,0.6,0.5,0.61,0.285,0.255,0.015,5,0.32,0.54,0.19,1440,511222.073525,0,0
0.5,0.62,0.58,0.535,0.48,0.47,0.34,0.45,0.595,0.46,7,0.62,0.54,0.56,1440,572385.684823,0,0
0.505,0.465,0.495,0.735,0.83,0.785,0.83,0.94,0.935,0.9975,4,0.51,0.84,0.9845,1440,433465.72758,0,1
0.505,0.51,0.65,0.815,0.81,0.9,0.935,0.945,0.935,0.993,0,0.505,0.885,0.9855,1440,394729.319046,0,1
0.515,0.315,0.305,0.245,0.41,0.195,0.055,0.085,0.1445,0.01,1,0.49,0.405,0.1085,1440,822616.3656,0,0
0.515,0.65,0.64,0.745,0.715,0.765,0.79,0.93,0.935,0.984,0,0.615,0.72,0.955,1440,547390.312523,0,1
0.54,0.52,0.59,0.59,0.66,0.565,0.54,0.72,0.815,0.976,0,0.53,0.645,0.895,1440,220080.79151,0,1
0.515,0.345,0.35,0.325,0.46,0.385,0.42,0.515,0.46,0.022,5,0.4,0.37,0.255,1440,488009.505332,0,0
0.505,0.44,0.41,0.39,0.33,0.36,0.455,0.66,0.705,0.985,2,0.55,0.405,0.945,1440,291438.026471,0,1
0.515,0.445,0.45,0.545,0.855,0.945,0.935,0.495,0.34,0.37,3,0.515,0.935,0.31,1440,592428.410879,0,0
0.515,0.545,0.59,0.68,0.67,0.61,0.65,0.75,0.77,0.915,0,0.53,0.64,0.87,1440,253023.148207,0,1
0.515,0.78,0.85,0.87,0.905,0.94,0.9595,0.9425,0.963,0.9945,0,0.65,0.925,0.9835,1440,405711.411334,0,1
0.51,0.535,0.45,0.225,0.78,0.775,0.635,0.77,0.77,0.035,3,0.52,0.755,0.185,1440,382607.739845,0,0
0.515,0.605,0.665,0.625,0.765,0.745,0.79,0.61,0.74,0.988,0,0.52,0.735,0.89,1440,191784.182875,0,1
0.505,0.425,0.42,0.355,0.22,0.145,0.12,0.125,0.185,0.016,3,0.31,0.19,0.045,1440,316394.554533,0,0
0.5,0.205,0.235,0.315,0.185,0.085,0.065,0.0455,0.0445,0.006,1,0.465,0.175,0.0065,1440,343296.00171,0,0
0.505,0.53,0.47,0.575,0.53,0.655,0.73,0.885,0.925,0.981,2,0.5,0.625,0.955,1440,216145.052267,0,1
0.5,0.525,0.52,0.585,0.425,0.485,0.485,0.75,0.735,0.365,3,0.51,0.485,0.43,1440,261071.269752,0,1
0.5,0.485,0.47,0.595,0.705,0.77,0.75,0.75,0.83,0.91,4,0.305,0.77,0.895,1440,379761.017787,0,1
0.505,0.09,0.135,0.115,0.115,0.315,0.52,0.625,0.485,0.525,4,0.26,0.335,0.655,1440,526750.083439,0,1
0.505,0.36,0.325,0.37,0.47,0.41,0.49,0.64,0.615,0.969,2,0.43,0.455,0.93,1440,253140.589957,0,1
0.515,0.51,0.565,0.51,0.49,0.245,0.345,0.165,0.275,0.368,5,0.42,0.265,0.945,1440,396201.817246,0,0
0.515,0.485,0.475,0.405,0.4,0.395,0.395,0.695,0.755,0.98,6,0.395,0.355,0.815,1440,302231.997809,0,1
0.515,0.47,0.43,0.43,0.61,0.705,0.76,0.855,0.84,0.0045,5,0.49,0.605,0.125,1440,302203.650512,0,0
0.515,0.54,0.54,0.615,0.59,0.565,0.605,0.42,0.24,0.035,3,0.495,0.565,0.055,1440,474334.594412,0,0
0.51,0.55,0.535,0.6,0.555,0.64,0.67,0.82,0.705,0.45,1,0.505,0.655,0.44,1440,887447.105088,0,0
0.515,0.74,0.95,0.865,0.95,0.965,0.963,0.9725,0.974,0.625,0,0.55,0.95,0.992,1440,528254.71413,0,1
0.5,0.64,0.545,0.34,0.105,0.08,0.075,0.05,0.04,0.008,1,0.545,0.075,0.03,1440,340030.317068,0,0
0.45,0.385,0.22,0.145,0.17,0.16,0.18,0.12,0.075,0.0155,0,0.425,0.15,0.0235,1440,569189.767642,0,0
0.61,0.545,0.79,0.62,0.55,0.51,0.7,0.66,0.77,0.9925,0,0.565,0.635,0.695,1440,338603.725244,0,1
0.525,0.77,0.57,0.605,0.8,0.835,0.885,0.945,0.955,0.535,2,0.675,0.81,0.87,1440,667509.866874,0,1
0.515,0.42,0.42,0.425,0.49,0.435,0.38,0.31,0.405,0.39,5,0.505,0.45,0.0295,1440,515479.99937,0,1
0.5,0.755,0.65,0.8,0.79,0.88,0.925,0.915,0.9545,0.9855,0,0.64,0.88,0.981,1440,433332.354197,0,1
0.475,0.39,0.43,0.46,0.505,0.325,0.425,0.165,0.135,0.0115,4,0.47,0.36,0.02,1440,311135.632851,0,0
0.47,0.65,0.77,0.655,0.835,0.68,0.785,0.795,0.755,0.895,3,0.625,0.78,0.315,1440,425115.500075,0,1
0.5,0.665,0.61,0.655,0.855,0.94,0.91,0.935,0.95,0.979,0,0.58,0.855,0.9255,1440,425562.578279,0,1
0.5,0.57,0.79,0.83,0.865,0.925,0.94,0.955,0.9725,0.9995,0,0.55,0.915,0.9965,1440,301337.539124,0,1
0.495,0.43,0.37,0.04,0.015,0.013,0.011,0.004,0.004,0.0005,0,0.46,0.014,0.001,1440,441468.835548,0,0
0.515,0.41,0.525,0.47,0.42,0.4,0.5,0.645,0.76,0.9,4,0.355,0.44,0.835,1440,509812.335729,0,1
0.505,0.625,0.53,0.515,0.46,0.42,0.28,0.24,0.235,0.835,6,0.42,0.51,0.155,1440,483759.339404,0,1
0.5,0.52,0.49,0.44,0.39,0.575,0.32,0.68,0.53,0.975,4,0.5,0.485,0.855,1440,635954.064179,0,0
0.505,0.87,0.905,0.95,0.955,0.9605,0.9615,0.988,0.987,0.9985,0,0.845,0.9675,0.9965,1440,341063.820374,0,1
0.505,0.45,0.47,0.605,0.655,0.62,0.75,0.415,0.3,0.31,5,0.6,0.5,0.36,1440,404721.375044,0,1
0.495,0.7,0.77,0.685,0.64,0.715,0.54,0.565,0.615,0.29,4,0.675,0.635,0.27,1440,470689.184224,0,0
0.515,0.61,0.72,0.51,0.67,0.675,0.595,0.335,0.29,0.435,1,0.5,0.52,0.3,1440,492619.824167,0,1
0.515,0.51,0.45,0.6,0.82,0.91,0.83,0.905,0.9695,0.9965,4,0.485,0.93,0.986,1440,325364.979493,0,1
0.515,0.4,0.6,0.505,0.43,0.31,0.41,0.08,0.085,0.055,5,0.52,0.385,0.24,1440,781077.674789,0,0
0.515,0.39,0.43,0.42,0.17,0.225,0.11,0.0405,0.0645,0.0105,3,0.425,0.215,0.0455,1440,701196.289974,0,0
0.515,0.33,0.63,0.83,0.91,0.93,0.915,0.895,0.905,0.375,3,0.43,0.915,0.84,1440,623967.616207,0,0
0.515,0.465,0.345,0.32,0.32,0.085,0.185,0.085,0.11,0.0055,1,0.51,0.115,0.035,1440,549598.092889,0,0
0.515,0.155,0.16,0.17,0.08,0.045,0.0515,0.0625,0.0435,0.0375,1,0.3,0.045,0.0175,1440,595421.639932,0,0
0.555,0.51,0.43,0.715,0.695,0.745,0.845,0.895,0.84,0.355,5,0.55,0.73,0.74,1440,895118.504986,0,0
0.52,0.495,0.32,0.325,0.455,0.43,0.49,0.66,0.315,0.015,3,0.56,0.4,0.175,1440,363983.851145,0,0
0.515,0.28,0.135,0.105,0.345,0.27,0.23,0.075,0.035,0.0155,1,0.325,0.22,0.0635,1440,660506.718698,0,0
0.515,0.265,0.27,0.285,0.365,0.115,0.1,0.035,0.0195,0.006,1,0.375,0.135,0.0055,1440,574520.460545,0,0
0.515,0.5,0.62,0.62,0.675,0.86,0.915,0.88,0.93,0.45,1,0.555,0.68,0.91,1440,469428.162743,0,0
0.5,0.455,0.36,0.385,0.44,0.5,0.42,0.92,0.94,0.035,7,0.51,0.475,0.765,1440,403223.469907,0,0
0.47,0.605,0.575,0.705,0.785,0.51,0.36,0.47,0.2,0.0025,4,0.61,0.77,0.125,1440,397881.935732,0,0
0.445,0.64,0.615,0.865,0.87,0.915,0.9645,0.97,0.9755,0.9695,1,0.465,0.915,0.867,1440,306872.331551,0,1
0.515,0.54,0.635,0.5,0.445,0.535,0.555,0.525,0.635,0.9975,6,0.535,0.44,0.95,1440,249544.554545,0,1
0.515,0.93,0.96,0.935,0.959,0.924,0.954,0.97,0.9655,0.9815,0,0.79,0.9435,0.976,1440,423332.932212,0,1
0.515,0.59,0.55,0.61,0.69,0.805,0.755,0.46,0.175,0.395,1,0.635,0.735,0.405,1440,542439.57418,0,1
0.515,0.57,0.5,0.49,0.405,0.35,0.345,0.315,0.17,0.012,3,0.535,0.59,0.055,1440,360649.95443,0,0
0.52,0.305,0.29,0.3,0.455,0.47,0.505,0.32,0.7,0.989,6,0.415,0.5,0.88,1440,489999.277437,0,1
0.63,0.6,0.58,0.5,0.52,0.155,0.13,0.04,0.0395,0.0015,1,0.645,0.575,0.04,1440,250463.747226,0,0
0.515,0.53,0.495,0.415,0.27,0.07,0.06,0.0165,0.029,0.0005,3,0.53,0.1,0.0045,1440,221876.023108,0,0
0.58,0.525,0.34,0.37,0.375,0.585,0.715,0.595,0.735,0.285,3,0.52,0.63,0.565,1440,241924.090175,0,0
0.515,0.315,0.285,0.23,0.285,0.595,0.415,0.395,0.5,0.15,7,0.21,0.54,0.25,1440,359600.340381,0,1
0.525,0.39,0.5,0.68,0.88,0.93,0.905,0.95,0.97,0.9955,2,0.59,0.835,0.9845,1440,460287.879304,0,1
0.515,0.425,0.525,0.295,0.35,0.085,0.355,0.2,0.12,0.003,7,0.475,0.42,0.0045,1440,435245.301491,0,0
0.515,0.59,0.22,0.215,0.15,0.14,0.225,0.16,0.065,0.019,1,0.635,0.155,0.065,1440,248607.197199,0,0
0.485,0.575,0.365,0.275,0.345,0.21,0.23,0.285,0.205,0.55,3,0.605,0.225,0.79,1440,388990.002637,0,0
0.505,0.49,0.42,0.695,0.85,0.88,0.965,0.923,0.961,0.9875,2,0.485,0.83,0.9835,1440,345306.648159,0,1
0.505,0.6,0.52,0.6,0.61,0.525,0.625,0.905,0.988,0.9995,2,0.505,0.455,0.995,1440,111014.028304,0,1
0.515,0.67,0.8,0.855,0.885,0.94,0.9645,0.966,0.9815,0.993,0,0.545,0.895,0.9705,1440,214145.895915,0,1
0.51,0.63,0.45,0.555,0.655,0.78,0.845,0.855,0.81,0.735,2,0.58,0.67,0.875,1440,384745.993915,0,1
0.515,0.44,0.375,0.35,0.45,0.565,0.865,0.8,0.775,0.955,2,0.495,0.505,0.865,1440,266402.09015,0,1
0.515,0.27,0.115,0.05,0.06,0.0365,0.034,0.016,0.0165,0.0025,1,0.39,0.042,0.0075,1440,332042.945371,0,0
0.515,0.535,0.57,0.455,0.285,0.031,0.0425,0.0105,0.0295,0.9745,6,0.49,0.14,0.0075,1440,505029.740146,0,1
0.575,0.66,0.59,0.55,0.425,0.86,0.96,0.965,0.9645,0.9985,2,0.53,0.575,0.998,1440,405281.946478,0,1
0.52,0.5,0.55,0.59,0.54,0.575,0.43,0.675,0.835,0.99,6,0.46,0.635,0.955,1440,534510.93367,0,1
0.525,0.425,0.52,0.315,0.54,0.275,0.405,0.38,0.605,0.43,9,0.405,0.51,0.33,1440,528229.039009,0,0
0.52,0.585,0.44,0.505,0.63,0.65,0.275,0.045,0.085,0.0045,5,0.66,0.715,0.047,1440,600819.327985,0,0
0.525,0.63,0.575,0.505,0.625,0.55,0.725,0.58,0.69,0.32,7,0.515,0.665,0.535,1440,538698.886431,0,0
0.525,0.56,0.565,0.61,0.515,0.435,0.45,0.455,0.25,0.006,7,0.445,0.54,0.075,1440,347298.333185,0,0
0.515,0.68,0.785,0.71,0.525,0.22,0.085,0.0215,0.02,0.0035,1,0.575,0.36,0.007,1440,192980.860552,0,0
0.515,0.59,0.75,0.755,0.865,0.79,0.875,0.935,0.77,0.8905,0,0.61,0.805,0.975,1440,266978.359008,0,1
0.535,0.565,0.285,0.31,0.22,0.435,0.485,0.515,0.54,0.74,6,0.51,0.215,0.235,1440,428066.247714,0,1
0.515,0.155,0.03,0.0495,0.027,0.031,0.0055,0.0055,0.006,0.0015,1,0.365,0.0325,0.0055,1440,277695.080046,0,0
0.515,0.4,0.49,0.61,0.6,0.51,0.57,0.54,0.65,0.09,7,0.27,0.46,0.76,1440,534649.273629,0,0
0.515,0.74,0.655,0.76,0.61,0.525,0.445,0.39,0.715,0.11,5,0.68,0.385,0.615,1440,453734.153587,0,0
0.54,0.33,0.545,0.41,0.545,0.525,0.49,0.74,0.845,0.835,8,0.485,0.57,0.835,1440,460066.290321,0,1
0.51,0.715,0.56,0.42,0.425,0.35,0.19,0.19,0.245,0.0045,1,0.58,0.305,0.09,1440,461050.693825,0,0
0.49,0.53,0.465,0.625,0.735,0.69,0.795,0.85,0.905,0.995,3,0.575,0.77,0.9795,1440,319927.721145,0,1
0.515,0.415,0.53,0.72,0.73,0.9775,0.9855,0.8575,0.983,0.9915,2,0.485,0.96,0.9895,1440,448646.02223,0,1
0.495,0.47,0.445,0.305,0.135,0.445,0.395,0.185,0.05,0.007,2,0.48,0.29,0.1885,1440,621881.745922,0,0
0.5,0.67,0.685,0.69,0.52,0.58,0.54,0.705,0.74,0.9855,4,0.495,0.62,0.805,1440,248759.500723,0,1
0.525,0.45,0.52,0.785,0.8,0.85,0.865,0.935,0.945,0.988,2,0.54,0.85,0.9925,1440,234465.982094,0,1
0.525,0.685,0.875,0.795,0.895,0.88,0.895,0.985,0.996,0.999,2,0.46,0.87,0.9995,1440,200835.100488,0,1
0.52,0.555,0.645,0.66,0.72,0.605,0.515,0.095,0.14,0.205,3,0.445,0.715,0.195,1440,297214.45807,0,0
0.47,0.565,0.7,0.905,0.895,0.92,0.915,0.979,0.9855,0.999,1,0.54,0.91,0.9955,1440,120923.653416,0,1
0.515,0.525,0.505,0.64,0.485,0.505,0.52,0.625,0.5,0.965,8,0.515,0.535,0.765,1440,411277.087369,0,1
0.515,0.78,0.65,0.84,0.77,0.89,0.885,0.76,0.84,0.96,0,0.655,0.755,0.9,1440,401528.893699,0,1
0.52,0.185,0.1,0.06,0.11,0.055,0.045,0.0195,0.0175,0.0055,1,0.375,0.09,0.029,1440,241824.541942,0,0
0.515,0.6,0.57,0.51,0.325,0.115,0.06,0.05,0.0245,0.003,1,0.605,0.285,0.0075,1440,235838.91969,0,0
0.52,0.225,0.25,0.24,0.36,0.29,0.39,0.42,0.585,0.9895,4,0.49,0.255,0.46,1440,441883.21352,0,1
0.535,0.435,0.51,0.48,0.33,0.385,0.595,0.62,0.625,0.36,5,0.5,0.235,0.64,1440,644801.783809,0,1
0.515,0.505,0.435,0.41,0.155,0.155,0.0355,0.015,0.006,0.0015,5,0.44,0.135,0.002,1440,202754.764168,0,0
0.515,0.41,0.41,0.365,0.255,0.205,0.285,0.23,0.15,0.0195,1,0.535,0.31,0.12,1440,279593.039479,0,0
0.525,0.315,0.26,0.385,0.385,0.31,0.415,0.35,0.615,0.875,4,0.62,0.37,0.685,1440,424794.016544,0,1
0.505,0.575,0.485,0.34,0.385,0.29,0.18,0.075,0.055,0.006,1,0.51,0.35,0.0205,1440,255979.153723,0,0
0.51,0.38,0.46,0.67,0.745,0.915,0.86,0.94,0.925,0.9955,2,0.5,0.81,0.982,1440,260312.711878,0,1
0.515,0.61,0.695,0.695,0.675,0.61,0.805,0.68,0.62,0.26,1,0.535,0.695,0.59,1440,505827.794008,0,0
0.52,0.65,0.655,0.665,0.57,0.74,0.82,0.82,0.79,0.915,2,0.445,0.59,0.76,1440,341365.710575,0,1
0.51,0.56,0.675,0.535,0.51,0.78,0.8,0.36,0.43,0.09,3,0.585,0.565,0.2,1440,544022.033617,0,0
0.485,0.445,0.575,0.585,0.61,0.505,0.485,0.71,0.525,0.11,6,0.335,0.445,0.155,1440,462014.915694,0,0
0.51,0.895,0.875,0.87,0.825,0.83,0.865,0.9645,0.9785,0.992,0,0.645,0.865,0.9845,1440,357471.234156,0,1
0.485,0.52,0.55,0.795,0.785,0.805,0.83,0.835,0.815,0.974,1,0.56,0.76,0.93,1440,275446.686804,0,1
0.505,0.445,0.45,0.535,0.52,0.59,0.65,0.53,0.56,0.885,2,0.485,0.665,0.86,1440,565242.03921,0,1
0.515,0.595,0.7,0.72,0.56,0.745,0.805,0.93,0.93,0.99,0,0.54,0.69,0.9945,1440,217297.169548,0,1
0.475,0.465,0.305,0.34,0.175,0.3,0.655,0.665,0.395,0.0255,4,0.445,0.205,0.615,1440,875494.498687,0,0
0.52,0.425,0.495,0.445,0.365,0.375,0.4,0.775,0.815,0.997,2,0.475,0.4,0.835,1440,433750.689491,0,1
0.515,0.475,0.45,0.45,0.595,0.605,0.59,0.855,0.935,0.982,2,0.47,0.655,0.96,1440,286966.995822,0,1
0.515,0.685,0.83,0.52,0.645,0.675,0.61,0.595,0.67,0.925,0,0.555,0.765,0.91,1440,781680.978845,0,0
0.525,0.615,0.69,0.74,0.805,0.845,0.9,0.95,0.9525,0.9485,0,0.505,0.83,0.9965,1440,225821.920848,0,1
0.445,0.415,0.475,0.315,0.375,0.115,0.045,0.06,0.055,0.002,2,0.39,0.155,0.019,1440,182749.263495,0,0
0.515,0.45,0.63,0.595,0.58,0.545,0.435,0.675,0.75,0.99,6,0.485,0.555,0.795,1440,430197.153728,0,1
0.515,0.63,0.535,0.625,0.655,0.87,0.9,0.935,0.83,0.996,2,0.525,0.85,0.985,1440,623932.119994,0,1
0.505,0.605,0.595,0.375,0.335,0.14,0.265,0.8,0.505,0.865,4,0.555,0.2,0.715,1440,886475.633578,0,0
0.51,0.48,0.455,0.52,0.735,0.505,0.465,0.34,0.23,0.13,7,0.52,0.68,0.18,1440,591706.209461,0,0
0.5,0.435,0.33,0.505,0.185,0.535,0.455,0.585,0.735,0.835,6,0.605,0.52,0.635,1440,1263842.621544,0,1
0.515,0.42,0.305,0.45,0.205,0.185,0.14,0.018,0.0185,0.0015,1,0.42,0.19,0.0055,1440,378784.713684,0,0
0.515,0.515,0.62,0.31,0.415,0.785,0.85,0.825,0.85,0.985,2,0.55,0.53,0.89,1440,1068277.220261,0,1
0.52,0.73,0.845,0.91,0.865,0.915,0.865,0.86,0.95,0.9985,0,0.615,0.9,0.985,1440,436886.324186,0,1
0.515,0.565,0.235,0.325,0.215,0.13,0.05,0.018,0.01,0.0055,1,0.5,0.155,0.006,1440,502743.365941,0,0
0.515,0.63,0.69,0.73,0.78,0.7,0.545,0.525,0.44,0.195,1,0.585,0.625,0.295,1440,661527.191254,0,0
0.51,0.57,0.1,0.14,0.12,0.1,0.075,0.04,0.015,0.013,1,0.595,0.085,0.015,1440,623081.086397,0,0
0.575,0.59,0.705,0.715,0.49,0.25,0.175,0.095,0.0155,0.0015,3,0.425,0.275,0.005,1440,752098.157387,0,0
0.51,0.485,0.445,0.46,0.555,0.53,0.565,0.59,0.385,0.999,4,0.455,0.62,0.415,1440,654209.179317,0,1
0.515,0.555,0.745,0.75,0.86,0.655,0.66,0.525,0.415,0.41,3,0.615,0.7,0.575,1440,823273.534328,0,0
0.54,0.35,0.445,0.28,0.29,0.45,0.465,0.47,0.445,0.21,5,0.425,0.395,0.075,1440,903478.014871,0,0
0.505,0.3,0.325,0.27,0.09,0.0365,0.016,0.014,0.006,0.0005,1,0.39,0.035,0.0015,1440,386472.955549,0,0
0.515,0.6,0.57,0.53,0.39,0.265,0.175,0.205,0.23,0.001,3,0.475,0.38,0.075,1440,679319.698021,0,0
0.505,0.515,0.51,0.385,0.4,0.735,0.67,0.895,0.915,0.962,2,0.55,0.475,0.975,1440,582475.889168,0,1
0.525,0.475,0.525,0.54,0.8,0.825,0.6,0.55,0.61,0.985,2,0.54,0.655,0.88,1440,1041861.151151,0,1
0.52,0.495,0.44,0.53,0.64,0.695,0.77,0.7,0.83,0.06,3,0.445,0.65,0.295,1440,719666.125965,0,0
0.515,0.62,0.835,0.91,0.935,0.9445,0.6935,0.7465,0.4855,0.005,1,0.575,0.9645,0.0135,1440,817751.829166,0,0
0.51,0.38,0.58,0.575,0.4,0.335,0.34,0.62,0.775,0.9795,4,0.465,0.415,0.985,1440,390963.122898,0,1
0.535,0.385,0.21,0.155,0.19,0.17,0.13,0.04,0.045,0.026,1,0.44,0.15,0.0415,1440,554968.865149,0,0
0.52,0.44,0.375,0.625,0.785,0.97,0.9855,0.9905,0.9775,0.995,2,0.48,0.9635,0.9385,1440,624863.527991,0,1
0.495,0.395,0.435,0.315,0.345,0.96,0.935,0.9765,0.991,0.9985,1,0.395,0.94,0.998,1440,585552.873964,0,1
0.515,0.645,0.795,0.77,0.75,0.695,0.81,0.982,0.967,0.9855,0,0.5,0.65,0.984,1440,746390.734361,0,1
0.49,0.46,0.625,0.71,0.575,0.535,0.53,0.495,0.61,0.315,8,0.4,0.54,0.645,1440,896883.885229,0,0
0.475,0.505,0.395,0.355,0.28,0.15,0.23,0.345,0.895,0.9805,3,0.45,0.2,0.96,1440,804619.542757,0,1
0.51,0.695,0.705,0.81,0.77,0.69,0.85,0.9,0.95,0.9945,0,0.575,0.73,0.975,1440,1027950.831092,0,1
0.495,0.535,0.505,0.58,0.45,0.325,0.25,0.425,0.485,0.0045,4,0.605,0.45,0.215,1440,863679.319948,0,0
0.52,0.4,0.495,0.44,0.605,0.74,0.795,0.855,0.9545,0.99,4,0.61,0.775,0.985,1440,419789.587949,0,1
0.525,0.16,0.165,0.04,0.045,0.0515,0.0125,0.017,0.016,0.001,1,0.41,0.046,0.0065,1440,506271.381676,0,0
0.495,0.35,0.145,0.07,0.045,0.045,0.034,0.0165,0.0135,0.0015,2,0.545,0.055,0.0035,1440,802709.833061,0,0
0.505,0.23,0.335,0.49,0.545,0.685,0.765,0.785,0.72,0.475,3,0.48,0.67,0.83,1440,1272695.329629,0,1
0.515,0.565,0.54,0.665,0.645,0.665,0.76,0.765,0.665,0.975,0,0.6,0.67,0.635,1440,537927.00504,0,1
0.515,0.415,0.475,0.49,0.39,0.63,0.72,0.785,0.725,0.2,3,0.48,0.485,0.79,1440,963672.725072,0,0
0.505,0.555,0.5,0.65,0.57,0.635,0.72,0.585,0.53,0.035,1,0.555,0.645,0.315,1440,612291.348865,0,0
0.515,0.495,0.45,0.425,0.48,0.55,0.595,0.355,0.44,0.83,8,0.505,0.535,0.575,1440,705259.053791,0,1
0.51,0.725,0.9,0.96,0.9495,0.969,0.974,0.99,0.9975,0.9995,0,0.625,0.975,0.9985,1440,453539.828559,0,1
0.505,0.49,0.415,0.29,0.165,0.06,0.0345,0.0285,0.0345,0.0005,3,0.38,0.085,0.008,1440,770879.138082,0,0
0.505,0.5,0.415,0.595,0.685,0.365,0.24,0.545,0.605,0.935,8,0.38,0.535,0.4,1440,1003541.725615,0,1
0.505,0.705,0.7,0.76,0.685,0.55,0.37,0.215,0.35,0.065,5,0.48,0.575,0.055,1440,1040105.031402,0,0
0.505,0.275,0.225,0.295,0.385,0.11,0.355,0.54,0.79,0.93,4,0.4,0.21,0.405,1440,1342563.583286,0,1
0.505,0.45,0.4,0.215,0.21,0.4,0.64,0.51,0.3,0.625,4,0.495,0.365,0.595,1440,1136177.847208,0,0
0.51,0.465,0.415,0.455,0.48,0.48,0.405,0.435,0.38,0.88,6,0.5,0.485,0.795,1440,861422.449049,0,1
0.535,0.34,0.34,0.525,0.59,0.665,0.695,0.765,0.845,0.12,5,0.435,0.74,0.855,1440,1477315.657241,0,1
0.555,0.64,0.625,0.565,0.785,0.82,0.81,0.515,0.61,0.13,5,0.435,0.78,0.48,1440,740995.191548,0,0
0.5,0.625,0.695,0.435,0.315,0.355,0.35,0.43,0.205,0.32,1,0.56,0.275,0.22,1440,912805.586999,0,0
0.515,0.565,0.52,0.785,0.82,0.82,0.935,0.981,0.975,0.9985,0,0.625,0.74,0.9845,1440,596280.983947,0,1
0.515,0.565,0.59,0.585,0.61,0.935,0.9775,0.9785,0.973,0.9945,4,0.48,0.695,0.99,1440,608511.291902,0,1
0.5,0.475,0.57,0.505,0.25,0.105,0.05,0.0325,0.022,0.0015,3,0.565,0.21,0.055,1440,860712.308134,0,0
0.515,0.635,0.48,0.62,0.67,0.795,0.835,0.805,0.925,0.9985,2,0.53,0.75,0.99,1440,553024.813765,0,1
0.495,0.69,0.73,0.725,0.795,0.85,0.905,0.981,0.9715,0.963,1,0.595,0.81,0.9125,1440,1372496.320627,0,1
0.5,0.865,0.885,0.98,0.992,0.993,0.9945,0.993,0.9975,0.9985,0,0.73,0.992,0.9985,1440,418146.221398,0,1
0.505,0.625,0.835,0.925,0.945,0.955,0.966,0.9825,0.985,0.997,0,0.565,0.955,0.989,1440,527528.361624,0,1
0.5,0.74,0.62,0.72,0.695,0.625,0.735,0.765,0.86,0.9675,0,0.555,0.635,0.938,1440,800522.599217,0,1
0.5,0.425,0.37,0.49,0.295,0.39,0.505,0.59,0.76,0.59,6,0.425,0.32,0.91,1440,1603071.673254,0,0
0.5,0.375,0.43,0.585,0.525,0.575,0.445,0.46,0.36,0.0345,9,0.48,0.64,0.245,1440,773650.343709,0,0
0.5,0.475,0.515,0.565,0.575,0.47,0.54,0.37,0.515,0.9935,6,0.515,0.51,0.952,1440,530152.802173,0,1
0.505,0.455,0.555,0.73,0.75,0.815,0.87,0.86,0.945,0.9945,2,0.505,0.785,0.979,1440,878166.994451,0,1
0.495,0.63,0.715,0.655,0.64,0.405,0.42,0.365,0.25,0.0045,4,0.535,0.495,0.0125,1440,749263.704801,0,0
0.495,0.685,0.605,0.535,0.585,0.515,0.73,0.86,0.825,0.9885,3,0.64,0.465,0.9745,1440,827756.932237,0,1
0.505,0.43,0.515,0.38,0.39,0.265,0.245,0.125,0.11,0.012,3,0.515,0.345,0.105,1440,587549.852491,0,0
0.495,0.47,0.405,0.665,0.715,0.675,0.425,0.39,0.46,0.0165,2,0.45,0.705,0.335,1440,1268924.386581,0,0
0.5,0.425,0.38,0.405,0.425,0.375,0.44,0.735,0.955,0.925,2,0.415,0.415,0.915,1440,812470.882031,0,1
0.495,0.28,0.41,0.355,0.35,0.42,0.585,0.485,0.555,0.245,6,0.555,0.495,0.195,1440,1213850.476242,0,1
0.495,0.52,0.62,0.385,0.435,0.57,0.475,0.39,0.32,0.034,4,0.47,0.55,0.195,1440,1443258.600867,0,0
0.505,0.575,0.69,0.585,0.665,0.735,0.73,0.615,0.625,0.82,2,0.515,0.745,0.4,1440,1723036.897314,0,1
0.495,0.57,0.7,0.715,0.785,0.78,0.84,0.92,0.9725,0.9965,1,0.71,0.81,0.9935,1440,348938.908306,0,1
0.505,0.465,0.175,0.325,0.115,0.265,0.155,0.045,0.0125,0.007,3,0.465,0.135,0.013,1440,136510.39068299995,1,0
0.505,0.505,0.465,0.145,0.145,0.115,0.175,0.165,0.155,0.0075,1,0.565,0.105,0.045,1440,245676.23460400032,1,0
0.705,0.72,0.835,0.87,0.645,0.815,0.66,0.585,0.65,0.035,1,0.595,0.855,0.595,1440,91164.70952100006,1,0
0.505,0.395,0.465,0.455,0.315,0.335,0.215,0.155,0.095,0.0085,7,0.42,0.475,0.025,1440,93448.87987400008,1,0
0.505,0.515,0.515,0.44,0.555,0.66,0.57,0.37,0.42,0.03,5,0.505,0.635,0.305,1440,81089.70112499998,1,0
0.48,0.21,0.275,0.18,0.24,0.12,0.19,0.115,0.06,0.19,2,0.595,0.195,0.07,1440,67573.6909669999,1,0
0.515,0.815,0.765,0.745,0.745,0.76,0.865,0.865,0.765,0.885,0,0.725,0.695,0.76,1440,96306.73874099994,1,1
0.505,0.345,0.405,0.1,0.08,0.021,0.018,0.015,0.0035,0.0025,1,0.475,0.065,0.0005,1440,122211.899447,1,0
0.57,0.335,0.415,0.365,0.345,0.295,0.4,0.445,0.385,0.029,1,0.435,0.275,0.125,1440,81735.70143,1,0
0.58,0.495,0.285,0.33,0.165,0.125,0.175,0.095,0.395,0.055,5,0.595,0.105,0.515,1440,108075.00828899998,1,0
0.405,0.535,0.47,0.545,0.49,0.665,0.73,0.88,0.88,0.9965,5,0.575,0.505,0.955,1440,27597.678280999997,1,1
0.505,0.225,0.055,0.026,0.02,0.014,0.018,0.011,0.0045,0.0025,1,0.565,0.0125,0.0005,1440,74724.11675799995,1,0
0.5,0.415,0.555,0.485,0.515,0.48,0.335,0.295,0.395,0.025,9,0.435,0.55,0.29,1440,77623.04423199999,1,0
0.495,0.435,0.475,0.39,0.535,0.585,0.355,0.315,0.165,0.055,6,0.475,0.54,0.145,1440,116396.50352999994,1,0
0.495,0.56,0.595,0.52,0.575,0.565,0.805,0.795,0.8,0.985,5,0.61,0.49,0.735,1440,65279.59410400002,1,1
0.495,0.3,0.615,0.745,0.735,0.825,0.87,0.65,0.61,0.545,3,0.445,0.795,0.775,1440,106019.86767299996,1,1
0.6,0.525,0.535,0.125,0.075,0.065,0.0265,0.0145,0.045,0.0055,3,0.485,0.065,0.025,1440,177188.55543699994,1,0
0.505,0.535,0.535,0.535,0.36,0.675,0.645,0.78,0.815,0.835,4,0.455,0.545,0.875,1440,71228.94396099991,1,1
0.505,0.595,0.475,0.575,0.695,0.635,0.345,0.0225,0.0125,0.0065,3,0.53,0.71,0.003,1440,88632.27058500002,1,0
0.495,0.575,0.485,0.33,0.25,0.145,0.115,0.055,0.055,0.0015,2,0.605,0.225,0.046,1440,144458.119965,1,0
0.505,0.645,0.645,0.655,0.72,0.655,0.765,0.685,0.65,0.9895,2,0.575,0.495,0.61,1440,60895.54770299997,1,1
0.55,0.65,0.71,0.625,0.785,0.915,0.895,0.9745,0.9345,0.705,2,0.52,0.825,0.485,1440,100504.23694000012,1,0
0.5,0.545,0.565,0.59,0.28,0.26,0.175,0.09,0.05,0.0045,3,0.495,0.25,0.0105,1440,43843.64568500001,1,0
0.445,0.585,0.34,0.69,0.61,0.325,0.295,0.285,0.26,0.0085,4,0.495,0.3,0.07,1440,69587.80629999995,1,0
0.495,0.65,0.655,0.64,0.61,0.725,0.75,0.745,0.66,0.935,1,0.545,0.71,0.84,1440,74060.864354,1,1
0.5,0.745,0.695,0.71,0.82,0.83,0.885,0.915,0.95,0.985,2,0.47,0.86,0.976,1440,33859.424143000004,1,1
0.5,0.53,0.475,0.495,0.415,0.36,0.29,0.375,0.555,0.255,3,0.5,0.34,0.185,1440,155419.96810799994,1,1
0.495,0.395,0.43,0.415,0.22,0.195,0.285,0.14,0.125,0.0005,0,0.49,0.18,0.018,1440,46482.85862099999,1,0
0.455,0.425,0.52,0.295,0.42,0.315,0.375,0.845,0.86,0.065,4,0.385,0.45,0.27,1440,71863.69067799998,1,0
0.455,0.58,0.49,0.445,0.595,0.765,0.775,0.74,0.855,0.9645,5,0.535,0.665,0.95,1440,41932.25903999999,1,1
0.5,0.525,0.515,0.44,0.72,0.93,0.855,0.915,0.625,0.986,4,0.505,0.855,0.64,1440,123031.2351850001,1,1
0.555,0.54,0.555,0.635,0.43,0.365,0.425,0.71,0.78,0.9855,4,0.535,0.38,0.89,1440,100463.07976699981,1,1
0.5,0.455,0.17,0.255,0.29,0.32,0.405,0.355,0.21,0.265,3,0.395,0.395,0.415,1440,99430.93806799999,1,0
0.505,0.45,0.495,0.415,0.54,0.685,0.665,0.775,0.84,0.995,2,0.44,0.535,0.9845,1440,422502.325928,1,1
0.555,0.305,0.275,0.345,0.495,0.215,0.255,0.38,0.3,0.29,5,0.47,0.335,0.375,1440,80292.78099300001,1,0
0.445,0.64,0.635,0.59,0.635,0.88,0.895,0.965,0.9545,0.9245,1,0.545,0.785,0.8585,1440,288603.0369800002,1,0
0.42,0.645,0.665,0.78,0.77,0.695,0.57,0.65,0.5,0.545,1,0.545,0.705,0.605,1440,45046.07169100002,1,1
0.495,0.61,0.605,0.68,0.84,0.815,0.255,0.2,0.145,0.0175,2,0.47,0.875,0.045,1440,84721.30678200003,1,0
0.695,0.525,0.565,0.64,0.575,0.665,0.825,0.89,0.92,0.9945,0,0.51,0.595,0.935,1440,69093.31929000003,1,1
0.5,0.485,0.55,0.4,0.44,0.4,0.355,0.4,0.24,0.155,3,0.45,0.425,0.23,1440,85005.51248699994,1,0
0.505,0.325,0.45,0.485,0.505,0.255,0.275,0.215,0.465,0.075,3,0.455,0.385,0.2,1440,117180.79864900005,1,0
0.5,0.44,0.4,0.28,0.23,0.11,0.125,0.017,0.0155,0.0015,1,0.38,0.155,0.0065,1440,38090.19958600001,1,0
0.47,0.49,0.485,0.595,0.86,0.865,0.955,0.965,0.9865,0.9995,3,0.455,0.855,0.9985,1440,79335.69338900004,1,1
0.645,0.68,0.57,0.57,0.51,0.545,0.595,0.68,0.68,0.525,0,0.645,0.51,0.525,1440,169109.34143299982,1,1
0.5,0.5,0.5,0.5,0.28,0.28,0.28,0.28,0.32,0.385,1,0.5,0.28,0.385,1440,41381.90828500001,1,0
0.5,0.39,0.435,0.415,0.37,0.225,0.18,0.065,0.13,0.065,1,0.505,0.275,0.135,1440,98659.77494599999,1,0
0.3,0.315,0.395,0.415,0.105,0.115,0.095,0.017,0.0125,0.0005,2,0.555,0.105,0.0005,1440,63119.37914199996,1,0
0.4,0.4,0.535,0.535,0.37,0.4,0.43,0.69,0.555,0.9985,3,0.4,0.37,0.9985,1440,144643.14863899996,1,1
0.505,0.655,0.68,0.7,0.66,0.7,0.735,0.61,0.565,0.0865,1,0.55,0.725,0.18,1440,182247.10792099996,1,1
0.9815,0.9815,0.9815,0.9815,0.984,0.984,0.984,0.984,0.984,0.99,0,0.9815,0.984,0.99,1440,86260.21208099998,1,1
0.51,0.595,0.65,0.545,0.64,0.55,0.64,0.5,0.52,0.845,0,0.605,0.58,0.625,1440,75112.58166799996,1,1
0.5,0.595,0.805,0.825,0.265,0.195,0.155,0.12,0.045,0.005,1,0.58,0.295,0.0515,1440,70346.34401099998,1,0
0.665,0.665,0.705,0.705,0.705,0.695,0.695,0.695,0.835,0.825,0,0.665,0.705,0.835,1440,54186.964599000006,1,1
0.26,0.14,0.14,0.155,0.23,0.23,0.465,0.465,0.9,0.9,1,0.26,0.23,0.9,1440,140052.47241099988,1,1
0.46,0.315,0.305,0.22,0.225,0.195,0.165,0.235,0.095,0.0345,0,0.46,0.175,0.095,1440,135168.795484,1,1
0.515,0.545,0.545,0.986,0.986,0.9945,0.9945,0.9955,0.998,0.9955,0,0.62,0.986,0.998,1440,67612.66158900002,1,1
0.32,0.365,0.325,0.165,0.12,0.12,0.075,0.036,0.036,0.008,0,0.32,0.12,0.02,1440,61793.96328600002,1,0
0.9,0.9,0.945,0.95,0.96,0.9645,0.984,0.986,0.9865,0.987,0,0.9,0.9645,0.9865,1440,69424.97013100001,1,1
0.535,0.535,0.535,0.495,0.495,0.495,0.495,0.47,0.265,0.265,1,0.535,0.495,0.265,1440,234492.03249900005,1,0
0.5,0.495,0.47,0.535,0.535,0.535,0.645,0.645,0.645,0.585,2,0.5,0.535,0.645,1440,148719.37434200002,1,1
0.545,0.505,0.54,0.455,0.425,0.475,0.62,0.56,0.32,0.295,5,0.43,0.46,0.21,1440,94487.46349599998,1,0
0.66,0.52,0.54,0.54,0.26,0.075,0.0375,0.015,0.0055,0.006,3,0.565,0.125,0.0055,1440,80962.69783500004,1,0
0.685,0.735,0.735,0.855,0.755,0.86,0.905,0.96,0.964,0.967,0,0.685,0.755,0.977,1440,50380.167336000006,1,1
0.505,0.505,0.26,0.24,0.26,0.415,0.415,0.415,0.09,0.09,1,0.505,0.465,0.09,1440,167018.46772499994,1,0
0.495,0.535,0.53,0.53,0.53,0.63,0.865,0.865,0.9,0.945,1,0.495,0.53,0.935,1440,166839.65193799994,1,1
0.5,0.465,0.46,0.22,0.29,0.26,0.245,0.14,0.14,0.012,1,0.48,0.33,0.0185,1440,78832.03158300003,1,0
0.5,0.47,0.48,0.55,0.53,0.545,0.725,0.75,0.775,0.9925,6,0.49,0.52,0.97,1440,107762.81570900002,1,1
0.5,0.365,0.465,0.44,0.54,0.365,0.445,0.215,0.04,0.0005,3,0.38,0.445,0.0025,1440,93046.77847299997,1,0
0.5,0.51,0.535,0.56,0.525,0.4,0.195,0.05,0.0225,0.005,1,0.57,0.4,0.0105,1440,0.0,1,0
0.5,0.405,0.59,0.64,0.695,0.77,0.77,0.93,0.935,0.9835,2,0.46,0.705,0.965,1440,0.0,1,1
0.505,0.705,0.69,0.655,0.565,0.56,0.645,0.82,0.845,0.59,0,0.525,0.555,0.605,1440,0.0,1,1
0.505,0.445,0.375,0.335,0.295,0.385,0.205,0.185,0.845,0.998,2,0.485,0.375,0.976,1440,0.0,1,1
0.5,0.495,0.535,0.095,0.105,0.215,0.11,0.0275,0.006,0.0015,3,0.435,0.19,0.0035,1440,0.0,1,0
0.5,0.395,0.47,0.635,0.68,0.765,0.835,0.91,0.935,0.975,2,0.51,0.78,0.976,1440,0.0,1,1
0.5,0.54,0.655,0.63,0.705,0.725,0.68,0.735,0.765,0.78,0,0.5,0.685,0.655,1440,0.0,1,1
0.5,0.475,0.61,0.55,0.595,0.56,0.46,0.55,0.315,0.0095,5,0.485,0.69,0.1,1440,0.0,1,0
0.485,0.585,0.56,0.505,0.56,0.585,0.555,0.64,0.045,0.0055,2,0.55,0.67,0.0265,1440,0.0,1,0
0.49,0.735,0.83,0.87,0.9,0.73,0.755,0.8,0.905,0.9935,1,0.615,0.77,0.94,1440,0.0,1,1
0.505,0.525,0.695,0.89,0.915,0.973,0.9745,0.9845,0.9955,0.9985,2,0.49,0.96,0.9965,1440,0.0,1,1
0.485,0.52,0.605,0.72,0.66,0.82,0.86,0.945,0.9765,0.9625,1,0.52,0.745,0.9015,1440,0.0,1,1
0.485,0.27,0.25,0.15,0.12,0.085,0.0365,0.022,0.0165,0.0025,2,0.525,0.15,0.0115,1440,0.0,1,0
0.505,0.375,0.435,0.505,0.795,0.775,0.69,0.87,0.91,0.988,2,0.435,0.725,0.9905,1440,0.0,1,1
0.495,0.655,0.625,0.515,0.47,0.275,0.31,0.475,0.71,0.385,4,0.61,0.285,0.715,1440,0.0,1,1
0.5,0.275,0.275,0.235,0.22,0.21,0.115,0.06,0.045,0.155,1,0.5,0.135,0.145,1440,0.0,1,0
0.47,0.555,0.365,0.445,0.64,0.685,0.765,0.9,0.83,0.986,3,0.415,0.535,0.68,1440,0.0,1,1
0.505,0.445,0.595,0.48,0.525,0.735,0.775,0.905,0.88,0.996,4,0.475,0.62,0.9655,1440,0.0,1,1
0.5,0.46,0.42,0.44,0.43,0.18,0.215,0.315,0.19,0.0205,1,0.5,0.22,0.075,1440,0.0,1,0
0.5,0.59,0.595,0.605,0.64,0.585,0.665,0.75,0.75,0.86,4,0.47,0.565,0.875,1440,0.0,1,1
0.41,0.56,0.505,0.47,0.52,0.42,0.475,0.355,0.1,0.0035,6,0.485,0.435,0.1,1440,0.0,1,0
0.49,0.67,0.55,0.42,0.375,0.335,0.235,0.605,0.46,0.0155,4,0.515,0.465,0.26,1440,0.0,1,0
0.5,0.53,0.425,0.475,0.49,0.43,0.695,0.945,0.94,0.997,6,0.5,0.355,0.9835,1440,143444.935393,1,1
0.315,0.335,0.28,0.225,0.18,0.12,0.041,0.0335,0.022,0.0055,0,0.375,0.135,0.0115,1440,103182.847524,1,0
0.495,0.4,0.285,0.43,0.38,0.495,0.275,0.32,0.195,0.9805,5,0.44,0.5,0.59,1440,172875.054512,1,1
0.495,0.755,0.815,0.855,0.965,0.965,0.974,0.95,0.954,0.999,1,0.515,0.968,0.9825,1440,0.0,1,1
0.5,0.425,0.42,0.52,0.505,0.345,0.0455,0.0395,0.025,0.0245,5,0.505,0.44,0.025,1440,210980.25679,1,0
0.495,0.74,0.745,0.675,0.765,0.865,0.835,0.415,0.235,0.0245,2,0.585,0.85,0.06,1440,143179.354046,1,0
0.515,0.65,0.77,0.595,0.555,0.655,0.57,0.695,0.74,0.22,1,0.64,0.72,0.58,1440,263640.795453,1,0
0.495,0.47,0.48,0.46,0.905,0.75,0.81,0.94,0.972,0.996,5,0.485,0.855,0.994,1440,146830.733731,1,1
0.5,0.34,0.35,0.37,0.22,0.125,0.105,0.075,0.0445,0.0235,1,0.365,0.16,0.05,1440,126968.587401,1,0
0.5,0.435,0.48,0.53,0.065,0.045,0.08,0.165,0.165,0.014,3,0.42,0.05,0.0535,1440,106513.797857,1,0
0.5,0.51,0.44,0.35,0.335,0.325,0.325,0.305,0.135,0.013,1,0.515,0.325,0.026,1440,80992.919088,1,0
0.5,0.49,0.61,0.48,0.515,0.45,0.445,0.76,0.795,0.9925,8,0.495,0.45,0.965,1440,121697.881755,1,1
0.5,0.635,0.69,0.76,0.73,0.77,0.815,0.835,0.8,0.965,2,0.49,0.65,0.795,1440,280794.482422,1,1
0.505,0.32,0.305,0.39,0.485,0.505,0.615,0.35,0.215,0.0245,5,0.53,0.49,0.1,1440,143925.410755,1,0
0.515,0.62,0.65,0.525,0.56,0.665,0.82,0.705,0.56,0.67,6,0.415,0.675,0.39,1440,772537.751343,1,0
0.495,0.495,0.675,0.685,0.695,0.515,0.625,0.43,0.45,0.375,6,0.53,0.605,0.2,1440,437112.527068,1,1
0.505,0.205,0.25,0.255,0.17,0.16,0.205,0.185,0.495,0.008,1,0.31,0.245,0.06,1440,803757.970183,1,0
0.505,0.525,0.535,0.49,0.305,0.585,0.62,0.26,0.035,0.0045,5,0.485,0.46,0.016,1440,465061.367458,1,0
0.52,0.52,0.49,0.49,0.43,0.43,0.545,0.855,0.7895,0.9905,2,0.525,0.45,0.9675,1440,812900.073346,1,1
0.505,0.62,0.615,0.695,0.785,0.715,0.725,0.89,0.905,0.9965,0,0.53,0.775,0.9755,1440,510686.055854,1,1
0.5,0.705,0.815,0.775,0.785,0.86,0.855,0.945,0.935,0.94,0,0.585,0.835,0.965,1440,395334.629685,1,0
0.495,0.465,0.405,0.515,0.455,0.185,0.1,0.055,0.065,0.0185,4,0.585,0.405,0.0275,1440,183527.910274,1,0
0.5,0.67,0.64,0.505,0.575,0.24,0.075,0.065,0.045,0.016,1,0.645,0.335,0.0265,1440,192012.675483,1,0
0.49,0.66,0.545,0.5,0.48,0.57,0.355,0.135,0.145,0.125,4,0.53,0.525,0.135,1440,281916.987574,1,1
0.49,0.695,0.745,0.695,0.725,0.73,0.745,0.85,0.959,0.9795,1,0.55,0.685,0.9785,1440,185151.845187,1,1
0.475,0.67,0.63,0.7,0.705,0.845,0.475,0.275,0.66,0.91,5,0.655,0.835,0.315,1440,496255.07096,1,1
0.525,0.315,0.145,0.18,0.205,0.355,0.145,0.18,0.145,0.35,1,0.405,0.145,0.39,1440,503785.09494,1,1
0.5,0.66,0.425,0.525,0.395,0.275,0.22,0.23,0.135,0.01,5,0.435,0.29,0.045,1440,605476.676412,1,0
0.505,0.365,0.68,0.505,0.565,0.655,0.755,0.67,0.53,0.007,5,0.325,0.68,0.07,1440,540766.183883,1,0
0.495,0.355,0.395,0.455,0.185,0.245,0.26,0.08,0.115,0.0245,0,0.48,0.39,0.025,1440,274684.566125,1,0
0.52,0.565,0.46,0.47,0.33,0.115,0.185,0.35,0.56,0.9755,4,0.545,0.24,0.69,1440,457988.298218,1,1
0.505,0.17,0.235,0.34,0.3,0.135,0.065,0.0255,0.021,0.0085,1,0.225,0.235,0.0115,1440,239363.458617,1,0
0.495,0.66,0.4,0.385,0.345,0.27,0.12,0.0305,0.014,0.003,2,0.47,0.25,0.011,1440,287965.725442,1,0
0.495,0.315,0.41,0.31,0.095,0.105,0.09,0.049,0.0365,0.009,0,0.445,0.12,0.019,1440,180874.144519,1,0
0.505,0.595,0.635,0.575,0.25,0.18,0.205,0.095,0.042,0.0055,1,0.595,0.225,0.016,1440,161320.111251,1,0
0.505,0.47,0.67,0.745,0.69,0.665,0.675,0.825,0.855,0.865,2,0.235,0.65,0.81,1440,310941.86062,1,1
0.505,0.63,0.67,0.62,0.78,0.76,0.74,0.535,0.685,0.955,0,0.555,0.76,0.71,1440,257919.18199,1,1
0.5,0.185,0.18,0.235,0.35,0.34,0.565,0.52,0.595,0.58,6,0.46,0.315,0.8,1440,626843.182046,1,1
0.505,0.46,0.485,0.495,0.44,0.355,0.27,0.345,0.3,0.016,3,0.535,0.35,0.115,1440,231285.923788,1,0
0.505,0.455,0.28,0.325,0.42,0.43,0.34,0.43,0.44,0.145,1,0.67,0.47,0.285,1440,379390.958996,1,0
0.515,0.59,0.55,0.59,0.6,0.735,0.575,0.405,0.44,0.705,4,0.615,0.785,0.23,1440,350574.330437,1,1
0.515,0.9645,0.969,0.9445,0.9645,0.9625,0.968,0.977,0.966,0.9415,0,0.52,0.9655,0.85,1440,275433.25531,1,1
0.515,0.445,0.43,0.25,0.24,0.385,0.23,0.165,0.0535,0.38,1,0.47,0.32,0.2175,1440,295589.110245,1,0
0.515,0.5,0.46,0.26,0.315,0.155,0.038,0.0175,0.014,0.004,3,0.505,0.27,0.007,1440,248087.90245,1,0
0.485,0.565,0.55,0.235,0.0355,0.0285,0.0225,0.034,0.024,0.004,2,0.57,0.038,0.004,1440,144536.266479,1,0
0.47,0.485,0.45,0.37,0.35,0.465,0.36,0.63,0.6,0.9,3,0.51,0.49,0.665,1440,279690.53242,1,1
0.485,0.5,0.74,0.76,0.765,0.79,0.825,0.905,0.967,0.993,1,0.57,0.79,0.9835,1440,150482.82692,1,1
0.485,0.295,0.3,0.385,0.3,0.31,0.285,0.16,0.235,0.0055,0,0.34,0.195,0.08,1440,141980.644804,1,0
0.485,0.51,0.54,0.31,0.215,0.17,0.24,0.5,0.545,0.0835,6,0.4,0.16,0.25,1440,194931.319446,1,0
0.34,0.675,0.655,0.9675,0.9645,0.9745,0.9795,0.9885,0.9775,0.9955,1,0.485,0.974,0.9925,1440,140261.393793,1,1
0.485,0.46,0.29,0.29,0.3,0.505,0.44,0.56,0.66,0.9755,3,0.375,0.44,0.68,1440,182217.075413,1,1
0.495,0.47,0.45,0.445,0.715,0.72,0.545,0.28,0.345,0.46,4,0.49,0.705,0.22,1440,437855.821128,1,1
0.505,0.48,0.42,0.48,0.49,0.57,0.505,0.675,0.795,0.9395,4,0.49,0.555,0.945,1440,180691.927401,1,1
0.515,0.135,0.12,0.07,0.07,0.0435,0.0595,0.085,0.0315,0.0155,1,0.38,0.034,0.0155,1440,180309.698344,1,0
0.515,0.46,0.51,0.49,0.44,0.49,0.445,0.3,0.215,0.315,7,0.585,0.49,0.095,1440,220710.721729,1,1
0.515,0.455,0.47,0.6,0.53,0.41,0.3,0.26,0.08,0.0205,3,0.49,0.49,0.027,1440,102596.660951,1,0
0.5,0.37,0.64,0.555,0.63,0.51,0.565,0.25,0.185,0.004,5,0.275,0.56,0.055,1440,148196.885035,1,0
0.5,0.68,0.765,0.68,0.7,0.74,0.74,0.85,0.915,0.9805,0,0.63,0.76,0.9685,1440,137534.821582,1,1
0.505,0.455,0.52,0.66,0.77,0.57,0.635,0.79,0.785,0.9755,2,0.495,0.745,0.795,1440,189122.062191,1,1
0.5,0.525,0.6,0.845,0.77,0.86,0.815,0.885,0.865,0.96,0,0.51,0.835,0.92,1440,159813.837802,1,1
0.475,0.43,0.475,0.43,0.42,0.225,0.08,0.085,0.09,0.017,2,0.435,0.4,0.035,1440,99948.377533,1,0
0.5,0.62,0.565,0.685,0.675,0.79,0.805,0.945,0.94,0.9885,0,0.565,0.74,0.96,1440,114361.531579,1,1
0.5,0.485,0.56,0.57,0.59,0.595,0.565,0.695,0.75,0.945,6,0.495,0.58,0.795,1440,60523.407909,1,1
0.495,0.415,0.385,0.365,0.47,0.41,0.41,0.46,0.54,0.54,1,0.46,0.38,0.625,1440,255307.356997,1,0
0.39,0.485,0.5,0.51,0.42,0.545,0.63,0.845,0.875,0.987,5,0.53,0.615,0.955,1440,127059.309989,1,1
0.5,0.45,0.475,0.555,0.85,0.935,0.905,0.71,0.395,0.34,3,0.525,0.935,0.32,1440,188335.935388,1,0
0.5,0.585,0.645,0.75,0.76,0.69,0.74,0.82,0.815,0.9785,0,0.57,0.72,0.93,1440,87777.55404,1,1
0.505,0.62,0.645,0.695,0.72,0.785,0.82,0.81,0.89,0.97,0,0.57,0.755,0.945,1440,77733.349739,1,1
0.505,0.55,0.485,0.23,0.65,0.68,0.575,0.74,0.765,0.095,3,0.53,0.66,0.185,1440,170849.125385,1,0
0.515,0.55,0.59,0.5,0.61,0.52,0.52,0.24,0.3,0.93,4,0.475,0.54,0.31,1440,197846.235624,1,1
0.505,0.425,0.605,0.595,0.36,0.295,0.295,0.21,0.265,0.035,3,0.29,0.34,0.06,1440,124936.821268,1,0
0.475,0.245,0.265,0.435,0.23,0.135,0.09,0.065,0.035,0.0055,0,0.46,0.22,0.015,1440,58171.926543,1,0
0.495,0.53,0.455,0.685,0.62,0.735,0.77,0.855,0.91,0.975,3,0.49,0.675,0.955,1440,93779.499625,1,1
0.485,0.5,0.505,0.51,0.39,0.45,0.52,0.715,0.65,0.38,4,0.5,0.45,0.335,1440,248237.441523,1,1
0.495,0.6,0.57,0.57,0.66,0.675,0.695,0.71,0.88,0.84,1,0.365,0.695,0.82,1440,139435.155111,1,1
0.515,0.065,0.12,0.105,0.115,0.41,0.56,0.62,0.635,0.815,2,0.2,0.41,0.815,1440,157015.509231,1,1
0.5,0.32,0.31,0.355,0.35,0.265,0.295,0.445,0.54,0.9655,2,0.425,0.315,0.935,1440,48082.290795,1,1
0.505,0.545,0.58,0.575,0.635,0.46,0.585,0.37,0.4,0.235,7,0.435,0.57,0.89,1440,91328.869129,1,0
0.515,0.32,0.32,0.3,0.295,0.19,0.175,0.24,0.255,0.155,1,0.32,0.2,0.165,1440,103767.44394,1,0
0.515,0.495,0.44,0.405,0.61,0.63,0.695,0.88,0.9,0.012,5,0.455,0.56,0.125,1440,117568.81129,1,0
0.515,0.525,0.555,0.6,0.64,0.565,0.6,0.545,0.425,0.135,3,0.46,0.55,0.245,1440,117126.93782,1,0
0.515,0.53,0.585,0.64,0.645,0.7,0.745,0.925,0.915,0.979,2,0.485,0.7,0.955,1440,201314.374864,1,1
0.505,0.58,0.795,0.585,0.855,0.845,0.87,0.905,0.915,0.0205,1,0.525,0.825,0.925,1440,221605.473396,1,0
0.36,0.63,0.47,0.23,0.065,0.0405,0.0395,0.029,0.026,0.0025,2,0.565,0.0435,0.0195,1440,94275.263046,1,0
0.345,0.46,0.28,0.285,0.265,0.295,0.3,0.235,0.265,0.11,2,0.515,0.25,0.16,1440,188897.446248,1,0
0.5,0.56,0.68,0.57,0.475,0.53,0.62,0.55,0.77,0.99,4,0.565,0.515,0.635,1440,154775.064035,1,1
0.545,0.83,0.685,0.61,0.805,0.895,0.925,0.967,0.942,0.9745,2,0.725,0.875,0.95,1440,203790.624842,1,1
0.5,0.38,0.465,0.475,0.52,0.46,0.35,0.345,0.475,0.2275,3,0.53,0.475,0.02,1440,190000.97074,1,0
0.5,0.545,0.45,0.49,0.51,0.6,0.47,0.53,0.54,0.825,6,0.52,0.58,0.935,1440,298233.123242,1,1
0.29,0.29,0.295,0.365,0.55,0.385,0.51,0.24,0.2,0.0135,4,0.45,0.47,0.06,1440,196250.890022,1,0
0.47,0.65,0.79,0.88,0.95,0.91,0.93,0.9555,0.936,0.997,1,0.635,0.935,0.9,1440,246690.011444,1,1
0.485,0.54,0.45,0.485,0.63,0.78,0.81,0.845,0.93,0.988,5,0.53,0.77,0.94,1440,180097.294196,1,1
0.515,0.525,0.745,0.775,0.82,0.86,0.885,0.95,0.9685,0.9965,0,0.52,0.86,0.9965,1440,110212.229905,1,1
0.5,0.475,0.41,0.0305,0.015,0.0045,0.0035,0.0045,0.0045,0.0005,1,0.5,0.0105,0.0005,1440,144926.134521,1,0
0.5,0.39,0.435,0.46,0.4,0.37,0.54,0.6,0.805,0.95,4,0.3,0.435,0.94,1440,194558.630503,1,1
0.495,0.695,0.615,0.635,0.585,0.645,0.305,0.18,0.145,0.0895,2,0.575,0.71,0.03,1440,177067.647679,1,0
0.495,0.565,0.56,0.47,0.455,0.53,0.365,0.83,0.66,0.9795,5,0.495,0.48,0.91,1440,236091.765446,1,1
0.5,0.825,0.81,0.875,0.895,0.885,0.945,0.9745,0.879,0.996,0,0.79,0.92,0.9655,1440,110944.861026,1,1
0.5,0.47,0.5,0.62,0.64,0.59,0.6,0.36,0.26,0.415,7,0.52,0.49,0.275,1440,131786.060053,1,1
0.515,0.82,0.83,0.81,0.78,0.82,0.725,0.745,0.87,0.89,0,0.755,0.73,0.67,1440,183314.012602,1,1
0.505,0.59,0.66,0.455,0.67,0.78,0.65,0.5,0.53,0.94,6,0.47,0.61,0.75,1440,166338.647232,1,1
0.505,0.49,0.475,0.61,0.845,0.9,0.775,0.89,0.97,0.992,2,0.485,0.9,0.9685,1440,122779.146318,1,1
0.51,0.475,0.53,0.525,0.465,0.39,0.485,0.1,0.095,0.0795,7,0.56,0.455,0.245,1440,219062.066313,1,0
0.505,0.465,0.565,0.51,0.24,0.295,0.105,0.075,0.1,0.0145,5,0.425,0.325,0.0845,1440,195812.926731,1,0
0.515,0.27,0.63,0.755,0.845,0.84,0.875,0.835,0.885,0.5,2,0.39,0.85,0.83,1440,262566.251505,1,0
0.355,0.47,0.31,0.3,0.335,0.08,0.205,0.175,0.2,0.0095,2,0.435,0.12,0.045,1440,134410.61361,1,0
0.505,0.125,0.145,0.175,0.1,0.13,0.13,0.205,0.13,0.245,1,0.295,0.135,0.09,1440,282004.904149,1,1
0.505,0.605,0.535,0.745,0.795,0.915,0.945,0.96,0.955,0.935,2,0.545,0.89,0.9355,1440,273453.576789,1,1
0.5,0.545,0.35,0.31,0.575,0.6,0.715,0.85,0.315,0.025,3,0.62,0.525,0.275,1440,207582.103668,1,0
0.505,0.41,0.24,0.145,0.31,0.21,0.165,0.085,0.035,0.0205,1,0.32,0.19,0.0405,1440,156187.054964,1,0
0.5,0.18,0.13,0.165,0.245,0.14,0.185,0.07,0.0605,0.015,1,0.335,0.1,0.0695,1440,232009.280591,1,0
0.5,0.53,0.6,0.555,0.66,0.93,0.9535,0.9375,0.95,0.33,1,0.595,0.84,0.81,1440,240251.670431,1,0
0.5,0.395,0.27,0.24,0.275,0.32,0.22,0.775,0.865,0.035,3,0.51,0.315,0.61,1440,256441.558736,1,0
0.485,0.61,0.545,0.705,0.81,0.58,0.56,0.71,0.565,0.055,2,0.595,0.81,0.46,1440,314882.796425,1,0
0.5,0.67,0.68,0.825,0.83,0.81,0.84,0.89,0.865,0.33,3,0.46,0.83,0.61,1440,362894.178353,1,1
0.505,0.61,0.695,0.595,0.51,0.76,0.875,0.79,0.964,0.997,0,0.66,0.56,0.9845,1440,127597.02949,1,1
0.5,0.935,0.955,0.945,0.965,0.9785,0.972,0.969,0.971,0.9795,0,0.795,0.983,0.9795,1440,132479.292454,1,1
0.515,0.65,0.665,0.67,0.74,0.835,0.825,0.475,0.21,0.69,2,0.63,0.74,0.515,1440,258813.918209,1,1
0.505,0.6,0.565,0.425,0.485,0.325,0.27,0.305,0.125,0.0055,3,0.52,0.635,0.035,1440,144617.72944,1,0
0.5,0.11,0.12,0.11,0.225,0.185,0.175,0.055,0.15,0.24,1,0.39,0.205,0.075,1440,467261.967247,1,1
0.515,0.56,0.49,0.54,0.595,0.16,0.115,0.065,0.055,0.007,3,0.655,0.58,0.1255,1440,157273.705713,1,0
0.505,0.495,0.505,0.505,0.25,0.08,0.045,0.015,0.0155,0.0005,5,0.51,0.11,0.0095,1440,126743.214228,1,0
0.495,0.46,0.405,0.37,0.455,0.64,0.685,0.285,0.4,0.045,4,0.385,0.655,0.135,1440,204712.518236,1,0
0.505,0.48,0.54,0.46,0.42,0.595,0.53,0.72,0.795,0.88,4,0.345,0.545,0.765,1440,225250.138845,1,1
0.515,0.36,0.46,0.645,0.78,0.86,0.79,0.875,0.935,0.982,2,0.54,0.75,0.97,1440,127615.244523,1,1
0.505,0.42,0.51,0.35,0.425,0.245,0.35,0.265,0.155,0.0045,3,0.55,0.485,0.006,1440,135041.34132,1,0
0.485,0.55,0.17,0.145,0.135,0.18,0.195,0.13,0.045,0.015,2,0.625,0.165,0.045,1440,114148.090701,1,0
0.495,0.645,0.355,0.295,0.345,0.195,0.215,0.195,0.15,0.028,2,0.635,0.2,0.345,1440,222694.084759,1,0
0.525,0.515,0.465,0.805,0.89,0.935,0.9695,0.8895,0.9105,0.9875,4,0.45,0.92,0.968,1440,127517.952907,1,1
0.495,0.65,0.585,0.64,0.52,0.565,0.625,0.915,0.9855,0.995,3,0.49,0.485,0.993,1440,63113.175496,1,1
0.5,0.615,0.785,0.795,0.81,0.79,0.835,0.935,0.97,0.9845,0,0.5,0.765,0.9825,1440,62427.199909,1,1
0.505,0.48,0.33,0.405,0.505,0.835,0.88,0.85,0.83,0.8,2,0.625,0.56,0.915,1440,150698.808186,1,1
0.505,0.37,0.305,0.39,0.43,0.48,0.715,0.77,0.65,0.61,2,0.49,0.44,0.605,1440,145424.04878,1,1
0.485,0.29,0.125,0.035,0.032,0.0465,0.0285,0.0285,0.0205,0.0045,0,0.345,0.0335,0.015,1440,86564.786745,1,0
0.5,0.515,0.59,0.515,0.38,0.09,0.14,0.0355,0.089,0.8895,4,0.435,0.265,0.013,1440,284752.570722,1,1
0.49,0.59,0.585,0.52,0.365,0.79,0.87,0.84,0.83,0.987,3,0.505,0.695,0.905,1440,138794.529066,1,1
0.515,0.55,0.55,0.56,0.48,0.66,0.54,0.745,0.845,0.995,6,0.455,0.67,0.985,1440,166897.838893,1,1
0.525,0.6,0.68,0.6,0.775,0.69,0.85,0.89,0.935,0.9935,2,0.445,0.795,0.9595,1440,137932.460536,1,1
0.515,0.565,0.39,0.515,0.615,0.615,0.27,0.08,0.145,0.003,3,0.705,0.675,0.085,1440,130066.448762,1,0
0.515,0.57,0.43,0.515,0.6,0.575,0.755,0.695,0.85,0.81,4,0.49,0.69,0.76,1440,154048.788308,1,0
0.7,0.635,0.635,0.675,0.645,0.685,0.705,0.83,0.635,0.06,1,0.555,0.54,0.385,1440,255915.545927,1,0
0.515,0.76,0.885,0.835,0.785,0.365,0.125,0.06,0.0475,0.007,1,0.585,0.59,0.0095,1440,62653.116711,1,0
0.515,0.665,0.735,0.78,0.89,0.825,0.91,0.94,0.705,0.9355,0,0.64,0.805,0.9755,1440,144933.571197,1,1
0.525,0.49,0.185,0.22,0.17,0.395,0.535,0.63,0.44,0.995,8,0.5,0.19,0.33,1440,170084.97563,1,1
0.515,0.35,0.045,0.0655,0.0585,0.054,0.02,0.004,0.006,0.001,1,0.56,0.0575,0.006,1440,84494.27857,1,0
0.515,0.48,0.585,0.705,0.755,0.635,0.555,0.535,0.69,0.13,5,0.37,0.655,0.805,1440,205318.155577,1,0
0.505,0.76,0.715,0.805,0.655,0.575,0.435,0.075,0.14,0.015,3,0.67,0.54,0.045,1440,153284.461956,1,0
0.515,0.36,0.495,0.26,0.39,0.27,0.24,0.335,0.33,0.03,1,0.475,0.36,0.21,1440,148334.790956,1,0
0.455,0.62,0.545,0.51,0.485,0.66,0.445,0.515,0.725,0.015,6,0.5,0.525,0.715,1440,227699.275586,1,0
0.5,0.435,0.375,0.42,0.475,0.45,0.64,0.76,0.77,0.994,4,0.485,0.52,0.975,1440,179434.984054,1,1
0.5,0.475,0.6,0.685,0.705,0.978,0.96,0.9765,0.9925,0.994,2,0.53,0.935,0.9905,1440,156739.47746,1,1
0.49,0.35,0.445,0.31,0.115,0.135,0.195,0.06,0.0245,0.0025,0,0.425,0.135,0.0205,1440,164855.559198,1,0
0.48,0.695,0.7,0.695,0.685,0.775,0.71,0.755,0.795,0.9545,1,0.555,0.815,0.82,1440,154587.584223,1,1
0.5,0.41,0.515,0.565,0.77,0.72,0.835,0.87,0.845,0.952,4,0.48,0.725,0.97,1440,201107.666883,1,1
0.485,0.51,0.795,0.635,0.755,0.63,0.575,0.9855,0.9945,0.998,1,0.425,0.705,0.9975,1440,109094.788732,1,1
0.485,0.475,0.725,0.71,0.665,0.64,0.66,0.305,0.475,0.225,2,0.415,0.665,0.36,1440,200790.990908,1,0
0.495,0.585,0.63,0.9,0.85,0.9,0.86,0.979,0.9505,0.997,1,0.53,0.89,0.995,1440,147067.870932,1,1
0.515,0.38,0.43,0.505,0.365,0.39,0.38,0.25,0.2,0.675,4,0.445,0.39,0.465,1440,353508.125083,1,1
0.515,0.87,0.81,0.915,0.895,0.94,0.955,0.92,0.975,0.9975,0,0.675,0.925,0.991,1440,106052.217508,1,1
0.515,0.29,0.185,0.125,0.305,0.29,0.18,0.09,0.08,0.0195,1,0.31,0.34,0.2975,1440,219243.928572,1,0
0.515,0.54,0.515,0.46,0.26,0.065,0.035,0.04,0.0195,0.0045,1,0.54,0.14,0.0065,1440,97339.422044,1,0
0.515,0.41,0.475,0.42,0.55,0.315,0.49,0.515,0.515,0.69,10,0.545,0.33,0.205,1440,362409.777109,1,0
0.515,0.465,0.56,0.615,0.47,0.525,0.675,0.65,0.67,0.6,4,0.505,0.385,0.685,1440,295641.700454,1,1
0.505,0.545,0.455,0.3,0.03,0.0225,0.015,0.0025,0.0025,0.003,3,0.465,0.025,0.0015,1440,122092.476775,1,0
0.515,0.36,0.4,0.355,0.35,0.21,0.34,0.1205,0.065,0.0405,1,0.53,0.31,0.11,1440,141895.703917,1,0
0.515,0.38,0.42,0.475,0.455,0.505,0.52,0.41,0.435,0.895,6,0.555,0.445,0.385,1440,212135.377193,1,1
0.485,0.58,0.53,0.455,0.545,0.28,0.13,0.09,0.065,0.0135,6,0.58,0.455,0.05,1440,88560.244628,1,0
0.5,0.39,0.545,0.83,0.91,0.92,0.85,0.95,0.935,0.9945,2,0.5,0.915,0.9735,1440,95458.272876,1,1
0.515,0.545,0.62,0.635,0.685,0.54,0.79,0.635,0.63,0.745,2,0.49,0.62,0.69,1440,257408.342368,1,1
0.515,0.525,0.565,0.635,0.615,0.62,0.56,0.61,0.53,0.03,5,0.485,0.625,0.27,1440,109924.789752,1,0
0.53,0.59,0.65,0.605,0.67,0.795,0.76,0.205,0.185,0.0145,1,0.56,0.77,0.065,1440,126385.806662,1,0
0.475,0.455,0.535,0.595,0.64,0.56,0.63,0.65,0.275,0.01,4,0.375,0.59,0.075,1440,246340.893839,1,0
0.485,0.815,0.93,0.973,0.9755,0.9875,0.986,0.9925,0.9955,0.9985,1,0.625,0.9935,0.9975,1440,54797.285508,1,1
0.305,0.52,0.505,0.68,0.82,0.915,0.94,0.94,0.971,0.9975,1,0.5,0.86,0.9855,1440,65280.042338,1,1
0.485,0.3,0.245,0.29,0.345,0.535,0.675,0.585,0.67,0.8,1,0.445,0.39,0.77,1440,323910.371887,1,1
0.515,0.495,0.575,0.605,0.575,0.64,0.65,0.76,0.815,0.995,4,0.505,0.655,0.992,1440,114069.226157,1,1
0.515,0.435,0.505,0.525,0.465,0.5,0.475,0.635,0.595,0.975,8,0.44,0.565,0.695,1440,185768.272154,1,1
0.505,0.55,0.54,0.515,0.65,0.72,0.62,0.78,0.875,0.945,2,0.59,0.69,0.905,1440,179496.765552,1,1
0.37,0.38,0.24,0.26,0.18,0.245,0.495,0.425,0.33,0.0165,0,0.405,0.215,0.285,1440,304118.07643,1,0
0.515,0.64,0.76,0.65,0.735,0.715,0.7,0.67,0.76,0.895,0,0.57,0.77,0.77,1440,510650.066688,1,0
0.505,0.435,0.52,0.5,0.6,0.625,0.63,0.84,0.895,0.28,3,0.5,0.615,0.9935,1440,385492.379037,1,0
0.505,0.455,0.44,0.375,0.45,0.15,0.08,0.11,0.135,0.002,1,0.455,0.26,0.015,1440,215986.201503,1,0
0.505,0.49,0.54,0.595,0.595,0.67,0.545,0.775,0.87,0.999,2,0.5,0.635,0.995,1440,171184.96385,1,1
0.505,0.455,0.27,0.34,0.36,0.615,0.72,0.705,0.42,0.355,7,0.48,0.5,0.635,1440,465123.067648,1,0
0.505,0.52,0.395,0.185,0.24,0.12,0.13,0.225,0.03,0.006,3,0.46,0.185,0.01,1440,237211.911524,1,0
0.515,0.425,0.375,0.535,0.845,0.89,0.85,0.9765,0.9925,0.999,2,0.475,0.84,0.9975,1440,145572.586064,1,1
0.515,0.51,0.54,0.72,0.275,0.715,0.9,0.935,0.975,0.9925,2,0.58,0.46,0.9435,1440,309323.141405,1,1
0.515,0.42,0.335,0.51,0.305,0.37,0.295,0.04,0.042,0.0055,3,0.375,0.395,0.017,1440,274077.624067,1,0
0.505,0.335,0.32,0.1,0.105,0.2,0.225,0.21,0.215,0.0055,1,0.455,0.09,0.08,1440,392393.702564,1,0
0.505,0.56,0.67,0.69,0.6,0.805,0.7,0.745,0.83,0.975,2,0.575,0.655,0.855,1440,519673.105216,1,1
0.505,0.415,0.045,0.045,0.078,0.0655,0.0415,0.0285,0.013,0.1045,1,0.485,0.048,0.033,1440,368174.783191,1,0
0.505,0.81,0.465,0.435,0.305,0.24,0.075,0.02,0.019,0.0085,1,0.56,0.395,0.0205,1440,289536.281667,1,0
0.505,0.495,0.495,0.615,0.62,0.725,0.55,0.64,0.445,0.95,6,0.465,0.62,0.675,1440,463627.453538,1,1
0.505,0.87,0.955,0.9685,0.9525,0.9265,0.9465,0.9665,0.9685,0.9945,0,0.785,0.827,0.995,1440,338080.273302,1,1
0.495,0.58,0.52,0.465,0.57,0.645,0.695,0.805,0.665,0.9995,5,0.455,0.64,0.755,1440,628704.366655,1,1
0.5,0.595,0.77,0.73,0.74,0.64,0.685,0.575,0.605,0.61,2,0.61,0.615,0.495,1440,972477.346511,1,0
0.515,0.37,0.39,0.155,0.23,0.42,0.48,0.685,0.55,0.755,4,0.36,0.32,0.165,1440,584904.804887,1,1
0.51,0.59,0.49,0.41,0.34,0.14,0.14,0.235,0.33,0.0025,7,0.44,0.29,0.17,1440,1057023.42746,1,0
0.505,0.23,0.225,0.23,0.085,0.0255,0.005,0.007,0.008,0.0015,1,0.37,0.04,0.005,1440,357636.114852,1,0
0.505,0.54,0.62,0.615,0.535,0.9,0.835,0.986,0.9905,0.993,0,0.545,0.68,0.9985,1440,403773.900401,1,1
0.505,0.405,0.5,0.565,0.77,0.67,0.475,0.3,0.185,0.285,7,0.47,0.535,0.155,1440,885805.848541,1,0
0.505,0.295,0.265,0.305,0.45,0.52,0.625,0.53,0.59,0.01,5,0.34,0.515,0.105,1440,446554.43817,1,0
0.505,0.63,0.645,0.76,0.695,0.81,0.86,0.865,0.735,0.55,2,0.58,0.85,0.28,1440,1048445.12799,1,0
0.505,0.545,0.845,0.815,0.83,0.9695,0.926,0.9815,0.9905,0.996,2,0.48,0.935,0.9975,1440,415202.145281,1,1
0.505,0.37,0.24,0.175,0.27,0.395,0.315,0.275,0.275,0.98,2,0.44,0.335,0.765,1440,444629.096033,1,1
0.405,0.55,0.495,0.61,0.785,0.86,0.825,0.735,0.305,0.98,5,0.535,0.805,0.87,1440,566621.027606,1,1
0.495,0.595,0.76,0.7,0.83,0.705,0.59,0.605,0.245,0.64,5,0.47,0.65,0.1,1440,970160.87687,1,1
0.24,0.85,0.88,0.785,0.9,0.9815,0.989,0.993,0.993,0.9995,1,0.53,0.96,0.9965,1440,211323.762909,1,1
0.495,0.46,0.635,0.78,0.72,0.85,0.85,0.85,0.935,0.9865,1,0.405,0.87,0.9855,1440,284973.917342,1,1
0.495,0.535,0.525,0.57,0.505,0.475,0.67,0.89,0.9945,0.996,5,0.42,0.45,0.9985,1440,158521.374391,1,1
0.51,0.59,0.55,0.705,0.625,0.545,0.84,0.865,0.85,0.995,0,0.555,0.635,0.825,1440,584209.452916,1,1
0.495,0.6,0.7,0.78,0.655,0.505,0.5,0.59,0.65,0.0065,4,0.64,0.66,0.47,1440,363139.269508,1,0
0.505,0.235,0.355,0.215,0.26,0.39,0.36,0.58,0.785,0.775,2,0.555,0.415,0.885,1440,369269.649228,1,1
0.505,0.22,0.185,0.0495,0.077,0.0605,0.013,0.012,0.011,0.0005,1,0.39,0.061,0.0105,1440,148639.803006,1,0
0.505,0.44,0.285,0.19,0.175,0.13,0.085,0.0275,0.006,0.0035,1,0.555,0.19,0.005,1440,230713.284322,1,0
0.3,0.285,0.4,0.56,0.68,0.83,0.875,0.89,0.815,0.16,4,0.495,0.8,0.64,1440,726057.836645,1,0
0.505,0.545,0.52,0.645,0.645,0.72,0.81,0.665,0.48,0.97,4,0.465,0.725,0.565,1440,328347.098151,1,1
0.505,0.4,0.415,0.475,0.305,0.37,0.635,0.865,0.635,0.17,3,0.5,0.29,0.79,1440,973284.744465,1,0
0.495,0.585,0.51,0.705,0.615,0.835,0.87,0.87,0.86,0.105,2,0.485,0.755,0.71,1440,733187.810077,1,0
0.495,0.51,0.55,0.525,0.635,0.87,0.785,0.76,0.9845,0.9965,1,0.44,0.77,0.995,1440,395832.690669,1,1
0.505,0.575,0.74,0.91,0.865,0.974,0.9795,0.9895,0.99,0.9975,0,0.51,0.955,0.9965,1440,203296.179238,1,1
0.495,0.55,0.54,0.415,0.32,0.2,0.13,0.51,0.475,0.0055,4,0.365,0.115,0.34,1440,435326.400424,1,0
0.505,0.385,0.26,0.46,0.54,0.37,0.115,0.505,0.63,0.995,8,0.3,0.525,0.44,1440,648661.836332,1,1
0.505,0.49,0.465,0.63,0.605,0.6,0.4,0.19,0.215,0.0045,3,0.515,0.645,0.0145,1440,419639.542555,1,0
0.495,0.29,0.335,0.325,0.43,0.065,0.09,0.02,0.065,0.0025,0,0.38,0.235,0.006,1440,314188.280058,1,0
0.495,0.4,0.365,0.4,0.28,0.4,0.495,0.42,0.62,0.945,5,0.55,0.335,0.74,1440,494727.331416,1,1
0.495,0.505,0.575,0.72,0.795,0.955,0.964,0.988,0.986,0.9995,3,0.54,0.845,0.998,1440,296361.939715,1,1
0.495,0.515,0.28,0.385,0.355,0.65,0.515,0.39,0.29,0.015,4,0.51,0.66,0.3,1440,554354.462838,1,0
0.49,0.52,0.495,0.685,0.945,0.965,0.9825,0.9845,0.9865,0.9975,3,0.405,0.94,0.9985,1440,192591.940418,1,1
0.495,0.79,0.9,0.915,0.86,0.91,0.9805,0.9885,0.9935,0.9995,1,0.64,0.86,0.9965,1440,263253.208594,1,1
0.485,0.595,0.5,0.855,0.875,0.895,0.965,0.983,0.985,0.9995,3,0.515,0.83,0.9945,1440,331450.956557,1,1
0.505,0.515,0.495,0.395,0.4,0.79,0.68,0.835,0.88,0.9315,4,0.43,0.54,0.96,1440,804776.151207,1,1
0.505,0.415,0.475,0.52,0.33,0.27,0.34,0.235,0.255,0.12,5,0.565,0.315,0.87,1440,1451134.708965,1,1
0.535,0.675,0.525,0.7,0.76,0.85,0.875,0.855,0.965,0.9985,0,0.56,0.82,0.9945,1440,332357.365861,1,1
0.5,0.69,0.605,0.505,0.52,0.445,0.55,0.735,0.63,0.0075,7,0.555,0.51,0.1745,1440,1296196.705115,1,0
0.505,0.7,0.755,0.9755,0.9935,0.991,0.992,0.9955,0.9945,0.999,0,0.66,0.994,0.9955,1440,175658.099317,1,1
0.505,0.805,0.88,0.945,0.9795,0.9785,0.996,0.992,0.9925,0.999,0,0.55,0.9845,0.9945,1440,180303.944754,1,1
0.5,0.83,0.725,0.835,0.785,0.8,0.935,0.925,0.9745,0.994,0,0.57,0.785,0.9975,1440,308971.306293,1,1
0.505,0.56,0.49,0.565,0.44,0.58,0.725,0.7,0.895,0.974,6,0.44,0.45,0.9755,1440,351071.122863,1,1
0.515,0.32,0.405,0.585,0.54,0.615,0.545,0.63,0.54,0.04,5,0.45,0.635,0.58,1440,892022.594114,1,0
0.495,0.36,0.49,0.6,0.62,0.575,0.71,0.5,0.67,0.9955,1,0.48,0.59,0.986,1440,488459.117108,1,1
0.495,0.375,0.42,0.59,0.68,0.735,0.845,0.855,0.875,0.98,1,0.425,0.73,0.915,1440,411980.244028,1,1
0.495,0.59,0.695,0.655,0.665,0.48,0.34,0.21,0.135,0.004,2,0.505,0.525,0.014,1440,325475.007053,1,0
0.495,0.89,0.915,0.885,0.935,0.93,0.9795,0.986,0.989,0.998,1,0.815,0.915,0.9955,1440,308542.151081,1,1
0.505,0.4,0.435,0.35,0.395,0.66,0.775,0.79,0.8,0.9875,2,0.51,0.44,0.905,1440,415899.275406,1,1
0.5,0.585,0.695,0.6,0.635,0.385,0.375,0.31,0.195,0.008,1,0.5,0.585,0.095,1440,413159.432143,1,0
0.5,0.515,0.475,0.83,0.905,0.885,0.73,0.665,0.765,0.54,2,0.505,0.89,0.855,1440,925478.400627,1,1
0.5,0.48,0.405,0.465,0.385,0.365,0.46,0.65,0.885,0.54,8,0.45,0.41,0.705,1440,970305.226155,1,0
0.495,0.195,0.39,0.345,0.275,0.285,0.35,0.305,0.265,0.075,0,0.465,0.29,0.09,1440,742665.967017,1,1
0.495,0.445,0.565,0.375,0.445,0.625,0.625,0.735,0.65,0.26,4,0.46,0.595,0.405,1440,1035341.226976,1,1
0.495,0.55,0.685,0.57,0.79,0.89,0.93,0.905,0.86,0.9835,1,0.525,0.91,0.82,1440,801241.740412,1,1
0.495,0.475,0.545,0.55,0.625,0.46,0.53,0.315,0.37,0.315,6,0.665,0.57,0.415,1440,988654.998716,1,0
0.45,0.47,0.225,0.27,0.05,0.155,0.085,0.021,0.016,0.025,0,0.455,0.12,0.139,1440,9265.067939000002,2,0
0.5,0.485,0.37,0.22,0.25,0.155,0.22,0.22,0.165,0.015,1,0.56,0.2,0.065,1440,9633.309929,2,0
0.5,0.715,0.775,0.81,0.63,0.705,0.655,0.32,0.23,0.015,3,0.61,0.795,0.155,1440,10167.067797999998,2,0
0.51,0.485,0.54,0.66,0.48,0.55,0.385,0.245,0.15,0.015,7,0.45,0.71,0.035,1440,3818.473113,2,0
0.52,0.6,0.585,0.52,0.62,0.68,0.615,0.555,0.555,0.03,1,0.54,0.665,0.605,1440,3415.438439,2,0
0.35,0.33,0.28,0.32,0.57,0.415,0.435,0.37,0.33,0.61,5,0.56,0.555,0.405,1440,4747.979583000007,2,1
0.5,0.82,0.75,0.745,0.76,0.73,0.83,0.905,0.635,0.69,0,0.68,0.65,0.69,1440,5908.834634999999,2,1
0.5,0.38,0.34,0.12,0.08,0.0295,0.02,0.025,0.0145,0.0045,1,0.435,0.02,0.0065,1440,10284.928122000001,2,0
0.5,0.35,0.365,0.335,0.33,0.26,0.365,0.25,0.265,0.135,1,0.455,0.365,0.155,1440,8578.322741999998,2,1
0.41,0.41,0.305,0.22,0.085,0.095,0.115,0.06,0.13,0.0195,2,0.5,0.075,0.185,1440,15264.503652999998,2,0
0.275,0.52,0.395,0.495,0.435,0.685,0.76,0.78,0.75,0.994,5,0.565,0.425,0.93,1440,18934.791764999998,2,1
0.28,0.195,0.1,0.04,0.0265,0.0345,0.015,0.0195,0.004,0.0035,2,0.525,0.035,0.0055,1440,7708.3412439999975,2,0
0.485,0.595,0.705,0.675,0.64,0.625,0.555,0.75,0.765,0.56,1,0.44,0.665,0.815,1440,2527.0707090000005,2,1
0.48,0.47,0.535,0.535,0.625,0.735,0.6,0.675,0.345,0.525,7,0.59,0.65,0.535,1440,3573.380362,2,1
0.435,0.505,0.525,0.49,0.5,0.48,0.675,0.695,0.66,0.993,5,0.58,0.415,0.7,1440,7180.605519000001,2,1
0.41,0.405,0.645,0.735,0.685,0.745,0.785,0.71,0.62,0.46,4,0.52,0.725,0.78,1440,26374.257742,2,1
0.5,0.575,0.55,0.53,0.37,0.635,0.65,0.69,0.735,0.325,3,0.525,0.525,0.45,1440,10857.655262000002,2,0
0.5,0.67,0.57,0.58,0.6,0.46,0.22,0.0345,0.022,0.006,1,0.58,0.58,0.006,1440,6593.024095000001,2,0
0.505,0.54,0.42,0.315,0.265,0.185,0.11,0.1,0.065,0.0115,3,0.495,0.295,0.015,1440,7087.7660009999945,2,0
0.5,0.52,0.59,0.585,0.58,0.455,0.655,0.53,0.45,0.979,4,0.56,0.36,0.54,1440,9877.205595999998,2,1
0.55,0.645,0.665,0.615,0.75,0.865,0.82,0.95,0.72,0.003,1,0.505,0.775,0.038,1440,6978.213719999998,2,0
0.5,0.6,0.675,0.64,0.405,0.435,0.41,0.235,0.085,0.022,3,0.64,0.385,0.04,1440,5692.074653999999,2,0
0.5,0.84,0.5,0.86,0.885,0.615,0.76,0.77,0.76,0.91,0,0.57,0.59,0.81,1440,9096.588548000002,2,1
0.515,0.61,0.59,0.565,0.5,0.65,0.67,0.91,0.735,0.935,2,0.48,0.65,0.925,1440,4510.975599,2,1
0.5,0.92,0.928,0.966,0.983,0.9785,0.9665,0.966,0.9695,0.986,2,0.485,0.9675,0.975,1440,16388.600604999996,2,1
0.495,0.57,0.45,0.51,0.46,0.43,0.385,0.535,0.665,0.9575,5,0.52,0.41,0.515,1440,3933.906396,2,1
0.45,0.49,0.555,0.55,0.345,0.315,0.575,0.68,0.725,0.0635,6,0.555,0.185,0.385,1440,10720.41813,2,0
0.5,0.565,0.765,0.685,0.81,0.855,0.92,0.975,0.985,0.9755,2,0.45,0.905,0.987,1440,2338.332645,2,1
0.495,0.56,0.425,0.39,0.47,0.585,0.665,0.51,0.735,0.972,3,0.49,0.52,0.9575,1440,1517.829692,2,1
0.5,0.515,0.54,0.455,0.795,0.87,0.735,0.82,0.395,0.941,8,0.49,0.79,0.385,1440,7875.11119,2,1
0.5,0.575,0.565,0.535,0.425,0.37,0.365,0.485,0.46,0.905,2,0.57,0.34,0.615,1440,3361.854748,2,1
0.595,0.36,0.21,0.22,0.275,0.175,0.175,0.275,0.09,0.019,1,0.41,0.255,0.075,1440,1487.789276,2,0
0.5,0.455,0.455,0.435,0.535,0.61,0.68,0.81,0.62,0.945,2,0.435,0.585,0.945,1440,1773.4788990000002,2,1
0.5,0.305,0.37,0.46,0.635,0.295,0.42,0.49,0.38,0.495,9,0.47,0.46,0.49,1440,5285.234152999999,2,1
0.5,0.57,0.575,0.64,0.665,0.86,0.835,0.92,0.9345,0.8765,0,0.525,0.785,0.8095,1440,9965.151463999999,2,0
0.58,0.61,0.55,0.675,0.595,0.5,0.455,0.33,0.5,0.095,3,0.545,0.53,0.25,1440,1425.5329870000003,2,0
0.5,0.59,0.56,0.585,0.795,0.74,0.275,0.205,0.105,0.019,3,0.495,0.785,0.0445,1440,4628.092710999999,2,0
0.5,0.37,0.405,0.475,0.465,0.565,0.565,0.605,0.615,0.66,4,0.415,0.495,0.395,1440,2738.1244319999996,2,1
0.5,0.47,0.565,0.385,0.435,0.455,0.46,0.53,0.38,0.435,9,0.45,0.485,0.57,1440,2937.441916,2,0
0.5,0.315,0.37,0.46,0.49,0.285,0.26,0.24,0.45,0.3,3,0.435,0.395,0.34,1440,8971.000902,2,1
0.445,0.44,0.29,0.235,0.14,0.08,0.095,0.03,0.03,0.019,0,0.39,0.08,0.0235,1440,5619.944881,2,0
0.465,0.34,0.32,0.495,0.77,0.745,0.93,0.9625,0.9855,0.9935,1,0.36,0.765,0.9935,1440,3657.2964849999994,2,1
0.56,0.545,0.505,0.505,0.52,0.52,0.52,0.57,0.57,0.58,0,0.56,0.52,0.58,1440,10615.242743000006,2,1
0.7,0.7,0.165,0.165,0.165,0.19,0.21,0.21,0.2,0.2,1,0.7,0.185,0.2,1440,12822.343369999997,2,0
0.5,0.345,0.39,0.435,0.335,0.255,0.18,0.06,0.025,0.353,1,0.505,0.26,0.227,1440,5041.795281999999,2,0
0.5,0.46,0.365,0.34,0.26,0.13,0.09,0.015,0.0125,0.012,1,0.57,0.13,0.0125,1440,7293.3491699999995,2,0
0.825,0.685,0.685,0.755,0.8,0.8,0.755,0.755,0.9895,0.9895,0,0.825,0.8,0.9895,1440,10946.565655,2,1
0.5,0.6,0.665,0.71,0.695,0.805,0.85,0.835,0.825,0.7605,0,0.6,0.805,0.94,1440,5297.448759000001,2,1
0.9305,0.9305,0.9305,0.9305,0.981,0.981,0.981,0.981,0.981,0.967,0,0.9305,0.981,0.967,1440,13277.490995000002,2,1
0.555,0.61,0.695,0.505,0.65,0.595,0.795,0.605,0.635,0.955,0,0.605,0.595,0.835,1440,8412.769424000007,2,1
0.6,0.6,0.625,0.625,0.6,0.6,0.41,0.41,0.58,0.4,3,0.6,0.6,0.58,1440,3276.6525800000004,2,1
0.5,0.605,0.555,0.515,0.365,0.275,0.36,0.385,0.445,0.645,4,0.625,0.36,0.57,1440,11929.512204,2,1
0.5,0.585,0.48,0.365,0.285,0.24,0.13,0.26,0.145,0.065,3,0.5,0.24,0.13,1440,21321.484027,2,1
0.51,0.675,0.675,0.9855,0.9855,0.986,0.986,0.9885,0.991,0.9905,0,0.7,0.9855,0.991,1440,17364.424735,2,1
0.5,0.415,0.415,0.415,0.04,0.04,0.04,0.04,0.0245,0.0245,1,0.415,0.04,0.0245,1440,18232.965796,2,0
0.57,0.68,0.68,0.94,0.905,0.93,0.92,0.9555,0.977,0.975,0,0.57,0.93,0.9605,1440,10713.610114000005,2,1
0.365,0.29,0.29,0.235,0.125,0.07,0.07,0.065,0.0285,0.0105,0,0.365,0.125,0.0105,1440,10082.526212999997,2,0
0.5,0.49,0.46,0.46,0.46,0.46,0.605,0.605,0.605,0.525,2,0.5,0.46,0.605,1440,4335.206009999998,2,1
0.595,0.52,0.49,0.555,0.525,0.595,0.605,0.785,0.665,0.98,4,0.45,0.515,0.825,1440,9310.889954999999,2,1
0.735,0.63,0.54,0.155,0.06,0.033,0.015,0.0205,0.015,0.0055,1,0.74,0.04,0.0055,1440,22430.353635000007,2,0
0.685,0.715,0.775,0.86,0.8,0.92,0.9545,0.9425,0.933,0.989,0,0.715,0.8,0.9385,1440,6444.156063000001,2,1
0.725,0.725,0.295,0.19,0.21,0.29,0.425,0.04,0.04,0.0055,1,0.725,0.32,0.0055,1440,15962.67377300001,2,0
0.5,0.505,0.475,0.475,0.525,0.665,0.845,0.845,0.88,0.935,2,0.5,0.525,0.925,1440,13576.176312999996,2,1
0.5,0.405,0.41,0.17,0.215,0.275,0.17,0.105,0.08,0.0085,1,0.5,0.315,0.031,1440,15419.428462000005,2,0
0.5,0.385,0.425,0.46,0.365,0.31,0.47,0.415,0.335,0.475,5,0.465,0.34,0.57,1440,26343.970704999992,2,1
0.5,0.33,0.36,0.36,0.4,0.27,0.23,0.095,0.041,0.0035,1,0.415,0.325,0.0045,1440,6454.779577000001,2,0
0.5,0.48,0.47,0.49,0.52,0.345,0.115,0.033,0.0155,0.004,5,0.56,0.385,0.005,1440,0.0,2,0
0.5,0.405,0.535,0.655,0.69,0.83,0.89,0.935,0.958,0.9945,2,0.45,0.785,0.9915,1440,0.0,2,1
0.5,0.685,0.71,0.69,0.57,0.565,0.58,0.85,0.845,0.28,1,0.525,0.53,0.46,1440,0.0,2,0
0.725,0.445,0.41,0.36,0.32,0.395,0.235,0.185,0.72,0.9935,2,0.335,0.4,0.9735,1440,0.0,2,1
0.5,0.49,0.56,0.17,0.15,0.355,0.195,0.065,0.031,0.007,3,0.48,0.29,0.016,1440,0.0,2,0
0.72,0.42,0.485,0.66,0.685,0.8,0.785,0.86,0.81,0.888,2,0.485,0.805,0.9515,1440,0.0,2,1
0.43,0.57,0.67,0.68,0.78,0.765,0.785,0.785,0.83,0.96,1,0.57,0.785,0.82,1440,0.0,2,1
0.43,0.53,0.66,0.61,0.66,0.63,0.535,0.725,0.6,0.105,2,0.475,0.735,0.305,1440,0.0,2,0
0.5,0.65,0.625,0.615,0.595,0.545,0.58,0.57,0.135,0.0085,1,0.56,0.69,0.0365,1440,0.0,2,0
0.495,0.65,0.775,0.83,0.81,0.585,0.61,0.62,0.6,0.93,1,0.565,0.76,0.665,1440,0.0,2,1
0.5,0.515,0.63,0.905,0.93,0.965,0.971,0.98,0.9885,0.993,2,0.465,0.945,0.982,1440,14463.301216999998,2,1
0.5,0.56,0.565,0.73,0.7,0.82,0.85,0.945,0.9685,0.9655,0,0.595,0.715,0.891,1440,0.0,2,1
0.495,0.4,0.4,0.245,0.235,0.22,0.065,0.055,0.035,0.0085,2,0.51,0.23,0.0085,1440,0.0,2,0
0.505,0.415,0.51,0.485,0.905,0.86,0.815,0.935,0.965,0.987,4,0.505,0.825,0.992,1440,0.0,2,1
0.495,0.755,0.71,0.66,0.59,0.445,0.505,0.72,0.79,0.58,3,0.59,0.425,0.865,1440,0.0,2,1
0.505,0.28,0.25,0.205,0.21,0.27,0.17,0.055,0.0365,0.044,1,0.485,0.15,0.0685,1440,0.0,2,0
0.28,0.67,0.6,0.575,0.715,0.715,0.755,0.865,0.835,0.9815,3,0.5,0.58,0.77,1440,0.0,2,1
0.495,0.455,0.54,0.43,0.51,0.7,0.705,0.845,0.82,0.983,3,0.455,0.595,0.9605,1440,0.0,2,1
0.495,0.465,0.39,0.42,0.395,0.17,0.265,0.37,0.27,0.0745,4,0.495,0.255,0.0545,1440,0.0,2,0
0.495,0.605,0.535,0.56,0.535,0.485,0.485,0.525,0.435,0.07,4,0.465,0.465,0.37,1440,0.0,2,0
0.425,0.525,0.52,0.48,0.425,0.355,0.395,0.26,0.06,0.0055,4,0.48,0.385,0.06,1440,0.0,2,0
0.495,0.665,0.585,0.41,0.33,0.315,0.285,0.7,0.605,0.0375,4,0.495,0.345,0.4,1440,0.0,2,0
0.5,0.485,0.48,0.69,0.755,0.59,0.81,0.9625,0.9555,0.9975,4,0.49,0.525,0.9685,1440,27870.09883,2,1
0.445,0.345,0.35,0.27,0.17,0.125,0.145,0.024,0.035,0.0055,0,0.35,0.14,0.021,1440,26321.459406,2,0
0.505,0.425,0.39,0.61,0.525,0.53,0.315,0.48,0.44,0.9885,4,0.485,0.535,0.845,1440,16164.775147,2,1
0.5,0.675,0.905,0.935,0.984,0.9725,0.984,0.9505,0.964,0.991,0,0.525,0.97,0.988,1440,0.0,2,1
0.52,0.5,0.475,0.595,0.54,0.49,0.115,0.0995,0.355,0.165,5,0.49,0.525,0.173,1440,32288.095613,2,0
0.505,0.695,0.65,0.64,0.75,0.88,0.845,0.49,0.175,0.021,1,0.565,0.87,0.07,1440,15831.612748,2,0
0.505,0.7,0.735,0.62,0.55,0.54,0.45,0.505,0.555,0.18,3,0.65,0.665,0.375,1440,49611.330492,2,0
0.63,0.525,0.55,0.66,0.935,0.895,0.935,0.984,0.9835,0.994,2,0.495,0.92,0.996,1440,21090.850324,2,1
0.5,0.39,0.405,0.415,0.295,0.17,0.17,0.11,0.095,0.025,1,0.4,0.21,0.095,1440,21120.187192,2,0
0.495,0.455,0.485,0.38,0.06,0.0345,0.04,0.056,0.0545,0.011,0,0.425,0.0335,0.0205,1440,23598.173347,2,0
0.505,0.525,0.455,0.33,0.295,0.29,0.305,0.21,0.075,0.019,1,0.5,0.33,0.023,1440,9527.625823,2,0
0.5,0.555,0.525,0.515,0.61,0.52,0.44,0.735,0.815,0.9935,6,0.49,0.5,0.9695,1440,20184.587566,2,1
0.495,0.625,0.665,0.765,0.8,0.85,0.865,0.95,0.935,0.985,1,0.445,0.77,0.915,1440,25178.992147,2,1
0.495,0.38,0.37,0.385,0.405,0.37,0.54,0.325,0.16,0.0195,2,0.475,0.37,0.11,1440,14251.212559,2,0
0.5,0.58,0.62,0.59,0.58,0.62,0.685,0.545,0.25,0.11,1,0.62,0.66,0.185,1440,88369.369785,2,0
0.5,0.57,0.73,0.785,0.855,0.785,0.815,0.695,0.64,0.37,1,0.54,0.79,0.285,1440,54122.21394,2,1
0.48,0.285,0.325,0.325,0.22,0.13,0.13,0.16,0.21,0.022,0,0.37,0.23,0.055,1440,51950.830585,2,0
0.51,0.48,0.48,0.51,0.48,0.82,0.89,0.8,0.38,0.11,5,0.5,0.64,0.255,1440,44794.226425,2,0
0.5,0.575,0.58,0.68,0.655,0.63,0.74,0.875,0.959,0.9955,0,0.54,0.695,0.9785,1440,213452.067157,2,1
0.48,0.445,0.49,0.49,0.615,0.545,0.73,0.845,0.89,0.9955,3,0.445,0.565,0.945,1440,504413.899284,2,1
0.5,0.605,0.66,0.645,0.71,0.76,0.775,0.925,0.905,0.948,0,0.535,0.73,0.964,1440,19996.23192,2,0
0.5,0.375,0.33,0.405,0.405,0.22,0.125,0.09,0.085,0.005,1,0.53,0.385,0.024,1440,19316.819882,2,0
0.445,0.64,0.575,0.52,0.53,0.45,0.28,0.205,0.135,0.045,4,0.625,0.53,0.075,1440,22949.427652,2,0
0.5,0.64,0.51,0.555,0.575,0.585,0.405,0.12,0.14,0.085,3,0.53,0.56,0.18,1440,62038.786059,2,0
0.5,0.635,0.63,0.53,0.52,0.55,0.58,0.465,0.75,0.815,4,0.535,0.445,0.86,1440,84293.054619,2,0
0.5,0.545,0.655,0.625,0.63,0.73,0.315,0.25,0.465,0.585,4,0.52,0.73,0.28,1440,38965.326011,2,1
0.505,0.275,0.135,0.13,0.1105,0.175,0.1195,0.1305,0.1405,0.2805,1,0.335,0.0885,0.305,1440,60398.845881,2,1
0.5,0.68,0.415,0.47,0.38,0.42,0.315,0.27,0.19,0.0065,5,0.445,0.39,0.07,1440,73623.45453,2,0
0.5,0.34,0.45,0.255,0.22,0.13,0.185,0.105,0.06,0.005,3,0.365,0.215,0.0065,1440,70267.510859,2,0
0.5,0.395,0.47,0.4,0.22,0.345,0.45,0.19,0.19,0.0335,3,0.485,0.385,0.035,1440,64530.12426,2,0
0.495,0.505,0.415,0.56,0.375,0.19,0.53,0.64,0.74,0.9695,7,0.545,0.34,0.855,1440,34537.280331,2,1
0.495,0.155,0.255,0.395,0.39,0.28,0.315,0.22,0.175,0.051,0,0.26,0.345,0.1135,1440,16004.502905,2,0
0.5,0.71,0.585,0.605,0.755,0.83,0.595,0.455,0.075,0.0005,5,0.465,0.795,0.0075,1440,37747.1192,2,0
0.65,0.305,0.345,0.355,0.105,0.185,0.18,0.12,0.135,0.0435,1,0.395,0.12,0.08,1440,48802.370292,2,0
0.505,0.495,0.425,0.37,0.16,0.11,0.15,0.07,0.021,0.006,1,0.565,0.11,0.007,1440,71226.851779,2,0
0.505,0.465,0.615,0.635,0.625,0.605,0.68,0.73,0.73,0.48,3,0.29,0.615,0.735,1440,49486.278152,2,0
0.645,0.5,0.515,0.455,0.59,0.52,0.54,0.375,0.4,0.785,10,0.48,0.51,0.32,1440,36647.896176,2,1
0.665,0.135,0.165,0.165,0.41,0.45,0.51,0.44,0.48,0.8,4,0.44,0.465,0.75,1440,56253.505252,2,1
0.495,0.545,0.52,0.555,0.505,0.48,0.355,0.5,0.495,0.023,4,0.53,0.44,0.11,1440,26928.703176,2,0
0.505,0.485,0.33,0.345,0.405,0.4,0.235,0.19,0.165,0.0125,1,0.535,0.44,0.05,1440,21371.42885,2,0
0.655,0.665,0.555,0.57,0.54,0.63,0.515,0.38,0.35,0.535,6,0.6,0.63,0.14,1440,78815.988991,2,1
0.655,0.93,0.935,0.9,0.92,0.945,0.95,0.974,0.978,0.887,0,0.57,0.94,0.898,1440,56525.715043,2,1
0.655,0.52,0.5,0.535,0.49,0.715,0.545,0.67,0.59,0.9865,4,0.505,0.6,0.92,1440,61510.157024,2,0
0.53,0.51,0.46,0.42,0.435,0.31,0.105,0.0215,0.0155,0.004,3,0.5,0.485,0.007,1440,49768.739849,2,0
0.59,0.54,0.605,0.09,0.016,0.012,0.018,0.0095,0.0055,0.002,1,0.55,0.014,0.0025,1440,119190.253754,2,0
0.465,0.56,0.565,0.37,0.245,0.265,0.145,0.13,0.075,0.0135,2,0.53,0.285,0.0205,1440,45154.85841,2,0
0.585,0.825,0.925,0.905,0.93,0.91,0.895,0.9545,0.954,0.992,0,0.71,0.935,0.9875,1440,44032.685797,2,1
0.485,0.295,0.335,0.36,0.31,0.445,0.395,0.38,0.49,0.015,0,0.4,0.24,0.345,1440,28521.804255,2,0
0.42,0.485,0.5,0.39,0.25,0.23,0.25,0.25,0.15,0.0265,2,0.4,0.215,0.044,1440,19510.674956,2,0
0.42,0.58,0.51,0.66,0.71,0.67,0.715,0.75,0.75,0.9765,1,0.455,0.7,0.955,1440,540369.2946,2,1
0.42,0.325,0.175,0.18,0.115,0.2,0.18,0.385,0.44,0.7,1,0.415,0.125,0.33,1440,146591.279121,2,1
0.505,0.445,0.335,0.635,0.795,0.835,0.65,0.345,0.455,0.974,6,0.435,0.835,0.555,1440,495190.893673,2,1
0.53,0.45,0.395,0.465,0.425,0.46,0.42,0.55,0.715,0.987,2,0.47,0.44,0.9495,1440,47978.477478,2,1
0.42,0.055,0.053,0.058,0.0335,0.016,0.0285,0.0315,0.0035,0.0115,0,0.32,0.0215,0.0115,1440,65242.818724,2,0
0.415,0.41,0.61,0.56,0.55,0.675,0.65,0.545,0.4,0.61,13,0.5,0.645,0.185,1440,15643.87266,2,1
0.51,0.53,0.555,0.635,0.75,0.635,0.525,0.425,0.225,0.825,6,0.5,0.765,0.185,1440,27194.69056,2,1
0.505,0.4,0.655,0.625,0.64,0.48,0.585,0.34,0.36,0.024,5,0.31,0.515,0.37,1440,19108.8619,2,0
0.64,0.76,0.775,0.745,0.74,0.885,0.765,0.825,0.92,0.995,0,0.61,0.825,0.9715,1440,28201.536484,2,1
0.42,0.335,0.385,0.555,0.7,0.505,0.55,0.645,0.515,0.88,3,0.49,0.715,0.525,1440,42129.988373,2,1
0.42,0.52,0.68,0.875,0.78,0.87,0.835,0.92,0.955,0.975,1,0.495,0.85,0.9405,1440,12283.21996,2,1
0.42,0.585,0.64,0.71,0.8,0.715,0.28,0.51,0.445,0.83,7,0.535,0.865,0.885,1440,16462.789633,2,1
0.505,0.69,0.64,0.805,0.815,0.875,0.88,0.9645,0.971,0.9975,0,0.61,0.865,0.9775,1440,28157.011334,2,1
0.395,0.455,0.44,0.565,0.57,0.625,0.37,0.635,0.605,0.64,11,0.525,0.57,0.49,1440,11136.415741,2,0
0.47,0.355,0.245,0.36,0.52,0.455,0.5,0.61,0.59,0.345,6,0.365,0.49,0.445,1440,6649.219794,2,0
0.5,0.425,0.485,0.44,0.41,0.485,0.6,0.72,0.675,0.965,4,0.505,0.54,0.87,1440,6063.735465,2,1
0.485,0.365,0.425,0.625,0.91,0.87,0.91,0.72,0.365,0.165,4,0.52,0.92,0.285,1440,14434.109229,2,0
0.5,0.55,0.76,0.8,0.755,0.705,0.815,0.89,0.925,0.9755,0,0.575,0.77,0.9715,1440,15332.539745,2,1
0.505,0.62,0.615,0.65,0.71,0.88,0.89,0.91,0.93,0.9895,0,0.555,0.69,0.975,1440,9469.473825,2,1
0.5,0.49,0.47,0.14,0.5,0.485,0.375,0.57,0.6,0.04,9,0.455,0.385,0.21,1440,15023.002086,2,0
0.505,0.49,0.54,0.42,0.555,0.43,0.4,0.175,0.295,0.91,6,0.44,0.5,0.245,1440,21801.353171,2,1
0.515,0.44,0.465,0.4,0.22,0.11,0.1,0.08,0.11,0.04,3,0.34,0.12,0.03,1440,5111.284326,2,0
0.485,0.27,0.29,0.44,0.31,0.21,0.12,0.115,0.08,0.0105,0,0.47,0.295,0.0235,1440,23331.825822,2,0
0.485,0.52,0.43,0.595,0.48,0.615,0.63,0.715,0.78,0.965,7,0.51,0.625,0.905,1440,41694.42443,2,1
0.495,0.46,0.495,0.45,0.275,0.305,0.355,0.38,0.275,0.1935,2,0.485,0.32,0.055,1440,29973.969065,2,0
0.605,0.6,0.705,0.595,0.62,0.73,0.675,0.735,0.83,0.96,2,0.355,0.68,0.93,1440,18402.842428,2,1
0.515,0.055,0.085,0.05,0.0435,0.1395,0.23,0.23,0.3655,0.103,1,0.25,0.175,0.433,1440,25364.041075,2,0
0.505,0.305,0.31,0.36,0.37,0.25,0.255,0.365,0.37,0.955,2,0.365,0.36,0.69,1440,10910.536297,2,1
0.515,0.455,0.525,0.58,0.615,0.405,0.5,0.24,0.45,0.193,7,0.425,0.455,0.89,1440,27642.731045,2,0
0.515,0.38,0.435,0.475,0.525,0.49,0.405,0.775,0.805,0.955,8,0.365,0.45,0.795,1440,19296.249583,2,1
0.515,0.43,0.395,0.415,0.56,0.615,0.675,0.765,0.81,0.015,3,0.405,0.51,0.385,1440,36453.256619,2,0
0.515,0.425,0.425,0.52,0.53,0.385,0.51,0.2,0.14,0.03,5,0.36,0.38,0.0495,1440,24792.973727,2,0
0.515,0.36,0.42,0.525,0.54,0.565,0.66,0.89,0.675,0.92,6,0.47,0.605,0.83,1440,38352.052134,2,1
0.66,0.71,0.92,0.86,0.935,0.963,0.9735,0.975,0.9795,0.9235,0,0.575,0.945,0.9925,1440,26616.147966,2,1
0.345,0.67,0.585,0.315,0.13,0.085,0.055,0.045,0.029,0.015,2,0.575,0.065,0.021,1440,10079.298625,2,0
0.345,0.385,0.115,0.11,0.09,0.115,0.115,0.05,0.0475,0.0055,0,0.435,0.135,0.0375,1440,41929.49586,2,0
0.5,0.355,0.41,0.285,0.25,0.185,0.235,0.155,0.145,0.955,2,0.505,0.37,0.06,1440,34932.337093,2,1
0.515,0.8,0.6,0.48,0.71,0.84,0.9,0.993,0.9745,0.9835,4,0.72,0.805,0.9795,1440,36582.499714,2,1
0.505,0.385,0.415,0.41,0.54,0.475,0.335,0.335,0.47,0.2625,5,0.485,0.515,0.028,1440,17748.769746,2,0
0.65,0.55,0.52,0.675,0.695,0.685,0.64,0.68,0.665,0.835,4,0.495,0.69,0.92,1440,49497.153311,2,1
0.455,0.25,0.19,0.205,0.225,0.08,0.18,0.0495,0.035,0.0035,0,0.445,0.135,0.004,1440,20723.269553,2,0
0.36,0.55,0.84,0.83,0.865,0.755,0.81,0.83,0.835,0.97,1,0.58,0.83,0.72,1440,30806.08835,2,1
0.405,0.535,0.44,0.365,0.51,0.78,0.695,0.735,0.845,0.825,5,0.475,0.71,0.715,1440,94061.085954,2,1
0.515,0.505,0.665,0.775,0.785,0.79,0.865,0.94,0.96,0.997,0,0.53,0.79,0.997,1440,18670.717848,2,1
0.5,0.35,0.29,0.034,0.0295,0.0165,0.004,0.006,0.003,0.0005,1,0.415,0.014,0.0005,1440,62643.532825,2,0
0.5,0.25,0.325,0.24,0.225,0.165,0.265,0.265,0.46,0.82,2,0.315,0.265,0.78,1440,73246.611324,2,1
0.5,0.385,0.35,0.355,0.29,0.225,0.23,0.14,0.085,0.0525,1,0.345,0.295,0.025,1440,10663.563219,2,0
0.495,0.545,0.47,0.375,0.22,0.285,0.14,0.485,0.26,0.305,4,0.465,0.255,0.6,1440,28208.121447,2,0
0.5,0.91,0.91,0.9,0.915,0.94,0.95,0.9455,0.9465,0.989,0,0.75,0.925,0.9805,1440,17395.692319,2,1
0.485,0.525,0.565,0.735,0.765,0.765,0.855,0.65,0.405,0.63,3,0.55,0.675,0.505,1440,43826.091391,2,1
0.5,0.7,0.8,0.815,0.81,0.87,0.735,0.835,0.82,0.77,0,0.675,0.81,0.655,1440,36235.098433,2,1
0.5,0.54,0.595,0.425,0.63,0.61,0.37,0.215,0.205,0.555,8,0.465,0.465,0.37,1440,64609.910113,2,1
0.5,0.425,0.355,0.485,0.72,0.8,0.63,0.78,0.92,0.9935,4,0.47,0.8,0.9485,1440,44228.0492,2,1
0.505,0.465,0.525,0.48,0.45,0.255,0.4,0.15,0.095,0.08,5,0.54,0.325,0.185,1440,38108.834491,2,0
0.5,0.56,0.585,0.605,0.42,0.44,0.195,0.1,0.1355,0.0185,3,0.49,0.49,0.153,1440,48333.925724,2,0
0.5,0.385,0.595,0.75,0.935,0.964,0.9675,0.9645,0.9655,0.993,2,0.4,0.955,0.9805,1440,76194.727336,2,0
0.5,0.51,0.405,0.495,0.585,0.245,0.465,0.31,0.24,0.013,7,0.45,0.29,0.08,1440,53829.480134,2,0
0.5,0.17,0.2,0.205,0.28,0.535,0.645,0.745,0.805,0.975,2,0.275,0.49,0.825,1440,44197.2414,2,1
0.535,0.56,0.525,0.735,0.73,0.875,0.93,0.96,0.96,0.77,2,0.5,0.86,0.895,1440,77300.897372,2,0
0.5,0.4,0.175,0.18,0.28,0.33,0.43,0.545,0.11,0.0165,3,0.535,0.32,0.07,1440,40730.492571,2,0
0.5,0.475,0.285,0.285,0.46,0.435,0.42,0.2,0.115,0.06,1,0.38,0.4,0.085,1440,51323.609218,2,0
0.5,0.15,0.11,0.11,0.155,0.095,0.09,0.045,0.034,0.015,1,0.3,0.07,0.054,1440,120988.330203,2,0
0.5,0.505,0.585,0.51,0.495,0.75,0.715,0.79,0.89,0.53,2,0.525,0.625,0.775,1440,30002.199987,2,0
0.5,0.32,0.235,0.13,0.115,0.135,0.1,0.46,0.4,0.03,3,0.44,0.115,0.195,1440,41974.533018,2,0
0.5,0.56,0.445,0.605,0.79,0.42,0.315,0.23,0.195,0.0165,5,0.595,0.78,0.07,1440,35427.005812,2,0
0.5,0.695,0.65,0.825,0.825,0.86,0.875,0.9565,0.938,0.976,2,0.425,0.88,0.874,1440,38083.823236,2,1
0.5,0.555,0.625,0.51,0.42,0.685,0.82,0.78,0.9,0.981,2,0.57,0.395,0.9375,1440,55712.436288,2,1
0.495,0.91,0.915,0.84,0.95,0.926,0.919,0.9595,0.9145,0.3615,2,0.75,0.967,0.7005,1440,30107.453865,2,0
0.5,0.575,0.55,0.51,0.535,0.32,0.27,0.27,0.17,0.0425,3,0.53,0.575,0.125,1440,30875.052283,2,0
0.5,0.345,0.23,0.305,0.4,0.505,0.41,0.235,0.58,0.95,4,0.435,0.475,0.67,1440,40735.921721,2,1
0.515,0.47,0.375,0.36,0.435,0.075,0.045,0.095,0.075,0.025,1,0.605,0.315,0.15,1440,81129.252609,2,0
0.515,0.51,0.63,0.72,0.465,0.075,0.06,0.0275,0.033,0.0005,1,0.55,0.075,0.01,1440,52175.310495,2,0
0.495,0.515,0.42,0.37,0.4,0.61,0.74,0.29,0.345,0.015,6,0.38,0.695,0.115,1440,44061.045717,2,0
0.515,0.36,0.445,0.45,0.345,0.405,0.195,0.19,0.15,0.015,3,0.32,0.365,0.036,1440,36496.95308,2,0
0.545,0.335,0.35,0.51,0.61,0.67,0.61,0.725,0.895,0.967,2,0.545,0.54,0.925,1440,39492.927033,2,1
0.515,0.4,0.455,0.375,0.45,0.27,0.335,0.215,0.135,0.022,5,0.465,0.595,0.04,1440,53377.672845,2,0
0.5,0.565,0.185,0.245,0.235,0.215,0.235,0.125,0.75,0.79,2,0.565,0.245,0.75,1440,33811.513292,2,0
0.485,0.62,0.415,0.39,0.6,0.59,0.58,0.755,0.465,0.385,8,0.64,0.565,0.86,1440,36201.989604,2,0
0.5,0.485,0.365,0.555,0.86,0.88,0.885,0.58,0.625,0.43,3,0.445,0.865,0.675,1440,39163.215107,2,1
0.445,0.675,0.645,0.725,0.62,0.675,0.82,0.895,0.955,0.9955,1,0.495,0.54,0.9925,1440,13928.161328,2,1
0.485,0.65,0.785,0.845,0.88,0.955,0.973,0.9355,0.901,0.979,1,0.55,0.95,0.968,1440,26157.084586,2,1
0.485,0.52,0.355,0.505,0.63,0.68,0.69,0.63,0.645,0.265,4,0.545,0.59,0.73,1440,16375.523614,2,0
0.515,0.325,0.28,0.275,0.36,0.5,0.805,0.905,0.895,0.9815,2,0.49,0.42,0.967,1440,25193.540008,2,1
0.47,0.395,0.23,0.045,0.085,0.0215,0.0225,0.022,0.0285,0.002,0,0.315,0.065,0.018,1440,17583.183562,2,0
0.5,0.46,0.59,0.56,0.35,0.155,0.16,0.115,0.205,0.95,4,0.425,0.26,0.095,1440,63819.602106,2,1
0.505,0.45,0.43,0.325,0.17,0.62,0.76,0.75,0.685,0.69,2,0.495,0.535,0.78,1440,40533.77366,2,0
0.5,0.545,0.625,0.72,0.57,0.685,0.57,0.745,0.925,0.995,4,0.445,0.7,0.9895,1440,35394.654874,2,1
0.515,0.5,0.51,0.41,0.58,0.5,0.78,0.785,0.865,0.955,6,0.46,0.615,0.865,1440,23601.229096,2,1
0.515,0.64,0.33,0.405,0.445,0.53,0.165,0.05,0.145,0.0025,3,0.72,0.525,0.04,1440,30211.374316,2,0
0.515,0.505,0.33,0.305,0.36,0.19,0.33,0.36,0.5,0.1,3,0.5,0.365,0.31,1440,43664.809592,2,0
0.515,0.495,0.445,0.56,0.64,0.635,0.725,0.845,0.625,0.185,5,0.51,0.625,0.465,1440,116247.166272,2,0
0.515,0.89,0.935,0.955,0.9515,0.8345,0.436,0.3845,0.4165,0.435,3,0.66,0.948,0.359,1440,163730.285118,2,1
0.515,0.58,0.685,0.72,0.84,0.76,0.825,0.885,0.6,0.81,0,0.55,0.685,0.875,1440,97636.244899,2,1
0.525,0.485,0.145,0.305,0.06,0.26,0.44,0.35,0.2,0.85,2,0.475,0.12,0.055,1440,47975.560689,2,1
0.515,0.32,0.05,0.0345,0.04,0.036,0.022,0.0035,0.0025,0.002,1,0.585,0.0215,0.003,1440,29968.744483,2,0
0.515,0.41,0.475,0.6,0.63,0.67,0.515,0.47,0.755,0.6145,8,0.4,0.695,0.965,1440,71685.503659,2,0
0.515,0.885,0.87,0.905,0.925,0.92,0.915,0.635,0.755,0.45,3,0.655,0.87,0.66,1440,91440.347106,2,0
0.515,0.4,0.495,0.28,0.39,0.275,0.24,0.275,0.22,0.03,1,0.55,0.37,0.23,1440,46831.825527,2,0
0.44,0.54,0.36,0.275,0.28,0.415,0.13,0.09,0.065,0.01,2,0.5,0.34,0.016,1440,51650.925679,2,0
0.515,0.435,0.375,0.39,0.585,0.535,0.785,0.815,0.815,0.948,2,0.545,0.64,0.95,1440,45043.430079,2,1
0.515,0.58,0.685,0.755,0.775,0.994,0.995,0.995,0.9965,0.9935,0,0.565,0.95,0.996,1440,44522.638517,2,1
0.26,0.385,0.34,0.305,0.13,0.065,0.06,0.0215,0.011,0.009,0,0.415,0.07,0.0095,1440,38724.475572,2,0
0.44,0.77,0.785,0.865,0.75,0.815,0.665,0.865,0.885,0.985,1,0.48,0.85,0.905,1440,56522.437184,2,1
0.275,0.415,0.435,0.59,0.65,0.73,0.81,0.875,0.935,0.9545,3,0.425,0.72,0.9725,1440,50590.367708,2,1
0.515,0.625,0.755,0.71,0.825,0.715,0.71,0.9905,0.99,0.997,2,0.46,0.585,0.9825,1440,53658.761402,2,1
0.48,0.52,0.73,0.66,0.505,0.48,0.475,0.1,0.13,0.13,2,0.4,0.515,0.11,1440,51981.044442,2,0
0.505,0.68,0.73,0.905,0.87,0.93,0.87,0.935,0.9,0.997,2,0.475,0.895,0.97,1440,45997.43902,2,1
0.295,0.31,0.39,0.51,0.26,0.29,0.27,0.135,0.0405,0.1,2,0.455,0.27,0.0765,1440,75205.414444,2,1
0.66,0.91,0.86,0.9715,0.974,0.98,0.973,0.9725,0.976,0.975,0,0.77,0.9845,0.986,1440,46016.615578,2,1
0.52,0.425,0.28,0.15,0.24,0.195,0.17,0.05,0.042,0.0085,1,0.39,0.255,0.123,1440,80399.1021,2,0
0.515,0.52,0.435,0.395,0.235,0.09,0.06,0.016,0.0105,0.009,3,0.49,0.305,0.01,1440,22991.254312,2,0
0.515,0.32,0.295,0.2,0.285,0.04,0.075,0.04,0.048,0.026,1,0.54,0.05,0.012,1440,33619.897103,2,0
0.535,0.44,0.45,0.475,0.27,0.25,0.39,0.31,0.355,0.1,5,0.46,0.185,0.275,1440,77210.473909,2,0
0.515,0.5,0.47,0.395,0.24,0.14,0.0445,0.013,0.0085,0.0105,3,0.455,0.185,0.0015,1440,24369.968964,2,0
0.485,0.34,0.45,0.415,0.475,0.525,0.515,0.25,0.21,0.045,6,0.51,0.575,0.27,1440,46060.375618,2,0
0.515,0.46,0.47,0.59,0.605,0.65,0.72,0.465,0.66,0.9,6,0.705,0.565,0.495,1440,118497.040031,2,1
0.475,0.62,0.505,0.445,0.445,0.255,0.15,0.065,0.0215,0.0045,2,0.565,0.255,0.0125,1440,30586.194524,2,0
0.515,0.485,0.76,0.9655,0.9805,0.994,0.9845,0.989,0.991,0.9985,2,0.51,0.9805,0.9975,1440,23770.412572,2,1
0.395,0.47,0.515,0.425,0.345,0.215,0.345,0.25,0.14,0.025,4,0.495,0.375,0.165,1440,26127.576305,2,0
0.515,0.475,0.48,0.61,0.59,0.635,0.74,0.74,0.79,0.71,6,0.335,0.57,0.45,1440,40068.487869,2,1
0.495,0.57,0.44,0.285,0.345,0.45,0.285,0.065,0.0505,0.0035,6,0.575,0.435,0.0195,1440,71956.461364,2,0
0.445,0.455,0.555,0.77,0.89,0.925,0.9535,0.9795,0.983,0.983,1,0.375,0.96,0.9765,1440,37913.238113,2,1
0.445,0.58,0.525,0.715,0.69,0.81,0.83,0.935,0.895,0.8,1,0.455,0.745,0.67,1440,159542.038835,2,1
0.245,0.475,0.245,0.6,0.79,0.945,0.9625,0.965,0.9905,0.992,3,0.43,0.81,0.9975,1440,22302.398767,2,1
0.46,0.4,0.475,0.315,0.595,0.52,0.525,0.63,0.69,0.975,11,0.535,0.49,0.93,1440,59801.388832,2,1
0.475,0.67,0.655,0.725,0.69,0.83,0.885,0.96,0.947,0.9945,1,0.595,0.85,0.9895,1440,26518.200628,2,1
0.5,0.335,0.475,0.565,0.61,0.675,0.655,0.925,0.9795,0.9995,2,0.395,0.66,0.9885,1440,47640.345445,2,1
0.465,0.595,0.48,0.445,0.385,0.495,0.765,0.865,0.79,0.655,5,0.375,0.275,0.9,1440,139415.594094,2,0
0.505,0.405,0.46,0.425,0.63,0.68,0.64,0.795,0.905,0.9845,2,0.54,0.65,0.954,1440,85518.339902,2,1
0.5,0.575,0.66,0.515,0.605,0.525,0.445,0.435,0.375,0.155,5,0.535,0.585,0.3,1440,144423.399438,2,0
0.505,0.455,0.43,0.43,0.495,0.515,0.585,0.675,0.74,0.2395,7,0.52,0.505,0.97,1440,189966.539888,2,0
0.485,0.385,0.355,0.445,0.405,0.205,0.135,0.16,0.095,0.015,0,0.41,0.27,0.04,1440,47365.373771,2,0
0.515,0.755,0.81,0.925,0.97,0.9665,0.9545,0.9875,0.988,0.999,0,0.525,0.96,0.9965,1440,22967.721924,2,1
0.5,0.575,0.525,0.245,0.245,0.08,0.095,0.15,0.045,0.0155,1,0.535,0.115,0.0105,1440,108509.885125,2,0
0.5,0.525,0.485,0.68,0.895,0.795,0.72,0.86,0.86,0.975,4,0.47,0.825,0.78,1440,50574.764721,2,1
0.505,0.555,0.46,0.44,0.56,0.79,0.86,0.915,0.855,0.99,4,0.51,0.735,0.95,1440,101679.612143,2,1
0.485,0.345,0.28,0.515,0.235,0.495,0.535,0.26,0.2,0.017,8,0.5,0.58,0.019,1440,97138.083083,2,0
0.49,0.51,0.565,0.635,0.58,0.735,0.575,0.235,0.19,0.065,6,0.3,0.655,0.25,1440,225479.45263,2,0
0.5,0.475,0.49,0.195,0.32,0.715,0.685,0.71,0.84,0.99,4,0.465,0.45,0.88,1440,109125.421482,2,1
0.5,0.695,0.785,0.78,0.82,0.9855,0.9815,0.9935,0.9965,0.999,0,0.63,0.9745,0.995,1440,28386.4798,2,1
0.505,0.505,0.12,0.11,0.125,0.095,0.07,0.0405,0.015,0.01,1,0.51,0.095,0.013,1440,57617.070592,2,0
0.495,0.725,0.4,0.5,0.56,0.6,0.28,0.12,0.026,0.0065,6,0.53,0.825,0.013,1440,76454.966904,2,0
0.495,0.585,0.58,0.615,0.865,0.95,0.87,0.93,0.725,0.975,1,0.525,0.905,0.81,1440,83033.951386,2,1
0.495,0.665,0.83,0.915,0.84,0.989,0.9935,0.99,0.9965,0.999,1,0.535,0.855,0.9985,1440,42589.092839,2,1
0.5,0.53,0.455,0.415,0.525,0.625,0.635,0.64,0.31,0.995,8,0.465,0.535,0.36,1440,106238.450023,2,1
0.495,0.515,0.74,0.785,0.86,0.82,0.765,0.675,0.61,0.82,1,0.51,0.74,0.64,1440,161839.605516,2,0
0.505,0.415,0.54,0.375,0.62,0.73,0.775,0.825,0.785,0.965,6,0.445,0.705,0.665,1440,56780.469604,2,1
0.505,0.565,0.505,0.495,0.515,0.275,0.26,0.355,0.45,0.0155,5,0.445,0.195,0.345,1440,40763.479558,2,0
0.515,0.31,0.255,0.235,0.09,0.0185,0.009,0.0125,0.0055,0.003,1,0.375,0.025,0.003,1440,59773.503554,2,0
0.5,0.445,0.52,0.575,0.435,0.87,0.81,0.87,0.965,0.9915,6,0.44,0.76,0.986,1440,182909.44053,2,1
0.5,0.415,0.45,0.515,0.72,0.74,0.72,0.595,0.55,0.96,2,0.51,0.665,0.845,1440,129652.145045,2,1
0.495,0.43,0.36,0.375,0.42,0.505,0.71,0.435,0.45,0.01,2,0.425,0.515,0.1,1440,171404.548981,2,0
0.5,0.58,0.635,0.69,0.76,0.945,0.935,0.935,0.905,0.37,1,0.525,0.895,0.31,1440,343942.344492,2,0
0.505,0.82,0.925,0.956,0.978,0.9965,0.989,0.9965,0.998,0.9985,0,0.665,0.9925,0.9985,1440,41646.044336,2,1
0.51,0.345,0.22,0.16,0.195,0.17,0.08,0.07,0.07,0.26,1,0.415,0.195,0.075,1440,151911.858419,2,1
0.495,0.575,0.585,0.595,0.67,0.83,0.79,0.705,0.23,0.045,2,0.535,0.775,0.21,1440,107330.414716,2,0
0.495,0.64,0.73,0.465,0.84,0.895,0.6,0.535,0.44,0.865,7,0.44,0.77,0.19,1440,154242.590782,2,1
0.495,0.675,0.735,0.65,0.83,0.88,0.935,0.99,0.987,0.9875,1,0.515,0.73,0.987,1440,113262.229523,2,1
0.495,0.455,0.68,0.845,0.8,0.83,0.885,0.962,0.9685,0.9755,1,0.36,0.825,0.976,1440,112175.390048,2,1
0.5,0.45,0.41,0.405,0.375,0.29,0.505,0.57,0.91,0.83,4,0.395,0.3,0.91,1440,98112.98312,2,1
0.515,0.515,0.415,0.535,0.42,0.365,0.515,0.555,0.58,0.985,10,0.51,0.395,0.625,1440,160064.923121,2,1
0.5,0.57,0.625,0.78,0.72,0.68,0.725,0.84,0.935,0.175,1,0.65,0.8,0.815,1440,242738.039048,2,0
0.505,0.49,0.455,0.485,0.605,0.535,0.52,0.565,0.56,0.9525,2,0.5,0.59,0.925,1440,80642.937417,2,1
0.505,0.16,0.275,0.215,0.295,0.385,0.37,0.45,0.515,0.465,5,0.51,0.455,0.465,1440,181129.891596,2,1
0.75,0.28,0.16,0.096,0.1635,0.139,0.0275,0.0275,0.033,0.003,1,0.39,0.106,0.0175,1440,49882.38275,2,0
0.515,0.53,0.375,0.18,0.09,0.045,0.0385,0.019,0.01,0.0055,1,0.63,0.1,0.007,1440,43631.741916,2,0
0.5,0.305,0.305,0.41,0.54,0.665,0.745,0.855,0.745,0.019,5,0.475,0.62,0.28,1440,90048.31869,2,0
0.5,0.53,0.455,0.55,0.545,0.46,0.635,0.31,0.15,0.365,9,0.455,0.575,0.14,1440,58915.648964,2,0
0.505,0.405,0.355,0.255,0.19,0.245,0.325,0.275,0.13,0.007,1,0.485,0.205,0.05,1440,61476.429107,2,0
0.505,0.6,0.53,0.63,0.6,0.88,0.935,0.95,0.94,0.6905,0,0.545,0.88,0.9175,1440,125205.265273,2,1
0.505,0.365,0.35,0.25,0.355,0.46,0.425,0.3,0.38,0.07,5,0.43,0.445,0.13,1440,101552.804634,2,0
0.505,0.8,0.895,0.9755,0.953,0.9855,0.9825,0.9875,0.996,0.9995,0,0.6,0.981,0.998,1440,41038.484206,2,1
0.495,0.525,0.51,0.175,0.18,0.0695,0.035,0.046,0.0445,0.0025,4,0.355,0.06,0.011,1440,35378.3584,2,0
0.505,0.37,0.215,0.305,0.425,0.135,0.042,0.0745,0.085,0.0725,1,0.325,0.31,0.0105,1440,115141.007091,2,0
0.505,0.56,0.455,0.725,0.59,0.5,0.43,0.17,0.135,0.006,5,0.59,0.54,0.0115,1440,132127.961689,2,0
0.5,0.385,0.38,0.45,0.79,0.385,0.64,0.54,0.755,0.975,6,0.445,0.775,0.75,1440,438469.213254,2,1
0.5,0.51,0.46,0.485,0.38,0.76,0.925,0.982,0.984,0.999,6,0.495,0.65,0.999,1440,54111.860672,2,1
0.5,0.46,0.525,0.48,0.565,0.545,0.51,0.805,0.895,0.9885,4,0.52,0.525,0.9835,1440,79113.955856,2,1
0.505,0.53,0.345,0.49,0.435,0.49,0.375,0.405,0.38,0.02,9,0.565,0.53,0.525,1440,366119.173219,2,0
0.495,0.525,0.44,0.595,0.84,0.89,0.95,0.91,0.89,0.989,3,0.4,0.85,0.993,1440,169076.778163,2,1
0.495,0.755,0.815,0.8,0.675,0.69,0.875,0.9835,0.9685,0.9985,1,0.695,0.525,0.96,1440,190665.407929,2,1
0.51,0.595,0.51,0.755,0.765,0.69,0.84,0.974,0.9815,0.998,2,0.525,0.635,0.997,1440,75113.653826,2,1
0.5,0.405,0.42,0.355,0.26,0.18,0.19,0.075,0.065,0.0115,3,0.575,0.225,0.09,1440,109951.84205,2,0
0.505,0.58,0.535,0.43,0.565,0.88,0.81,0.935,0.959,0.993,4,0.435,0.725,0.9895,1440,111440.243252,2,1
0.55,0.7,0.575,0.755,0.835,0.89,0.885,0.94,0.962,0.9945,0,0.56,0.83,0.991,1440,80550.263374,2,1
0.45,0.64,0.495,0.525,0.585,0.48,0.635,0.51,0.275,0.0255,8,0.535,0.545,0.025,1440,238622.033838,2,0
0.5,0.705,0.8,0.94,0.955,0.976,0.98,0.9815,0.9895,0.9965,0,0.655,0.9755,0.9855,1440,43253.638752,2,1
0.55,0.555,0.675,0.77,0.825,0.855,0.855,0.925,0.945,0.9795,2,0.57,0.88,0.975,1440,109862.194246,2,1
0.5,0.765,0.525,0.71,0.685,0.665,0.845,0.905,0.9695,0.9875,0,0.56,0.71,0.9905,1440,164438.003104,2,1
0.55,0.41,0.26,0.285,0.26,0.28,0.3,0.38,0.545,0.41,3,0.43,0.215,0.715,1440,325027.331497,2,0
0.5,0.455,0.465,0.495,0.43,0.5,0.425,0.555,0.665,0.49,9,0.605,0.52,0.745,1440,415402.427684,2,0
0.5,0.415,0.495,0.55,0.51,0.51,0.625,0.445,0.665,0.989,8,0.45,0.465,0.98,1440,83478.682796,2,1
0.49,0.47,0.53,0.655,0.735,0.61,0.77,0.765,0.85,0.9535,3,0.42,0.715,0.885,1440,79390.900487,2,1
0.5,0.63,0.735,0.71,0.735,0.65,0.785,0.57,0.425,0.0215,5,0.525,0.61,0.05,1440,202519.813632,2,0
0.49,0.575,0.63,0.59,0.685,0.74,0.87,0.91,0.875,0.805,1,0.635,0.695,0.945,1440,276838.074674,2,0
0.49,0.395,0.42,0.465,0.565,0.71,0.765,0.685,0.73,0.9705,3,0.585,0.62,0.85,1440,266761.722551,2,1
0.49,0.365,0.425,0.29,0.235,0.105,0.055,0.0255,0.0275,0.0095,2,0.465,0.155,0.014,1440,52550.867209,2,0
0.5,0.585,0.5,0.695,0.6,0.52,0.455,0.37,0.42,0.675,4,0.47,0.62,0.51,1440,330388.812831,2,1
0.505,0.76,0.665,0.75,0.7,0.665,0.69,0.89,0.96,0.9785,0,0.56,0.67,0.9875,1440,201805.520215,2,1
0.49,0.205,0.425,0.31,0.37,0.45,0.705,0.93,0.96,0.9975,3,0.52,0.475,0.9705,1440,162827.029499,2,1
0.5,0.375,0.485,0.195,0.21,0.31,0.295,0.38,0.35,0.155,1,0.435,0.325,0.44,1440,321246.534799,2,1
0.5,0.465,0.61,0.475,0.62,0.665,0.63,0.52,0.49,0.275,7,0.475,0.71,0.125,1440,352537.631194,2,0
0.5,0.435,0.555,0.6,0.595,0.6,0.68,0.625,0.745,0.835,2,0.615,0.625,0.93,1440,523709.290678,2,0
0.5,0.415,0.185,0.185,0.055,0.215,0.11,0.0235,0.0165,0.0205,1,0.475,0.115,0.0275,1440,3870.5215139999996,3,0
0.5,0.55,0.53,0.38,0.53,0.455,0.735,0.79,0.805,0.845,4,0.61,0.475,0.755,1440,24369.28349200001,3,1
0.5,0.68,0.725,0.71,0.43,0.43,0.195,0.12,0.1,0.0055,3,0.6,0.585,0.05,1440,3810.2861740000003,3,0
0.5,0.45,0.5,0.545,0.36,0.32,0.185,0.04,0.051,0.01,3,0.445,0.49,0.0325,1440,3004.324668000001,3,0
0.5,0.66,0.605,0.46,0.485,0.545,0.42,0.365,0.465,0.0195,3,0.585,0.495,0.465,1440,1550.0544590000002,3,0
0.5,0.425,0.49,0.655,0.93,0.86,0.905,0.935,0.93,0.985,2,0.545,0.95,0.9825,1440,2603.9728430000005,3,1
0.5,0.76,0.62,0.555,0.485,0.495,0.605,0.775,0.375,0.29,5,0.635,0.51,0.195,1440,7930.582665000002,3,1
0.445,0.345,0.375,0.115,0.09,0.023,0.02,0.026,0.018,0.013,0,0.41,0.029,0.008,1440,6740.912957000001,3,0
0.5,0.295,0.305,0.25,0.225,0.215,0.325,0.14,0.15,0.021,1,0.45,0.175,0.03,1440,3892.6480209999995,3,0
0.5,0.495,0.405,0.35,0.185,0.245,0.275,0.145,0.305,0.15,1,0.555,0.165,0.405,1440,7926.687279999998,3,0
0.405,0.505,0.435,0.56,0.495,0.655,0.74,0.845,0.81,0.994,5,0.535,0.475,0.9,1440,4754.195699,3,1
0.5,0.425,0.28,0.155,0.195,0.125,0.075,0.016,0.011,0.016,1,0.515,0.21,0.0155,1440,4893.655302,3,0
0.5,0.605,0.705,0.67,0.645,0.64,0.43,0.455,0.45,0.045,7,0.485,0.67,0.395,1440,9605.534211,3,0
0.5,0.395,0.41,0.36,0.545,0.64,0.4,0.455,0.195,0.0175,5,0.49,0.62,0.1,1440,10303.632043000001,3,0
0.5,0.445,0.385,0.41,0.305,0.365,0.605,0.585,0.47,0.815,6,0.57,0.25,0.415,1440,14105.912996,3,1
0.5,0.495,0.615,0.345,0.25,0.24,0.17,0.07,0.12,0.015,3,0.475,0.215,0.074,1440,9351.459677000032,3,0
0.5,0.505,0.515,0.465,0.33,0.525,0.58,0.71,0.805,0.385,5,0.53,0.44,0.655,1440,8364.142681,3,0
0.5,0.585,0.495,0.45,0.515,0.32,0.18,0.05,0.028,0.0275,3,0.645,0.505,0.0295,1440,1365.264998,3,0
0.425,0.9,0.81,0.635,0.63,0.48,0.42,0.34,0.365,0.021,4,0.565,0.705,0.165,1440,2790.9897669999996,3,0
0.57,0.605,0.62,0.625,0.69,0.71,0.735,0.74,0.82,0.994,0,0.62,0.615,0.93,1440,4461.440480000001,3,1
0.725,0.675,0.705,0.71,0.82,0.93,0.91,0.9775,0.89,0.779,2,0.49,0.855,0.5885,1440,2917.006037,3,0
0.5,0.345,0.365,0.405,0.26,0.19,0.15,0.085,0.025,0.027,1,0.405,0.185,0.0315,1440,2412.53525,3,0
0.5,0.905,0.55,0.825,0.715,0.575,0.63,0.7,0.835,0.9825,0,0.785,0.57,0.92,1440,5765.519348999998,3,1
0.52,0.665,0.655,0.65,0.53,0.63,0.615,0.855,0.765,0.94,0,0.525,0.6,0.89,1440,1136.805141,3,1
0.5,0.815,0.76,0.905,0.95,0.9495,0.9595,0.935,0.9435,0.951,2,0.45,0.9495,0.9575,1440,1715.314694,3,1
0.495,0.54,0.39,0.41,0.42,0.39,0.295,0.395,0.515,0.695,5,0.48,0.35,0.34,1440,831.470763,3,1
0.45,0.42,0.43,0.4,0.255,0.145,0.25,0.095,0.05,0.0055,0,0.49,0.105,0.0315,1440,2463.9883310000005,3,0
0.5,0.465,0.585,0.505,0.625,0.69,0.835,0.96,0.9745,0.923,4,0.44,0.715,0.8095,1440,3809.0943209999987,3,1
0.495,0.55,0.425,0.355,0.445,0.555,0.665,0.605,0.745,0.96,3,0.52,0.54,0.925,1440,1317.7725490000003,3,1
0.5,0.47,0.42,0.36,0.68,0.845,0.77,0.945,0.43,0.895,6,0.485,0.78,0.365,1440,7248.378133999998,3,1
0.5,0.49,0.51,0.55,0.29,0.28,0.31,0.345,0.665,0.9,4,0.49,0.265,0.675,1440,2779.2046910000004,3,1
0.5,0.44,0.275,0.26,0.245,0.195,0.205,0.17,0.105,0.155,1,0.455,0.225,0.28,1440,16205.732485000002,3,0
0.5,0.505,0.52,0.48,0.54,0.755,0.605,0.65,0.74,0.97,4,0.455,0.54,0.955,1440,753.574062,3,1
0.5,0.43,0.5,0.64,0.765,0.515,0.64,0.775,0.71,0.85,2,0.515,0.715,0.775,1440,2399.9325530000006,3,1
0.5,0.585,0.63,0.605,0.63,0.84,0.84,0.945,0.9315,0.335,1,0.525,0.735,0.557,1440,2378.2649499999998,3,0
0.5,0.61,0.57,0.715,0.675,0.61,0.545,0.505,0.5,0.012,1,0.5,0.605,0.195,1440,3332.730711,3,0
0.5,0.5,0.485,0.535,0.725,0.695,0.305,0.22,0.11,0.0225,5,0.455,0.735,0.0195,1440,3721.7981880000007,3,0
0.5,0.415,0.42,0.485,0.34,0.38,0.5,0.53,0.635,0.535,4,0.48,0.375,0.36,1440,4171.656775,3,1
0.405,0.355,0.37,0.23,0.255,0.18,0.17,0.16,0.055,0.035,0,0.38,0.26,0.055,1440,3297.2388140000003,3,0
0.5,0.485,0.51,0.58,0.65,0.46,0.49,0.355,0.675,0.63,10,0.475,0.59,0.63,1440,5987.834909000001,3,1
0.5,0.405,0.265,0.17,0.135,0.075,0.075,0.04,0.025,0.0055,1,0.395,0.075,0.02,1440,1202.9435349999999,3,0
0.45,0.4,0.365,0.48,0.675,0.695,0.85,0.835,0.895,0.975,1,0.39,0.685,0.975,1440,3372.720969000001,3,1
0.405,0.485,0.48,0.4,0.355,0.43,0.65,0.675,0.665,0.5,1,0.45,0.385,0.55,1440,10641.810927000002,3,1
0.41,0.335,0.265,0.175,0.215,0.23,0.1,0.26,0.255,0.175,0,0.41,0.21,0.175,1440,5548.404865,3,1
0.5,0.385,0.535,0.52,0.49,0.37,0.405,0.22,0.255,0.755,4,0.5,0.445,0.5,1440,3442.302208,3,0
0.5,0.46,0.43,0.465,0.335,0.195,0.17,0.05,0.0185,0.012,1,0.46,0.285,0.0125,1440,7665.969378000001,3,0
0.63,0.5,0.5,0.5,0.52,0.65,0.63,0.63,0.9935,0.9935,0,0.63,0.65,0.9935,1440,6178.3407060000045,3,1
0.68,0.705,0.705,0.705,0.705,0.705,0.925,0.925,0.925,0.925,0,0.68,0.705,0.925,1440,6659.858381000001,3,1
0.5,0.32,0.28,0.3,0.305,0.215,0.15,0.06,0.08,0.595,2,0.43,0.215,0.18,1440,14650.131424000001,3,0
0.55,0.595,0.66,0.615,0.63,0.51,0.715,0.56,0.6,0.9,2,0.61,0.54,0.75,1440,6642.970834000002,3,1
0.5,0.755,0.84,0.775,0.235,0.235,0.16,0.145,0.15,0.045,1,0.645,0.28,0.125,1440,1155.3018240000001,3,0
0.54,0.7,0.7,0.645,0.645,0.455,0.455,0.455,0.495,0.47,1,0.54,0.645,0.495,1440,1927.4717050000002,3,0
0.31,0.29,0.205,0.21,0.175,0.175,0.175,0.18,0.61,0.61,1,0.31,0.175,0.61,1440,2765.734061,3,0
0.5,0.555,0.415,0.38,0.235,0.2,0.135,0.15,0.065,0.035,1,0.525,0.22,0.05,1440,94610.854066,3,1
0.515,0.535,0.705,0.93,0.9665,0.994,0.994,0.9885,0.9885,0.989,0,0.525,0.9665,0.99,1440,1280.6833479999998,3,1
0.435,0.4,0.315,0.185,0.12,0.105,0.04,0.075,0.035,0.03,2,0.39,0.115,0.0305,1440,6485.732997,3,0
0.5,0.565,0.55,0.86,0.88,0.945,0.968,0.979,0.9785,0.9875,0,0.515,0.93,0.9765,1440,4684.930593000002,3,1
0.525,0.525,0.525,0.505,0.505,0.505,0.505,0.455,0.14,0.14,1,0.525,0.505,0.14,1440,4226.490221000001,3,0
0.5,0.53,0.485,0.455,0.455,0.455,0.53,0.53,0.53,0.45,3,0.5,0.455,0.53,1440,6083.981331000001,3,0
0.56,0.6,0.69,0.72,0.695,0.8,0.835,0.825,0.84,0.93,0,0.51,0.8,0.93,1440,23043.174897,3,1
0.445,0.395,0.48,0.18,0.075,0.06,0.052,0.037,0.026,0.0005,0,0.445,0.075,0.0005,1440,7855.164409000002,3,0
0.255,0.75,0.78,0.57,0.725,0.81,0.94,0.93,0.96,0.9915,1,0.625,0.73,0.9665,1440,4380.665349,3,1
0.625,0.625,0.38,0.335,0.295,0.25,0.21,0.075,0.075,0.006,1,0.625,0.275,0.006,1440,18344.147092000003,3,0
0.5,0.49,0.43,0.43,0.43,0.43,0.86,0.86,0.86,0.86,2,0.5,0.43,0.86,1440,8589.958370999999,3,1
0.5,0.41,0.41,0.23,0.245,0.225,0.19,0.145,0.065,0.022,1,0.415,0.25,0.0255,1440,24928.409207999997,3,0
0.5,0.38,0.405,0.375,0.325,0.405,0.52,0.575,0.685,0.9765,2,0.465,0.365,0.92,1440,7214.9748009999985,3,1
0.5,0.38,0.48,0.505,0.585,0.535,0.49,0.28,0.14,0.025,3,0.5,0.615,0.105,1440,18762.28267899998,3,0
0.5,0.55,0.575,0.59,0.555,0.44,0.215,0.09,0.0495,0.007,1,0.575,0.42,0.0355,1440,0.0,3,0
0.5,0.4,0.6,0.655,0.7,0.715,0.75,0.78,0.88,0.975,2,0.425,0.675,0.93,1440,0.0,3,1
0.275,0.545,0.53,0.49,0.325,0.25,0.28,0.34,0.32,0.0115,4,0.575,0.26,0.055,1440,0.0,3,0
0.73,0.47,0.465,0.44,0.41,0.48,0.285,0.21,0.74,0.9935,2,0.5,0.43,0.969,1440,0.0,3,1
0.52,0.49,0.525,0.22,0.24,0.175,0.115,0.039,0.02,0.0075,3,0.495,0.235,0.014,1440,0.0,3,0
0.285,0.415,0.56,0.605,0.645,0.625,0.61,0.565,0.75,0.65,3,0.495,0.645,0.575,1440,0.0,3,0
0.5,0.535,0.65,0.64,0.73,0.73,0.725,0.84,0.8,0.67,0,0.55,0.71,0.665,1440,0.0,3,1
0.295,0.56,0.635,0.675,0.685,0.735,0.76,0.82,0.705,0.525,3,0.5,0.65,0.65,1440,0.0,3,0
0.5,0.6,0.63,0.595,0.535,0.695,0.595,0.585,0.455,0.035,1,0.515,0.615,0.065,1440,0.0,3,0
0.5,0.74,0.715,0.825,0.935,0.7675,0.6935,0.7165,0.679,0.905,0,0.605,0.949,0.622,1440,0.0,3,1
0.5,0.465,0.52,0.8,0.785,0.93,0.94,0.969,0.971,0.994,2,0.535,0.765,0.9935,1440,0.0,3,1
0.5,0.52,0.53,0.705,0.705,0.87,0.84,0.905,0.979,0.9945,0,0.525,0.82,0.9805,1440,0.0,3,1
0.5,0.37,0.42,0.335,0.35,0.28,0.18,0.135,0.06,0.014,1,0.47,0.36,0.021,1440,0.0,3,0
0.5,0.455,0.445,0.485,0.79,0.785,0.835,0.959,0.927,0.988,4,0.545,0.815,0.9885,1440,0.0,3,1
0.495,0.675,0.57,0.53,0.485,0.36,0.375,0.515,0.62,0.085,4,0.545,0.405,0.505,1440,0.0,3,0
0.5,0.35,0.21,0.165,0.145,0.13,0.11,0.065,0.055,0.0595,1,0.47,0.135,0.0235,1440,0.0,3,0
0.72,0.605,0.53,0.59,0.76,0.77,0.805,0.955,0.87,0.993,0,0.715,0.735,0.945,1440,0.0,3,1
0.495,0.495,0.58,0.475,0.485,0.51,0.515,0.655,0.59,0.945,7,0.45,0.515,0.88,1440,0.0,3,1
0.495,0.465,0.44,0.46,0.45,0.265,0.355,0.495,0.435,0.135,4,0.495,0.335,0.2,1440,0.0,3,0
0.495,0.55,0.56,0.625,0.66,0.675,0.66,0.73,0.735,0.56,3,0.435,0.59,0.705,1440,0.0,3,1
0.435,0.54,0.465,0.45,0.445,0.375,0.425,0.38,0.09,0.0045,4,0.48,0.39,0.09,1440,0.0,3,0
0.505,0.555,0.48,0.325,0.245,0.17,0.17,0.5,0.415,0.0245,5,0.45,0.31,0.305,1440,0.0,3,0
0.495,0.455,0.395,0.44,0.43,0.38,0.58,0.87,0.825,0.993,1,0.495,0.325,0.935,1440,25051.800263000012,3,1
0.5,0.445,0.405,0.38,0.26,0.155,0.125,0.055,0.075,0.0085,1,0.405,0.165,0.0235,1440,7487.959792,3,0
0.5,0.425,0.4,0.475,0.455,0.44,0.315,0.335,0.21,0.885,4,0.48,0.47,0.12,1440,19847.287616,3,1
0.53,0.735,0.925,0.925,0.9855,0.9685,0.943,0.9475,0.9765,0.983,0,0.64,0.98,0.9705,1440,0.0,3,1
0.495,0.47,0.475,0.62,0.615,0.43,0.085,0.0345,0.0335,0.033,4,0.52,0.52,0.367,1440,32170.092184,3,0
0.505,0.62,0.535,0.59,0.65,0.705,0.78,0.49,0.33,0.0195,3,0.48,0.67,0.06,1440,18373.596809,3,0
0.505,0.63,0.705,0.405,0.45,0.495,0.37,0.435,0.41,0.035,5,0.655,0.61,0.265,1440,30057.912988,3,0
0.495,0.485,0.44,0.425,0.71,0.51,0.595,0.765,0.935,0.996,3,0.515,0.61,0.988,1440,20884.500965,3,1
0.5,0.435,0.445,0.415,0.35,0.2,0.16,0.145,0.135,0.115,1,0.445,0.23,0.11,1440,10440.184005,3,0
0.495,0.455,0.475,0.5,0.165,0.105,0.29,0.505,0.755,0.065,4,0.47,0.125,0.36,1440,25833.548895,3,0
0.5,0.57,0.55,0.355,0.35,0.28,0.26,0.145,0.055,0.013,1,0.5,0.3,0.0115,1440,15316.716907,3,0
0.5,0.45,0.405,0.425,0.49,0.45,0.515,0.735,0.715,0.9855,4,0.485,0.45,0.9555,1440,18820.667471,3,1
0.515,0.625,0.56,0.705,0.75,0.765,0.785,0.845,0.705,0.615,2,0.625,0.675,0.375,1440,33855.500917,3,1
0.505,0.255,0.225,0.19,0.215,0.125,0.205,0.055,0.055,0.016,1,0.465,0.16,0.031,1440,32921.284484,3,0
0.5,0.57,0.57,0.455,0.495,0.52,0.62,0.55,0.35,0.545,6,0.425,0.56,0.41,1440,21619.404614,3,0
0.44,0.42,0.53,0.49,0.53,0.42,0.405,0.17,0.15,0.0295,8,0.475,0.49,0.04,1440,56611.207616,3,0
0.445,0.23,0.23,0.24,0.08,0.08,0.09,0.205,0.33,0.0245,0,0.39,0.155,0.18,1440,36402.212781,3,0
0.5,0.63,0.745,0.93,0.935,0.945,0.9585,0.9595,0.95,0.968,0,0.5,0.93,0.948,1440,59915.092724,3,1
0.5,0.5,0.45,0.52,0.485,0.46,0.7,0.945,0.976,0.994,6,0.515,0.505,0.994,1440,43140.037806,3,1
0.5,0.59,0.51,0.525,0.625,0.54,0.545,0.735,0.715,0.9965,0,0.585,0.585,0.93,1440,24670.602856,3,1
0.5,0.695,0.725,0.715,0.75,0.825,0.845,0.945,0.949,0.981,0,0.635,0.76,0.9635,1440,36753.653844,3,1
0.5,0.405,0.335,0.485,0.485,0.2,0.14,0.085,0.105,0.015,1,0.54,0.455,0.04,1440,23241.776616,3,0
0.495,0.505,0.48,0.39,0.445,0.415,0.265,0.185,0.09,0.0265,2,0.485,0.45,0.06,1440,13057.493782,3,0
0.495,0.64,0.53,0.565,0.615,0.655,0.545,0.185,0.36,0.925,3,0.54,0.65,0.65,1440,33463.593908,3,1
0.5,0.565,0.545,0.495,0.56,0.51,0.53,0.615,0.9,0.9415,4,0.51,0.475,0.966,1440,44886.723756,3,1
0.5,0.34,0.35,0.405,0.32,0.275,0.115,0.046,0.054,0.012,3,0.56,0.425,0.0195,1440,22166.175608,3,0
0.44,0.245,0.13,0.27,0.465,0.67,0.575,0.905,0.945,0.9985,3,0.43,0.48,0.974,1440,22302.502513,3,1
0.5,0.605,0.385,0.245,0.135,0.08,0.0545,0.01,0.0065,0.005,3,0.43,0.085,0.006,1440,34953.812252,3,0
0.5,0.44,0.585,0.41,0.47,0.485,0.68,0.61,0.555,0.0225,9,0.33,0.56,0.06,1440,32750.025586,3,0
0.5,0.39,0.36,0.335,0.155,0.205,0.25,0.095,0.125,0.1025,1,0.465,0.295,0.04,1440,36275.441525,3,0
0.495,0.545,0.48,0.58,0.485,0.22,0.675,0.665,0.82,0.975,7,0.55,0.41,0.86,1440,16983.771008,3,1
0.495,0.335,0.54,0.69,0.83,0.805,0.845,0.725,0.81,0.275,4,0.31,0.825,0.615,1440,9373.729359,3,0
0.64,0.59,0.24,0.26,0.37,0.195,0.1,0.018,0.0115,0.0085,3,0.445,0.225,0.078,1440,14182.200939,3,0
0.665,0.315,0.4,0.345,0.13,0.165,0.12,0.0505,0.0645,0.011,1,0.47,0.115,0.0535,1440,17441.111456,3,0
0.635,0.59,0.55,0.485,0.225,0.23,0.28,0.15,0.1,0.0025,1,0.585,0.24,0.0115,1440,33622.779705,3,0
0.505,0.455,0.515,0.49,0.405,0.5,0.545,0.7,0.69,0.355,7,0.295,0.415,0.65,1440,20287.935991,3,0
0.67,0.45,0.355,0.375,0.46,0.37,0.3,0.16,0.14,0.0415,1,0.45,0.43,0.085,1440,156259.748648,3,0
0.67,0.265,0.395,0.48,0.69,0.77,0.785,0.865,0.945,0.9875,2,0.455,0.74,0.9805,1440,21924.471993,3,1
0.5,0.52,0.515,0.485,0.405,0.285,0.205,0.37,0.175,0.013,1,0.52,0.3,0.021,1440,23660.981672,3,0
0.67,0.385,0.34,0.33,0.355,0.375,0.255,0.165,0.14,0.0085,1,0.66,0.355,0.065,1440,27304.18872,3,0
0.68,0.575,0.52,0.46,0.38,0.385,0.41,0.315,0.32,0.505,2,0.55,0.49,0.11,1440,38230.050394,3,1
0.67,0.935,0.9655,0.914,0.931,0.952,0.926,0.946,0.9565,0.98,0,0.54,0.9565,0.894,1440,83077.398977,3,1
0.675,0.46,0.35,0.53,0.39,0.615,0.415,0.44,0.35,0.986,8,0.45,0.49,0.885,1440,35091.709592,3,0
0.52,0.44,0.315,0.24,0.13,0.1,0.04,0.0125,0.011,0.0065,1,0.48,0.09,0.0065,1440,37845.614984,3,0
0.59,0.535,0.56,0.12,0.026,0.022,0.022,0.028,0.018,0.005,3,0.485,0.0255,0.005,1440,71101.341643,3,0
0.585,0.5,0.435,0.325,0.225,0.225,0.165,0.19,0.095,0.0195,1,0.575,0.285,0.04,1440,26435.94555,3,0
0.585,0.585,0.835,0.775,0.75,0.825,0.72,0.87,0.895,0.995,0,0.565,0.83,0.9845,1440,34374.245351,3,1
0.5,0.31,0.355,0.435,0.355,0.305,0.345,0.17,0.12,0.0035,1,0.435,0.245,0.065,1440,26010.493657,3,0
0.36,0.415,0.4,0.305,0.14,0.09,0.08,0.095,0.085,0.005,0,0.37,0.105,0.0335,1440,35988.543499,3,0
0.375,0.69,0.59,0.825,0.865,0.855,0.84,0.795,0.72,0.979,1,0.415,0.88,0.945,1440,22945.808213,3,1
0.68,0.335,0.225,0.22,0.195,0.245,0.185,0.155,0.195,0.6,2,0.335,0.195,0.235,1440,40165.613233,3,1
0.63,0.495,0.35,0.195,0.555,0.38,0.165,0.045,0.07,0.42,3,0.5,0.475,0.185,1440,91817.801851,3,0
0.65,0.545,0.525,0.465,0.5,0.525,0.49,0.54,0.71,0.285,7,0.525,0.495,0.85,1440,151013.179475,3,1
0.685,0.19,0.16,0.125,0.115,0.065,0.085,0.075,0.045,0.006,1,0.33,0.075,0.0055,1440,37983.827172,3,0
0.72,0.45,0.465,0.44,0.325,0.435,0.325,0.15,0.115,0.111,3,0.595,0.385,0.039,1440,57202.586025,3,0
0.395,0.465,0.365,0.325,0.265,0.125,0.08,0.0225,0.0125,0.006,0,0.46,0.23,0.012,1440,87084.332553,3,0
0.39,0.26,0.515,0.515,0.455,0.315,0.47,0.235,0.185,0.012,4,0.21,0.35,0.0535,1440,22373.280799,3,0
0.39,0.87,0.945,0.9745,0.987,0.988,0.979,0.991,0.9965,0.996,1,0.565,0.9875,0.9985,1440,55415.891972,3,1
0.505,0.455,0.525,0.635,0.815,0.735,0.84,0.9,0.835,0.9965,4,0.635,0.83,0.955,1440,28068.935676,3,1
0.395,0.48,0.59,0.87,0.8,0.93,0.9495,0.9595,0.988,0.9945,1,0.475,0.955,0.896,1440,22320.444352,3,1
0.395,0.69,0.88,0.865,0.959,0.981,0.8615,0.932,0.951,0.9895,1,0.69,0.952,0.9925,1440,52539.817759,3,1
0.5,0.58,0.555,0.635,0.625,0.645,0.605,0.91,0.92,0.9895,0,0.555,0.65,0.95,1440,21948.935348,3,1
0.695,0.355,0.475,0.54,0.465,0.585,0.485,0.71,0.72,0.965,6,0.42,0.38,0.85,1440,14647.467134,3,1
0.395,0.465,0.44,0.45,0.5,0.41,0.395,0.415,0.44,0.02,4,0.475,0.415,0.2,1440,2324.172128,3,0
0.5,0.44,0.405,0.38,0.38,0.455,0.49,0.525,0.505,0.935,4,0.495,0.48,0.73,1440,8121.554539,3,1
0.485,0.425,0.44,0.485,0.75,0.825,0.855,0.63,0.51,0.475,8,0.53,0.865,0.525,1440,13252.515915,3,0
0.705,0.625,0.69,0.835,0.85,0.885,0.83,0.855,0.87,0.9555,0,0.51,0.84,0.955,1440,7716.905908,3,1
0.5,0.605,0.64,0.605,0.67,0.74,0.74,0.765,0.865,0.9775,0,0.55,0.74,0.94,1440,14245.301207,3,1
0.5,0.505,0.45,0.195,0.485,0.495,0.455,0.645,0.52,0.0245,5,0.5,0.465,0.105,1440,15840.614951,3,0
0.505,0.495,0.535,0.455,0.605,0.62,0.69,0.425,0.565,0.9595,6,0.42,0.645,0.75,1440,14255.103175,3,1
0.515,0.44,0.42,0.345,0.2,0.12,0.19,0.195,0.235,0.035,1,0.36,0.17,0.075,1440,12190.835928,3,0
0.525,0.305,0.26,0.26,0.19,0.09,0.08,0.1,0.085,0.0145,1,0.44,0.18,0.0115,1440,20007.824033,3,0
0.485,0.54,0.5,0.635,0.59,0.61,0.67,0.72,0.83,0.965,1,0.515,0.595,0.91,1440,13694.818595,3,1
0.5,0.445,0.47,0.56,0.435,0.395,0.51,0.675,0.565,0.06,9,0.495,0.505,0.2,1440,8950.40581,3,0
0.5,0.625,0.61,0.68,0.595,0.81,0.835,0.955,0.965,0.95,2,0.4,0.695,0.975,1440,17935.38378,3,1
0.515,0.09,0.085,0.045,0.035,0.0725,0.186,0.1195,0.195,0.0455,1,0.26,0.113,0.1475,1440,18485.22382,3,0
0.5,0.34,0.28,0.325,0.275,0.12,0.13,0.275,0.33,0.855,2,0.355,0.205,0.555,1440,9967.766959,3,1
0.515,0.51,0.5,0.48,0.54,0.44,0.505,0.285,0.305,0.23,9,0.45,0.51,0.84,1440,10166.64533,3,0
0.515,0.4,0.37,0.27,0.22,0.26,0.2,0.475,0.73,0.93,4,0.375,0.215,0.63,1440,15278.10352,3,1
0.515,0.435,0.44,0.41,0.48,0.525,0.47,0.455,0.3,0.005,7,0.46,0.465,0.05,1440,13368.677203,3,0
0.515,0.42,0.445,0.485,0.505,0.365,0.41,0.225,0.15,0.0455,3,0.435,0.39,0.04,1440,8447.814612,3,0
0.515,0.605,0.64,0.755,0.835,0.925,0.95,0.965,0.969,0.973,0,0.555,0.87,0.974,1440,23048.663698,3,1
0.515,0.635,0.795,0.695,0.83,0.85,0.89,0.925,0.9625,0.2905,1,0.51,0.795,0.975,1440,47926.860947,3,0
0.5,0.5,0.375,0.275,0.155,0.13,0.09,0.07,0.05,0.0245,3,0.46,0.1,0.025,1440,3155.884658,3,0
0.345,0.365,0.195,0.16,0.13,0.095,0.07,0.0385,0.0305,0.0105,0,0.42,0.12,0.021,1440,23877.618797,3,0
0.5,0.52,0.59,0.5,0.435,0.35,0.39,0.335,0.68,0.935,6,0.54,0.495,0.24,1440,11591.838145,3,1
0.505,0.645,0.445,0.425,0.605,0.645,0.715,0.865,0.865,0.875,2,0.65,0.63,0.83,1440,21541.962227,3,1
0.515,0.42,0.48,0.515,0.625,0.645,0.46,0.45,0.705,0.7,6,0.465,0.665,0.08,1440,15667.285508,3,1
0.515,0.52,0.455,0.485,0.48,0.64,0.46,0.345,0.445,0.345,9,0.515,0.585,0.705,1440,10945.967268,3,1
0.495,0.29,0.26,0.315,0.31,0.135,0.165,0.045,0.0545,0.0035,0,0.455,0.155,0.0045,1440,16058.85795,3,0
0.345,0.55,0.675,0.63,0.67,0.55,0.52,0.395,0.25,0.15,6,0.545,0.65,0.05,1440,19398.040069,3,0
0.5,0.595,0.575,0.495,0.67,0.8,0.77,0.73,0.79,0.825,2,0.565,0.655,0.74,1440,38487.904625,3,1
0.515,0.51,0.665,0.64,0.67,0.65,0.675,0.795,0.89,0.9965,0,0.505,0.705,0.975,1440,15627.863568,3,1
0.5,0.465,0.4,0.06,0.045,0.034,0.0115,0.0035,0.0025,0.0025,1,0.45,0.0325,0.0005,1440,42384.356163,3,0
0.5,0.34,0.44,0.35,0.32,0.26,0.315,0.19,0.195,0.15,1,0.38,0.325,0.185,1440,32129.265317,3,0
0.5,0.465,0.435,0.42,0.4,0.39,0.35,0.46,0.815,0.971,2,0.4,0.46,0.755,1440,33415.012536,3,1
0.5,0.555,0.48,0.365,0.31,0.495,0.365,0.6,0.305,0.905,6,0.47,0.335,0.505,1440,19402.065545,3,0
0.5,0.675,0.665,0.645,0.645,0.545,0.595,0.475,0.26,0.785,2,0.69,0.63,0.3,1440,48086.900279,3,1
0.5,0.39,0.445,0.5,0.475,0.49,0.58,0.315,0.145,0.095,7,0.48,0.375,0.09,1440,20651.763711,3,0
0.5,0.84,0.87,0.93,0.95,0.965,0.9375,0.962,0.9745,0.985,0,0.785,0.935,0.949,1440,34534.528356,3,1
0.5,0.59,0.615,0.45,0.665,0.69,0.575,0.56,0.605,0.94,6,0.445,0.505,0.69,1440,51112.763275,3,1
0.5,0.42,0.455,0.6,0.915,0.955,0.94,0.97,0.989,0.997,2,0.46,0.96,0.9935,1440,37101.278775,3,1
0.505,0.48,0.49,0.42,0.465,0.32,0.46,0.13,0.07,0.082,3,0.59,0.465,0.176,1440,18826.369828,3,0
0.5,0.485,0.56,0.53,0.305,0.345,0.165,0.095,0.14,0.015,5,0.485,0.385,0.13,1440,37383.912893,3,0
0.5,0.31,0.525,0.615,0.73,0.795,0.835,0.79,0.845,0.52,2,0.385,0.76,0.85,1440,19829.790342,3,0
0.5,0.51,0.41,0.415,0.435,0.12,0.17,0.075,0.065,0.014,5,0.47,0.195,0.035,1440,32750.429508,3,0
0.5,0.18,0.245,0.22,0.15,0.245,0.215,0.34,0.265,0.49,1,0.315,0.275,0.13,1440,41332.368226,3,1
0.5,0.675,0.61,0.775,0.8,0.875,0.93,0.9695,0.9625,0.9015,2,0.49,0.865,0.9115,1440,39212.124011,3,1
0.5,0.545,0.365,0.45,0.46,0.545,0.62,0.72,0.35,0.0205,5,0.545,0.465,0.14,1440,17490.476628,3,0
0.5,0.405,0.235,0.18,0.28,0.155,0.14,0.06,0.0325,0.0045,1,0.4,0.17,0.0045,1440,21428.391342,3,0
0.5,0.22,0.145,0.135,0.195,0.155,0.13,0.055,0.1325,0.02,1,0.34,0.11,0.05,1440,28409.682255,3,0
0.5,0.495,0.72,0.73,0.84,0.96,0.97,0.9665,0.9735,0.9955,2,0.545,0.935,0.9935,1440,47671.475628,3,1
0.485,0.425,0.325,0.285,0.3,0.31,0.175,0.425,0.6,0.025,2,0.44,0.285,0.29,1440,27409.354646,3,0
0.5,0.58,0.45,0.555,0.53,0.26,0.15,0.13,0.095,0.0115,7,0.585,0.505,0.039,1440,53109.542722,3,0
0.5,0.57,0.55,0.855,0.89,0.96,0.97,0.9935,0.9955,0.9975,2,0.435,0.95,0.994,1440,103822.563568,3,1
0.5,0.505,0.635,0.575,0.47,0.58,0.795,0.525,0.685,0.985,4,0.48,0.415,0.87,1440,31007.933755,3,1
0.505,0.905,0.915,0.755,0.865,0.86,0.89,0.92,0.855,0.385,1,0.735,0.905,0.77,1440,23544.0991,3,1
0.5,0.41,0.48,0.445,0.43,0.54,0.505,0.18,0.125,0.18,5,0.54,0.45,0.26,1440,29534.586644,3,1
0.5,0.68,0.765,0.805,0.855,0.765,0.79,0.725,0.52,0.025,1,0.535,0.88,0.29,1440,14813.213515,3,0
0.5,0.265,0.2,0.265,0.46,0.545,0.565,0.335,0.63,0.955,6,0.49,0.555,0.795,1440,21090.155948,3,1
0.495,0.5,0.22,0.36,0.385,0.095,0.19,0.07,0.05,0.025,4,0.535,0.475,0.0895,1440,23792.706551,3,0
0.505,0.44,0.56,0.49,0.275,0.135,0.08,0.04,0.04,0.0005,3,0.525,0.14,0.0295,1440,51289.798537,3,0
0.505,0.545,0.47,0.52,0.605,0.705,0.8,0.7,0.91,0.49,5,0.505,0.73,0.81,1440,89716.591085,3,1
0.515,0.485,0.42,0.385,0.295,0.43,0.265,0.205,0.145,0.025,3,0.345,0.415,0.04,1440,17247.394043,3,0
0.54,0.39,0.39,0.445,0.645,0.745,0.73,0.81,0.9,0.978,2,0.54,0.61,0.94,1440,18443.218951,3,1
0.505,0.44,0.335,0.21,0.29,0.11,0.19,0.14,0.095,0.026,1,0.5,0.34,0.029,1440,20062.653043,3,0
0.485,0.625,0.305,0.345,0.395,0.37,0.43,0.395,0.43,0.35,2,0.53,0.37,0.43,1440,9925.350751,3,0
0.5,0.6,0.325,0.325,0.34,0.29,0.38,0.5,0.24,0.045,3,0.585,0.285,0.475,1440,20952.029936,3,0
0.5,0.4,0.39,0.54,0.62,0.565,0.6,0.295,0.37,0.25,5,0.455,0.46,0.35,1440,14575.139098,3,1
0.305,0.665,0.57,0.475,0.62,0.695,0.75,0.845,0.935,0.9885,3,0.44,0.6,0.9705,1440,9005.326246,3,1
0.495,0.535,0.66,0.67,0.865,0.94,0.915,0.972,0.9475,0.989,1,0.445,0.895,0.9805,1440,16936.911813,3,1
0.505,0.475,0.36,0.445,0.445,0.65,0.735,0.835,0.835,0.988,4,0.48,0.52,0.985,1440,42188.20752,3,1
0.495,0.39,0.33,0.32,0.355,0.41,0.645,0.63,0.39,0.56,3,0.46,0.36,0.48,1440,7327.847407,3,1
0.47,0.355,0.315,0.12,0.13,0.085,0.06,0.045,0.05,0.0095,0,0.37,0.075,0.0275,1440,3597.908627,3,0
0.485,0.605,0.79,0.695,0.58,0.335,0.36,0.195,0.315,0.935,3,0.465,0.48,0.125,1440,7971.231629,3,1
0.485,0.545,0.535,0.455,0.335,0.755,0.87,0.93,0.91,0.9905,9,0.5,0.67,0.988,1440,12311.645467,3,1
0.515,0.56,0.565,0.57,0.485,0.56,0.5,0.645,0.8,0.996,4,0.5,0.45,0.9855,1440,4019.986146,3,1
0.515,0.465,0.52,0.425,0.65,0.575,0.845,0.89,0.97,0.9895,4,0.44,0.705,0.9715,1440,10796.632104,3,1
0.515,0.52,0.28,0.405,0.535,0.51,0.245,0.1,0.19,0.0055,3,0.67,0.55,0.12,1440,4227.528868,3,0
0.515,0.525,0.34,0.375,0.435,0.355,0.455,0.48,0.67,0.13,5,0.5,0.445,0.54,1440,4375.41339,3,0
0.515,0.53,0.5,0.56,0.555,0.555,0.565,0.6,0.55,0.125,5,0.525,0.495,0.46,1440,13827.786109,3,0
0.505,0.595,0.725,0.59,0.51,0.235,0.105,0.045,0.035,0.0045,1,0.535,0.45,0.005,1440,26110.891192,3,0
0.515,0.6,0.73,0.655,0.72,0.86,0.925,0.9745,0.8805,0.9875,0,0.555,0.755,0.9895,1440,33815.158818,3,1
0.515,0.495,0.085,0.105,0.0305,0.0575,0.103,0.0865,0.0335,0.21,1,0.505,0.0265,0.005,1440,17799.2772,3,1
0.515,0.345,0.035,0.029,0.0205,0.028,0.016,0.001,0.0035,0.0025,1,0.485,0.0205,0.0035,1440,33864.379122,3,0
0.515,0.4,0.465,0.495,0.57,0.585,0.63,0.625,0.72,0.415,9,0.36,0.465,0.83,1440,31064.679064,3,0
0.515,0.72,0.655,0.595,0.48,0.37,0.225,0.115,0.17,0.034,1,0.59,0.36,0.055,1440,21833.730455,3,0
0.515,0.395,0.445,0.35,0.445,0.375,0.35,0.35,0.425,0.1,1,0.525,0.425,0.4,1440,12200.550679,3,0
0.485,0.515,0.365,0.26,0.23,0.24,0.125,0.09,0.065,0.011,2,0.475,0.21,0.02,1440,37279.119493,3,0
0.485,0.335,0.32,0.29,0.32,0.24,0.34,0.33,0.325,0.09,0,0.455,0.29,0.445,1440,65821.790349,3,1
0.5,0.445,0.49,0.64,0.62,0.95,0.956,0.9665,0.9815,0.992,4,0.455,0.885,0.991,1440,13996.104677,3,1
0.33,0.335,0.295,0.275,0.165,0.105,0.125,0.017,0.01,0.0045,0,0.42,0.145,0.0085,1440,26680.940707,3,0
0.445,0.78,0.77,0.715,0.6,0.73,0.705,0.875,0.88,0.9845,1,0.69,0.67,0.875,1440,47082.30179,3,1
0.265,0.465,0.515,0.515,0.63,0.635,0.74,0.805,0.775,0.765,5,0.48,0.655,0.915,1440,86715.943128,3,1
0.485,0.575,0.72,0.615,0.69,0.565,0.55,0.9895,0.995,0.9955,3,0.48,0.605,0.995,1440,30706.495255,3,1
0.475,0.41,0.555,0.435,0.435,0.415,0.555,0.12,0.11,0.03,4,0.465,0.415,0.05,1440,21082.554441,3,0
0.505,0.6,0.655,0.77,0.745,0.785,0.84,0.915,0.89,0.997,0,0.625,0.825,0.9765,1440,49696.046587,3,1
0.515,0.55,0.61,0.655,0.53,0.535,0.555,0.42,0.37,0.77,8,0.445,0.515,0.56,1440,129007.019554,3,1
0.515,0.875,0.795,0.85,0.815,0.9,0.95,0.935,0.9415,0.989,0,0.67,0.84,0.989,1440,34463.605568,3,1
0.51,0.37,0.21,0.155,0.23,0.19,0.135,0.04,0.032,0.0055,1,0.335,0.2,0.0655,1440,62351.484454,3,0
0.485,0.555,0.64,0.445,0.305,0.11,0.09,0.026,0.005,0.011,2,0.54,0.2,0.017,1440,52557.690469,3,0
0.75,0.37,0.4,0.265,0.295,0.31,0.36,0.48,0.535,0.98,2,0.56,0.255,0.5,1440,58539.240054,3,1
0.52,0.385,0.415,0.445,0.29,0.46,0.555,0.465,0.475,0.555,8,0.41,0.24,0.465,1440,119539.808672,3,1
0.515,0.515,0.47,0.445,0.21,0.095,0.06,0.0155,0.01,0.004,5,0.425,0.12,0.004,1440,29712.967914,3,0
0.515,0.405,0.38,0.395,0.43,0.685,0.64,0.375,0.375,0.155,5,0.605,0.59,0.44,1440,126230.554184,3,0
0.515,0.44,0.365,0.365,0.365,0.31,0.445,0.145,0.165,0.06,1,0.7,0.385,0.085,1440,80160.865957,3,0
0.485,0.51,0.43,0.3,0.31,0.14,0.07,0.04,0.021,0.0055,2,0.48,0.245,0.003,1440,18483.578034,3,0
0.505,0.4,0.475,0.82,0.86,0.9,0.85,0.96,0.985,0.988,4,0.425,0.925,0.988,1440,37503.159886,3,1
0.515,0.35,0.3,0.51,0.515,0.34,0.3,0.3,0.26,0.155,5,0.35,0.41,0.335,1440,15157.75513,3,0
0.515,0.32,0.315,0.32,0.27,0.24,0.225,0.525,0.52,0.405,5,0.405,0.245,0.4,1440,5562.632966,3,1
0.515,0.54,0.54,0.5,0.57,0.645,0.45,0.17,0.215,0.47,1,0.705,0.545,0.47,1440,25576.120373,3,0
0.445,0.255,0.255,0.255,0.255,0.255,0.255,0.415,0.33,0.235,0,0.255,0.255,0.235,1440,458.774391,3,0
0.515,0.74,0.91,0.895,0.905,0.93,0.95,0.985,0.992,0.9805,2,0.455,0.93,0.999,1440,22054.19543,3,1
0.245,0.535,0.535,0.585,0.59,0.59,0.555,0.56,0.615,0.91,1,0.25,0.595,0.645,1440,1159.665105,3,1
0.5,0.255,0.255,0.255,0.255,0.35,0.35,0.4,0.5,0.505,2,0.255,0.255,0.8,1440,3774.445291,3,0
0.465,0.535,0.505,0.46,0.475,0.535,0.51,0.625,0.675,0.99,5,0.465,0.525,0.5,1440,18897.241386,3,1
0.505,0.335,0.41,0.395,0.4,0.39,0.36,0.79,0.825,0.9955,2,0.475,0.43,0.984,1440,77962.679779,3,1
0.5,0.43,0.395,0.425,0.355,0.375,0.55,0.68,0.685,0.195,3,0.345,0.31,0.815,1440,99520.073899,3,0
0.485,0.49,0.49,0.55,0.65,0.65,0.67,0.825,0.88,0.9785,1,0.495,0.66,0.983,1440,64868.625524,3,1
0.515,0.625,0.725,0.515,0.545,0.545,0.54,0.45,0.4,0.45,3,0.5,0.58,0.55,1440,253333.974638,3,0
0.495,0.465,0.46,0.435,0.485,0.55,0.525,0.745,0.76,0.5425,7,0.485,0.505,0.985,1440,88436.03083,3,1
0.485,0.39,0.41,0.35,0.32,0.36,0.13,0.235,0.19,0.025,0,0.435,0.3,0.06,1440,68576.481631,3,0
0.505,0.58,0.7,0.8,0.755,0.755,0.665,0.865,0.93,0.999,0,0.505,0.79,0.985,1440,29879.867546,3,1
0.5,0.51,0.505,0.595,0.85,0.795,0.675,0.775,0.745,0.66,0,0.55,0.815,0.655,1440,40995.750252,3,1
0.515,0.495,0.45,0.27,0.215,0.065,0.07,0.41,0.105,0.001,3,0.475,0.125,0.035,1440,98341.305569,3,0
0.5,0.475,0.485,0.465,0.515,0.72,0.74,0.82,0.805,0.98,4,0.415,0.625,0.955,1440,69480.476435,3,1
0.515,0.385,0.28,0.42,0.155,0.34,0.435,0.24,0.265,0.03,1,0.53,0.265,0.05,1440,69260.028034,3,0
0.505,0.48,0.38,0.425,0.33,0.215,0.135,0.04,0.035,0.003,1,0.4,0.34,0.0045,1440,29127.503853,3,0
0.5,0.465,0.485,0.295,0.345,0.44,0.415,0.39,0.425,0.495,3,0.5,0.31,0.37,1440,72652.310129,3,0
0.505,0.66,0.835,0.79,0.785,0.845,0.8,0.875,0.88,0.9895,0,0.57,0.81,0.935,1440,33758.602569,3,1
0.505,0.785,0.565,0.55,0.52,0.46,0.26,0.18,0.1,0.04,3,0.55,0.635,0.05,1440,70180.732022,3,0
0.505,0.52,0.145,0.175,0.235,0.295,0.285,0.24,0.155,0.205,3,0.495,0.22,0.215,1440,71291.583062,3,0
0.5,0.51,0.565,0.665,0.81,0.71,0.6,0.565,0.395,0.565,4,0.495,0.735,0.535,1440,89042.302769,3,0
0.71,0.695,0.765,0.755,0.51,0.535,0.755,0.685,0.68,0.315,3,0.57,0.315,0.38,1440,129934.546265,3,0
0.505,0.595,0.47,0.355,0.38,0.37,0.335,0.355,0.1,0.9955,2,0.505,0.38,0.195,1440,31536.036279,3,1
0.505,0.545,0.745,0.69,0.7,0.62,0.515,0.405,0.46,0.385,1,0.53,0.62,0.4,1440,26386.86573,3,0
0.515,0.41,0.395,0.235,0.305,0.34,0.265,0.24,0.2,0.115,1,0.43,0.3,0.03,1440,27166.712622,3,0
0.5,0.32,0.305,0.28,0.145,0.04,0.018,0.0095,0.009,0.006,1,0.38,0.075,0.006,1440,43496.446174,3,0
0.51,0.675,0.715,0.69,0.665,0.465,0.54,0.535,0.53,0.0155,7,0.47,0.605,0.405,1440,27920.281517,3,0
0.505,0.47,0.495,0.505,0.495,0.69,0.58,0.725,0.76,0.79,4,0.52,0.585,0.825,1440,166550.710534,3,1
0.515,0.67,0.725,0.77,0.845,0.925,0.95,0.9845,0.956,0.996,0,0.555,0.865,0.9925,1440,52582.4259,3,1
0.495,0.485,0.465,0.475,0.545,0.65,0.695,0.61,0.695,0.17,2,0.43,0.575,0.465,1440,100482.383003,3,0
0.5,0.54,0.525,0.57,0.72,0.71,0.55,0.425,0.265,0.0025,1,0.5,0.765,0.0225,1440,94180.399828,3,0
0.505,0.615,0.755,0.71,0.56,0.695,0.585,0.86,0.885,0.8545,0,0.565,0.64,0.933,1440,54967.737784,3,1
0.485,0.495,0.34,0.225,0.31,0.295,0.225,0.15,0.19,0.41,0,0.435,0.265,0.19,1440,106698.367197,3,0
0.68,0.575,0.515,0.515,0.675,0.835,0.9,0.92,0.715,0.7,2,0.545,0.825,0.79,1440,139408.602952,3,1
0.495,0.525,0.405,0.24,0.285,0.46,0.31,0.095,0.0445,0.0035,2,0.475,0.37,0.0065,1440,69241.063038,3,0
0.495,0.685,0.805,0.765,0.85,0.87,0.9,0.975,0.967,0.9735,1,0.545,0.86,0.953,1440,152826.6073,3,1
0.495,0.445,0.675,0.9825,0.9785,0.987,0.9915,0.997,0.997,0.9885,1,0.39,0.986,0.985,1440,76152.457924,3,1
0.485,0.465,0.43,0.405,0.37,0.3,0.445,0.5,0.915,0.95,1,0.395,0.32,0.955,1440,59073.665793,3,1
0.51,0.525,0.365,0.47,0.35,0.21,0.375,0.315,0.295,0.755,2,0.51,0.31,0.275,1440,171027.101147,3,1
0.5,0.57,0.595,0.72,0.875,0.89,0.89,0.95,0.974,0.996,0,0.585,0.895,0.99,1440,32599.04945,3,1
0.5,0.19,0.32,0.18,0.31,0.465,0.585,0.835,0.88,0.9765,4,0.58,0.55,0.96,1440,86980.246962,3,1
0.5,0.525,0.565,0.665,0.605,0.495,0.42,0.705,0.735,0.0115,7,0.625,0.625,0.53,1440,81271.064773,3,0
0.75,0.375,0.35,0.14,0.145,0.365,0.1,0.065,0.0195,0.001,1,0.38,0.16,0.012,1440,34731.641288,3,0
0.5,0.44,0.305,0.195,0.1,0.08,0.037,0.0175,0.0105,0.051,1,0.575,0.105,0.0105,1440,48592.112839,3,0
0.5,0.21,0.32,0.31,0.44,0.51,0.545,0.72,0.6,0.02,3,0.475,0.495,0.255,1440,26981.016251,3,0
0.5,0.64,0.56,0.615,0.63,0.59,0.7,0.51,0.225,0.955,2,0.505,0.675,0.4,1440,18377.787326,3,1
0.505,0.44,0.44,0.355,0.325,0.345,0.48,0.515,0.34,0.03,5,0.535,0.29,0.33,1440,35257.143875,3,0
0.5,0.575,0.55,0.68,0.7,0.8,0.89,0.84,0.85,0.12,1,0.52,0.805,0.515,1440,60651.265324,3,0
0.51,0.375,0.41,0.32,0.42,0.55,0.505,0.26,0.28,0.165,5,0.455,0.485,0.285,1440,86827.462866,3,0
0.485,0.625,0.835,0.91,0.86,0.965,0.9835,0.988,0.9935,0.9935,1,0.56,0.96,0.998,1440,15386.005182,3,1
0.505,0.515,0.5,0.225,0.24,0.165,0.065,0.13,0.095,0.0015,5,0.41,0.1,0.03,1440,15981.95332,3,0
0.5,0.34,0.115,0.16,0.26,0.06,0.037,0.018,0.0495,0.025,1,0.28,0.155,0.006,1440,111221.650162,3,0
0.5,0.675,0.625,0.67,0.575,0.545,0.425,0.245,0.21,0.0135,3,0.565,0.535,0.0175,1440,40149.598655,3,0
0.5,0.38,0.31,0.365,0.34,0.085,0.11,0.075,0.15,0.0155,1,0.465,0.26,0.025,1440,71313.50193,3,0
0.51,0.535,0.49,0.35,0.37,0.475,0.66,0.645,0.605,0.97,4,0.505,0.4,0.85,1440,83165.258281,3,1
0.485,0.52,0.525,0.565,0.545,0.555,0.53,0.865,0.91,0.9895,5,0.605,0.46,0.995,1440,77410.308555,3,1
0.5,0.655,0.59,0.61,0.735,0.825,0.8,0.85,0.545,0.155,1,0.615,0.775,0.74,1440,234033.88056,3,1
0.5,0.73,0.755,0.935,0.979,0.9805,0.9795,0.9475,0.966,0.997,2,0.495,0.9785,0.9975,1440,55412.872976,3,1
0.5,0.71,0.77,0.725,0.66,0.85,0.9745,0.9945,0.996,0.999,0,0.52,0.7,0.997,1440,58193.78486,3,1
0.485,0.545,0.405,0.615,0.635,0.595,0.73,0.835,0.875,0.998,3,0.535,0.52,0.994,1440,127665.924672,3,1
0.48,0.58,0.535,0.49,0.57,0.845,0.84,0.973,0.975,0.996,3,0.47,0.7,0.9965,1440,93721.200942,3,1
0.55,0.745,0.515,0.765,0.855,0.93,0.94,0.9545,0.9785,0.9845,0,0.6,0.875,0.976,1440,73193.956323,3,1
0.505,0.41,0.42,0.55,0.285,0.22,0.175,0.19,0.25,0.018,3,0.63,0.24,0.295,1440,154144.373635,3,0
0.5,0.655,0.37,0.265,0.695,0.43,0.545,0.75,0.675,0.09,7,0.5,0.535,0.355,1440,381092.995489,3,0
0.475,0.665,0.74,0.88,0.905,0.972,0.9705,0.9885,0.9935,0.9965,1,0.61,0.975,0.9915,1440,95155.934399,3,1
0.445,0.545,0.57,0.645,0.8,0.795,0.785,0.9445,0.974,0.979,1,0.52,0.77,0.968,1440,98031.529174,3,1
0.5,0.64,0.585,0.665,0.675,0.76,0.795,0.915,0.977,0.9975,0,0.51,0.685,0.9975,1440,68551.283763,3,1
0.5,0.26,0.16,0.155,0.11,0.125,0.11,0.115,0.115,0.0195,1,0.405,0.11,0.045,1440,166075.036785,3,0
0.5,0.345,0.45,0.46,0.41,0.4,0.355,0.535,0.565,0.9705,4,0.5,0.475,0.9805,1440,110094.567769,3,1
0.5,0.445,0.56,0.555,0.535,0.59,0.695,0.615,0.65,0.915,4,0.46,0.595,0.71,1440,72539.077332,3,1
0.5,0.7,0.705,0.58,0.61,0.425,0.38,0.31,0.355,0.0255,3,0.58,0.47,0.065,1440,79501.719523,3,0
0.5,0.715,0.735,0.635,0.735,0.795,0.89,0.955,0.975,0.991,0,0.715,0.715,0.984,1440,96664.386208,3,1
0.5,0.36,0.385,0.37,0.425,0.47,0.535,0.465,0.345,0.71,4,0.565,0.39,0.35,1440,173875.605992,3,1
0.5,0.775,0.917,0.7705,0.7555,0.7315,0.7375,0.656,0.6475,0.3855,1,0.56,0.7485,0.5825,1440,387359.780729,3,0
0.5,0.55,0.49,0.645,0.62,0.52,0.435,0.39,0.43,0.32,5,0.525,0.605,0.445,1440,241517.19699,3,1
0.505,0.38,0.295,0.31,0.295,0.27,0.29,0.305,0.365,0.05,1,0.395,0.33,0.165,1440,138103.469036,3,0
0.49,0.375,0.615,0.84,0.935,0.975,0.9795,0.9785,0.997,0.9975,3,0.61,0.9755,0.997,1440,62733.926496,3,1
0.5,0.52,0.595,0.395,0.335,0.405,0.27,0.265,0.16,0.006,3,0.39,0.37,0.135,1440,183383.766817,3,0
0.5,0.54,0.585,0.525,0.6,0.595,0.545,0.45,0.385,0.0175,5,0.475,0.64,0.0075,1440,91770.365632,3,0
0.5,0.52,0.625,0.49,0.495,0.4,0.46,0.445,0.55,0.795,6,0.59,0.45,0.895,1440,357257.957007,3,0
0.5,0.35,0.265,0.265,0.065,0.135,0.075,0.019,0.0145,0.018,1,0.4,0.09,0.018,1440,6105.574435,4,0
0.5,0.52,0.495,0.28,0.23,0.35,0.215,0.175,0.175,0.045,1,0.525,0.135,0.02,1440,3373.949384,4,0
0.5,0.59,0.685,0.755,0.595,0.625,0.42,0.46,0.495,0.405,7,0.565,0.71,0.555,1440,7407.910968999999,4,0
0.5,0.35,0.32,0.315,0.09,0.075,0.09,0.32,0.15,0.006,1,0.315,0.155,0.055,1440,14408.498886999998,4,0
0.5,0.81,0.865,0.71,0.715,0.94,0.935,0.969,0.9275,0.992,0,0.71,0.71,0.981,1440,11623.668778000003,4,1
0.5,0.5,0.61,0.585,0.68,0.705,0.705,0.725,0.74,0.9895,0,0.605,0.675,0.996,1440,11395.130416999997,4,1
0.5,0.695,0.69,0.69,0.57,0.665,0.45,0.49,0.48,0.57,4,0.7,0.575,0.36,1440,3319.5405279999995,4,1
0.415,0.455,0.37,0.46,0.46,0.475,0.25,0.0295,0.045,0.006,0,0.405,0.445,0.006,1440,8479.608494,4,0
0.5,0.33,0.38,0.455,0.65,0.555,0.515,0.48,0.485,0.3855,3,0.485,0.56,0.0195,1440,1309.089731,4,0
0.5,0.445,0.395,0.225,0.235,0.225,0.22,0.2,0.495,0.475,3,0.465,0.245,0.5,1440,651.970643,4,0
0.495,0.495,0.475,0.46,0.555,0.375,0.375,0.425,0.485,0.995,9,0.555,0.605,0.987,1440,4228.754556,4,1
0.5,0.395,0.31,0.505,0.165,0.515,0.49,0.0245,0.044,0.0165,5,0.605,0.195,0.0195,1440,1393.8745079999997,4,0
0.575,0.605,0.595,0.405,0.645,0.765,0.68,0.81,0.77,0.77,4,0.425,0.805,0.95,1440,1738.04521,4,1
0.5,0.475,0.51,0.505,0.705,0.815,0.655,0.83,0.465,0.47,9,0.475,0.75,0.585,1440,1422.6982530000002,4,1
0.5,0.58,0.625,0.5,0.61,0.6,0.45,0.79,0.785,0.87,4,0.575,0.54,0.83,1440,1210.3533959999997,4,1
0.51,0.595,0.715,0.65,0.7,0.73,0.735,0.81,0.755,0.74,0,0.635,0.71,0.87,1440,2596.7055800000003,4,1
0.5,0.57,0.55,0.45,0.545,0.52,0.205,0.14,0.13,0.03,7,0.455,0.175,0.09,1440,3003.5648440000004,4,0
0.5,0.595,0.575,0.595,0.28,0.46,0.535,0.625,0.725,0.275,5,0.58,0.355,0.295,1440,561.402019,4,0
0.5,0.61,0.58,0.565,0.45,0.17,0.495,0.135,0.105,0.015,1,0.595,0.39,0.0185,1440,1301.919784,4,0
0.5,0.545,0.505,0.455,0.47,0.465,0.615,0.575,0.74,0.15,9,0.515,0.57,0.605,1440,2047.3381790000005,4,0
0.5,0.62,0.645,0.645,0.645,0.55,0.615,0.68,0.73,0.825,0,0.585,0.72,0.815,1440,3311.4763140000005,4,1
0.495,0.73,0.73,0.8,0.825,0.9715,0.972,0.9725,0.9765,0.9765,1,0.5,0.8625,0.962,1440,2148.182138,4,1
0.5,0.54,0.555,0.66,0.64,0.495,0.48,0.54,0.635,0.07,5,0.535,0.485,0.195,1440,2550.7378089999993,4,0
0.495,0.67,0.395,0.71,0.485,0.37,0.285,0.34,0.495,0.495,4,0.57,0.29,0.355,1440,4052.805763000003,4,1
0.5,0.62,0.65,0.635,0.49,0.475,0.49,0.685,0.62,0.91,4,0.53,0.475,0.785,1440,1723.2292380000001,4,1
0.5,0.68,0.645,0.77,0.945,0.875,0.87,0.63,0.53,0.83,2,0.475,0.86,0.87,1440,5576.655627999999,4,1
0.49,0.54,0.545,0.31,0.31,0.465,0.345,0.28,0.425,0.465,2,0.47,0.465,0.315,1440,3121.1635400000005,4,1
0.5,0.55,0.545,0.505,0.385,0.29,0.47,0.525,0.395,0.098,9,0.53,0.24,0.395,1440,1922.8160430000003,4,0
0.5,0.445,0.58,0.435,0.595,0.595,0.595,0.925,0.972,0.9755,4,0.385,0.595,0.975,1440,380.617332,4,1
0.5,0.495,0.345,0.315,0.435,0.49,0.6,0.61,0.885,0.524,4,0.5,0.475,0.935,1440,963.200701,4,1
0.485,0.445,0.465,0.405,0.645,0.925,0.92,0.973,0.7195,0.9825,5,0.485,0.76,0.76,1440,2884.685709000001,4,1
0.5,0.535,0.535,0.465,0.3,0.555,0.62,0.57,0.61,0.95,4,0.53,0.595,0.7,1440,484.34373999999997,4,1
0.5,0.39,0.265,0.49,0.495,0.495,0.495,0.49,0.48,0.465,3,0.425,0.26,0.465,1440,238.33333199999998,4,0
0.495,0.555,0.58,0.375,0.5,0.5,0.385,0.5,0.505,0.5,7,0.475,0.5,0.5,1440,479.0,4,1
0.48,0.415,0.575,0.61,0.695,0.36,0.43,0.56,0.37,0.39,6,0.565,0.6,0.32,1440,188.635186,4,1
0.5,0.57,0.62,0.655,0.665,0.885,0.775,0.91,0.48,0.55,2,0.545,0.78,0.685,1440,681.02,4,0
0.5,0.565,0.65,0.5,0.495,0.485,0.405,0.44,0.5,0.62,6,0.545,0.43,0.62,1440,40.0,4,1
0.5,0.605,0.615,0.435,0.505,0.5,0.195,0.48,0.435,0.355,5,0.415,0.53,0.355,1440,497.04666499999996,4,0
0.485,0.455,0.495,0.435,0.545,0.515,0.52,0.67,0.575,0.56,3,0.49,0.705,0.56,1440,363.63835100000006,4,1
0.5,0.405,0.43,0.3,0.35,0.36,0.32,0.29,0.05,0.0235,1,0.415,0.365,0.0295,1440,2879.8285089999995,4,0
0.5,0.295,0.41,0.435,0.49,0.135,0.5,0.47,0.615,0.47,7,0.435,0.305,0.59,1440,213.351116,4,0
0.515,0.335,0.205,0.305,0.305,0.285,0.285,0.205,0.205,0.205,1,0.345,0.28,0.205,1440,364.376416,4,0
0.465,0.43,0.595,0.47,0.82,0.895,0.5,0.51,0.5,0.504,3,0.43,0.865,0.505,1440,960.060865,4,1
0.435,0.495,0.625,0.53,0.495,0.645,0.72,0.885,0.865,0.745,5,0.485,0.585,0.77,1440,1764.4603849999994,4,1
0.5,0.5,0.5,0.5,0.365,0.365,0.365,0.365,0.465,0.34,1,0.5,0.365,0.34,1440,248.84271,4,1
0.495,0.495,0.495,0.495,0.12,0.12,0.12,0.12,0.12,0.495,0,0.495,0.12,0.495,1440,1065.017071,4,0
0.585,0.47,0.575,0.54,0.54,0.48,0.505,0.51,0.5,0.0475,5,0.435,0.48,0.0475,1440,1359.2556759999998,4,0
0.5,0.775,0.77,0.77,0.665,0.805,0.595,0.84,0.935,0.9695,0,0.5,0.675,0.935,1440,742.2553179999999,4,1
0.26,0.26,0.24,0.24,0.24,0.02,0.02,0.02,0.047,0.047,0,0.26,0.24,0.047,1440,1672.7364400000004,4,0
0.5,0.505,0.505,0.655,0.67,0.67,0.69,0.695,0.7,0.7,0,0.6,0.665,0.705,1440,40.0,4,1
0.5,0.675,0.675,0.48,0.48,0.465,0.485,0.22,0.22,0.545,2,0.5,0.48,0.22,1440,1432.041644,4,0
0.5,0.505,0.635,0.46,0.585,0.43,0.37,0.42,0.425,0.35,5,0.54,0.585,0.485,1440,156.868947,4,1
0.5,0.56,0.525,0.625,0.635,0.735,0.735,0.74,0.895,0.9,0,0.63,0.735,0.9,1440,256.81635000000006,4,1
0.5,0.485,0.5,0.46,0.435,0.435,0.0595,0.059,0.3505,0.099,3,0.5,0.435,0.35,1440,1983.815008,4,0
0.525,0.525,0.525,0.72,0.72,0.72,0.72,0.72,0.41,0.41,1,0.525,0.72,0.41,1440,432.796931,4,1
0.5,0.54,0.51,0.55,0.55,0.535,0.545,0.545,0.68,0.62,0,0.5,0.55,0.68,1440,337.26,4,1
0.505,0.505,0.505,0.53,0.735,0.735,0.74,0.775,0.915,0.9985,0,0.505,0.735,0.795,1440,1008.49,4,1
0.5,0.5,0.495,0.495,0.485,0.35,0.35,0.35,0.36,0.35,1,0.5,0.35,0.35,1440,81.92039999999999,4,0
0.535,0.535,0.57,0.57,0.57,0.57,0.575,0.575,0.645,0.645,0,0.535,0.57,0.64,1440,43.89367,4,1
0.74,0.5,0.5,0.5,0.5,0.505,0.43,0.36,0.365,0.36,1,0.5,0.5,0.365,1440,132.823487,4,0
0.5,0.5,0.5,0.5,0.5,0.5,0.5,0.505,0.505,0.5,0,0.5,0.5,0.505,1440,75.0,4,1
0.5,0.5,0.5,0.495,0.495,0.495,0.5,0.485,0.49,0.485,3,0.5,0.495,0.485,1440,143.46,4,0
0.5,0.5,0.49,0.5,0.5,0.5,0.5,0.505,0.505,0.455,3,0.5,0.5,0.47,1440,1080.6971330000001,4,1
0.5,0.5,0.5,0.5,0.5,0.5,0.5,0.5,0.495,0.155,3,0.5,0.5,0.49,1440,628.17472,4,0
0.5,0.5,0.5,0.5,0.5,0.5,0.5,0.405,0.42,0.48,1,0.5,0.5,0.495,1440,0.0,4,0
0.5,0.495,0.495,0.495,0.495,0.495,0.495,0.505,0.51,0.515,2,0.495,0.495,0.51,1440,0.0,4,1
0.51,0.5,0.5,0.5,0.5,0.285,0.285,0.285,0.285,0.285,3,0.28,0.5,0.285,1440,0.0,4,0
0.73,0.73,0.725,0.725,0.73,0.73,0.295,0.5,0.5,0.53,2,0.73,0.73,0.505,1440,0.0,4,1
0.5,0.5,0.495,0.495,0.495,0.495,0.495,0.5,0.485,0.485,3,0.5,0.495,0.485,1440,0.0,4,0
0.73,0.51,0.515,0.515,0.75,0.535,0.75,0.75,0.74,0.74,0,0.51,0.535,0.74,1440,188.67592299999995,4,1
0.5,0.5,0.5,0.5,0.5,0.5,0.5,0.515,0.51,0.505,0,0.5,0.5,0.515,1440,0.0,4,1
0.5,0.5,0.495,0.495,0.365,0.495,0.485,0.505,0.505,0.47,3,0.5,0.495,0.505,1440,0.0,4,0
0.5,0.5,0.5,0.5,0.5,0.52,0.52,0.52,0.525,0.44,1,0.5,0.5,0.49,1440,0.0,4,0
0.505,0.505,0.505,0.505,0.715,0.505,0.5,0.5,0.495,0.465,1,0.505,0.71,0.485,1440,0.0,4,0
0.5,0.51,0.565,0.47,0.595,0.48,0.48,0.53,0.525,0.52,4,0.56,0.595,0.52,1440,0.0,4,1
0.5,0.545,0.455,0.48,0.51,0.51,0.51,0.525,0.525,0.5,2,0.545,0.51,0.5,1440,0.0,4,1
0.5,0.54,0.495,0.55,0.54,0.54,0.495,0.465,0.465,0.48,3,0.5,0.54,0.48,1440,0.0,4,0
0.51,0.475,0.54,0.405,0.645,0.645,0.435,0.45,0.55,0.56,6,0.57,0.645,0.56,1440,0.0,4,1
0.505,0.5,0.575,0.575,0.365,0.5,0.5,0.52,0.535,0.55,4,0.4,0.5,0.54,1440,0.0,4,1
0.36,0.46,0.305,0.36,0.53,0.435,0.43,0.5,0.5,0.48,8,0.5,0.46,0.5,1440,0.0,4,0
0.495,0.555,0.465,0.655,0.49,0.515,0.5,0.58,0.585,0.485,6,0.495,0.495,0.59,1440,0.0,4,1
0.085,0.14,0.5,0.56,0.525,0.51,0.515,0.705,0.7,0.875,5,0.13,0.42,0.86,1440,0.0,4,1
0.455,0.55,0.285,0.36,0.54,0.565,0.845,0.83,0.83,0.785,3,0.435,0.615,0.805,1440,2747.073236,4,1
0.5,0.375,0.235,0.08,0.085,0.075,0.07,0.07,0.105,0.105,1,0.375,0.075,0.07,1440,7492.482733,4,0
0.435,0.47,0.47,0.54,0.44,0.49,0.485,0.435,0.555,0.555,3,0.43,0.44,0.56,1440,15007.502503,4,1
0.505,0.74,0.6,0.61,0.63,0.51,0.4,0.49,0.5,0.465,3,0.74,0.665,0.39,1440,13722.727114,4,0
0.5,0.485,0.175,0.175,0.065,0.12,0.06,0.015,0.479,0.0175,1,0.395,0.09,0.029,1440,1100.0198289999998,5,0
0.5,0.28,0.235,0.17,0.165,0.14,0.2,0.165,0.36,0.0565,1,0.56,0.135,0.155,1440,1144.0002,5,0
0.5,0.83,0.88,0.525,0.85,0.885,0.82,0.58,0.6,0.0075,1,0.645,0.92,0.6,1440,1063.026333,5,0
0.5,0.445,0.495,0.5,0.495,0.68,0.585,0.565,0.5,0.05,9,0.425,0.74,0.6,1440,1000.0444880000001,5,0
0.5,0.51,0.49,0.37,0.415,0.48,0.39,0.275,0.5,0.0075,3,0.515,0.465,0.24,1440,299.17210399999993,5,0
0.5,0.375,0.435,0.38,0.57,0.575,0.705,0.655,0.655,0.92,2,0.52,0.69,0.775,1440,1589.0811330000001,5,1
0.5,0.77,0.76,0.72,0.75,0.735,0.775,0.82,0.64,0.495,1,0.63,0.715,0.56,1440,2135.647555,5,1
0.5,0.36,0.39,0.1,0.105,0.015,0.019,0.024,0.022,0.0235,1,0.405,0.08,0.024,1440,1965.4679240000003,5,0
0.5,0.285,0.295,0.385,0.325,0.285,0.345,0.445,0.35,0.14,3,0.375,0.29,0.35,1440,1212.250121,5,1
0.45,0.52,0.4,0.395,0.11,0.12,0.13,0.075,0.24,0.385,2,0.58,0.1,0.375,1440,813.209592,5,0
0.525,0.555,0.505,0.565,0.47,0.635,0.73,0.68,0.5,0.992,4,0.545,0.505,0.91,1440,1238.376798,5,1
0.5,0.26,0.22,0.15,0.019,0.0205,0.015,0.0115,0.1305,0.0115,1,0.485,0.0105,0.011,1440,850.4911310000001,5,0
0.665,0.59,0.62,0.405,0.7,0.68,0.495,0.5,0.38,0.83,8,0.685,0.81,0.935,1440,53.210435,5,1
0.5,0.48,0.49,0.42,0.735,0.725,0.655,0.725,0.485,0.475,7,0.525,0.77,0.715,1440,275.19046000000003,5,1
0.5,0.545,0.545,0.505,0.375,0.315,0.605,0.535,0.455,0.885,6,0.565,0.335,0.56,1440,330.206228,5,1
0.5,0.46,0.49,0.44,0.255,0.5,0.515,0.865,0.96,0.958,4,0.515,0.405,0.9745,1440,154.99200000000002,5,1
0.5,0.675,0.715,0.78,0.685,0.51,0.32,0.115,0.0185,0.012,1,0.605,0.695,0.012,1440,175.0,5,0
0.5,0.77,0.77,0.66,0.41,0.53,0.6,0.575,0.78,0.013,5,0.75,0.8,0.485,1440,459.97738499999997,5,0
0.5,0.79,0.78,0.81,0.91,0.88,0.5005,0.9505,0.9745,0.989,0,0.66,0.745,0.987,1440,806.332146,5,1
0.51,0.565,0.685,0.71,0.8,0.93,0.91,0.998,0.9845,0.987,0,0.51,0.82,0.9215,1440,1027.972266,5,1
0.5,0.465,0.58,0.575,0.5,0.315,0.45,0.245,0.13,0.016,3,0.535,0.365,0.0285,1440,175.7,5,0
0.5,0.74,0.43,0.915,0.74,0.595,0.605,0.69,0.86,0.475,3,0.575,0.515,0.475,1440,336.68708200000003,5,1
0.5,0.635,0.63,0.495,0.5,0.49,0.5,0.47,0.48,0.48,5,0.53,0.495,0.48,1440,89.747475,5,1
0.495,0.555,0.665,0.735,0.83,0.965,0.7435,0.743,0.7435,0.6525,1,0.4,0.9645,0.948,1440,607.720441,5,1
0.495,0.475,0.435,0.445,0.25,0.155,0.475,0.265,0.265,0.3205,2,0.68,0.2,0.0555,1440,496.973032,5,1
0.5,0.45,0.44,0.405,0.22,0.12,0.18,0.1,0.475,0.475,1,0.5,0.11,0.47,1440,1177.6086870000001,5,0
0.5,0.625,0.595,0.595,0.595,0.595,0.595,0.595,0.9735,0.695,0,0.515,0.595,0.695,1440,170.0,5,1
0.5,0.6,0.5,0.505,0.635,0.73,0.77,0.7,0.895,0.945,0,0.54,0.7,0.94,1440,684.3839959999999,5,1
0.485,0.49,0.555,0.475,0.87,0.935,0.925,0.935,0.915,0.979,7,0.475,0.93,0.945,1440,1404.8415850000001,5,1
0.515,0.415,0.46,0.405,0.26,0.265,0.235,0.235,0.4,0.225,1,0.505,0.265,0.3,1440,303.43599,5,0
0.5,0.45,0.395,0.355,0.365,0.255,0.205,0.115,0.025,0.113,3,0.44,0.34,0.099,1440,213.232939,5,0
0.5,0.3,0.43,0.395,0.505,0.505,0.505,0.505,0.505,0.505,2,0.415,0.505,0.505,1440,493.880367,5,1
0.5,0.395,0.38,0.605,0.475,0.705,0.85,0.95,0.95,0.9795,6,0.405,0.845,0.979,1440,1306.161396,5,1
0.5,0.27,0.555,0.485,0.635,0.88,0.945,0.9835,0.985,0.985,4,0.54,0.845,0.9845,1440,3705.000014,5,1
0.5,0.615,0.655,0.815,0.86,0.92,0.91,0.955,0.5,0.949,0,0.545,0.9,0.9255,1440,2121.778040999999,5,1
0.5,0.525,0.515,0.545,0.75,0.73,0.26,0.295,0.305,0.365,3,0.445,0.76,0.12,1440,347.104846,5,0
0.495,0.415,0.455,0.455,0.42,0.495,0.495,0.5,0.545,0.55,5,0.445,0.515,0.525,1440,429.748517,5,1
0.495,0.525,0.62,0.565,0.565,0.625,0.56,0.67,0.42,0.65,5,0.48,0.66,0.595,1440,680.7264419999999,5,1
0.5,0.305,0.4,0.475,0.61,0.49,0.525,0.685,0.785,0.48,7,0.43,0.585,0.75,1440,790.5914260000001,5,1
0.66,0.36,0.23,0.13,0.215,0.105,0.1,0.045,0.0405,0.35,1,0.355,0.14,0.023,1440,554.209347,5,0
0.455,0.445,0.455,0.53,0.76,0.78,0.935,0.976,0.982,0.982,3,0.445,0.75,0.9825,1440,324.676608,5,1
0.545,0.62,0.665,0.63,0.565,0.525,0.655,0.775,0.805,0.7,0,0.62,0.525,0.7,1440,361.858013,5,1
0.505,0.295,0.295,0.185,0.195,0.175,0.23,0.23,0.23,0.145,1,0.315,0.195,0.145,1440,467.30116200000003,5,0
0.48,0.395,0.395,0.395,0.24,0.24,0.24,0.15,0.42,0.42,0,0.48,0.24,0.42,1440,829.672281,5,0
0.5,0.545,0.385,0.405,0.155,0.09,0.1,0.48,0.48,0.008,1,0.645,0.155,0.008,1440,443.516716,5,0
0.585,0.48,0.48,0.46,0.565,0.625,0.605,0.605,0.9885,0.9885,2,0.585,0.625,0.9885,1440,826.7636309999999,5,1
0.74,0.74,0.74,0.74,0.74,0.74,0.9665,0.9665,0.9665,0.9665,0,0.74,0.74,0.9665,1440,2596.463798,5,1
0.505,0.505,0.54,0.57,0.57,0.57,0.57,0.645,0.645,0.988,0,0.5,0.57,0.9775,1440,1017.4538050000001,5,1
0.5,0.5,0.5,0.5,0.525,0.525,0.55,0.5,0.525,0.55,0,0.5,0.525,0.55,1440,194.89,5,1
0.5,0.49,0.49,0.5,0.5,0.5,0.475,0.475,0.45,0.45,3,0.5,0.5,0.45,1440,301.90572000000003,5,0
0.5,0.5,0.475,0.475,0.475,0.47,0.47,0.45,0.45,0.76,2,0.5,0.475,0.45,1440,106.25,5,1
0.5,0.445,0.445,0.445,0.37,0.355,0.36,0.35,0.355,0.36,1,0.295,0.37,0.36,1440,514.364376,5,0
0.505,0.5,0.525,0.65,0.65,0.65,0.85,0.85,0.98,0.98,0,0.5,0.65,0.98,1440,183.0451,5,1
0.5,0.5,0.5,0.355,0.355,0.355,0.355,0.345,0.345,0.345,1,0.5,0.355,0.345,1440,265.0,5,0
0.5,0.5,0.5,0.5,0.5,0.5,0.56,0.56,0.56,0.56,0,0.5,0.5,0.56,1440,384.0679,5,1
0.51,0.55,0.55,0.55,0.535,0.535,0.535,0.535,0.505,0.505,0,0.51,0.535,0.505,1440,265.626475,5,0
0.5,0.52,0.52,0.56,0.45,0.42,0.43,0.46,0.4,0.32,1,0.5,0.42,0.32,1440,237.41514999999998,5,1
0.5,0.5,0.5,0.5,0.5,0.545,0.55,0.545,0.545,0.605,0,0.5,0.5,0.545,1440,739.98,5,1
0.5,0.495,0.495,0.465,0.465,0.35,0.35,0.35,0.35,0.02,3,0.505,0.43,0.36,1440,161.73000000000002,5,0
0.5,0.465,0.575,0.575,0.575,0.575,0.65,0.645,0.64,0.655,2,0.72,0.57,0.64,1440,119.09183300000001,5,1
0.5,0.5,0.5,0.5,0.5,0.5,0.43,0.36,0.36,0.355,1,0.5,0.5,0.355,1440,32.990899999999996,5,0
0.5,0.505,0.505,0.505,0.54,0.565,0.565,0.635,0.635,0.52,0,0.5,0.54,0.525,1440,133.0,5,1
0.5,0.46,0.44,0.435,0.44,0.44,0.365,0.35,0.355,0.355,1,0.455,0.44,0.35,1440,116.7,5,0
0.5,0.495,0.495,0.495,0.49,0.495,0.495,0.535,0.55,0.8,4,0.5,0.495,0.8,1440,287.3138830000001,5,1
0.5,0.495,0.515,0.515,0.545,0.52,0.54,0.535,0.435,0.38,3,0.505,0.545,0.39,1440,37.106664,5,0
0.5,0.5,0.5,0.5,0.5,0.5,0.475,0.345,0.355,0.335,1,0.5,0.5,0.35,1440,0.0,5,0
0.5,0.495,0.52,0.545,0.545,0.545,0.62,0.645,0.65,0.65,2,0.495,0.545,0.65,1440,0.0,5,1
0.51,0.54,0.54,0.525,0.3,0.525,0.49,0.54,0.52,0.45,5,0.51,0.525,0.475,1440,0.0,5,0
0.735,0.7,0.7,0.7,0.695,0.72,0.295,0.435,0.55,0.625,2,0.725,0.725,0.625,1440,0.0,5,1
0.495,0.495,0.49,0.45,0.45,0.45,0.355,0.36,0.36,0.36,0,0.495,0.45,0.36,1440,0.0,5,0
0.5,0.465,0.465,0.495,0.475,0.51,0.505,0.51,0.485,0.46,5,0.5,0.505,0.46,1440,0.0,5,1
0.5,0.495,0.495,0.495,0.54,0.545,0.565,0.555,0.555,0.56,2,0.495,0.535,0.56,1440,0.0,5,1
0.5,0.505,0.495,0.505,0.505,0.505,0.505,0.515,0.495,0.375,5,0.495,0.505,0.375,1440,0.0,5,0
0.495,0.505,0.505,0.505,0.505,0.505,0.505,0.51,0.385,0.33,2,0.505,0.505,0.385,1440,0.0,5,0
0.505,0.505,0.505,0.505,0.505,0.505,0.5,0.505,0.5,0.495,1,0.505,0.505,0.5,1440,0.0,5,0
0.51,0.485,0.485,0.49,0.25,0.49,0.49,0.5,0.505,0.54,2,0.485,0.25,0.535,1440,0.0,5,1
0.5,0.085,0.485,0.485,0.485,0.485,0.485,0.495,0.495,0.495,1,0.45,0.485,0.495,1440,0.0,5,1
0.505,0.505,0.505,0.495,0.5,0.5,0.5,0.5,0.5,0.5,6,0.505,0.5,0.5,1440,0.0,5,0
0.505,0.505,0.505,0.51,0.515,0.52,0.5,0.5,0.51,0.52,0,0.505,0.51,0.515,1440,0.0,5,1
0.75,0.595,0.54,0.835,0.895,0.86,0.895,0.945,0.96,0.9735,0,0.58,0.85,0.9695,1440,3157.896113,5,1
0.5,0.535,0.545,0.435,0.455,0.885,0.85,0.895,0.85,0.97,4,0.48,0.55,0.925,1440,1605.099928,5,0
0.5,0.47,0.395,0.37,0.16,0.115,0.095,0.06,0.05,0.026,1,0.54,0.135,0.0665,1440,3833.064082,5,0
0.5,0.74,0.58,0.76,0.795,0.805,0.795,0.85,0.96,0.9795,0,0.55,0.79,0.975,1440,2037.416894,5,1
0.5,0.885,0.745,0.455,0.515,0.495,0.52,0.535,0.33,0.03,7,0.5,0.64,0.07,1440,550.346186,5,0
0.5,0.75,0.785,0.865,0.875,0.97,0.95,0.9745,0.975,0.985,0,0.6,0.95,0.9765,1440,10359.523898,5,1
0.5,0.465,0.875,0.85,0.85,0.865,0.93,0.945,0.945,0.975,2,0.535,0.855,0.974,1440,14763.339225,5,1
0.5,0.505,0.705,0.695,0.695,0.68,0.785,0.775,0.91,0.9585,0,0.5,0.71,0.985,1440,176.232642,5,1
0.5,0.455,0.435,0.425,0.415,0.44,0.47,0.52,0.82,0.855,4,0.445,0.405,0.83,1440,4682.241668,5,1
0.5,0.42,0.49,0.61,0.585,0.775,0.695,0.66,0.59,0.13,5,0.53,0.705,0.565,1440,542.470733,5,0
0.5,0.57,0.645,0.63,0.67,0.485,0.46,0.295,0.25,0.0305,1,0.535,0.555,0.115,1440,13854.864575,5,0
0.495,0.75,0.76,0.75,0.73,0.755,0.895,0.935,0.9745,0.9755,1,0.785,0.705,0.9745,1440,3273.833502,5,1
0.5,0.435,0.455,0.43,0.46,0.57,0.71,0.705,0.79,0.9745,2,0.5,0.445,0.91,1440,337.271332,5,1
0.5,0.29,0.465,0.485,0.545,0.55,0.63,0.705,0.74,0.74,6,0.525,0.3,0.74,1440,693.792144,5,1
0.5,0.51,0.645,0.485,0.575,0.605,0.595,0.665,0.53,0.5,4,0.475,0.615,0.5,1440,470.676782,5,1
0.035,0.035,0.035,0.0025,0.0025,0.0025,0.0025,0.0025,0.0025,0.0025,0,0.035,0.0025,0.0025,1440,407.396691,5,0
0.5,0.555,0.665,0.61,0.655,0.72,0.65,0.43,0.31,0.065,3,0.535,0.675,0.12,1440,1934.110068,5,0
0.5,0.505,0.5,0.5,0.5,0.5,0.495,0.48,0.285,0.425,1,0.5,0.5,0.475,1440,1885.3709029999993,6,0
0.5,0.505,0.5,0.5,0.5,0.505,0.505,0.505,0.505,0.51,2,0.5,0.505,0.505,1440,150.33,6,1
0.5,0.5,0.5,0.53,0.53,0.54,0.535,0.5,0.505,0.655,0,0.505,0.54,0.505,1440,49.97856,6,1
0.5,0.495,0.495,0.74,0.745,0.74,0.745,0.75,0.75,0.9775,2,0.5,0.74,0.995,1440,1217.612131,6,1
0.5,0.5,0.615,0.5,0.505,0.505,0.505,0.505,0.5,0.505,2,0.56,0.505,0.505,1440,456.36,6,1
0.5,0.5,0.505,0.485,0.485,0.485,0.485,0.49,0.49,0.485,3,0.5,0.485,0.485,1440,443.47152500000004,6,1
0.5,0.69,0.73,0.76,0.77,0.76,0.76,0.98,0.9845,0.805,0,0.615,0.76,0.805,1440,2454.389597,6,1
0.5,0.455,0.46,0.385,0.39,0.285,0.275,0.265,0.255,0.265,1,0.5,0.285,0.265,1440,1906.53785,6,0
0.5,0.48,0.5,0.415,0.415,0.415,0.42,0.465,0.465,0.33,3,0.545,0.415,0.46,1440,525.359111,6,0
0.5,0.495,0.5,0.49,0.44,0.395,0.39,0.325,0.315,0.56,4,0.5,0.395,0.415,1440,498.081993,6,0
0.5,0.315,0.265,0.28,0.27,0.28,0.27,0.445,0.445,0.44,1,0.5,0.27,0.445,1440,165.358946,6,0
0.49,0.49,0.49,0.485,0.465,0.47,0.465,0.47,0.475,0.475,2,0.5,0.465,0.475,1440,48.638283,6,0
0.385,0.29,0.29,0.285,0.27,0.27,0.49,0.485,0.485,0.475,0,0.365,0.27,0.48,1440,37.635726,6,0
0.5,0.465,0.465,0.505,0.76,0.91,0.975,0.987,0.9495,0.95,2,0.5,0.9,0.875,1440,4644.08977,6,1
0.5,0.5,0.585,0.58,0.585,0.5,0.495,0.495,0.485,0.51,2,0.525,0.585,0.505,1440,30.0,6,1
0.53,0.52,0.505,0.505,0.5,0.5,0.495,0.52,0.51,0.51,2,0.525,0.5,0.51,1440,405.961875,6,1
0.435,0.575,0.55,0.5,0.505,0.505,0.5,0.49,0.49,0.485,2,0.545,0.505,0.48,1440,8895.550814,6,1
0.5,0.505,0.505,0.505,0.505,0.505,0.5,0.495,0.505,0.505,2,0.5,0.505,0.505,1440,205.49450000000002,6,1
0.5,0.49,0.59,0.485,0.49,0.485,0.485,0.49,0.485,0.0055,7,0.495,0.485,0.485,1440,175.0,6,0
0.5,0.505,0.505,0.69,0.505,0.505,0.505,0.505,0.505,0.505,0,0.5,0.505,0.505,1440,345.01269,6,1
0.5,0.715,0.705,0.455,0.455,0.455,0.485,0.485,0.48,0.505,2,0.76,0.455,0.505,1440,253.850368,6,1
0.505,0.51,0.505,0.5,0.5,0.5,0.5,0.495,0.485,0.48,3,0.535,0.5,0.48,1440,76.31,6,0
0.5,0.65,0.645,0.645,0.49,0.48,0.48,0.48,0.475,0.475,3,0.5,0.49,0.475,1440,179.99020000000002,6,0
0.5,0.5,0.475,0.48,0.48,0.475,0.475,0.475,0.475,0.475,1,0.5,0.475,0.475,1440,30.0,6,0
0.5,0.5,0.495,0.495,0.495,0.495,0.495,0.495,0.495,0.48,5,0.495,0.495,0.495,1440,89.688482,6,1
0.495,0.495,0.575,0.575,0.58,0.58,0.58,0.575,0.575,0.57,3,0.5,0.58,0.575,1440,30.0,6,0
0.49,0.49,0.515,0.49,0.49,0.49,0.49,0.495,0.495,0.495,4,0.495,0.49,0.495,1440,53.0,6,1
0.5,0.5,0.46,0.495,0.5,0.495,0.485,0.48,0.475,0.475,7,0.49,0.495,0.475,1440,20.0,6,0
0.5,0.495,0.53,0.495,0.5,0.5,0.5,0.5,0.485,0.475,7,0.64,0.5,0.48,1440,9.109587999999999,6,0
0.5,0.5,0.5,0.505,0.505,0.505,0.505,0.51,0.52,0.52,0,0.5,0.505,0.52,1440,111.398448,6,1
0.485,0.51,0.485,0.485,0.485,0.48,0.485,0.49,0.49,0.49,2,0.51,0.485,0.49,1440,90.0,6,1
0.505,0.5,0.485,0.49,0.48,0.475,0.475,0.47,0.25,0.245,1,0.505,0.48,0.255,1440,34.9901,6,0
0.5,0.5,0.435,0.5,0.505,0.505,0.505,0.5,0.49,0.485,5,0.44,0.505,0.485,1440,60.0,6,1
0.5,0.56,0.5,0.505,0.505,0.515,0.51,0.515,0.505,0.505,4,0.48,0.505,0.505,1440,714.9390000000001,6,1
0.5,0.505,0.525,0.52,0.505,0.5,0.5,0.49,0.475,0.475,3,0.465,0.5,0.475,1440,32.505817,6,0
0.5,0.48,0.48,0.505,0.505,0.505,0.505,0.515,0.525,0.59,2,0.5,0.505,0.505,1440,20.0,6,0
0.5,0.5,0.5,0.51,0.46,0.435,0.36,0.49,0.5,0.245,7,0.5,0.435,0.245,1440,7.173086999999999,6,0
0.5,0.5,0.51,0.515,0.6,0.915,0.615,0.61,0.61,0.615,0,0.5,0.915,0.615,1440,227.372867,6,1
0.5,0.45,0.49,0.495,0.5,0.5,0.5,0.475,0.475,0.43,7,0.635,0.5,0.43,1440,34.9905,6,0
0.5,0.5,0.555,0.505,0.5,0.5,0.5,0.49,0.49,0.895,4,0.495,0.5,0.78,1440,369.613883,6,1
0.5,0.275,0.28,0.47,0.47,0.445,0.43,0.36,0.43,0.355,3,0.5,0.445,0.355,1440,1146.923275,6,0
0.5,0.655,0.675,0.695,0.705,0.715,0.715,0.715,0.5,0.63,2,0.5,0.69,0.55,1440,305.21262,6,1
0.5,0.335,0.31,0.37,0.29,0.305,0.525,0.555,0.63,0.64,2,0.365,0.28,0.64,1440,341.206463,6,1
0.265,0.515,0.56,0.53,0.465,0.505,0.475,0.465,0.48,0.375,8,0.355,0.5,0.375,1440,100.34714,6,0
0.5,0.5,0.5,0.27,0.27,0.27,0.27,0.27,0.26,0.26,1,0.5,0.27,0.26,1440,27.022940000000002,6,0
0.5,0.445,0.5,0.5,0.435,0.435,0.435,0.435,0.215,0.365,3,0.5,0.435,0.215,1440,191.992,6,0
0.5,0.445,0.44,0.45,0.495,0.495,0.46,0.43,0.43,0.345,1,0.5,0.495,0.345,1440,29.053274,6,0
0.285,0.185,0.185,0.2,0.44,0.44,0.54,0.54,0.495,0.495,2,0.285,0.44,0.495,1440,127.79682900000002,6,1
0.5,0.5,0.5,0.51,0.5,0.525,0.56,0.85,0.87,0.525,0,0.51,0.525,0.845,1440,37.090852,6,1
0.56,0.56,0.64,0.64,0.64,0.64,0.64,0.64,0.64,0.92,0,0.56,0.64,0.92,1440,354.03155599999997,6,1
0.5,0.5,0.5,0.5,0.57,0.57,0.57,0.57,0.54,0.54,0,0.5,0.57,0.54,1440,139.94,6,1
0.5,0.505,0.505,0.5,0.5,0.5,0.51,0.53,0.535,0.5,2,0.625,0.5,0.53,1440,425.13812400000006,6,1
0.5,0.57,0.515,0.5,0.525,0.5,0.555,0.63,0.63,0.655,0,0.5,0.525,0.655,1440,203.643185,6,1
0.615,0.585,0.61,0.51,0.315,0.31,0.41,0.4,0.63,0.63,2,0.585,0.315,0.63,1440,220.06,6,1
0.54,0.675,0.585,0.81,0.81,0.81,0.949,0.949,0.9855,0.9885,0,0.545,0.81,0.9855,1440,1003.9588429999998,6,1
0.525,0.54,0.53,0.265,0.295,0.295,0.275,0.24,0.24,0.0305,1,0.525,0.295,0.035,1440,2898.170214,6,0
0.5,0.62,0.59,0.59,0.595,0.595,0.58,0.935,0.9655,0.9965,0,0.5,0.6,0.994,1440,3485.5410660000002,6,1
0.615,0.535,0.57,0.65,0.53,0.585,0.56,0.585,0.65,0.415,1,0.55,0.615,0.455,1440,337.626362,6,0
0.5,0.48,0.55,0.55,0.55,0.51,0.51,0.51,0.43,0.43,3,0.55,0.51,0.43,1440,244.644099,6,1
0.5,0.5,0.5,0.51,0.54,0.545,0.675,0.64,0.895,0.64,0,0.5,0.545,0.64,1440,787.5,6,1
0.595,0.53,0.53,0.53,0.355,0.35,0.35,0.35,0.355,0.35,1,0.555,0.35,0.355,1440,84.74313599999999,6,0
0.5,0.545,0.535,0.535,0.585,0.49,0.65,0.645,0.64,0.655,2,0.57,0.485,0.64,1440,120.16,6,1
0.36,0.36,0.36,0.255,0.255,0.26,0.26,0.255,0.255,0.255,0,0.36,0.26,0.255,1440,2500.4743189999995,6,0
0.55,0.58,0.58,0.58,0.58,0.58,0.555,0.555,0.555,0.555,0,0.55,0.58,0.555,1440,320.28,6,0
0.285,0.47,0.47,0.445,0.535,0.555,0.555,0.535,0.365,0.36,2,0.49,0.555,0.365,1440,625.6610000000001,6,0
0.285,0.495,0.49,0.49,0.495,0.495,0.52,0.56,0.625,0.8095,5,0.5,0.495,0.8095,1440,1173.009495,6,1
0.5,0.48,0.485,0.485,0.48,0.48,0.465,0.465,0.355,0.105,1,0.5,0.48,0.355,1440,225.672645,6,0
0.365,0.5,0.5,0.5,0.5,0.5,0.465,0.505,0.375,0.375,4,0.5,0.5,0.445,1440,0.0,6,0
0.605,0.59,0.59,0.59,0.59,0.59,0.59,0.605,0.645,0.65,0,0.585,0.59,0.645,1440,0.0,6,1
0.5,0.505,0.505,0.485,0.505,0.52,0.6,0.6,0.6,0.635,2,0.51,0.505,0.595,1440,0.0,6,1
0.5,0.51,0.48,0.635,0.51,0.615,0.365,0.48,0.6,0.735,8,0.51,0.55,0.675,1440,0.0,6,0
0.5,0.505,0.63,0.21,0.115,0.075,0.075,0.07,0.075,0.07,1,0.505,0.1,0.07,1440,0.0,6,0
0.5,0.5,0.5,0.5,0.475,0.495,0.495,0.495,0.54,0.55,2,0.5,0.495,0.54,1440,0.0,6,1
0.5,0.5,0.5,0.48,0.5,0.5,0.475,0.505,0.505,0.39,7,0.5,0.5,0.455,1440,0.0,6,0
0.53,0.58,0.575,0.59,0.565,0.565,0.565,0.455,0.37,0.37,1,0.53,0.585,0.37,1440,0.0,6,0
0.565,0.59,0.59,0.585,0.585,0.595,0.595,0.63,0.63,0.775,0,0.59,0.585,0.635,1440,0.0,6,1
0.505,0.505,0.505,0.725,0.735,0.52,0.725,0.735,0.725,0.916,0,0.505,0.725,0.765,1440,0.0,6,1
0.57,0.47,0.46,0.46,0.565,0.585,0.625,0.63,0.63,0.65,2,0.48,0.565,0.65,1440,0.0,6,1
0.575,0.495,0.59,0.585,0.585,0.595,0.595,0.595,0.6,0.505,4,0.495,0.595,0.495,1440,0.0,6,0
0.48,0.48,0.51,0.485,0.49,0.49,0.51,0.59,0.925,0.935,5,0.48,0.49,0.925,1440,0.0,6,1
0.565,0.39,0.46,0.58,0.58,0.58,0.58,0.58,0.575,0.61,2,0.565,0.58,0.575,1440,0.0,6,0
0.575,0.58,0.485,0.485,0.5,0.595,0.595,0.6,0.6,0.6,4,0.495,0.595,0.6,1440,0.0,6,1
0.585,0.485,0.475,0.595,0.535,0.475,0.545,0.58,0.585,0.585,6,0.495,0.525,0.585,1440,0.0,6,1
0.495,0.475,0.475,0.45,0.475,0.475,0.475,0.505,0.505,0.665,3,0.475,0.475,0.505,1440,0.0,6,1
0.5,0.5,0.52,0.455,0.265,0.225,0.185,0.225,0.28,0.52,2,0.54,0.485,0.51,1440,0.0,6,1
0.5,0.49,0.49,0.49,0.49,0.205,0.195,0.185,0.21,0.295,1,0.49,0.45,0.265,1440,17395.377013,6,0
0.5,0.5,0.5,0.5,0.51,0.505,0.505,0.51,0.505,0.51,0,0.5,0.51,0.51,1440,685.46665,6,1
0.5,0.5,0.5,0.5,0.5,0.5,0.5,0.505,0.51,0.975,2,0.5,0.5,0.885,1440,17463.097814,6,1
0.5,0.5,0.5,0.5,0.28,0.5,0.5,0.44,0.075,0.0145,3,0.5,0.495,0.0145,1440,18888.631745,6,0
0.495,0.505,0.505,0.5,0.5,0.495,0.49,0.37,0.4,0.28,2,0.495,0.5,0.4,1440,18157.543357,6,0
0.515,0.515,0.515,0.515,0.515,0.795,0.505,0.53,0.5,0.455,3,0.515,0.515,0.5,1440,15582.08695,6,0
0.5,0.5,0.5,0.5,0.5,0.67,0.885,0.905,0.775,0.965,0,0.5,0.665,0.89,1440,31488.189293,6,1
0.415,0.48,0.49,0.49,0.49,0.44,0.45,0.435,0.13,0.11,0,0.415,0.49,0.36,1440,16893.636813,6,0
0.5,0.24,0.49,0.21,0.235,0.28,0.58,0.28,0.255,0.5,4,0.3,0.31,0.58,1440,107.994,6,0
0.5,0.46,0.54,0.74,0.74,0.74,0.74,0.74,0.605,0.695,2,0.4,0.74,0.705,1440,1521.07866,6,0
0.5,0.525,0.5,0.5,0.5,0.5,0.5,0.5,0.5,0.5,0,0.5,0.5,0.5,1440,1380.48677,6,0
