price_t0,price_t1,price_t2,price_t3,price_t4,price_t5,price_t6,price_t7,price_t8,price_t9,price_t10,price_t11,price_t12,price_t13,crossings_05,price_early,price_mid,price_late,duration_minutes,volume,coin,label
0.5,0.985,0.9905,0.9895,0.9895,0.993,0.9895,0.9935,0.987,0.9835,0.896,0.9445,0.1705,0.4305,7,0.985,0.993,0.5175,10077.358966666665,799934.0195089995,0,0
0.845,0.9,0.915,0.935,0.935,0.94,0.895,0.765,0.545,0.105,0.105,0.0115,0.0035,0.0005,1,0.905,0.755,0.0005,8717.5075,439144.83360599994,0,0
0.08,0.07,0.075,0.065,0.045,0.045,0.0415,0.0805,0.212,0.3555,0.2415,0.2065,0.0065,0.0005,0,0.075,0.0465,0.0115,9948.640337433335,34471.550865000005,0,0
0.235,0.23,0.27,0.275,0.275,0.285,0.305,0.335,0.27,0.075,0.016,0.0105,0.0005,0.0005,0,0.23,0.31,0.0005,9948.320723033334,13119.993207000005,0,0
0.0205,0.0215,0.0105,0.007,0.007,0.009,0.0065,0.006,0.001,0.0005,0.0005,0.0005,0.0005,0.0005,0,0.021,0.0065,0.0005,9947.66774665,3579.8599999999997,0,0
0.66,0.385,0.48,0.485,0.435,0.435,0.495,0.49,0.495,0.195,0.055,0.009,0.0005,0.0005,9,0.58,0.535,0.0005,10074.612810083334,287135.86838600005,0,0
0.01,0.006,0.0055,0.0055,0.006,0.005,0.0025,0.005,0.0035,0.001,0.001,0.0005,0.0005,0.0005,0,0.0115,0.005,0.0005,10077.147025616667,39739.18630700001,0,0
0.0155,0.0105,0.0075,0.0045,0.0045,0.0055,0.004,0.0035,0.0055,0.0065,0.001,0.0005,0.0005,0.0005,0,0.016,0.004,0.0005,10066.134086516666,4572.83951,0,0
0.225,0.11,0.14,0.145,0.12,0.11,0.14,0.125,0.125,0.0285,0.0075,0.0015,0.0005,0.0005,0,0.18,0.145,0.0005,10073.292523799999,19918.33185600001,0,0
0.575,0.465,0.36,0.175,0.175,0.14,0.115,0.105,0.115,0.095,0.085,0.012,0.0005,0.0005,3,0.52,0.105,0.0005,10050.059648066666,225971.45967500037,0,0
0.06,0.017,0.017,0.007,0.0065,0.004,0.004,0.0005,0.0005,0.0005,0.0015,0.0005,0.0005,0.0005,0,0.0205,0.0005,0.0005,10055.490691050001,33313.274399999995,0,0
0.05,0.075,0.105,0.215,0.19,0.165,0.185,0.17,0.13,0.105,0.085,0.375,0.63,0.0015,2,0.065,0.17,0.535,10062.78592095,51748.68662500002,0,0
0.185,0.14,0.105,0.037,0.036,0.0345,0.0165,0.0135,0.013,0.0225,0.006,0.0065,0.0005,0.0005,0,0.16,0.012,0.0005,10062.481175766667,8067.850227999998,0,0
0.0105,0.011,0.0045,0.0055,0.005,0.0175,0.0145,0.013,0.0115,0.006,0.005,0.0025,0.0015,0.0005,0,0.011,0.0145,0.0005,10046.582189516666,290063.796743,0,0
0.24,0.275,0.245,0.255,0.225,0.105,0.12,0.1,0.075,0.055,0.055,0.052,0.0175,0.0005,0,0.27,0.085,0.008,10056.3283324,38223.283116999984,0,0
0.0205,0.0205,0.0045,0.0025,0.0025,0.0025,0.0025,0.0015,0.0015,0.001,0.001,0.001,0.0005,0.0005,0,0.0155,0.0015,0.0005,10045.147784516668,4704.8735,0,0
0.967,0.9485,0.9065,0.9105,0.875,0.7015,0.812,0.828,0.8175,0.8815,0.9245,0.94,0.919,0.1185,1,0.944,0.7425,0.8995,10054.468009850001,533109.3999510001,0,0
0.0175,0.015,0.0075,0.007,0.007,0.006,0.005,0.0005,0.0005,0.0005,0.0005,0.0005,0.0005,0.0005,0,0.016,0.0005,0.0005,10074.703170166667,18719.567712,0,0
0.5,0.085,0.1,0.195,0.145,0.18,0.46,0.32,0.29,0.205,0.095,0.045,0.0375,0.0145,7,0.085,0.64,0.0375,10071.638676833334,251924.16815299992,0,0
0.5,0.12,0.055,0.0325,0.024,0.021,0.0165,0.0105,0.006,0.003,0.0005,0.0015,0.001,0.0005,3,0.125,0.0085,0.001,10034.747796083333,178821.5870440002,0,0
0.5,0.007,0.0045,0.0045,0.0065,0.0065,0.0105,0.0075,0.004,0.0045,0.0015,0.0005,0.0005,0.0005,1,0.0065,0.007,0.0005,10043.527685633333,24381.637673999998,0,0
0.045,0.023,0.0105,0.0175,0.047,0.042,0.0885,0.1785,0.145,0.1085,0.0345,0.0185,0.008,0.0035,0,0.032,0.214,0.007,10074.745287916665,42150.67291700001,0,0
0.21,0.19,0.175,0.23,0.285,0.31,0.335,0.295,0.32,0.35,0.27,0.32,0.535,0.035,4,0.195,0.275,0.535,10074.7107029,55143.45447900001,0,0
0.9835,0.9885,0.9945,0.9895,0.993,0.9935,0.9925,0.9905,0.9895,0.992,0.9945,0.997,0.9995,0.9995,0,0.986,0.983,0.9995,10076.511614449999,114346.24235300004,0,1
0.34,0.43,0.44,0.345,0.225,0.195,0.065,0.021,0.0185,0.016,0.009,0.003,0.0015,0.0005,0,0.405,0.0315,0.0005,10076.611457533332,165084.8921880003,0,0
0.0155,0.0155,0.011,0.0055,0.0025,0.0025,0.0015,0.0015,0.006,0.005,0.0015,0.0005,0.0005,0.0005,0,0.0155,0.0015,0.0005,10072.044144283334,3393.1215000000007,0,0
0.0165,0.0115,0.0075,0.0065,0.0015,0.0015,0.003,0.005,0.0065,0.0095,0.0035,0.003,0.001,0.0005,0,0.0165,0.003,0.001,10072.429563549998,5779.023274000002,0,0
0.022,0.0245,0.023,0.024,0.016,0.007,0.005,0.005,0.003,0.0005,0.0005,0.0005,0.0005,0.0005,0,0.0245,0.005,0.0005,10072.574506033334,9024.430379999998,0,0
0.67,0.815,0.815,0.895,0.915,0.875,0.805,0.825,0.595,0.405,0.43,0.31,0.185,0.305,3,0.81,0.785,0.145,10076.843786083333,390075.40393600095,0,0
0.023,0.0235,0.0215,0.018,0.0135,0.011,0.01,0.0015,0.0005,0.0005,0.0005,0.0005,0.0005,0.0005,0,0.0255,0.0105,0.0005,10077.122876533334,66575.02289200001,0,0
0.095,0.095,0.125,0.19,0.155,0.1,0.135,0.033,0.036,0.024,0.0735,0.09,0.3375,0.9675,1,0.095,0.06,0.709,10071.203364266667,103359.60193899988,0,1
0.055,0.07,0.023,0.0155,0.0255,0.0235,0.018,0.023,0.0105,0.007,0.005,0.004,0.0005,0.0005,0,0.07,0.0185,0.0005,10072.303905183333,11167.664173,0,0
0.95,0.961,0.9365,0.882,0.91,0.955,0.945,0.987,0.9885,0.9925,0.987,0.9905,0.983,0.986,0,0.9455,0.982,0.9125,10070.499147283332,528325.0491739996,0,1
0.08,0.085,0.032,0.0405,0.0335,0.038,0.026,0.0325,0.026,0.0135,0.004,0.0015,0.0005,0.0005,0,0.085,0.0275,0.0005,10072.0031044,138577.850004,0,0
0.0205,0.0185,0.0165,0.0165,0.0115,0.03,0.006,0.014,0.0055,0.001,0.001,0.003,0.001,0.0005,0,0.017,0.0165,0.001,10067.863614400001,220160.16625700003,0,0
0.21,0.225,0.23,0.255,0.14,0.085,0.21,0.235,0.225,0.285,0.205,0.235,0.0215,0.0005,0,0.225,0.205,0.011,10058.525001283333,25811.90574500001,0,0
0.9845,0.989,0.991,0.9895,0.9895,0.9845,0.9945,0.9935,0.993,0.9995,0.9985,0.999,0.9995,0.9995,0,0.988,0.9955,0.9995,10065.147820066666,206937.0193410001,0,1
0.5,0.11,0.075,0.055,0.0195,0.0125,0.0375,0.025,0.0205,0.0175,0.007,0.0045,0.0005,0.0005,1,0.115,0.027,0.0005,10075.5484459,210440.326164,0,0
0.5,0.0205,0.0145,0.0185,0.007,0.0065,0.0055,0.0045,0.0025,0.0005,0.0015,0.001,0.0005,0.0005,1,0.0205,0.006,0.0005,10073.028770216666,70658.387666,0,0
0.1,0.115,0.13,0.135,0.125,0.08,0.0255,0.0175,0.0575,0.068,0.0425,0.024,0.0085,0.0005,0,0.095,0.0235,0.0045,10061.262520816666,126183.60229500002,0,0
0.235,0.245,0.24,0.245,0.28,0.355,0.35,0.195,0.335,0.41,0.465,0.575,0.715,0.974,1,0.24,0.29,0.825,10061.602652900001,90788.45731699996,0,1
0.92,0.92,0.94,0.959,0.978,0.979,0.965,0.874,0.9745,0.9925,0.991,0.995,0.998,0.9995,0,0.9,0.945,0.9995,10075.029992416667,445559.405890001,0,1
0.08,0.08,0.075,0.08,0.043,0.0165,0.0185,0.0125,0.0205,0.02,0.011,0.0045,0.0005,0.0005,0,0.08,0.0165,0.0005,10067.71873015,271654.3908029999,0,0
0.08,0.05,0.0305,0.0325,0.018,0.015,0.006,0.0095,0.0055,0.0435,0.005,0.0045,0.0045,0.0005,0,0.045,0.0045,0.0015,10074.604256883333,15064.061615000002,0,0
0.095,0.12,0.11,0.125,0.145,0.165,0.105,0.085,0.017,0.019,0.0325,0.033,0.0075,0.002,0,0.115,0.105,0.0075,10067.405873033333,40622.44855800004,0,0
0.5,0.9855,0.9865,0.991,0.9875,0.986,0.9905,0.991,0.9885,0.9885,0.9945,0.9975,0.9995,0.9995,0,0.985,0.9875,0.9995,10076.61995515,227224.65920299993,0,1
0.345,0.385,0.38,0.43,0.47,0.5,0.445,0.375,0.115,0.065,0.265,0.285,0.165,0.085,6,0.43,0.45,0.225,10077.077242816666,287890.6779070003,0,0
0.39,0.225,0.215,0.08,0.105,0.11,0.1,0.085,0.175,0.05,0.1,0.0055,0.0015,0.0005,0,0.25,0.105,0.0005,11478.330281666666,58235.17955499999,0,0
0.5,0.037,0.033,0.022,0.021,0.013,0.011,0.007,0.006,0.0055,0.0015,0.0075,0.001,0.0005,1,0.07,0.0055,0.0005,10073.302653233333,107036.19395700005,0,0
0.5,0.21,0.155,0.15,0.09,0.0355,0.0275,0.02,0.019,0.0305,0.0615,0.016,0.004,0.0005,1,0.155,0.016,0.0045,10075.401811349999,131435.98106800008,0,0
0.5,0.0055,0.006,0.0025,0.001,0.0025,0.0025,0.0025,0.0015,0.0015,0.0015,0.0005,0.0005,0.0005,1,0.008,0.0025,0.0005,10073.268942266666,15104.313249,0,0
0.255,0.18,0.225,0.245,0.275,0.275,0.335,0.375,0.435,0.565,0.275,0.2,0.775,0.936,3,0.175,0.32,0.895,9998.946024783334,110322.99961199999,0,1
0.245,0.025,0.01,0.01,0.0095,0.006,0.006,0.006,0.007,0.005,0.004,0.001,0.0005,0.0005,0,0.085,0.006,0.0005,9998.447648133333,4269.020833,0,0
0.8,0.745,0.74,0.825,0.855,0.9,0.94,0.943,0.9725,0.9835,0.8535,0.8795,0.9925,0.9995,0,0.795,0.9555,0.996,10001.254813916667,497249.07916000043,0,1
0.5,0.025,0.018,0.025,0.0055,0.017,0.0055,0.0055,0.0055,0.0045,0.002,0.0005,0.0005,0.0005,1,0.04,0.006,0.0005,9998.036059933334,28095.58462199999,0,0
0.26,0.055,0.037,0.0325,0.0325,0.0235,0.0285,0.02,0.0205,0.007,0.0135,0.0045,0.006,0.0005,0,0.055,0.0205,0.0015,9985.305079683334,25293.81086700002,0,0
0.245,0.16,0.135,0.105,0.11,0.105,0.095,0.095,0.105,0.065,0.04,0.0105,0.001,0.0005,0,0.165,0.095,0.0005,9985.512840333333,20195.44827999999,0,0
0.5,0.9725,0.968,0.964,0.973,0.9815,0.982,0.9865,0.9865,0.9935,0.9965,0.999,0.9995,0.9995,0,0.9715,0.9865,0.9995,9986.262870616667,158252.10542500022,0,1
0.4,0.305,0.325,0.175,0.16,0.135,0.13,0.13,0.11,0.07,0.038,0.012,0.0005,0.0005,2,0.28,0.1,0.0005,9988.869459816666,333191.41213099996,0,0
0.0335,0.0255,0.0135,0.006,0.009,0.015,0.003,0.007,0.0025,0.002,0.0005,0.0005,0.0005,0.0005,0,0.0225,0.003,0.0005,10006.123045233333,57577.51479099999,0,0
0.935,0.9,0.855,0.895,0.885,0.82,0.85,0.87,0.885,0.9545,0.9865,0.9815,0.9965,0.9985,0,0.915,0.855,0.9985,10005.130994333333,517731.9548560012,0,1
0.12,0.065,0.065,0.045,0.049,0.0135,0.013,0.0085,0.007,0.007,0.003,0.0015,0.0005,0.0005,0,0.075,0.017,0.0005,10004.206272483334,120842.94954400002,0,0
0.165,0.205,0.185,0.215,0.21,0.265,0.27,0.315,0.355,0.385,0.395,0.54,0.645,0.9845,3,0.19,0.3,0.755,10003.813377616667,57630.36664799997,0,1
0.0325,0.0255,0.02,0.025,0.02,0.019,0.006,0.006,0.0055,0.0035,0.0015,0.001,0.0005,0.0005,0,0.0255,0.006,0.0005,10003.46077225,1511.8153300000001,0,0
0.08,0.13,0.18,0.21,0.215,0.245,0.23,0.345,0.335,0.395,0.43,0.495,0.555,0.9825,7,0.09,0.275,0.675,10073.976889283334,63632.37025700002,0,1
0.075,0.0455,0.029,0.02,0.02,0.015,0.0195,0.011,0.011,0.0035,0.003,0.001,0.0005,0.0005,0,0.065,0.0195,0.0005,10073.854374016666,3212.5628069999993,0,0
0.915,0.895,0.87,0.805,0.76,0.76,0.805,0.65,0.69,0.665,0.675,0.885,0.973,0.9875,0,0.94,0.64,0.974,10076.2929726,506830.50184600055,0,1
0.14,0.06,0.027,0.0145,0.0075,0.0065,0.009,0.0035,0.0055,0.0035,0.0005,0.004,0.0005,0.0005,0,0.11,0.011,0.0005,10077.50483435,50731.765903,0,0
0.0375,0.0205,0.012,0.0105,0.019,0.0055,0.005,0.0115,0.0225,0.0205,0.009,0.0025,0.001,0.0005,0,0.0315,0.011,0.0005,10073.14430745,6992.614632000002,0,0
0.195,0.22,0.225,0.235,0.235,0.185,0.185,0.175,0.155,0.095,0.055,0.028,0.005,0.001,0,0.2,0.16,0.0045,10072.586806950001,22582.009242999993,0,0
0.975,0.9865,0.9915,0.9855,0.987,0.984,0.997,0.9985,0.9935,0.9945,0.9975,0.9995,0.9995,0.9995,0,0.987,0.997,0.9995,10077.323134666665,115152.75458299996,0,1
0.62,0.7,0.835,0.79,0.68,0.57,0.55,0.545,0.5,0.375,0.305,0.235,0.115,0.0595,5,0.67,0.515,0.215,10072.007574966667,353024.1509749999,0,0
0.02,0.0205,0.0475,0.0165,0.012,0.013,0.007,0.006,0.0005,0.0005,0.001,0.0005,0.0005,0.0005,0,0.0205,0.007,0.0005,10075.938815983332,48851.805841999994,0,0
0.21,0.23,0.22,0.235,0.255,0.29,0.23,0.16,0.175,0.18,0.065,0.0695,0.0065,0.0005,0,0.225,0.235,0.004,10063.357674566667,317996.6291179999,0,0
0.0225,0.024,0.023,0.02,0.019,0.011,0.0075,0.0115,0.012,0.0005,0.0005,0.0005,0.0005,0.0005,0,0.024,0.01,0.0005,10063.107371933333,10082.72575,0,0
0.875,0.925,0.86,0.885,0.9575,0.9465,0.9155,0.802,0.8475,0.865,0.726,0.846,0.7645,0.867,0,0.895,0.918,0.8945,10072.391129783333,427007.87363800075,0,1
0.075,0.075,0.035,0.037,0.081,0.036,0.015,0.0145,0.012,0.005,0.0005,0.001,0.0005,0.0005,0,0.065,0.0205,0.0005,10073.245798183334,91276.50700599997,0,0
0.945,0.925,0.915,0.935,0.885,0.905,0.976,0.966,0.951,0.857,0.883,0.9335,0.8125,0.8635,0,0.93,0.967,0.8445,10070.819833416666,817873.954163,0,1
0.125,0.095,0.065,0.07,0.025,0.025,0.0395,0.0125,0.0115,0.0125,0.002,0.0015,0.0005,0.0005,0,0.12,0.0215,0.0005,10069.788176066668,108979.19636099994,0,0
0.0255,0.02,0.0195,0.02,0.0235,0.016,0.016,0.016,0.016,0.013,0.007,0.0105,0.014,0.003,0,0.0195,0.016,0.0125,10074.198480483332,31563.192837999966,0,0
0.21,0.195,0.185,0.22,0.14,0.145,0.27,0.19,0.065,0.035,0.028,0.012,0.006,0.0005,0,0.2,0.255,0.001,10073.724967483335,42905.645262999984,0,0
0.5,0.0065,0.0035,0.006,0.0025,0.0035,0.001,0.004,0.001,0.0005,0.0005,0.0005,0.0005,0.0005,1,0.005,0.0015,0.0005,10075.519462116667,40237.828204,0,0
0.5,0.565,0.38,0.305,0.345,0.155,0.095,0.245,0.065,0.011,0.006,0.003,0.004,0.0005,3,0.42,0.285,0.003,10071.753274816667,291737.804585,0,0
0.5,0.0205,0.029,0.0175,0.0165,0.0275,0.0175,0.007,0.008,0.0025,0.0095,0.0055,0.002,0.0005,1,0.04,0.0095,0.0025,10076.429216416667,59448.76387199999,0,0
0.505,0.973,0.9755,0.985,0.976,0.9755,0.979,0.9825,0.825,0.7005,0.7435,0.833,0.977,0.9995,0,0.953,0.98,0.974,11479.8944138,125606.8137550001,0,1
0.19,0.185,0.225,0.21,0.21,0.235,0.13,0.115,0.29,0.175,0.014,0.006,0.0015,0.0005,0,0.19,0.105,0.0005,10073.653121783334,27648.510007999994,0,0
0.04,0.0295,0.0305,0.0195,0.024,0.0205,0.0195,0.0055,0.0135,0.012,0.0015,0.0005,0.0005,0.0005,0,0.04,0.0195,0.0005,10073.475311133334,1222.3487000000002,0,0
0.925,0.91,0.95,0.945,0.94,0.9635,0.9095,0.942,0.983,0.973,0.984,0.952,0.9715,0.9985,0,0.93,0.8875,0.9935,10076.140627249999,493325.3164959995,0,1
0.06,0.0365,0.0505,0.021,0.0205,0.0205,0.02,0.015,0.0115,0.013,0.0015,0.0005,0.0005,0.0005,0,0.049,0.013,0.0005,10071.28176505,46186.726373,0,0
0.5,0.375,0.43,0.365,0.495,0.355,0.31,0.39,0.15,0.105,0.385,0.105,0.0055,0.0005,3,0.37,0.39,0.0015,10062.78700495,267085.6672260001,0,0
0.505,0.78,0.83,0.795,0.89,0.84,0.84,0.86,0.72,0.72,0.974,0.9505,0.9525,0.7525,0,0.77,0.88,0.8825,10022.2301814,581340.9450170018,0,1
0.975,0.985,0.985,0.985,0.9895,0.9845,0.988,0.992,0.992,0.9945,0.994,0.997,0.9995,0.9995,0,0.985,0.988,0.9995,10076.661178416667,136338.44105500003,0,1
0.275,0.325,0.395,0.375,0.435,0.345,0.465,0.345,0.285,0.245,0.115,0.105,0.225,0.0015,2,0.325,0.37,0.085,10075.154876083334,616532.4460819999,0,0
0.025,0.02,0.0165,0.018,0.02,0.0145,0.0155,0.013,0.003,0.0105,0.005,0.003,0.0005,0.0005,0,0.0205,0.0155,0.0005,10074.29378435,28918.139036,0,0
0.21,0.225,0.215,0.24,0.23,0.27,0.26,0.305,0.32,0.345,0.3,0.34,0.615,0.039,2,0.225,0.285,0.655,10075.3921677,68468.11494699986,0,0
0.0215,0.022,0.021,0.0145,0.0165,0.016,0.0155,0.016,0.0095,0.007,0.0015,0.001,0.0005,0.0005,0,0.022,0.016,0.0005,10074.8631165,3399.055901999999,0,0
0.5,0.685,0.765,0.775,0.83,0.825,0.845,0.875,0.945,0.895,0.935,0.9125,0.9215,0.9995,2,0.705,0.86,0.9445,10077.578366466665,504371.0989080001,0,1
0.496,0.024,0.0175,0.0205,0.0125,0.0115,0.0115,0.0085,0.0105,0.0075,0.0015,0.0005,0.0005,0.0005,0,0.03,0.0185,0.0005,10076.40275805,41140.153109999985,0,0
0.245,0.075,0.06,0.0535,0.0385,0.035,0.0295,0.0185,0.011,0.015,0.009,0.007,0.006,0.0005,0,0.085,0.025,0.0035,10075.04425585,37138.82761400001,0,0
0.24,0.08,0.0765,0.0845,0.109,0.097,0.0915,0.09,0.1415,0.071,0.034,0.0165,0.001,0.0025,0,0.085,0.0775,0.0005,10074.656783233333,23340.715701999998,0,0
0.935,0.915,0.905,0.87,0.915,0.95,0.955,0.955,0.9865,0.99,0.9915,0.9925,0.9985,0.9995,0,0.91,0.955,0.9985,10077.013520033333,355883.36209999985,0,1
0.0415,0.0255,0.0195,0.016,0.017,0.016,0.013,0.005,0.006,0.0045,0.0005,0.0005,0.0005,0.0005,0,0.025,0.012,0.0005,10073.3488798,34654.612223000004,0,0
0.03,0.025,0.025,0.025,0.019,0.019,0.0165,0.0145,0.0145,0.006,0.005,0.003,0.0005,0.0005,0,0.025,0.0145,0.0005,10074.841176633334,15364.870116000007,0,0
0.045,0.05,0.0145,0.015,0.015,0.015,0.0155,0.0135,0.0135,0.0105,0.005,0.0015,0.0005,0.0005,0,0.05,0.0135,0.0005,10074.618164233334,5893.614780000001,0,0
0.9525,0.9775,0.993,0.98,0.989,0.99,0.9915,0.9945,0.9975,0.997,0.9995,0.9985,0.9995,0.9995,0,0.9755,0.9915,0.9995,10075.190153366666,108353.249231,0,1
0.415,0.435,0.445,0.425,0.255,0.2,0.215,0.21,0.285,0.265,0.385,0.25,0.225,0.0025,4,0.395,0.235,0.145,10075.65291625,207786.08874599976,0,0
0.03,0.012,0.0125,0.0055,0.0065,0.0075,0.005,0.0005,0.0005,0.0005,0.0005,0.0005,0.0005,0.0005,0,0.0145,0.003,0.0005,10076.643831216667,103934.40026700002,0,0
0.255,0.175,0.185,0.175,0.27,0.29,0.305,0.31,0.26,0.265,0.165,0.195,0.145,0.0615,0,0.17,0.305,0.125,10074.386643933334,58319.19547599997,0,0
0.25,0.0325,0.0265,0.02,0.0105,0.024,0.0115,0.016,0.0115,0.008,0.0015,0.0005,0.0005,0.0005,0,0.038,0.0115,0.0005,10074.1676253,7691.979000000001,0,0
0.575,0.59,0.655,0.745,0.755,0.74,0.84,0.815,0.895,0.735,0.845,0.835,0.9705,0.9995,0,0.63,0.89,0.9995,9136.330570783333,274410.323326,0,1
0.0305,0.0175,0.0145,0.006,0.005,0.0035,0.004,0.0045,0.0055,0.0035,0.001,0.001,0.001,0.0005,0,0.02,0.004,0.0005,9136.36756175,97026.22766399998,0,0
0.045,0.075,0.065,0.055,0.036,0.0205,0.0065,0.0055,0.003,0.002,0.003,0.0015,0.001,0.0005,0,0.075,0.007,0.001,9133.840349583334,110696.29517500005,0,0
0.545,0.9,0.935,0.94,0.9645,0.9665,0.9465,0.9595,0.9915,0.994,0.991,0.996,0.9975,0.9995,0,0.85,0.941,0.997,10069.561101583333,362792.8842659999,0,1
0.54,0.115,0.105,0.1,0.06,0.05,0.0165,0.012,0.0155,0.0105,0.004,0.007,0.0035,0.0005,1,0.075,0.013,0.0015,10058.068002783333,228264.7264429997,0,0
0.255,0.05,0.045,0.04,0.018,0.029,0.0435,0.019,0.02,0.0095,0.002,0.0025,0.0015,0.0005,0,0.075,0.0375,0.001,10026.724359683334,208743.86424400003,0,0
0.255,0.11,0.13,0.125,0.125,0.115,0.033,0.0245,0.0345,0.0195,0.0185,0.0205,0.0185,0.0015,0,0.09,0.0235,0.0065,10026.468137666667,115096.16954900001,0,0
0.0355,0.024,0.0235,0.02,0.015,0.006,0.0035,0.003,0.003,0.003,0.0015,0.0005,0.0005,0.0005,0,0.065,0.003,0.0005,10071.73724835,3959.9939999999992,0,0
0.205,0.17,0.21,0.185,0.175,0.165,0.18,0.235,0.37,0.345,0.405,0.3,0.135,0.0055,0,0.15,0.25,0.07,10072.26972885,55626.97447400001,0,0
0.026,0.032,0.032,0.026,0.0265,0.02,0.018,0.0175,0.004,0.0025,0.002,0.0005,0.0005,0.0005,0,0.03,0.0055,0.0005,10060.698404216668,12009.129043,0,0
0.0155,0.023,0.0295,0.0365,0.0325,0.026,0.014,0.009,0.0065,0.004,0.004,0.0005,0.0005,0.0005,0,0.0225,0.012,0.0005,10076.944184616666,61620.55619800001,0,0
0.365,0.505,0.515,0.61,0.71,0.75,0.75,0.69,0.485,0.58,0.605,0.7,0.835,0.9965,19,0.365,0.655,0.925,10069.13660815,339965.6451719996,0,1
0.53,0.9,0.915,0.9575,0.9525,0.9695,0.975,0.985,0.9895,0.989,0.991,0.9985,0.9995,0.9995,0,0.915,0.9775,0.9995,10075.649332416668,184430.45533800017,0,1
0.495,0.0515,0.0695,0.109,0.106,0.167,0.1825,0.219,0.1165,0.055,0.014,0.0085,0.0015,0.0005,0,0.059,0.1915,0.0015,10076.1751714,317262.18686800014,0,0
0.125,0.055,0.055,0.055,0.045,0.025,0.026,0.011,0.0175,0.0055,0.004,0.001,0.0015,0.0005,0,0.055,0.025,0.0005,10072.10849,9934.167122999997,0,0
0.26,0.225,0.235,0.24,0.26,0.245,0.25,0.24,0.215,0.105,0.225,0.2,0.535,0.31,6,0.23,0.21,0.685,10071.801465933333,73554.56730299989,0,0
0.93,0.9785,0.9895,0.9895,0.9855,0.9935,0.9885,0.9965,0.9975,0.9985,0.9985,0.9995,0.9995,0.9995,0,0.9785,0.993,0.9995,10077.343565199999,139810.07277699994,0,1
0.315,0.295,0.32,0.3,0.36,0.47,0.53,0.595,0.675,0.87,0.735,0.765,0.425,0.67,17,0.305,0.615,0.285,10075.938170966667,568274.8821090028,0,1
0.0235,0.02,0.0105,0.0075,0.002,0.0025,0.0025,0.001,0.001,0.0015,0.0005,0.0005,0.0005,0.0005,0,0.02,0.001,0.0005,10073.040252683333,40854.349929000025,0,0
0.215,0.22,0.225,0.25,0.245,0.25,0.23,0.165,0.16,0.08,0.0525,0.013,0.01,0.0025,0,0.225,0.145,0.0085,10072.560229516666,48837.56909899999,0,0
0.0225,0.024,0.0115,0.0105,0.0105,0.011,0.006,0.022,0.016,0.0155,0.0115,0.023,0.002,0.0005,0,0.0215,0.018,0.0005,10071.806718,17515.508001000006,0,0
0.89,0.92,0.975,0.9765,0.9775,0.9765,0.977,0.9895,0.989,0.9945,0.9985,0.9995,0.9995,0.9995,0,0.9,0.988,0.9995,10075.630761350001,128516.85645500003,0,1
0.015,0.0195,0.015,0.008,0.0115,0.0105,0.0055,0.02,0.023,0.027,0.008,0.0165,0.0025,0.0005,0,0.0185,0.0305,0.0015,10076.574850866666,479142.6397670002,0,0
0.115,0.085,0.06,0.0385,0.025,0.0165,0.0105,0.0105,0.01,0.0025,0.004,0.0015,0.0005,0.0005,0,0.065,0.0105,0.0005,10074.666210416668,10927.911051,0,0
0.1305,0.066,0.078,0.107,0.1475,0.1765,0.2005,0.181,0.2525,0.212,0.3535,0.441,0.581,0.9005,3,0.0845,0.193,0.6455,10074.030505666666,63484.827302,0,1
0.94,0.9405,0.9645,0.978,0.983,0.9895,0.9955,0.9965,0.994,0.993,0.9985,0.9995,0.9995,0.9995,0,0.955,0.9965,0.9995,10074.495186283333,126698.46225999994,0,1
0.015,0.019,0.026,0.026,0.0205,0.0195,0.034,0.0275,0.0285,0.028,0.0315,0.0665,0.012,0.0015,0,0.029,0.0295,0.0125,10075.864652866667,465306.0864409994,0,0
0.49,0.04,0.027,0.021,0.018,0.016,0.015,0.014,0.0015,0.0015,0.0035,0.0005,0.0005,0.0005,0,0.0355,0.015,0.0005,9859.6345325,9464.506641,0,0
0.45,0.155,0.14,0.17,0.175,0.265,0.335,0.365,0.38,0.405,0.41,0.48,0.345,0.012,0,0.155,0.34,0.165,9863.030596316667,79691.47610999997,0,0
0.975,0.981,0.9935,0.9945,0.9975,0.9945,0.995,0.9975,0.9985,0.999,0.999,0.9995,0.9995,0.9995,0,0.988,0.9945,0.9995,9991.8714869,12854.369278,0,1
0.47,0.63,0.485,0.52,0.545,0.72,0.85,0.86,0.9,0.925,0.935,0.958,0.9935,0.9995,9,0.62,0.86,0.9985,9904.097692683334,554261.833309999,0,1
0.49,0.022,0.0085,0.0085,0.0085,0.008,0.008,0.008,0.005,0.004,0.0005,0.0015,0.0005,0.0005,0,0.021,0.008,0.0015,9890.638409283334,388113.00099799974,0,0
0.74,0.79,0.74,0.825,0.71,0.79,0.84,0.945,0.9695,0.973,0.9875,0.9885,0.9975,0.9995,0,0.82,0.91,0.9975,10066.201600883333,384073.1465039994,0,1
0.05,0.0405,0.0205,0.0225,0.02,0.018,0.0075,0.012,0.013,0.0125,0.0065,0.0035,0.0015,0.0005,0,0.0305,0.015,0.0035,10068.371538450001,290820.85687300016,0,0
0.135,0.11,0.145,0.095,0.18,0.135,0.115,0.04,0.02,0.0155,0.007,0.0065,0.0035,0.0005,0,0.105,0.06,0.0015,10074.6525654,34151.17883599999,0,0
0.055,0.05,0.032,0.0435,0.0285,0.0255,0.022,0.0225,0.0215,0.021,0.019,0.0175,0.0515,0.0075,0,0.06,0.022,0.0255,10074.630784816667,66875.84684099998,0,0
0.0155,0.003,0.0125,0.004,0.0015,0.0015,0.0015,0.0005,0.0005,0.0005,0.0005,0.001,0.0005,0.0005,0,0.003,0.0005,0.0005,10077.253665366667,25126.352646999996,0,0
0.175,0.44,0.43,0.495,0.33,0.52,0.345,0.255,0.065,0.0475,0.016,0.02,0.004,0.0005,10,0.31,0.255,0.0045,10076.8520625,279505.3407299998,0,0
0.16,0.055,0.045,0.0235,0.0155,0.011,0.015,0.0075,0.006,0.0055,0.0025,0.0025,0.0025,0.0015,0,0.095,0.011,0.0015,10076.216105266667,343039.3237429999,0,0
0.98,0.973,0.9625,0.971,0.971,0.984,0.9765,0.985,0.9855,0.992,0.998,0.9995,0.9995,0.9995,0,0.984,0.9755,0.9995,10072.5995793,174160.41642500006,0,1
0.3,0.285,0.185,0.16,0.13,0.145,0.056,0.0405,0.032,0.045,0.0545,0.0415,0.038,0.003,0,0.43,0.05,0.012,10076.7627704,412695.9090870005,0,0
0.265,0.02,0.025,0.0255,0.027,0.015,0.016,0.0105,0.016,0.0055,0.003,0.001,0.0005,0.0005,2,0.0185,0.0165,0.0005,10069.701338766667,17818.012772000002,0,0
0.265,0.195,0.245,0.245,0.26,0.29,0.295,0.345,0.405,0.5,0.325,0.385,0.33,0.0055,4,0.19,0.31,0.275,10067.872020033334,46014.252488999984,0,0
0.24,0.0075,0.0055,0.0105,0.013,0.0065,0.005,0.0035,0.003,0.0005,0.0015,0.001,0.0005,0.0005,2,0.0115,0.005,0.0005,10069.16372585,18198.677332999996,0,0
0.64,0.71,0.74,0.7,0.605,0.62,0.545,0.76,0.5,0.52,0.63,0.963,0.9825,0.9995,12,0.66,0.655,0.9895,10076.770051033332,303099.45443100005,0,1
0.115,0.15,0.16,0.11,0.07,0.06,0.0375,0.034,0.0175,0.009,0.0075,0.0065,0.002,0.0005,0,0.125,0.0435,0.0005,10076.97024805,146140.40717400002,0,0
0.575,0.85,0.825,0.875,0.89,0.89,0.83,0.83,0.835,0.945,0.87,0.925,0.977,0.9995,0,0.845,0.835,0.9935,10076.801512516666,377542.79872799985,0,1
0.5,0.25,0.235,0.285,0.3,0.225,0.14,0.125,0.075,0.14,0.034,0.019,0.0045,0.009,1,0.245,0.13,0.0075,10075.954985266666,495074.81010100094,0,0
0.165,0.085,0.105,0.08,0.07,0.055,0.12,0.115,0.135,0.0375,0.097,0.0695,0.013,0.0005,0,0.09,0.11,0.0055,10073.970065783333,32913.553338999984,0,0
0.155,0.055,0.065,0.08,0.085,0.08,0.0325,0.024,0.0145,0.0345,0.0085,0.0015,0.003,0.0005,0,0.055,0.028,0.0035,10073.407085066667,19173.001465,0,0
0.0325,0.0155,0.0235,0.022,0.012,0.0135,0.0125,0.0105,0.0055,0.0085,0.001,0.001,0.0005,0.0005,0,0.018,0.0135,0.0005,10069.464121683333,2423.341,0,0
0.185,0.21,0.22,0.235,0.215,0.25,0.255,0.27,0.215,0.21,0.165,0.25,0.0685,0.0045,0,0.195,0.27,0.0135,10070.061708216666,40035.24379999999,0,0
0.043,0.031,0.0235,0.0195,0.015,0.018,0.0195,0.0085,0.0045,0.004,0.003,0.001,0.0005,0.0005,0,0.042,0.0155,0.0005,10077.24357115,18204.410169,0,0
0.98,0.9705,0.975,0.9785,0.9785,0.985,0.9865,0.99,0.9885,0.9805,0.996,0.9985,0.9995,0.9995,0,0.9705,0.9885,0.9995,10075.766425816666,212678.91659400024,0,1
0.33,0.3,0.25,0.215,0.205,0.26,0.305,0.22,0.125,0.085,0.043,0.0535,0.006,0.0005,0,0.345,0.38,0.0015,10077.144389466666,313598.86642299994,0,0
0.575,0.505,0.47,0.48,0.45,0.45,0.43,0.495,0.545,0.47,0.375,0.535,0.1,0.0025,19,0.54,0.415,0.165,10075.673490583335,784145.380765002,0,0
0.0295,0.0185,0.017,0.016,0.006,0.0055,0.0055,0.005,0.0045,0.0005,0.0005,0.0005,0.0005,0.0005,0,0.0245,0.0055,0.0005,10073.634979416667,63775.297277000005,0,0
0.13,0.16,0.165,0.165,0.185,0.18,0.18,0.155,0.135,0.15,0.18,0.51,0.29,0.053,2,0.15,0.19,0.12,10074.0743497,190062.2866999996,0,1
0.065,0.05,0.0325,0.0265,0.021,0.0165,0.0255,0.0285,0.014,0.012,0.0045,0.1355,0.0005,0.0005,0,0.06,0.0245,0.0005,10073.809932316666,5939.698623000001,0,0
0.49,0.155,0.11,0.155,0.16,0.165,0.185,0.17,0.17,0.13,0.04,0.1115,0.1365,0.5845,3,0.17,0.18,0.2015,10072.104453466665,82437.72428800001,0,0
0.495,0.0255,0.015,0.0145,0.0045,0.0115,0.0035,0.0035,0.0035,0.0015,0.001,0.001,0.0005,0.0005,0,0.07,0.0035,0.0005,10072.7390269,47259.368529,0,0
0.075,0.18,0.23,0.15,0.105,0.085,0.055,0.0455,0.04,0.05,0.12,0.0175,0.0015,0.0005,0,0.085,0.0475,0.0005,10070.136277416666,334411.11653000006,0,0
0.0215,0.038,0.047,0.0255,0.022,0.01,0.0085,0.0075,0.0055,0.0045,0.002,0.0005,0.0005,0.0005,0,0.023,0.008,0.0005,10076.94263485,58193.84094200002,0,0
0.135,0.155,0.12,0.305,0.365,0.245,0.225,0.15,0.105,0.105,0.085,0.095,0.285,0.0015,0,0.17,0.195,0.0365,10077.271502866666,603244.0824529994,0,0
0.915,0.92,0.93,0.9755,0.98,0.973,0.981,0.9845,0.9925,0.9975,0.9975,0.9975,0.9995,0.9995,0,0.92,0.986,0.9995,10076.136744416666,299601.5428669999,0,1
0.36,0.335,0.21,0.505,0.555,0.45,0.54,0.46,0.39,0.415,0.365,0.465,0.845,0.27,24,0.285,0.46,0.375,10076.76635595,475902.84076699935,0,0
0.07,0.037,0.0305,0.013,0.0105,0.012,0.0105,0.004,0.008,0.0035,0.003,0.003,0.0005,0.0005,0,0.045,0.006,0.0005,10071.008907566666,23121.752385999996,0,0
0.245,0.045,0.0295,0.082,0.096,0.058,0.049,0.0315,0.0215,0.012,0.012,0.0115,0.023,0.0005,0,0.17,0.04,0.007,10071.369451316667,38541.450871999994,0,0
0.5,0.009,0.01,0.013,0.0485,0.033,0.012,0.013,0.0105,0.004,0.0025,0.0015,0.0005,0.0005,1,0.0165,0.012,0.0005,10077.284966266667,98786.10489300001,0,0
0.52,0.3,0.285,0.24,0.6,0.65,0.41,0.42,0.275,0.16,0.12,0.045,0.0635,0.057,11,0.255,0.53,0.0755,10077.124427766666,478663.8713019993,0,0
0.505,0.105,0.075,0.065,0.0395,0.0165,0.0145,0.0115,0.0075,0.006,0.0055,0.0025,0.0005,0.0005,1,0.095,0.0135,0.0005,10077.0745667,161448.55344999998,0,0
0.37,0.43,0.465,0.48,0.7,0.865,0.745,0.83,0.855,0.885,0.91,0.945,0.976,0.9985,5,0.43,0.76,0.9835,10066.199163483334,548759.3928710012,0,1
0.0595,0.0625,0.0515,0.035,0.1225,0.1515,0.067,0.0545,0.025,0.013,0.005,0.005,0.0005,0.0005,0,0.0595,0.0435,0.0015,10077.181742633335,233265.92428100036,0,0
0.16,0.2,0.22,0.23,0.255,0.205,0.275,0.285,0.36,0.39,0.565,0.615,0.735,0.3,6,0.18,0.32,0.495,10072.6134967,213409.420461,0,0
0.06,0.05,0.032,0.026,0.014,0.007,0.008,0.007,0.0045,0.006,0.0035,0.003,0.0005,0.0005,0,0.05,0.0075,0.0005,10072.863746833335,34055.14728099999,0,0
0.9845,0.977,0.9765,0.979,0.9935,0.9915,0.9935,0.9955,0.996,0.9995,0.9995,0.9985,0.9995,0.9995,0,0.977,0.994,0.9995,10075.006355233334,228535.76733500004,0,1
0.5,0.485,0.49,0.365,0.54,0.525,0.45,0.765,0.84,0.785,0.915,0.94,0.9805,0.9995,8,0.49,0.71,0.9885,10073.6259216,374228.3719250002,0,1
0.0205,0.02,0.0195,0.019,0.017,0.0055,0.005,0.005,0.0045,0.0015,0.0025,0.0005,0.0005,0.0005,0,0.0195,0.0045,0.0005,10068.968910383333,80476.25424699999,0,0
0.155,0.195,0.2,0.21,0.2,0.225,0.255,0.235,0.28,0.135,0.12,0.13,0.0255,0.004,0,0.18,0.255,0.043,10072.010241666667,55861.33548899997,0,0
0.045,0.0405,0.03,0.0295,0.0265,0.02,0.0235,0.0105,0.0065,0.013,0.01,0.0025,0.0015,0.0005,0,0.0405,0.0195,0.0015,10071.60178635,81684.834385,0,0
0.83,0.81,0.68,0.65,0.535,0.59,0.735,0.78,0.735,0.945,0.955,0.9645,0.9925,0.9995,0,0.81,0.71,0.9935,10077.178144083333,461469.4367010004,0,1
0.065,0.055,0.0255,0.028,0.024,0.014,0.0145,0.0155,0.014,0.0155,0.0185,0.006,0.0015,0.0005,0,0.06,0.0155,0.0005,10076.303520216667,182240.8118660001,0,0
0.045,0.045,0.011,0.008,0.014,0.018,0.0235,0.013,0.0065,0.006,0.0075,0.0015,0.0005,0.0005,0,0.037,0.0285,0.0005,10069.624698033333,45258.406883,0,0
0.215,0.195,0.2,0.22,0.21,0.19,0.17,0.2,0.28,0.28,0.345,0.35,0.35,0.305,4,0.195,0.17,0.39,10069.121782866667,60379.61399500003,0,0
0.9795,0.993,0.9915,0.9935,0.9935,0.993,0.9935,0.993,0.9975,0.998,0.9995,0.9995,0.9995,0.9995,0,0.9935,0.993,0.9995,10077.036341733334,144052.441464,0,1
0.18,0.21,0.41,0.395,0.27,0.215,0.125,0.19,0.26,0.205,0.21,0.675,0.625,0.675,7,0.21,0.145,0.585,10077.3468534,494087.88626100065,0,1
0.505,0.97,0.9855,0.988,0.989,0.9965,0.9965,0.993,0.994,0.993,0.9985,0.9995,0.9995,0.9995,0,0.9645,0.9945,0.9995,9654.436215866668,112219.60089699997,0,1
0.215,0.205,0.425,0.385,0.24,0.22,0.24,0.105,0.135,0.22,0.175,0.065,0.3205,0.986,3,0.2,0.24,0.5105,9617.429008233334,419107.7315499991,0,1
0.085,0.075,0.09,0.275,0.17,0.11,0.08,0.075,0.04,0.0355,0.024,0.0245,0.044,0.037,0,0.075,0.08,0.0475,9617.641314100001,719965.2149070003,0,0
0.185,0.2,0.23,0.26,0.2,0.21,0.245,0.245,0.28,0.31,0.355,0.375,0.355,0.001,0,0.205,0.255,0.045,10074.228546366667,32997.05680600003,0,0
0.021,0.0295,0.0145,0.013,0.01,0.0065,0.0075,0.0125,0.012,0.0125,0.0025,0.0015,0.0005,0.0005,0,0.028,0.007,0.0005,10074.810946366666,232250.271796,0,0
0.545,0.535,0.55,0.58,0.63,0.645,0.895,0.815,0.755,0.765,0.61,0.765,0.915,0.9825,0,0.545,0.89,0.935,10073.3820241,472140.00274799997,0,1
0.0295,0.009,0.0095,0.018,0.0105,0.0095,0.0165,0.018,0.0095,0.0025,0.0005,0.0045,0.0005,0.0005,0,0.0295,0.016,0.0005,10066.007249433334,147913.66954099998,0,0
0.055,0.09,0.09,0.065,0.071,0.083,0.0065,0.007,0.021,0.0225,0.016,0.009,0.0055,0.0005,0,0.055,0.007,0.0005,10072.8211519,87075.86704699999,0,0
0.09,0.07,0.1,0.12,0.095,0.095,0.26,0.215,0.135,0.11,0.065,0.06,0.032,0.014,0,0.085,0.255,0.0315,10072.216425566667,38585.876871,0,0
0.9785,0.988,0.988,0.9915,0.995,0.996,0.996,0.996,0.998,0.9995,0.9995,0.9995,0.9995,0.9995,0,0.9785,0.996,0.9995,10067.069473783335,50501.89781999999,0,1
0.5,0.535,0.5,0.495,0.635,0.595,0.635,0.77,0.94,0.85,0.825,0.82,0.68,0.9835,12,0.52,0.595,0.76,10067.635796866667,462529.742091,0,1
0.02,0.0125,0.0125,0.0125,0.007,0.007,0.007,0.004,0.003,0.0015,0.004,0.0035,0.0005,0.0005,0,0.0125,0.005,0.0005,10071.986410733334,42819.937842,0,0
0.265,0.15,0.145,0.165,0.12,0.145,0.115,0.055,0.006,0.0155,0.021,0.0155,0.0315,0.0005,0,0.14,0.115,0.0155,10071.64025305,27872.544134,0,0
0.105,0.088,0.0645,0.052,0.063,0.0545,0.0295,0.0455,0.116,0.019,0.018,0.0135,0.0055,0.0005,0,0.067,0.027,0.0025,10070.676236116667,88773.17239399998,0,0
0.055,0.0335,0.011,0.0155,0.0135,0.006,0.006,0.005,0.004,0.0015,0.0005,0.0005,0.0005,0.0005,0,0.05,0.005,0.0005,10076.314676516666,34358.65987200001,0,0
0.0305,0.1335,0.1755,0.1625,0.1085,0.0885,0.0855,0.0465,0.043,0.3195,0.0755,0.034,0.014,0.0095,0,0.0305,0.0465,0.016,10077.448911033334,466164.8640459997,0,0
0.345,0.455,0.12,0.125,0.1,0.105,0.0275,0.051,0.016,0.01,0.0055,0.007,0.0055,0.004,2,0.455,0.0475,0.006,10073.365573149998,322631.3377889997,0,0
0.895,0.93,0.96,0.9815,0.9815,0.983,0.984,0.9845,0.991,0.996,0.9985,0.9995,0.9995,0.9995,0,0.905,0.9845,0.9995,10074.453033516667,134790.15520799998,0,1
0.12,0.1,0.31,0.345,0.335,0.24,0.32,0.24,0.22,0.31,0.835,0.805,0.435,0.195,2,0.105,0.335,0.345,10076.940737583333,502806.6467210002,0,0
0.07,0.045,0.0285,0.0225,0.007,0.007,0.0065,0.0045,0.0055,0.006,0.0015,0.0005,0.0005,0.0005,0,0.05,0.005,0.0005,10074.437406649999,18086.614129,0,0
0.12,0.095,0.17,0.23,0.23,0.25,0.255,0.33,0.32,0.395,0.2,0.125,0.525,0.785,1,0.115,0.285,0.63,10073.5091001,139669.21257000006,0,1
0.955,0.947,0.957,0.969,0.983,0.985,0.995,0.993,0.99,0.9985,0.9995,0.9985,0.9995,0.9995,0,0.9705,0.993,0.9995,10075.13129495,102647.55889099996,0,1
0.2,0.305,0.23,0.195,0.44,0.605,0.535,0.5,0.675,0.61,0.715,0.925,0.9955,0.9985,9,0.425,0.555,0.9965,10075.842044466666,583284.7706939998,0,1
0.0145,0.024,0.0225,0.0325,0.03,0.0145,0.0115,0.0105,0.0085,0.0105,0.0015,0.0005,0.0005,0.0005,0,0.022,0.011,0.0005,10074.85126065,38332.62857200001,0,0
0.23,0.225,0.225,0.235,0.2,0.19,0.275,0.25,0.265,0.28,0.275,0.4,0.245,0.0005,0,0.23,0.26,0.145,10074.6325953,45568.04254699994,0,0
0.085,0.0245,0.0165,0.019,0.006,0.0055,0.0105,0.011,0.01,0.0085,0.0065,0.001,0.0005,0.0005,0,0.026,0.0105,0.0005,10074.253481099999,65823.64119199998,0,0
0.755,0.785,0.83,0.67,0.6,0.63,0.93,0.93,0.9335,0.9505,0.977,0.9885,0.9975,0.9995,0,0.795,0.93,0.9985,10075.202765583334,486095.6421260002,0,1
0.055,0.0375,0.051,0.025,0.0185,0.0115,0.0415,0.0385,0.038,0.017,0.0215,0.0025,0.0025,0.0055,0,0.0255,0.0415,0.0015,10076.7482831,745786.8802850005,0,0
0.18,0.175,0.12,0.145,0.085,0.19,0.2,0.225,0.08,0.0305,0.017,0.0175,0.004,0.0005,0,0.165,0.225,0.0025,10070.670978016666,130751.47129399999,0,0
0.0275,0.02,0.0575,0.056,0.0685,0.0265,0.0265,0.0075,0.061,0.0765,0.0535,0.024,0.011,0.0005,0,0.0255,0.026,0.0115,10070.21091845,32236.575518000005,0,0
0.0205,0.01,0.0135,0.0135,0.0155,0.0075,0.0065,0.0055,0.008,0.0075,0.0025,0.0015,0.0005,0.0005,0,0.01,0.0035,0.0005,10075.506780816668,290236.2710010001,0,0
0.974,0.9755,0.9835,0.98,0.987,0.98,0.979,0.9805,0.9965,0.997,0.9995,0.9995,0.9995,0.9995,0,0.9765,0.9795,0.9995,10076.886660783332,69470.719812,0,1
0.51,0.9825,0.9895,0.982,0.9885,0.99,0.993,0.9905,0.9905,0.9965,0.9995,0.9995,0.9995,0.9995,0,0.9825,0.993,0.9995,10076.034881583333,195907.158692,0,1
0.5,0.07,0.14,0.11,0.18,0.145,0.19,0.07,0.034,0.016,0.1615,0.1935,0.134,0.0125,1,0.08,0.085,0.0325,10077.333765066667,590281.74861,0,0
0.11,0.031,0.0255,0.025,0.037,0.046,0.052,0.0225,0.007,0.009,0.0185,0.0255,0.0255,0.0025,0,0.045,0.052,0.0025,10074.01460565,239612.94664499987,0,0
0.26,0.195,0.16,0.16,0.08,0.115,0.095,0.19,0.23,0.235,0.024,0.0135,0.005,0.0005,0,0.175,0.195,0.003,10074.094480783333,243103.42882099975,0,0
0.025,0.0205,0.0205,0.022,0.0255,0.012,0.0275,0.0105,0.004,0.004,0.0085,0.0085,0.0105,0.0005,0,0.0205,0.0275,0.0005,10073.943367283333,130071.23688900002,0,0
0.26,0.2,0.225,0.235,0.25,0.255,0.225,0.225,0.195,0.29,0.335,0.435,0.069,0.009,0,0.185,0.235,0.069,10074.618038033334,82940.038421,0,0
0.26,0.0205,0.0245,0.0315,0.012,0.0175,0.003,0.003,0.0095,0.0085,0.006,0.004,0.0005,0.0005,0,0.0345,0.005,0.0005,10075.222497033334,37030.248277,0,0
0.5,0.961,0.96,0.967,0.9775,0.978,0.993,0.9895,0.992,0.9925,0.9905,0.9985,0.9995,0.9995,0,0.951,0.9905,0.9995,10075.872599516668,162402.09658399998,0,1
0.5,0.675,0.62,0.63,0.75,0.735,0.88,0.86,0.91,0.735,0.67,0.74,0.9925,0.9995,2,0.64,0.875,0.9955,10077.3038961,621505.8805669999,0,1
0.978,0.9345,0.9435,0.9885,0.982,0.9905,0.9895,0.9865,0.9945,0.997,0.9975,0.9985,0.9995,0.9995,0,0.9345,0.9865,0.9995,10076.94991885,492049.1598970004,0,1
0.075,0.0455,0.035,0.123,0.0775,0.049,0.0865,0.0515,0.0765,0.0595,0.0705,0.01,0.0015,0.0005,0,0.054,0.071,0.0015,10075.732175000001,356948.91198500013,0,0
0.045,0.048,0.0435,0.011,0.0105,0.0135,0.006,0.0095,0.0035,0.0045,0.0025,0.002,0.0025,0.0005,0,0.063,0.005,0.0025,10073.8241961,115054.22972200002,0,0
0.505,0.022,0.0215,0.085,0.0465,0.036,0.0675,0.0395,0.063,0.0455,0.0685,0.0055,0.005,0.0005,1,0.035,0.049,0.0015,10073.150352566667,27389.623302000007,0,0
0.765,0.9595,0.9635,0.9605,0.972,0.9785,0.9725,0.988,0.9875,0.991,0.9905,0.979,0.993,0.993,0,0.925,0.982,0.993,11475.862837183335,76153.49704399999,0,1
0.5,0.185,0.25,0.245,0.055,0.041,0.023,0.0095,0.0155,0.013,0.0045,0.003,0.0025,0.0005,1,0.205,0.016,0.0015,10076.451340733332,277954.793927,0,0
0.5,0.012,0.0085,0.017,0.0355,0.038,0.014,0.0145,0.0115,0.0095,0.01,0.004,0.0005,0.0005,1,0.019,0.0215,0.0005,10077.02027805,192547.78216100027,0,0
0.485,0.485,0.6,0.535,0.535,0.39,0.39,0.39,0.325,0.325,0.325,0.42,0.59,0.9995,3,0.485,0.39,0.9995,10076.950657799998,55042.39713899999,0,1
0.09,0.04,0.048,0.0655,0.0865,0.017,0.013,0.01,0.005,0.007,0.0055,0.0015,0.0015,0.0005,0,0.09,0.008,0.0005,10074.22512455,29669.149212999993,0,0
0.0315,0.0305,0.047,0.0355,0.031,0.0915,0.059,0.0425,0.0625,0.035,0.0205,0.0175,0.012,0.0005,0,0.044,0.0425,0.0025,10070.942594283335,82509.97576100004,0,0
0.63,0.795,0.845,0.76,0.81,0.9625,0.969,0.9745,0.9815,0.9875,0.994,0.9985,0.9975,0.9995,0,0.79,0.962,0.9995,10075.8794602,387308.5940759998,0,1
0.0595,0.0925,0.1295,0.0805,0.0765,0.228,0.139,0.121,0.1045,0.167,0.24,0.2115,0.1825,0.18,0,0.0925,0.143,0.3105,10071.036559083333,414139.1443369998,0,0
0.9695,0.92,0.9035,0.9645,0.9725,0.947,0.95,0.993,0.996,0.998,0.991,0.9985,0.9995,0.9995,0,0.915,0.9895,0.9995,10074.906309633334,511386.15073499957,0,1
0.097,0.0795,0.225,0.237,0.1955,0.149,0.4415,0.5215,0.319,0.2775,0.5425,0.607,0.8955,0.953,9,0.0865,0.447,0.9125,10074.390832033334,394227.97517399985,0,1
0.03,0.0225,0.028,0.0255,0.03,0.01,0.0095,0.0185,0.0065,0.008,0.003,0.0015,0.0005,0.0005,0,0.02,0.01,0.0005,10073.949906683332,20899.146539,0,0
0.18,0.195,0.215,0.22,0.19,0.245,0.235,0.225,0.195,0.17,0.215,0.215,0.0655,0.0105,0,0.19,0.22,0.0255,10073.778100733332,53066.80039500001,0,0
0.985,0.99,0.9895,0.992,0.992,0.9925,0.9915,0.9955,0.9985,0.9985,0.9995,0.9995,0.9995,0.9995,0,0.991,0.9925,0.9995,10075.309518883332,88390.35746200004,0,1
0.605,0.625,0.655,0.65,0.69,0.855,0.87,0.77,0.964,0.984,0.9835,0.992,0.9995,0.9995,0,0.625,0.8,0.9995,10075.938120316667,357750.78655899887,0,1
0.015,0.0115,0.0135,0.0135,0.017,0.035,0.0255,0.0145,0.067,0.0375,0.014,0.0125,0.0075,0.0015,0,0.0115,0.0135,0.0055,10075.741355983333,835129.5842380009,0,0
0.255,0.205,0.21,0.215,0.215,0.25,0.185,0.075,0.1,0.135,0.0165,0.0075,0.004,0.0005,0,0.205,0.115,0.002,10054.939260283334,47407.424686000006,0,0
0.04,0.0365,0.015,0.0275,0.033,0.027,0.032,0.0655,0.046,0.017,0.118,0.119,0.011,0.0015,0,0.0415,0.06,0.006,10054.514130266667,39693.50665899996,0,0
0.5,0.875,0.93,0.945,0.95,0.94,0.965,0.9765,0.977,0.968,0.995,0.9985,0.9995,0.9995,0,0.88,0.97,0.9995,10072.914683833334,248806.93940299988,0,1
0.5,0.085,0.06,0.055,0.065,0.065,0.085,0.165,0.19,0.085,0.46,0.51,0.155,0.0265,3,0.095,0.165,0.135,10061.106137733334,1072292.8539029995,0,1
0.15,0.18,0.19,0.22,0.24,0.255,0.215,0.235,0.135,0.051,0.0825,0.093,0.0035,0.0005,0,0.135,0.225,0.0015,10074.94358315,59153.42009500002,0,0
0.18,0.19,0.225,0.23,0.31,0.335,0.275,0.325,0.21,0.21,0.24,0.34,0.016,0.0015,0,0.19,0.31,0.0045,10074.907537,67222.33701099998,0,0
0.051,0.0155,0.0125,0.0115,0.0105,0.0125,0.009,0.0065,0.0085,0.0085,0.0025,0.003,0.0125,0.0005,0,0.026,0.0065,0.0045,10076.092305683333,794037.335150001,0,0
0.845,0.75,0.805,0.83,0.85,0.885,0.905,0.87,0.91,0.9845,0.9655,0.968,0.9995,0.9995,0,0.725,0.89,0.9995,10077.176039816666,322522.16909499996,0,1
0.0235,0.0205,0.019,0.023,0.012,0.0155,0.012,0.012,0.007,0.006,0.0085,0.001,0.0005,0.0005,0,0.015,0.012,0.0005,10074.624470733334,62871.524373000015,0,0
0.19,0.17,0.205,0.205,0.235,0.29,0.375,0.395,0.355,0.355,0.31,0.21,0.255,0.325,0,0.18,0.36,0.265,10074.113452216667,118955.89974999997,0,0
0.0515,0.067,0.057,0.0255,0.013,0.009,0.0025,0.0025,0.002,0.0025,0.0025,0.004,0.0025,0.0005,0,0.0665,0.0025,0.0005,10073.6451984,29602.601484999996,0,0
0.835,0.845,0.855,0.76,0.83,0.86,0.905,0.9,0.93,0.925,0.955,0.9975,0.9865,0.9985,0,0.835,0.89,0.9965,10077.123899733333,505568.3439670003,0,1
0.67,0.72,0.715,0.58,0.64,0.665,0.67,0.695,0.73,0.72,0.9775,0.9775,0.9725,0.99,0,0.705,0.7,0.9725,10077.158988366666,428624.8583170008,0,1
0.115,0.125,0.09,0.08,0.065,0.165,0.1,0.06,0.04,0.0345,0.029,0.038,0.0025,0.0005,0,0.14,0.11,0.0025,10059.57714095,64031.077653999986,0,0
0.06,0.06,0.09,0.125,0.105,0.041,0.027,0.011,0.0155,0.0175,0.015,0.0045,0.018,0.0035,0,0.1,0.019,0.0155,10059.285493433334,51776.143940000045,0,0
0.29,0.32,0.275,0.435,0.315,0.13,0.12,0.07,0.04,0.0495,0.057,0.0335,0.163,0.1715,0,0.275,0.085,0.1595,10069.082735483333,952444.6547850013,0,0
0.025,0.013,0.017,0.0225,0.004,0.004,0.0065,0.003,0.0025,0.0005,0.0005,0.0005,0.0005,0.0005,0,0.0125,0.005,0.0005,10066.688431366667,182287.77671000003,0,0
0.5,0.925,0.91,0.9815,0.979,0.9615,0.965,0.9725,0.9715,0.9395,0.966,0.9485,0.9825,0.9995,0,0.85,0.969,0.9875,11487.326635366666,344401.78877300036,0,1
0.455,0.38,0.385,0.375,0.345,0.21,0.315,0.315,0.25,0.145,0.065,0.035,0.0365,0.039,4,0.42,0.36,0.0365,10063.522011716666,455397.5703069999,0,0
0.67,0.205,0.255,0.255,0.37,0.275,0.055,0.042,0.011,0.013,0.008,0.0125,0.0065,0.0025,1,0.315,0.0635,0.0025,10064.341233833335,289566.4246139999,0,0
0.74,0.795,0.73,0.81,0.865,0.92,0.905,0.82,0.905,0.95,0.982,0.99,0.9955,0.9995,0,0.71,0.795,0.9965,10076.08367175,452828.41347200004,0,1
0.315,0.485,0.38,0.465,0.505,0.595,0.565,0.28,0.32,0.255,0.125,0.135,0.075,0.0025,6,0.38,0.32,0.0305,10075.109533649998,459172.99981299957,0,0
0.022,0.0645,0.048,0.054,0.042,0.0755,0.037,0.0065,0.007,0.004,0.0015,0.0025,0.0005,0.0005,0,0.056,0.0145,0.0005,10060.173451116667,201789.27926500002,0,0
0.155,0.09,0.1,0.125,0.1,0.07,0.06,0.1445,0.072,0.0735,0.02,0.0075,0.005,0.0035,0,0.125,0.056,0.003,10063.2763947,60306.36646500002,0,0
0.0235,0.026,0.0265,0.0425,0.0375,0.0485,0.0395,0.019,0.002,0.002,0.002,0.0015,0.0015,0.0005,0,0.025,0.039,0.0005,10062.654656433333,8800.745895000002,0,0
0.58,0.585,0.545,0.675,0.675,0.675,0.725,0.81,0.795,0.58,0.675,0.775,0.935,0.997,0,0.595,0.77,0.9905,10076.296649383332,422304.34428299987,0,1
0.045,0.0125,0.017,0.0245,0.024,0.021,0.0155,0.012,0.0095,0.0045,0.0025,0.0005,0.0005,0.0005,0,0.0125,0.0075,0.0005,10074.9733443,159304.904389,0,0
0.1,0.075,0.055,0.075,0.085,0.045,0.046,0.071,0.0155,0.0155,0.0085,0.0225,0.004,0.0005,0,0.085,0.045,0.0005,10071.575065833335,102611.76086699999,0,0
0.165,0.185,0.18,0.195,0.205,0.22,0.22,0.19,0.19,0.12,0.13,0.325,0.19,0.06,0,0.195,0.195,0.255,10071.370968500001,79812.51914600006,0,0
0.945,0.9645,0.9775,0.9765,0.9675,0.9865,0.989,0.9845,0.9865,0.9955,0.9975,0.9975,0.9995,0.9995,0,0.9605,0.9885,0.9995,10077.23168295,473586.6151290006,0,1
0.34,0.35,0.395,0.38,0.345,0.475,0.37,0.285,0.53,0.595,0.595,0.16,0.1,0.0025,4,0.36,0.475,0.055,10075.428594483334,638576.150136,0,0
0.505,0.865,0.675,0.745,0.79,0.78,0.79,0.87,0.825,0.815,0.9625,0.98,0.986,0.9885,0,0.87,0.835,0.9645,10075.471315800001,635161.605063,0,1
0.0255,0.0205,0.0115,0.01,0.007,0.01,0.008,0.0035,0.0025,0.0015,0.0015,0.0005,0.0005,0.0005,0,0.026,0.0035,0.0005,10076.44987495,92145.74548200001,0,0
0.195,0.055,0.028,0.0165,0.0175,0.015,0.014,0.014,0.0075,0.0125,0.0115,0.0005,0.002,0.0005,0,0.07,0.018,0.0005,10077.0497414,211837.6655850003,0,0
0.185,0.17,0.175,0.35,0.2,0.2,0.23,0.245,0.26,0.3,0.315,0.33,0.51,0.97,1,0.165,0.23,0.615,10069.3830077,220257.70484100017,0,1
0.14,0.0375,0.025,0.024,0.0245,0.0195,0.0165,0.02,0.0085,0.009,0.0145,0.002,0.0005,0.0005,0,0.023,0.012,0.0005,10068.909647583332,70692.75384000002,0,0
0.0275,0.034,0.0585,0.062,0.1325,0.0995,0.077,0.0645,0.114,0.02,0.014,0.021,0.0025,0.0005,0,0.0245,0.061,0.0075,10071.185046883333,169719.66252300006,0,0
0.175,0.175,0.155,0.155,0.07,0.115,0.1,0.115,0.07,0.14,0.09,0.05,0.0585,0.0065,0,0.175,0.11,0.2155,10070.496992966666,100730.08730199993,0,0
0.94,0.915,0.86,0.875,0.715,0.76,0.805,0.8,0.735,0.91,0.905,0.915,0.986,0.9995,0,0.945,0.825,0.9965,10074.076858066666,773933.6812440004,0,1
0.28,0.19,0.1,0.1,0.022,0.0255,0.0185,0.022,0.0215,0.017,0.008,0.006,0.0015,0.0005,0,0.28,0.0175,0.0015,10074.878079366666,646452.3591919987,0,0
0.028,0.022,0.018,0.0175,0.01,0.016,0.0105,0.046,0.027,0.022,0.0255,0.0125,0.0115,0.0055,0,0.024,0.053,0.0055,10073.644483216667,92878.82292899997,0,0
0.165,0.165,0.185,0.2,0.205,0.2,0.16,0.185,0.21,0.215,0.18,0.36,0.415,0.0125,0,0.165,0.165,0.315,10073.253746516666,143027.26476299996,0,0
0.972,0.9765,0.9875,0.9835,0.979,0.9745,0.96,0.971,0.9785,0.98,0.9745,0.9955,0.9985,0.9995,0,0.9755,0.9685,0.9995,10074.9036832,756234.2924060001,0,1
0.18,0.27,0.23,0.18,0.08,0.06,0.0175,0.0195,0.013,0.0145,0.012,0.004,0.0005,0.0005,0,0.26,0.0165,0.0005,10077.114928966668,243006.30848299997,0,0
0.031,0.035,0.035,0.0245,0.013,0.0075,0.005,0.0045,0.003,0.0005,0.0005,0.0005,0.0005,0.0005,0,0.046,0.0065,0.0005,10076.548961616667,74192.04787299999,0,0
0.04,0.034,0.023,0.03,0.0205,0.0115,0.0065,0.0035,0.0025,0.0015,0.001,0.001,0.0005,0.0005,0,0.0385,0.0045,0.0005,10076.9604689,25240.748015000023,0,0
0.5,0.69,0.63,0.775,0.79,0.72,0.62,0.47,0.21,0.23,0.225,0.27,0.185,0.28,1,0.725,0.595,0.295,10075.709230533334,546191.2903950001,0,0
0.56,0.175,0.185,0.18,0.19,0.225,0.245,0.235,0.15,0.19,0.18,0.23,0.17,0.2765,1,0.18,0.245,0.325,10069.523430166668,145000.85121499986,0,0
0.275,0.0325,0.026,0.0205,0.022,0.0155,0.0135,0.0145,0.0015,0.0025,0.002,0.001,0.0005,0.0005,0,0.0365,0.014,0.0005,10068.852852666667,11800.989133000001,0,0
0.5,0.9585,0.936,0.944,0.9445,0.9445,0.96,0.959,0.962,0.8895,0.7475,0.0375,0.0195,0.001,1,0.915,0.9635,0.001,11487.461535,110308.40518500003,0,0
0.755,0.815,0.815,0.675,0.75,0.75,0.77,0.74,0.79,0.79,0.9995,0.9995,0.9995,0.9995,0,0.755,0.77,0.9995,10077.324093816665,0.0,0,1
0.385,0.185,0.185,0.24,0.105,0.095,0.115,0.145,0.13,0.385,0.165,0.085,0.1,0.05,0,0.185,0.135,0.085,10077.340837483333,405559.9811399994,0,0
0.75,0.973,0.976,0.9725,0.982,0.984,0.9855,0.9965,0.9965,0.9935,0.9965,0.997,0.9995,0.9995,0,0.945,0.996,0.9995,10074.0128975,550876.9830790003,0,1
0.545,0.495,0.76,0.765,0.715,0.82,0.82,0.7,0.625,0.305,0.15,0.16,0.075,0.0015,7,0.5,0.815,0.07,10076.530639483333,568298.2247879994,0,0
0.495,0.0335,0.0655,0.0505,0.017,0.045,0.032,0.014,0.007,0.0025,0.0015,0.0005,0.0005,0.0005,0,0.034,0.027,0.0005,10076.357431083334,113021.99560400001,0,0
0.04,0.0505,0.0245,0.032,0.0255,0.0165,0.0085,0.01,0.01,0.0325,0.0095,0.006,0.0045,0.0005,0,0.042,0.0095,0.003,10061.477234433334,90974.65757200005,0,0
0.17,0.15,0.16,0.16,0.205,0.17,0.2,0.25,0.29,0.2,0.125,0.085,0.05,0.003,0,0.155,0.21,0.06,10060.847630733333,106155.834089,0,0
0.5,0.85,0.83,0.815,0.945,0.95,0.949,0.968,0.9785,0.964,0.9635,0.9185,0.9745,0.9985,0,0.82,0.963,0.968,10075.07583605,520490.4412529998,0,1
0.5,0.1,0.07,0.05,0.115,0.11,0.06,0.09,0.06,0.0145,0.0075,0.0015,0.0005,0.0005,1,0.095,0.08,0.0005,10075.796488433332,110738.39039500004,0,0
0.05,0.07,0.065,0.0405,0.0315,0.0215,0.0295,0.0255,0.022,0.025,0.01,0.002,0.0005,0.0005,0,0.11,0.031,0.0005,10067.6826236,56148.852244,0,0
0.14,0.15,0.145,0.15,0.175,0.175,0.115,0.11,0.14,0.065,0.065,0.2,0.215,0.67,1,0.22,0.13,0.255,10068.384085,239457.9603710007,0,1
0.745,0.959,0.969,0.928,0.9105,0.92,0.9785,0.982,0.981,0.9855,0.997,0.9975,0.9985,0.9995,0,0.94,0.9815,0.9995,10076.214387916667,632479.4208410003,0,1
0.29,0.415,0.37,0.275,0.215,0.22,0.375,0.42,0.305,0.455,0.38,0.12,0.0295,0.0005,0,0.41,0.345,0.0115,10075.7702953,436400.0661229994,0,0
0.065,0.024,0.049,0.016,0.0155,0.035,0.0485,0.027,0.013,0.009,0.005,0.0015,0.0005,0.0005,0,0.0375,0.032,0.0005,10073.37543085,0.0,0,0
0.195,0.17,0.195,0.195,0.19,0.19,0.185,0.245,0.21,0.22,0.235,0.17,0.16,0.865,3,0.5,0.21,0.42,10072.581776250001,0.0,0,1
0.055,0.075,0.055,0.055,0.05,0.0275,0.0235,0.0185,0.021,0.016,0.0155,0.0025,0.0015,0.0005,0,0.065,0.02,0.0005,10072.037404816667,0.0,0,0
0.665,0.715,0.675,0.755,0.735,0.575,0.49,0.58,0.81,0.85,0.885,0.957,0.9845,0.9935,6,0.7,0.57,0.952,10076.121758316667,0.0,0,1
0.095,0.06,0.035,0.0555,0.047,0.021,0.0135,0.0145,0.025,0.022,0.0155,0.0075,0.0015,0.0005,0,0.08,0.0165,0.0005,10076.092116516667,351295.618409,0,0
0.305,0.245,0.18,0.21,0.165,0.175,0.16,0.09,0.07,0.12,0.1,0.085,0.0225,0.0005,2,0.28,0.125,0.0275,10067.918796833334,0.0,0,0
0.18,0.14,0.095,0.1,0.08,0.07,0.07,0.033,0.0255,0.0375,0.0265,0.025,0.0025,0.0005,0,0.16,0.045,0.0015,10072.581956516666,0.0,0,0
0.065,0.09,0.11,0.09,0.085,0.07,0.095,0.14,0.155,0.07,0.0255,0.0155,0.0055,0.0005,0,0.08,0.115,0.0015,10075.188171466667,0.0,0,0
0.115,0.11,0.09,0.11,0.07,0.11,0.095,0.055,0.0355,0.0765,0.0855,0.0635,0.0165,0.0005,0,0.11,0.065,0.023,10073.654072783333,0.0,0,0
0.06,0.075,0.0305,0.0255,0.0235,0.023,0.0155,0.012,0.0115,0.0035,0.0015,0.0005,0.0005,0.0005,0,0.06,0.012,0.0005,10053.450515083334,0.0,0,0
0.065,0.06,0.026,0.022,0.0055,0.013,0.013,0.01,0.006,0.002,0.0025,0.0005,0.0005,0.0005,0,0.055,0.01,0.0005,10053.351622816666,0.0,0,0
0.973,0.9765,0.936,0.92,0.9345,0.96,0.9525,0.9805,0.976,0.9085,0.9045,0.982,0.9985,0.9995,0,0.969,0.98,0.9985,10076.355275216667,0.0,0,1
0.505,0.505,0.26,0.205,0.18,0.215,0.145,0.14,0.11,0.033,0.026,0.0915,0.0225,0.0005,5,0.49,0.14,0.0155,10075.655820666667,0.0,0,0
0.04,0.022,0.012,0.0075,0.007,0.007,0.005,0.0055,0.004,0.003,0.0015,0.0005,0.0005,0.0005,0,0.0295,0.005,0.0005,10075.826986716665,0.0,0,0
0.5,0.66,0.725,0.68,0.415,0.33,0.335,0.325,0.33,0.275,0.115,0.075,0.0085,0.141,1,0.75,0.345,0.0155,10053.079612883334,0.0,0,0
0.07,0.065,0.06,0.035,0.011,0.011,0.009,0.008,0.005,0.003,0.0015,0.0005,0.0005,0.0005,0,0.095,0.0085,0.0005,10076.328523566666,0.0,0,0
0.455,0.075,0.08,0.06,0.0265,0.011,0.013,0.0165,0.0085,0.0105,0.006,0.002,0.0005,0.0005,0,0.09,0.0135,0.0005,10067.5431379,0.0,0,0
0.455,0.135,0.13,0.14,0.205,0.21,0.235,0.255,0.32,0.35,0.22,0.2,0.11,0.825,1,0.12,0.25,0.075,10068.940501500001,0.0,0,1
0.7,0.982,0.9655,0.9825,0.917,0.873,0.91,0.8575,0.6805,0.9545,0.982,0.904,0.988,0.9995,0,0.945,0.9205,0.944,11487.609819433334,0.0,0,1
0.23,0.22,0.24,0.23,0.16,0.03,0.0265,0.0165,0.0075,0.0045,0.004,0.0025,0.0005,0.0005,0,0.235,0.018,0.0005,10075.029810833334,0.0,0,0
0.21,0.24,0.215,0.15,0.14,0.41,0.52,0.445,0.255,0.315,0.12,0.125,0.66,0.9995,9,0.24,0.595,0.6,10076.543233766666,0.0,0,1
0.48,0.0345,0.033,0.0315,0.0255,0.0215,0.047,0.0525,0.056,0.038,0.006,0.011,0.0285,0.0005,0,0.047,0.041,0.012,10058.360861166668,0.0,0,0
0.215,0.06,0.065,0.0545,0.0395,0.036,0.1055,0.1315,0.143,0.104,0.0325,0.0185,0.1755,0.0305,0,0.07,0.0965,0.0975,10058.258399316666,0.0,0,0
0.03,0.1095,0.1065,0.102,0.096,0.061,0.02,0.0085,0.0085,0.0015,0.0025,0.0015,0.0005,0.0005,0,0.075,0.014,0.0005,10057.451021483334,0.0,0,0
0.61,0.81,0.805,0.82,0.865,0.87,0.655,0.575,0.53,0.59,0.695,0.75,0.195,0.007,9,0.705,0.665,0.185,10061.185586683334,0.0,0,0
0.44,0.13,0.095,0.105,0.09,0.05,0.0215,0.006,0.0085,0.005,0.003,0.0005,0.0005,0.0005,0,0.08,0.0135,0.0005,10075.880403766667,0.0,0,0
0.815,0.865,0.855,0.93,0.945,0.965,0.9655,0.981,0.93,0.905,0.954,0.9755,0.9985,0.9995,2,0.86,0.9765,0.9985,10076.476167566667,0.0,0,1
0.105,0.175,0.18,0.315,0.32,0.33,0.365,0.29,0.07,0.0275,0.016,0.0035,0.0015,0.0005,2,0.15,0.34,0.0005,10077.281064300001,0.0,0,0
0.49,0.175,0.18,0.18,0.19,0.17,0.145,0.145,0.14,0.205,0.3,0.25,0.46,0.305,2,0.17,0.135,0.54,10074.4946114,338755.67314399953,0,0
0.49,0.14,0.14,0.16,0.175,0.195,0.19,0.215,0.225,0.255,0.23,0.105,0.13,0.0015,0,0.135,0.2,0.11,10074.246104966667,0.0,0,0
0.94,0.925,0.91,0.945,0.945,0.974,0.9855,0.986,0.9915,0.998,0.989,0.9735,0.9985,0.9995,0,0.905,0.9895,0.9995,10076.273796016667,0.0,0,1
0.305,0.275,0.245,0.29,0.3,0.42,0.54,0.49,0.54,0.485,0.125,0.026,0.015,0.0005,16,0.25,0.55,0.0065,10076.9230795,0.0,0,0
0.05,0.0365,0.035,0.0335,0.0355,0.0255,0.0225,0.014,0.004,0.0025,0.003,0.0005,0.0005,0.0005,0,0.04,0.0225,0.0005,10073.120908283334,0.0,0,0
0.135,0.155,0.17,0.15,0.165,0.175,0.205,0.23,0.21,0.23,0.3,0.32,0.255,0.0055,0,0.15,0.215,0.115,10072.444266283333,0.0,0,0
0.05,0.051,0.0425,0.039,0.036,0.037,0.039,0.0465,0.073,0.0415,0.022,0.0055,0.0005,0.0005,0,0.0535,0.0505,0.0005,10071.97582845,0.0,0,0
0.7,0.76,0.765,0.725,0.75,0.815,0.855,0.925,0.9565,0.955,0.9785,0.937,0.966,0.985,0,0.755,0.94,0.9515,10077.346503483333,0.0,0,1
0.06,0.105,0.085,0.06,0.05,0.07,0.08,0.11,0.18,0.11,0.065,0.0135,0.0015,0.0005,0,0.095,0.135,0.0005,10077.312264733333,0.0,0,0
0.825,0.77,0.815,0.88,0.89,0.885,0.9,0.94,0.96,0.982,0.9945,0.997,0.9995,0.9995,0,0.81,0.92,0.9995,10076.869190466667,0.0,0,1
0.14,0.085,0.09,0.15,0.125,0.09,0.09,0.125,0.175,0.225,0.34,0.165,0.105,0.0005,0,0.13,0.115,0.085,10075.133525416666,0.0,0,0
0.055,0.062,0.035,0.026,0.0245,0.023,0.0325,0.018,0.014,0.0075,0.005,0.0005,0.0005,0.0005,0,0.052,0.0325,0.0005,10075.2861911,0.0,0,0
0.11,0.085,0.09,0.12,0.115,0.115,0.11,0.13,0.19,0.23,0.3,0.29,0.425,0.002,4,0.1,0.13,0.435,10074.375068916668,0.0,0,0
0.05,0.0345,0.0375,0.034,0.038,0.039,0.0345,0.0265,0.0195,0.02,0.028,0.0345,0.0695,0.0005,0,0.042,0.0275,0.012,10070.148379966668,0.0,0,0
0.145,0.16,0.175,0.19,0.185,0.15,0.185,0.23,0.205,0.17,0.125,0.0405,0.005,0.0005,0,0.155,0.195,0.01,10070.804405933333,0.0,0,0
0.955,0.943,0.9545,0.941,0.9705,0.9875,0.9835,0.986,0.9935,0.9985,0.997,0.9995,0.9995,0.9995,0,0.9375,0.987,0.9995,10074.929634,0.0,0,1
0.43,0.32,0.38,0.29,0.345,0.49,0.41,0.34,0.345,0.485,0.595,0.8,0.9725,0.9975,3,0.35,0.39,0.921,10075.462186183335,597356.0615349987,0,1
0.0295,0.0155,0.0185,0.006,0.0045,0.004,0.004,0.0025,0.0025,0.005,0.0025,0.004,0.002,0.0005,0,0.0205,0.0045,0.0005,10077.34661655,0.0,0,0
0.09,0.095,0.095,0.1,0.047,0.051,0.022,0.0085,0.016,0.0015,0.0065,0.001,0.0005,0.0005,0,0.08,0.0125,0.0005,8748.633164083332,0.0,0,0
0.645,0.645,0.775,0.775,0.72,0.72,0.72,0.745,0.745,0.745,0.9995,0.9995,0.9985,0.9985,0,0.645,0.72,0.9985,8748.699920616667,0.0,0,1
0.655,0.89,0.9805,0.976,0.9865,0.955,0.975,0.979,0.991,0.9835,0.99,0.9965,0.996,0.9995,0,0.885,0.9765,0.992,10466.720879916666,0.0,0,1
0.585,0.67,0.675,0.68,0.77,0.7,0.75,0.895,0.84,0.845,0.905,0.9515,0.9895,0.9995,0,0.6,0.85,0.9975,10067.49544115,0.0,0,1
0.385,0.5,0.505,0.475,0.58,0.495,0.53,0.79,0.64,0.615,0.675,0.775,0.945,0.9995,17,0.445,0.675,0.9855,10001.557300983333,0.0,0,1
0.115,0.09,0.08,0.115,0.08,0.09,0.07,0.02,0.0245,0.036,0.0165,0.007,0.004,0.0005,0,0.12,0.05,0.0015,10017.804486216666,0.0,0,0
0.135,0.16,0.165,0.17,0.205,0.205,0.24,0.24,0.305,0.315,0.335,0.36,0.255,0.014,2,0.15,0.23,0.09,10016.88285955,0.0,0,0
0.5,0.905,0.88,0.925,0.9695,0.986,0.977,0.9895,0.9855,0.992,0.9975,0.9985,0.9995,0.9995,2,0.905,0.9895,0.9995,10016.294583016666,0.0,0,1
0.5,0.305,0.295,0.325,0.415,0.585,0.495,0.465,0.53,0.57,0.745,0.96,0.885,0.985,18,0.315,0.53,0.8345,10010.499805700001,0.0,0,1
0.495,0.065,0.065,0.08,0.09,0.045,0.027,0.02,0.023,0.021,0.005,0.0035,0.0025,0.0005,0,0.055,0.0235,0.0015,10014.463528466667,0.0,0,0
0.5,0.165,0.15,0.145,0.14,0.155,0.175,0.19,0.215,0.265,0.27,0.335,0.135,0.005,1,0.16,0.215,0.12,10013.894563533333,0.0,0,0
0.495,0.034,0.037,0.031,0.03,0.0255,0.019,0.019,0.0255,0.0015,0.0065,0.0015,0.0015,0.0005,0,0.0405,0.019,0.0015,10013.256087216667,0.0,0,0
0.5,0.65,0.63,0.62,0.615,0.67,0.775,0.925,0.865,0.9,0.9435,0.9725,0.994,0.9995,0,0.68,0.825,0.9965,10016.5573329,0.0,0,1
0.5,0.065,0.05,0.05,0.055,0.0435,0.0465,0.0645,0.037,0.016,0.013,0.008,0.0125,0.0015,1,0.07,0.0545,0.0055,10017.04694975,0.0,0,0
0.505,0.105,0.165,0.17,0.17,0.175,0.19,0.195,0.19,0.14,0.155,0.135,0.093,0.0105,1,0.1,0.185,0.1025,10009.062073483334,0.0,0,0
0.505,0.065,0.04,0.0425,0.042,0.03,0.0315,0.0285,0.0185,0.0285,0.024,0.019,0.0015,0.0005,1,0.075,0.0275,0.0035,10008.540869716668,0.0,0,0
0.765,0.8,0.7,0.67,0.63,0.645,0.595,0.67,0.775,0.94,0.942,0.962,0.9885,0.9995,0,0.795,0.615,0.9905,10017.1499895,0.0,0,1
0.5,0.165,0.06,0.05,0.037,0.043,0.0335,0.025,0.0285,0.038,0.0195,0.019,0.0015,0.0005,1,0.18,0.028,0.0015,10016.040697933333,0.0,0,0
0.045,0.06,0.07,0.0645,0.143,0.157,0.1645,0.149,0.208,0.167,0.095,0.021,0.0115,0.0005,0,0.055,0.1835,0.0095,10013.603740816667,0.0,0,0
0.14,0.15,0.11,0.115,0.06,0.055,0.05,0.05,0.035,0.0305,0.0295,0.039,0.012,0.0015,0,0.13,0.05,0.0085,10013.03954125,0.0,0,0
0.9595,0.946,0.907,0.9295,0.844,0.8345,0.788,0.819,0.7065,0.8715,0.966,0.9915,0.9975,0.9995,0,0.947,0.748,0.9975,10016.1178466,0.0,0,1
0.44,0.38,0.27,0.265,0.09,0.07,0.055,0.06,0.0255,0.0345,0.0315,0.0375,0.018,0.001,0,0.385,0.04,0.011,10016.144287000001,0.0,0,0
0.05,0.0265,0.0145,0.0195,0.0125,0.003,0.007,0.0025,0.0015,0.0005,0.0015,0.0015,0.0005,0.0005,0,0.0345,0.0025,0.0005,10016.99595205,0.0,0,0
0.16,0.155,0.065,0.09,0.115,0.125,0.225,0.23,0.245,0.24,0.255,0.235,0.18,0.0005,0,0.155,0.225,0.07,10015.193970616667,0.0,0,0
0.045,0.044,0.1255,0.093,0.074,0.06,0.0265,0.0165,0.0075,0.007,0.0025,0.002,0.0005,0.0005,0,0.044,0.024,0.0015,10014.584592633333,0.0,0,0
0.695,0.7,0.925,0.9,0.87,0.89,0.74,0.725,0.655,0.67,0.555,0.895,0.972,0.9995,0,0.7,0.755,0.9895,10017.27196825,0.0,0,1
0.125,0.125,0.47,0.33,0.27,0.205,0.06,0.04,0.031,0.0445,0.008,0.0225,0.0045,0.004,0,0.13,0.055,0.0125,10017.190224099999,0.0,0,0
0.845,0.82,0.845,0.935,0.978,0.9655,0.971,0.968,0.912,0.9285,0.8925,0.8695,0.8755,0.999,0,0.84,0.962,0.9635,10015.938963166667,0.0,0,1
0.145,0.115,0.11,0.255,0.415,0.355,0.23,0.14,0.0205,0.0235,0.0125,0.0125,0.0005,0.0005,0,0.125,0.165,0.0015,9979.808943616667,0.0,0,0
0.041,0.048,0.045,0.0665,0.1315,0.1035,0.0705,0.054,0.0105,0.006,0.004,0.002,0.001,0.0005,0,0.0435,0.0475,0.0015,9995.378120783334,0.0,0,0
0.11,0.135,0.12,0.095,0.037,0.0485,0.0445,0.058,0.14,0.149,0.2135,0.217,0.338,0.004,0,0.115,0.065,0.1885,9995.928175050001,0.0,0,0
0.51,0.84,0.87,0.905,0.955,0.981,0.9865,0.9825,0.98,0.9895,0.983,0.985,0.993,0.9995,2,0.4,0.982,0.986,11422.519859483333,0.0,0,1
0.51,0.12,0.285,0.275,0.25,0.2,0.14,0.21,0.195,0.16,0.51,0.56,0.925,0.9995,2,0.11,0.11,0.9995,10017.121257166667,0.0,0,1
0.59,0.17,0.205,0.165,0.07,0.026,0.037,0.0305,0.0275,0.026,0.018,0.0255,0.039,0.0005,1,0.475,0.0285,0.018,10016.025026383333,0.0,0,0
0.26,0.026,0.024,0.02,0.0115,0.007,0.004,0.005,0.002,0.0025,0.0015,0.0015,0.0005,0.0005,0,0.049,0.003,0.0005,10015.738052166667,0.0,0,0
0.14,0.14,0.0615,0.081,0.073,0.0395,0.016,0.019,0.0245,0.016,0.0205,0.0165,0.021,0.003,0,0.135,0.017,0.019,10011.579212666666,0.0,0,0
0.06,0.05,0.115,0.095,0.09,0.175,0.24,0.245,0.21,0.17,0.0115,0.0125,0.0065,0.0005,0,0.065,0.235,0.0025,10010.948992066667,0.0,0,0
0.495,0.525,0.76,0.705,0.715,0.885,0.9645,0.965,0.945,0.934,0.8965,0.9005,0.841,0.9945,5,0.555,0.961,0.8655,10015.884859299998,0.0,0,1
0.2,0.205,0.405,0.34,0.33,0.605,0.815,0.835,0.62,0.53,0.145,0.075,0.0295,0.0005,2,0.245,0.8,0.02,10016.342014916667,0.0,0,0
0.86,0.925,0.89,0.89,0.9645,0.9375,0.969,0.987,0.9895,0.9955,0.9985,0.9975,0.9985,0.9995,0,0.91,0.9635,0.9985,10076.960950116665,0.0,0,1
0.195,0.265,0.195,0.195,0.43,0.215,0.33,0.645,0.79,0.825,0.7,0.37,0.065,0.0015,2,0.3,0.27,0.0335,10076.248821616668,0.0,0,0
0.034,0.062,0.0425,0.026,0.0385,0.0255,0.0115,0.015,0.0105,0.0045,0.0035,0.0005,0.0005,0.0005,0,0.029,0.007,0.0005,10071.1432162,0.0,0,0
0.037,0.0315,0.0545,0.0695,0.036,0.041,0.114,0.037,0.0525,0.1915,0.278,0.261,0.0685,0.0005,0,0.0325,0.064,0.0365,10070.318965983333,0.0,0,0
0.65,0.435,0.715,0.765,0.63,0.71,0.91,0.77,0.9,0.9675,0.99,0.995,0.9965,0.9995,4,0.68,0.85,0.9985,10076.72491535,691221.4200270007,0,1
0.955,0.849,0.955,0.958,0.9265,0.957,0.979,0.967,0.9925,0.9915,0.9965,0.9995,0.9995,0.9995,0,0.962,0.98,0.9995,10076.0549767,0.0,0,1
0.045,0.0265,0.047,0.071,0.034,0.032,0.11,0.0425,0.0525,0.2025,0.2885,0.2595,0.0745,0.0005,0,0.034,0.064,0.0415,10077.010486449999,0.0,0,0
0.065,0.085,0.037,0.035,0.0685,0.0425,0.039,0.037,0.0945,0.0515,0.068,0.257,0.4385,0.2375,2,0.065,0.0535,0.4085,10071.153298066667,0.0,0,0
0.17,0.155,0.205,0.17,0.165,0.16,0.205,0.2,0.11,0.2,0.13,0.0235,0.0055,0.0005,0,0.155,0.19,0.003,10071.800509833332,0.0,0,0
0.27,0.29,0.125,0.09,0.235,0.2,0.13,0.15,0.39,0.205,0.265,0.72,0.91,0.969,1,0.26,0.19,0.885,10076.665299816666,0.0,0,1
0.745,0.82,0.645,0.485,0.74,0.715,0.63,0.745,0.92,0.86,0.945,0.987,0.998,0.9995,2,0.785,0.785,0.9995,10076.949886833334,0.0,0,1
0.5,0.0365,0.026,0.03,0.0205,0.1005,0.0245,0.0175,0.007,0.0085,0.0145,0.004,0.0015,0.0035,1,0.0385,0.019,0.0005,10067.596175816667,251733.9560829999,0,0
0.5,0.195,0.175,0.195,0.145,0.08,0.185,0.17,0.14,0.155,0.31,0.225,0.45,0.004,3,0.195,0.195,0.46,10067.499832333333,163330.41728400008,0,0
0.5,0.84,0.82,0.845,0.685,0.46,0.785,0.75,0.705,0.75,0.9515,0.871,0.9805,0.9995,2,0.835,0.81,0.9915,10071.5189576,522891.4937960006,0,1
0.52,0.33,0.275,0.27,0.105,0.07,0.245,0.165,0.145,0.09,0.32,0.08,0.14,0.997,2,0.345,0.235,0.38,10076.866880849999,822429.6050979984,0,1
0.0315,0.0365,0.01,0.0255,0.0155,0.026,0.0225,0.036,0.018,0.0105,0.0095,0.0065,0.0015,0.0005,0,0.0335,0.0225,0.0005,10071.80238705,277963.797195,0,0
0.08,0.115,0.195,0.215,0.205,0.195,0.12,0.075,0.185,0.165,0.18,0.115,0.42,0.315,0,0.145,0.12,0.42,10070.966308833333,392010.35341,0,1
0.04,0.032,0.1175,0.078,0.0635,0.0435,0.0275,0.0265,0.0445,0.035,0.037,0.0085,0.023,0.0015,0,0.046,0.026,0.0185,10070.83808225,90707.774293,0,0
0.345,0.405,0.77,0.69,0.67,0.69,0.47,0.295,0.635,0.535,0.57,0.415,0.92,0.973,19,0.495,0.47,0.9,10077.216779383334,787975.061556,0,1
0.2,0.23,0.605,0.5,0.435,0.43,0.205,0.13,0.365,0.28,0.295,0.135,0.63,0.345,4,0.325,0.2,0.535,10076.98504015,1723382.31123,0,1
0.5,0.53,0.3,0.2,0.055,0.0505,0.082,0.046,0.0705,0.052,0.1035,0.026,0.0065,0.0005,7,0.375,0.048,0.0105,9346.228731649999,595215.902614,0,0
0.835,0.835,0.885,0.885,0.885,0.9655,0.9655,0.9655,0.9655,0.9995,0.9995,0.9995,0.9995,0.9995,0,0.835,0.9655,0.9995,9348.955662183334,8530.214,0,1
0.485,0.085,0.045,0.029,0.0165,0.01,0.0055,0.0085,0.0215,0.0065,0.012,0.003,0.0015,0.0005,0,0.045,0.008,0.0005,9351.991698216667,189487.31755,0,0
0.05,0.0265,0.0265,0.0265,0.1195,0.098,0.039,0.041,0.02,0.023,0.042,0.02,0.0015,0.0075,0,0.021,0.0515,0.0015,10066.52882795,700035.433522,0,0
0.135,0.12,0.155,0.185,0.185,0.21,0.28,0.26,0.305,0.13,0.295,0.32,0.42,0.075,6,0.145,0.28,0.415,10066.855375666666,352693.660115,0,0
0.495,0.0685,0.072,0.103,0.0635,0.0375,0.015,0.021,0.0105,0.027,0.0145,0.0315,0.0055,0.0005,2,0.086,0.0205,0.0025,10062.135890216667,166336.428345,0,0
0.0335,0.026,0.016,0.026,0.0055,0.0045,0.034,0.025,0.0065,0.0295,0.0015,0.0005,0.002,0.0005,0,0.0255,0.0345,0.0015,10061.163335266667,113907.85386,0,0
0.95,0.9045,0.8275,0.7725,0.881,0.948,0.9815,0.9795,0.981,0.9725,0.977,0.9585,0.9985,0.9995,0,0.8325,0.98,0.9985,10075.53513235,816311.698772,0,1
0.12,0.07,0.06,0.037,0.029,0.031,0.1445,0.1135,0.0305,0.026,0.01,0.0015,0.015,0.0005,0,0.06,0.125,0.0055,10076.0739727,605076.143837,0,0
0.49,0.0175,0.008,0.0055,0.0105,0.011,0.0125,0.0105,0.0065,0.0005,0.0005,0.0005,0.0005,0.0005,0,0.011,0.0195,0.0005,10076.0697341,206498.069525,0,0
0.5,0.037,0.031,0.0245,0.01,0.0095,0.0095,0.0055,0.022,0.012,0.0005,0.0005,0.0005,0.0005,1,0.039,0.0095,0.0005,10077.15696705,250921.084994,0,0
0.5,0.7,0.655,0.515,0.38,0.25,0.3,0.415,0.745,0.795,0.77,0.56,0.485,0.0225,11,0.7,0.44,0.025,10076.888456949999,1180489.143744,0,0
0.795,0.83,0.88,0.845,0.815,0.73,0.59,0.435,0.51,0.81,0.92,0.945,0.9775,0.9955,2,0.85,0.445,0.9855,10076.923256400001,618317.720282,0,1
0.09,0.065,0.085,0.065,0.055,0.027,0.013,0.0065,0.0045,0.0035,0.041,0.0195,0.0015,0.0005,0,0.08,0.01,0.0015,10076.961247066667,555740.597898,0,0
0.18,0.195,0.185,0.195,0.22,0.2,0.18,0.115,0.16,0.32,0.285,0.34,0.535,0.575,9,0.185,0.125,0.53,10075.09785225,136685.037305,0,0
0.04,0.016,0.012,0.03,0.021,0.042,0.0605,0.1065,0.059,0.016,0.009,0.0055,0.0005,0.0005,0,0.0195,0.0985,0.0005,10075.590623716667,48189.899609,0,0
0.045,0.0285,0.027,0.0325,0.0235,0.024,0.0245,0.0375,0.0405,0.0965,0.014,0.0165,0.0015,0.0005,0,0.0345,0.056,0.0005,10075.71869615,83807.60837,0,0
0.175,0.185,0.195,0.21,0.22,0.225,0.215,0.165,0.085,0.0285,0.13,0.1475,0.4395,0.0945,6,0.18,0.095,0.394,10075.164892133333,204499.891931,0,0
0.83,0.92,0.93,0.935,0.95,0.95,0.95,0.88,0.8,0.63,0.95,0.9725,0.9965,0.9995,0,0.9,0.765,0.9955,10076.418299066667,644817.716997,0,1
0.05,0.09,0.06,0.045,0.065,0.06,0.045,0.0225,0.003,0.0015,0.0005,0.002,0.003,0.0005,0,0.07,0.015,0.0035,10077.198957483333,584866.596566,0,0
0.09,0.175,0.14,0.14,0.155,0.145,0.11,0.06,0.0195,0.0035,0.0115,0.0045,0.025,0.0005,0,0.145,0.04,0.017,10076.69625885,473448.530649,0,0
0.615,0.62,0.615,0.7,0.69,0.76,0.74,0.76,0.745,0.565,0.245,0.085,0.47,0.978,8,0.59,0.77,0.18,10077.189611283333,718594.783857,0,1
0.033,0.022,0.0215,0.026,0.025,0.0215,0.0255,0.013,0.0095,0.008,0.001,0.001,0.0005,0.0005,0,0.0215,0.016,0.0005,10077.2258214,292988.651614,0,0
0.105,0.125,0.12,0.095,0.085,0.065,0.07,0.06,0.07,0.15,0.28,0.345,0.07,0.0045,0,0.12,0.07,0.16,10075.52801955,71266.81541,0,0
0.06,0.06,0.065,0.08,0.06,0.075,0.075,0.075,0.045,0.0275,0.0045,0.0015,0.0015,0.0005,0,0.06,0.06,0.0015,10075.010595016667,58227.672683,0,0
0.065,0.045,0.075,0.045,0.055,0.0275,0.026,0.022,0.0245,0.0215,0.137,0.031,0.081,0.006,0,0.065,0.0255,0.1705,10075.254465650001,108650.164026,0,0
0.115,0.14,0.095,0.12,0.125,0.17,0.15,0.165,0.15,0.145,0.0305,0.035,0.0025,0.0005,0,0.135,0.14,0.0015,10074.686984583333,166423.134516,0,0
0.895,0.92,0.85,0.91,0.915,0.955,0.965,0.9745,0.9735,0.9745,0.77,0.946,0.9085,0.9945,0,0.88,0.9715,0.7965,10076.493932716667,576798.240761,0,1
0.07,0.08,0.045,0.05,0.035,0.045,0.027,0.017,0.021,0.0135,0.006,0.002,0.0005,0.0005,0,0.07,0.017,0.0005,10076.422003849999,272388.466625,0,0
0.0245,0.0125,0.0165,0.016,0.028,0.0125,0.0235,0.007,0.0075,0.006,0.0115,0.0025,0.01,0.0005,0,0.0115,0.0235,0.0015,10072.50286665,186339.080652,0,0
0.185,0.18,0.205,0.21,0.225,0.245,0.28,0.29,0.31,0.325,0.345,0.415,0.205,0.205,2,0.17,0.295,0.42,10071.954264616668,133896.883874,0,0
0.05,0.06,0.032,0.0275,0.0145,0.0135,0.011,0.007,0.008,0.018,0.0075,0.0005,0.0005,0.0005,0,0.065,0.009,0.0005,10071.392792516668,73896.716319,0,0
0.675,0.725,0.675,0.71,0.535,0.61,0.64,0.775,0.82,0.865,0.87,0.815,0.26,0.21,5,0.725,0.685,0.475,10075.185618916666,938398.867986,0,0
0.05,0.0505,0.033,0.0295,0.0095,0.0065,0.01,0.0105,0.0085,0.0075,0.004,0.0035,0.0005,0.0005,0,0.0515,0.0095,0.0005,10075.219711383334,182782.708699,0,0
0.0325,0.022,0.0205,0.0115,0.007,0.0075,0.0035,0.0045,0.0025,0.002,0.0005,0.0005,0.0005,0.0005,0,0.0285,0.006,0.0005,10077.526521366666,85254.320004,0,0
0.685,0.715,0.82,0.82,0.765,0.815,0.785,0.785,0.785,0.955,0.9995,0.9995,0.9995,0.9995,0,0.715,0.785,0.9995,10077.530812166666,30712.804633,0,1
0.034,0.0605,0.059,0.047,0.032,0.0575,0.0275,0.0395,0.0185,0.0155,0.004,0.0035,0.0005,0.001,0,0.0535,0.057,0.0005,10077.395662983334,198182.389209,0,0
0.085,0.085,0.085,0.075,0.08,0.07,0.135,0.1,0.075,0.035,0.013,0.011,0.004,0.0005,0,0.075,0.105,0.0015,10075.5514614,57797.209922,0,0
0.11,0.095,0.09,0.105,0.07,0.075,0.034,0.0215,0.018,0.016,0.0115,0.0185,0.0025,0.0005,0,0.1,0.0325,0.002,10074.879532766667,80374.527716,0,0
0.04,0.0265,0.019,0.0185,0.0145,0.0065,0.005,0.004,0.0055,0.004,0.001,0.0005,0.0005,0.0005,0,0.0285,0.0045,0.0005,10077.043561983333,107379.494437,0,0
0.865,0.855,0.825,0.86,0.845,0.895,0.78,0.85,0.89,0.927,0.9765,0.997,0.996,0.9995,0,0.865,0.835,0.9965,10076.946221066666,306183.460792,0,1
0.93,0.935,0.85,0.855,0.875,0.875,0.86,0.91,0.795,0.85,0.964,0.935,0.995,0.9995,0,0.905,0.885,0.994,10075.971939899999,373958.997151,0,1
0.04,0.041,0.0255,0.025,0.0195,0.0125,0.0105,0.008,0.003,0.0015,0.0015,0.0005,0.0005,0.0005,0,0.032,0.0025,0.0005,10076.416338866666,139332.849988,0,0
0.06,0.09,0.055,0.0385,0.032,0.0245,0.012,0.005,0.005,0.003,0.004,0.0005,0.0005,0.0005,0,0.07,0.0075,0.0005,10077.208122133334,66780.889909,0,0
0.075,0.095,0.135,0.13,0.135,0.15,0.18,0.165,0.24,0.26,0.2,0.265,0.012,0.0085,0,0.115,0.165,0.0065,10075.207287283332,137499.359013,0,0
0.135,0.16,0.095,0.095,0.085,0.085,0.06,0.055,0.033,0.0195,0.0105,0.0055,0.0035,0.0005,0,0.14,0.065,0.0005,10074.7874534,123161.749181,0,0
0.16,0.18,0.185,0.195,0.16,0.165,0.175,0.145,0.135,0.115,0.07,0.0325,0.0225,0.0015,0,0.175,0.17,0.032,10072.8544238,85059.654041,0,0
0.07,0.08,0.085,0.115,0.055,0.05,0.039,0.0415,0.025,0.0205,0.007,0.0055,0.0005,0.0005,0,0.085,0.0425,0.0005,10072.65401405,44121.60694,0,0
0.225,0.225,0.295,0.39,0.19,0.205,0.165,0.11,0.075,0.045,0.017,0.0055,0.002,0.0005,0,0.245,0.155,0.0045,10077.346641200002,914703.264253,0,0
0.95,0.94,0.96,0.9745,0.9435,0.97,0.968,0.958,0.957,0.9715,0.9605,0.948,0.9955,0.9995,0,0.94,0.965,0.9975,10076.960893816666,309912.857245,0,1
0.045,0.0305,0.021,0.0335,0.005,0.004,0.006,0.007,0.0055,0.0055,0.004,0.0025,0.0015,0.0005,0,0.0315,0.007,0.001,10071.519992233334,87539.577558,0,0
0.165,0.175,0.125,0.105,0.095,0.07,0.125,0.115,0.115,0.15,0.215,0.21,0.22,0.18,0,0.165,0.115,0.115,10071.063091466667,225144.785882,0,0
0.75,0.835,0.95,0.955,0.9775,0.9835,0.9715,0.9715,0.9785,0.978,0.976,0.9835,0.9915,0.9985,0,0.835,0.9605,0.996,10076.6132416,324919.420404,0,1
0.945,0.9605,0.9855,0.984,0.988,0.987,0.994,0.9935,0.9945,0.9935,0.9965,0.998,0.9995,0.9995,0,0.96,0.992,0.9995,10077.0062095,186213.400724,0,1
0.185,0.215,0.41,0.42,0.51,0.565,0.395,0.345,0.345,0.205,0.11,0.075,0.013,0.0005,8,0.22,0.395,0.0185,10076.988681016666,736371.638904,0,0
0.17,0.19,0.17,0.19,0.19,0.17,0.155,0.13,0.215,0.155,0.26,0.34,0.54,0.78,5,0.185,0.145,0.41,10073.547789,398465.918037,0,1
0.045,0.032,0.021,0.0315,0.035,0.0315,0.044,0.0425,0.018,0.011,0.0005,0.0055,0.0005,0.0005,0,0.0345,0.044,0.0005,10072.947251833333,213434.462503,0,0
0.83,0.87,0.8,0.84,0.9605,0.9835,0.9825,0.9895,0.9825,0.985,0.984,0.985,0.995,0.9995,0,0.89,0.987,0.9975,10076.8795303,466151.240654,0,1
0.125,0.165,0.095,0.09,0.195,0.245,0.27,0.315,0.16,0.19,0.085,0.0295,0.0015,0.0015,0,0.175,0.29,0.0045,10077.104272666667,796609.838748,0,0
0.05,0.012,0.0225,0.0205,0.0165,0.0135,0.0175,0.007,0.0095,0.0195,0.0015,0.0045,0.0005,0.0005,0,0.0305,0.0095,0.0005,10077.270975816667,355367.992356,0,0
0.65,0.415,0.475,0.44,0.285,0.385,0.645,0.735,0.755,0.7,0.615,0.575,0.725,0.095,11,0.6,0.635,0.64,10077.1417912,1091789.744278,0,0
0.14,0.165,0.19,0.195,0.18,0.235,0.215,0.17,0.165,0.195,0.265,0.3,0.23,0.89,3,0.155,0.225,0.32,10075.9149123,282728.255459,0,1
0.055,0.115,0.095,0.105,0.165,0.12,0.0385,0.0295,0.0275,0.103,0.027,0.032,0.009,0.0015,0,0.07,0.032,0.011,10076.103170716668,52513.467222,0,0
0.5,0.135,0.155,0.13,0.14,0.14,0.095,0.115,0.22,0.285,0.31,0.22,0.1,0.0015,1,0.49,0.09,0.105,10074.311096066667,128492.041769,0,0
0.5,0.08,0.06,0.135,0.09,0.075,0.12,0.05,0.017,0.01,0.0055,0.0075,0.0075,0.0005,3,0.49,0.08,0.0055,10074.833070833332,150200.335071,0,0
0.5,0.05,0.05,0.036,0.026,0.017,0.0105,0.0085,0.009,0.0125,0.01,0.006,0.0005,0.0005,1,0.48,0.0095,0.0005,10073.994750583333,57150.38073,0,0
0.72,0.585,0.61,0.43,0.465,0.465,0.315,0.365,0.665,0.775,0.795,0.69,0.585,0.1375,5,0.71,0.3,0.72,10076.647292216667,1275935.414533,0,0
0.51,0.029,0.0155,0.0105,0.0125,0.011,0.0035,0.0045,0.009,0.007,0.0005,0.0015,0.0005,0.0005,1,0.055,0.003,0.0005,10077.12568795,204603.86604,0,0
0.5,0.037,0.0225,0.0095,0.0055,0.006,0.0025,0.003,0.0025,0.0025,0.002,0.002,0.0005,0.0005,1,0.04,0.004,0.001,10076.533200966665,194526.473059,0,0
0.505,0.775,0.545,0.52,0.24,0.305,0.265,0.115,0.08,0.135,0.17,0.145,0.055,0.0005,7,0.575,0.12,0.0265,10076.837367266668,484772.401352,0,0
0.505,0.07,0.09,0.085,0.16,0.07,0.055,0.096,0.0415,0.0125,0.0055,0.005,0.0025,0.0005,1,0.145,0.1335,0.004,10076.992387933333,141545.479285,0,0
0.09,0.085,0.08,0.12,0.13,0.185,0.18,0.17,0.265,0.225,0.0325,0.0225,0.0055,0.0085,0,0.09,0.205,0.004,10075.918043233334,112163.735504,0,0
0.045,0.05,0.0335,0.0255,0.016,0.0095,0.006,0.007,0.0055,0.0025,0.001,0.0015,0.0005,0.0005,0,0.055,0.007,0.0005,10075.062813616667,101158.484196,0,0
0.705,0.705,0.745,0.585,0.59,0.395,0.445,0.525,0.275,0.345,0.775,0.85,0.915,0.9825,6,0.685,0.39,0.9795,10076.329970633333,545171.513109,0,1
0.95,0.9385,0.966,0.934,0.933,0.871,0.936,0.945,0.9075,0.97,0.992,0.9945,0.999,0.9995,0,0.9365,0.926,0.9995,10076.707737683335,292562.753754,0,1
0.51,0.94,0.971,0.95,0.9625,0.9745,0.974,0.9495,0.97,0.983,0.9835,0.99,0.9995,0.9995,0,0.95,0.975,0.9995,10076.588772116667,507000.21377,0,1
0.5,0.47,0.62,0.55,0.58,0.43,0.36,0.175,0.175,0.21,0.055,0.0635,0.082,0.224,9,0.465,0.26,0.1365,10076.447943766667,1116427.950273,0,0
0.5,0.046,0.07,0.0455,0.029,0.0135,0.0135,0.007,0.004,0.003,0.0015,0.0005,0.0005,0.0005,1,0.043,0.004,0.0005,10076.4927129,114896.110432,0,0
0.495,0.11,0.105,0.105,0.095,0.1,0.085,0.125,0.125,0.195,0.175,0.11,0.265,0.0065,0,0.1,0.095,0.34,10073.214447100001,110337.255147,0,0
0.495,0.055,0.06,0.06,0.08,0.06,0.06,0.0375,0.0225,0.0145,0.0025,0.0015,0.0005,0.0005,0,0.07,0.05,0.0005,10072.555671700002,19680.565319,0,0
0.92,0.7,0.74,0.765,0.835,0.775,0.865,0.775,0.785,0.625,0.735,0.855,0.68,0.9905,2,0.79,0.825,0.575,10077.009865,564246.434435,0,1
0.49,0.115,0.115,0.13,0.155,0.09,0.08,0.045,0.018,0.0095,0.004,0.0015,0.0005,0.0005,0,0.17,0.06,0.0005,10077.141020649999,337936.230251,0,0
0.735,0.685,0.935,0.835,0.89,0.95,0.94,0.925,0.9675,0.962,0.978,0.9525,0.99,0.9995,0,0.7,0.96,0.9905,10077.117658416666,233658.627344,0,1
0.22,0.165,0.44,0.26,0.325,0.355,0.435,0.24,0.295,0.15,0.11,0.033,0.009,0.0015,0,0.175,0.42,0.0045,10076.475953133333,732139.319367,0,0
0.085,0.1,0.035,0.0765,0.046,0.0295,0.0205,0.042,0.014,0.027,0.0175,0.0345,0.013,0.0005,0,0.1,0.016,0.0045,10076.013389733333,51026.191919,0,0
0.085,0.085,0.15,0.14,0.16,0.16,0.17,0.165,0.22,0.18,0.225,0.1,0.046,0.006,0,0.065,0.205,0.0285,10075.41774535,66565.863078,0,0
0.07,0.08,0.12,0.125,0.08,0.13,0.125,0.08,0.08,0.11,0.05,0.085,0.051,0.1715,0,0.05,0.11,0.199,10073.909305366666,262691.601739,0,0
0.13,0.145,0.055,0.055,0.15,0.09,0.135,0.16,0.155,0.12,0.17,0.085,0.0155,0.0005,0,0.15,0.13,0.0035,10073.480906449999,123247.228575,0,0
0.07,0.041,0.032,0.0185,0.022,0.018,0.017,0.0155,0.026,0.0025,0.0015,0.0005,0.0005,0.0005,0,0.06,0.014,0.0005,10072.984129733335,58213.518501,0,0
0.535,0.445,0.19,0.15,0.35,0.21,0.29,0.355,0.35,0.225,0.275,0.095,0.0165,0.0005,1,0.555,0.28,0.0035,10076.713387383332,1031343.955854,0,0
0.075,0.032,0.024,0.0165,0.021,0.0175,0.0105,0.01,0.0185,0.0035,0.0005,0.0005,0.0005,0.0005,0,0.055,0.0105,0.0005,10077.00708635,113342.075335,0,0
0.025,0.036,0.022,0.0215,0.026,0.009,0.0075,0.0025,0.0035,0.0015,0.0005,0.0005,0.0005,0.0005,0,0.035,0.0025,0.0005,10074.77105725,20241.983488,0,0
0.025,0.0315,0.025,0.0445,0.014,0.0075,0.008,0.0045,0.0075,0.002,0.0005,0.0005,0.0005,0.0005,0,0.0315,0.003,0.0005,10074.623434883333,22417.251803,0,0
0.035,0.074,0.0305,0.013,0.0215,0.014,0.014,0.008,0.0075,0.002,0.0005,0.0005,0.0005,0.0005,0,0.0775,0.016,0.0005,10076.481403416667,123050.590268,0,0
0.605,0.945,0.875,0.72,0.305,0.37,0.78,0.51,0.65,0.82,0.77,0.605,0.885,0.9645,4,0.95,0.755,0.725,10076.958664583333,691260.68001,0,1
0.15,0.145,0.075,0.115,0.05,0.03,0.012,0.0125,0.015,0.0045,0.0045,0.0045,0.0005,0.0005,0,0.145,0.006,0.0005,10072.359679516667,56019.91237,0,0
0.17,0.165,0.105,0.15,0.085,0.05,0.018,0.016,0.021,0.01,0.0065,0.008,0.003,0.0005,0,0.165,0.016,0.0015,10072.4569427,176459.704366,0,0
0.74,0.71,0.435,0.555,0.33,0.175,0.05,0.0385,0.0795,0.0355,0.024,0.044,0.007,0.0005,5,0.74,0.0365,0.003,10076.479688766667,496396.708126,0,0
0.59,0.555,0.29,0.39,0.195,0.095,0.0385,0.0305,0.0365,0.0145,0.007,0.0185,0.0025,0.0005,5,0.58,0.0265,0.0015,10076.937444866666,715752.424201,0,0
0.09,0.075,0.0265,0.0285,0.0165,0.0105,0.0095,0.0075,0.009,0.002,0.0005,0.0005,0.0005,0.0005,0,0.08,0.006,0.0005,10076.871955316667,48852.641691,0,0
0.325,0.145,0.135,0.037,0.054,0.0315,0.0105,0.0215,0.0075,0.008,0.002,0.0005,0.0005,0.0005,0,0.13,0.0045,0.0005,10076.668896833335,132904.018226,0,0
0.75,0.575,0.48,0.46,0.295,0.415,0.32,0.425,0.36,0.305,0.395,0.5,0.84,0.9995,6,0.645,0.3,0.9995,10076.550440216666,164174.012756,0,1
0.5,0.0595,0.0285,0.025,0.0215,0.0265,0.0595,0.0575,0.0475,0.1015,0.0995,0.1365,0.239,0.9995,4,0.041,0.058,0.637,10077.13572,164863.168574,0,1
0.06,0.095,0.06,0.053,0.0865,0.086,0.1795,0.2225,0.053,0.102,0.35,0.2415,0.2755,0.954,1,0.06,0.174,0.326,10075.894141266666,422811.271139,0,1
0.155,0.13,0.185,0.195,0.15,0.145,0.065,0.03,0.009,0.003,0.0095,0.0035,0.001,0.0005,0,0.16,0.035,0.0005,10075.459275516665,56353.03364,0,0
0.11,0.1,0.135,0.11,0.065,0.04,0.0145,0.0145,0.0025,0.013,0.002,0.0005,0.0005,0.0005,0,0.11,0.0165,0.0005,10076.62355145,67557.162281,0,0
0.0325,0.037,0.0465,0.03,0.017,0.014,0.0075,0.0045,0.002,0.0015,0.001,0.0005,0.0005,0.0005,0,0.0355,0.0085,0.0005,10076.319292083333,107314.72217,0,0
0.465,0.105,0.12,0.15,0.1,0.095,0.165,0.16,0.2,0.14,0.0445,0.0665,0.0895,0.0045,0,0.105,0.145,0.0295,10074.781618550001,123962.326115,0,0
0.465,0.105,0.1,0.08,0.105,0.095,0.049,0.0455,0.017,0.005,0.0015,0.0015,0.0005,0.0005,0,0.105,0.0525,0.0005,10074.23958995,91489.793604,0,0
0.735,0.715,0.605,0.565,0.705,0.745,0.485,0.555,0.23,0.07,0.0205,0.0095,0.005,0.0005,9,0.725,0.565,0.0025,10077.092085799999,535088.685691,0,0
0.455,0.37,0.295,0.29,0.325,0.345,0.17,0.165,0.049,0.0145,0.0025,0.0025,0.0015,0.0005,2,0.41,0.185,0.0005,10077.227232250001,821452.51527,0,0
0.037,0.033,0.0275,0.348,0.0225,0.006,0.0055,0.0075,0.0045,0.0025,0.0005,0.0005,0.0005,0.0005,0,0.033,0.0045,0.0005,10077.260720333334,106284.082687,0,0
0.49,0.05,0.13,0.145,0.145,0.185,0.18,0.205,0.195,0.24,0.09,0.0295,0.0015,0.001,0,0.05,0.17,0.0025,10075.735555483332,198834.720617,0,0
0.47,0.0455,0.4855,0.0405,0.013,0.0185,0.01,0.0075,0.0055,0.009,0.001,0.0005,0.0005,0.0005,0,0.047,0.0085,0.0005,10074.925494466666,38906.967218,0,0
0.14,0.16,0.034,0.0385,0.029,0.031,0.029,0.018,0.0045,0.0055,0.0025,0.0015,0.0005,0.0005,0,0.165,0.0245,0.0005,10076.809787716666,308307.187145,0,0
0.465,0.51,0.12,0.12,0.095,0.1,0.105,0.065,0.0275,0.023,0.0025,0.0025,0.0005,0.0005,2,0.53,0.1,0.0005,10076.598675033334,147549.338578,0,0
0.485,0.105,0.07,0.085,0.16,0.175,0.165,0.2,0.235,0.27,0.195,0.1,0.013,0.0005,0,0.115,0.155,0.005,10072.466782833333,142044.239206,0,0
0.495,0.07,0.095,0.07,0.028,0.025,0.0205,0.0055,0.0055,0.008,0.0025,0.0015,0.0005,0.0005,0,0.065,0.017,0.0005,10071.966452666667,61482.90019,0,0
0.79,0.73,0.875,0.825,0.37,0.435,0.275,0.285,0.355,0.3,0.13,0.045,0.0015,0.0005,1,0.72,0.175,0.0005,10075.803349283333,1228211.238452,0,0
0.03,0.0195,0.0085,0.0085,0.008,0.008,0.005,0.004,0.003,0.002,0.0005,0.0005,0.0005,0.0005,0,0.0175,0.004,0.0005,10075.83773755,97301.024084,0,0
0.5,0.933,0.728,0.5925,0.7685,0.611,0.216,0.185,0.0815,0.138,0.071,0.0485,0.0115,0.0005,1,0.932,0.204,0.0025,9624.2221759,947193.551837,0,0
0.5,0.16,0.04,0.0295,0.024,0.0195,0.0165,0.006,0.0065,0.0055,0.0005,0.001,0.0005,0.0005,1,0.155,0.006,0.0005,9663.1570685,359024.176021,0,0
0.5,0.0195,0.011,0.0075,0.0035,0.0025,0.007,0.0025,0.003,0.0015,0.0005,0.0005,0.0005,0.0005,1,0.0195,0.0025,0.0005,9622.786014000001,64953.021717,0,0
0.2,0.21,0.06,0.06,0.075,0.0335,0.0105,0.0125,0.008,0.0095,0.0045,0.0025,0.0005,0.0005,0,0.205,0.0125,0.0005,9612.367215816666,47555.344168,0,0
0.06,0.0215,0.0075,0.006,0.004,0.005,0.0175,0.008,0.003,0.0015,0.0015,0.0005,0.0005,0.0005,0,0.0215,0.018,0.0005,9611.369487516668,38313.969375,0,0
0.15,0.105,0.09,0.12,0.215,0.17,0.28,0.23,0.075,0.06,0.019,0.0285,0.006,0.0005,0,0.1,0.285,0.007,10064.730409733334,194442.91872,0,0
0.04,0.0755,0.0665,0.045,0.0145,0.013,0.006,0.0085,0.007,0.0035,0.0015,0.0005,0.0005,0.0005,0,0.0725,0.0075,0.0005,10064.671096066666,20340.876333,0,0
0.92,0.9585,0.9625,0.9605,0.7355,0.5665,0.8025,0.6775,0.2125,0.1535,0.0785,0.103,0.029,0.0015,1,0.951,0.7905,0.0275,10067.461584383333,760750.101587,0,0
0.14,0.26,0.255,0.16,0.0345,0.02,0.0195,0.0075,0.009,0.007,0.005,0.0005,0.0005,0.0005,0,0.27,0.013,0.0005,10065.47431895,144118.627579,0,0
0.49,0.0175,0.014,0.015,0.0075,0.0165,0.0565,0.111,0.023,0.0965,0.257,0.286,0.191,0.8315,3,0.017,0.1075,0.21,10066.216538933333,302995.579968,0,1
0.49,0.19,0.205,0.22,0.235,0.245,0.105,0.054,0.051,0.0165,0.006,0.003,0.0005,0.0005,0,0.19,0.06,0.0005,10066.173516683333,75654.184389,0,0
0.5,0.085,0.08,0.105,0.08,0.035,0.0155,0.0095,0.008,0.003,0.0005,0.0005,0.0005,0.0005,1,0.1,0.009,0.0005,10077.207328783332,104134.170062,0,0
0.53,0.85,0.87,0.91,0.94,0.9,0.59,0.37,0.57,0.31,0.06,0.03,0.005,0.0005,5,0.855,0.39,0.0095,10077.185234983333,714438.127436,0,0
0.0305,0.0245,0.021,0.027,0.015,0.0165,0.006,0.0015,0.0055,0.0015,0.001,0.0005,0.0005,0.0005,0,0.0255,0.0045,0.0005,10068.56131465,109662.737679,0,0
0.5,0.0245,0.025,0.018,0.0195,0.0185,0.0055,0.007,0.004,0.003,0.0015,0.0005,0.0005,0.0005,1,0.02,0.0015,0.0005,10066.734090783333,92965.709109,0,0
0.67,0.655,0.545,0.53,0.49,0.575,0.475,0.345,0.355,0.285,0.23,0.44,0.44,0.9995,6,0.695,0.365,0.415,10066.738310966666,215517.186389,0,1
0.495,0.039,0.0185,0.0145,0.0135,0.009,0.0065,0.0095,0.0215,0.0875,0.033,0.018,0.0175,0.9995,1,0.035,0.0095,0.067,10066.65819345,382546.283149,0,1
0.14,0.125,0.125,0.12,0.1,0.09,0.075,0.135,0.33,0.225,0.445,0.175,0.018,0.001,2,0.13,0.12,0.058,10060.583219016667,182470.628777,0,0
0.034,0.0535,0.054,0.0545,0.053,0.0575,0.0365,0.019,0.01,0.0055,0.0035,0.0015,0.0005,0.0005,0,0.049,0.0245,0.0005,10060.517980933333,29808.010336,0,0
0.745,0.915,0.935,0.9585,0.974,0.9775,0.9835,0.9835,0.849,0.6455,0.941,0.711,0.054,0.0015,1,0.9,0.9835,0.0265,10078.152451850001,520957.680717,0,0
0.16,0.195,0.175,0.175,0.245,0.23,0.18,0.065,0.016,0.006,0.0055,0.0025,0.0005,0.0005,0,0.185,0.085,0.0005,10078.093506083333,105708.217322,0,0
0.5,0.0355,0.0715,0.045,0.0375,0.025,0.0185,0.011,0.006,0.014,0.2325,0.2475,0.01,0.871,2,0.03,0.0185,0.018,10067.183805833334,535240.858513,0,1
0.49,0.175,0.105,0.15,0.145,0.17,0.22,0.24,0.255,0.15,0.0155,0.014,0.0005,0.0005,0,0.18,0.205,0.0005,10067.094364499999,36306.784752,0,0
0.5,0.945,0.85,0.915,0.93,0.957,0.9785,0.9865,0.9865,0.9795,0.5875,0.655,0.971,0.1,1,0.955,0.9815,0.9735,10067.776185633333,1707874.893225,0,0
0.5,0.24,0.12,0.19,0.13,0.125,0.215,0.19,0.15,0.0505,0.005,0.003,0.0005,0.0005,1,0.275,0.175,0.0005,10067.784622383333,1175353.056549,0,0
0.97,0.9705,0.9255,0.9635,0.971,0.98,0.9845,0.989,0.988,0.986,0.814,0.8855,0.9915,0.9615,0,0.978,0.983,0.9925,10067.734823933333,1794076.715772,0,1
0.175,0.215,0.21,0.195,0.17,0.225,0.235,0.255,0.275,0.29,0.37,0.39,0.0095,0.0005,0,0.215,0.26,0.004,10071.09263155,75724.241064,0,0
0.045,0.0205,0.022,0.016,0.0035,0.003,0.003,0.003,0.003,0.003,0.005,0.0015,0.0005,0.0005,0,0.0215,0.003,0.0005,10071.02707135,15659.92692,0,0
0.89,0.83,0.815,0.75,0.585,0.7,0.76,0.745,0.88,0.935,0.89,0.87,0.0425,0.007,1,0.82,0.815,0.046,10073.12036895,920627.698885,0,0
0.1,0.055,0.055,0.04,0.0205,0.0185,0.0155,0.0105,0.017,0.0225,0.0035,0.0015,0.0005,0.0005,0,0.065,0.0085,0.0005,10073.097694933333,167289.768357,0,0
0.065,0.047,0.0345,0.0365,0.048,0.0715,0.1245,0.07,0.042,0.047,0.0165,0.012,0.0075,0.0815,0,0.04,0.0805,0.003,10069.367137633333,301549.965877,0,0
0.15,0.145,0.15,0.135,0.14,0.1,0.05,0.075,0.08,0.055,0.109,0.16,0.0115,0.0005,0,0.15,0.075,0.002,10069.312999733334,107833.307818,0,0
0.955,0.96,0.976,0.975,0.968,0.9475,0.886,0.958,0.9785,0.9815,0.996,0.9975,0.999,0.9835,0,0.97,0.9445,0.9995,10073.305876083332,579542.283086,0,1
0.29,0.28,0.305,0.265,0.25,0.18,0.08,0.115,0.115,0.08,0.135,0.21,0.007,0.0005,0,0.32,0.13,0.003,10073.28125855,548155.153637,0,0
0.025,0.0165,0.0055,0.0055,0.0055,0.013,0.0085,0.0085,0.0205,0.0095,0.005,0.002,0.0005,0.0005,0,0.018,0.0085,0.0005,10070.520917933334,141230.030658,0,0
0.17,0.13,0.14,0.155,0.165,0.165,0.17,0.2,0.265,0.28,0.26,0.35,0.17,0.008,0,0.13,0.19,0.14,10070.430627366668,154353.454146,0,0
0.06,0.085,0.065,0.045,0.0345,0.034,0.0315,0.0235,0.0115,0.0085,0.0035,0.0015,0.0005,0.0005,0,0.09,0.027,0.0005,10070.363567783334,88286.152245,0,0
0.675,0.855,0.85,0.845,0.87,0.875,0.86,0.8,0.615,0.775,0.885,0.855,0.9885,0.9985,0,0.85,0.835,0.9885,10072.8925397,501018.29024,0,1
0.065,0.1,0.065,0.05,0.0335,0.0295,0.0255,0.019,0.011,0.008,0.004,0.0005,0.0005,0.0005,0,0.09,0.0245,0.001,10072.918267283332,425751.279189,0,0
0.805,0.8,0.86,0.86,0.85,0.85,0.91,0.91,0.885,0.85,0.77,0.85,0.985,0.995,2,0.76,0.925,0.972,10070.414189466666,870756.253739,0,1
0.105,0.085,0.0945,0.074,0.0455,0.021,0.025,0.026,0.0235,0.013,0.002,0.002,0.0005,0.0005,0,0.07,0.0235,0.0005,10070.384747783333,371440.829627,0,0
0.1,0.09,0.075,0.075,0.085,0.09,0.0625,0.054,0.076,0.099,0.1545,0.1185,0.0175,0.005,0,0.105,0.054,0.0235,10070.161519183333,136837.765659,0,0
0.095,0.095,0.1,0.085,0.07,0.045,0.0445,0.0365,0.036,0.0205,0.0095,0.0075,0.0005,0.0005,0,0.08,0.0505,0.0005,10070.091776266667,74301.951303,0,0
0.125,0.065,0.0455,0.0435,0.0385,0.0265,0.0145,0.0145,0.016,0.0055,0.002,0.0005,0.0005,0.0005,0,0.12,0.0145,0.0005,10068.619894233332,168188.537828,0,0
0.06,0.11,0.145,0.1,0.135,0.145,0.185,0.21,0.16,0.16,0.205,0.23,0.445,0.77,5,0.07,0.135,0.425,10068.710575166666,477713.307885,0,1
0.9745,0.9335,0.904,0.9015,0.9515,0.968,0.966,0.973,0.983,0.9845,0.9855,0.9795,0.9825,0.999,0,0.966,0.983,0.991,10078.621598466667,657127.435029,0,1
0.445,0.25,0.175,0.15,0.145,0.105,0.065,0.029,0.0345,0.028,0.0205,0.0075,0.0005,0.0005,0,0.405,0.065,0.0005,10078.600892583334,545724.952513,0,0
0.035,0.0125,0.013,0.0065,0.009,0.008,0.003,0.003,0.0025,0.0005,0.0005,0.0005,0.0005,0.0005,0,0.022,0.003,0.0005,10078.545838883332,28894.985728,0,0
0.5,0.05,0.0285,0.0145,0.01,0.0165,0.0125,0.008,0.003,0.003,0.0005,0.0005,0.0005,0.0005,1,0.06,0.008,0.0005,10073.307894366668,76791.584354,0,0
0.615,0.46,0.47,0.49,0.405,0.445,0.43,0.51,0.54,0.66,0.77,0.74,0.79,0.9995,4,0.645,0.515,0.88,10073.252365733333,83018.70243,0,1
0.5,0.0165,0.0225,0.047,0.046,0.0175,0.0085,0.009,0.007,0.006,0.003,0.004,0.0025,0.0005,1,0.0235,0.0115,0.005,10073.226101066666,190211.332038,0,0
0.5,0.385,0.43,0.24,0.135,0.095,0.085,0.0645,0.0275,0.0105,0.0065,0.0045,0.0015,0.0005,1,0.39,0.08,0.0005,10074.3945684,492272.810161,0,0
0.05,0.015,0.0105,0.0065,0.007,0.006,0.0025,0.002,0.0025,0.0005,0.0005,0.0005,0.0005,0.0005,0,0.0185,0.0025,0.0005,10069.33121805,27291.164066,0,0
0.16,0.165,0.16,0.2,0.22,0.2,0.1,0.14,0.125,0.165,0.095,0.029,0.005,0.0005,0,0.17,0.125,0.0055,10068.326615316668,143254.74421,0,0
0.04,0.0375,0.038,0.018,0.015,0.0075,0.0105,0.0095,0.0095,0.002,0.0005,0.0005,0.0005,0.0005,0,0.035,0.0095,0.0005,10068.257118966667,25122.727832,0,0
0.945,0.95,0.96,0.87,0.92,0.81,0.565,0.68,0.735,0.825,0.865,0.86,0.977,0.9945,2,0.95,0.695,0.9835,10072.688012966666,513166.24354,0,1
0.285,0.265,0.28,0.105,0.1,0.037,0.015,0.0145,0.012,0.01,0.0015,0.0015,0.0005,0.0005,0,0.26,0.014,0.0005,10072.645189133333,156439.546707,0,0
0.0255,0.021,0.026,0.016,0.018,0.034,0.027,0.06,0.2095,0.1725,0.047,0.0365,0.0145,0.0005,0,0.0285,0.0405,0.0055,10070.062686533334,136241.302558,0,0
0.12,0.105,0.105,0.115,0.1,0.18,0.2,0.255,0.19,0.19,0.35,0.31,0.36,0.27,0,0.1,0.22,0.31,10070.018478516666,234672.668155,0,1
0.0315,0.026,0.016,0.016,0.016,0.016,0.007,0.007,0.006,0.0015,0.0015,0.0005,0.0005,0.0005,0,0.029,0.006,0.0005,10069.894053483333,19461.275977,0,0
0.78,0.805,0.805,0.775,0.81,0.635,0.59,0.425,0.15,0.145,0.2,0.125,0.055,0.003,1,0.81,0.525,0.0195,10070.479208683333,1030864.517264,0,0
0.055,0.055,0.06,0.055,0.055,0.02,0.012,0.007,0.007,0.001,0.001,0.0005,0.0005,0.0005,0,0.06,0.008,0.0005,10070.428059216667,156235.421346,0,0
0.495,0.028,0.011,0.0115,0.0115,0.011,0.011,0.0065,0.002,0.0015,0.0015,0.0005,0.0005,0.0005,0,0.028,0.009,0.0005,10068.2132045,14431.735888,0,0
0.495,0.18,0.22,0.23,0.22,0.225,0.23,0.215,0.195,0.115,0.026,0.0185,0.008,0.0005,0,0.18,0.185,0.004,10068.31619725,94548.565166,0,0
0.925,0.905,0.91,0.93,0.94,0.94,0.945,0.84,0.825,0.705,0.365,0.31,0.49,0.07,15,0.905,0.8,0.455,10072.489935633332,894734.724306,0,0
0.5,0.175,0.095,0.09,0.11,0.105,0.095,0.021,0.019,0.0095,0.0005,0.0005,0.0005,0.0005,1,0.18,0.022,0.0005,10072.450542966666,92793.162047,0,0
0.0325,0.046,0.049,0.0405,0.0275,0.0135,0.014,0.015,0.045,0.0315,0.027,0.0795,0.2325,0.0085,0,0.045,0.0165,0.153,10066.1068983,410725.958788,0,1
0.15,0.15,0.135,0.14,0.12,0.115,0.115,0.12,0.065,0.028,0.017,0.0055,0.0005,0.0005,0,0.15,0.12,0.0005,10063.792055333333,42715.606815,0,0
0.967,0.96,0.957,0.97,0.977,0.984,0.9855,0.9795,0.96,0.9695,0.97,0.917,0.7695,0.995,0,0.954,0.98,0.8415,10076.148287866667,1541266.618292,0,0
0.43,0.365,0.29,0.285,0.225,0.185,0.2,0.19,0.1,0.0355,0.018,0.003,0.0005,0.0005,0,0.38,0.19,0.0005,10076.077469033333,231443.10546,0,0
0.0305,0.0165,0.015,0.0105,0.0115,0.011,0.008,0.006,0.006,0.0005,0.0005,0.0005,0.0005,0.0005,0,0.0225,0.006,0.0005,10075.869821350001,52008.432976,0,0
0.06,0.0365,0.0215,0.023,0.0275,0.0165,0.0185,0.014,0.011,0.011,0.0365,0.0155,0.006,0.002,0,0.0335,0.0135,0.0095,10070.2034955,147765.959138,0,0
0.13,0.16,0.185,0.2,0.19,0.23,0.26,0.26,0.245,0.245,0.06,0.06,0.01,0.0005,0,0.16,0.25,0.002,10070.149793216668,208693.848795,0,0
0.79,0.865,0.9515,0.9475,0.9285,0.9655,0.9825,0.984,0.975,0.9735,0.8715,0.942,0.967,0.9225,0,0.88,0.9805,0.8335,10076.554500116667,1354031.51058,0,1
0.075,0.15,0.285,0.21,0.12,0.09,0.055,0.036,0.049,0.044,0.0045,0.0015,0.0005,0.0005,0,0.17,0.0465,0.0005,10070.517604683333,680494.528813,0,0
0.105,0.09,0.04,0.023,0.0125,0.012,0.009,0.006,0.006,0.005,0.005,0.0045,0.005,0.0005,0,0.11,0.0075,0.005,10068.001068233334,84337.590823,0,0
0.085,0.1,0.155,0.18,0.21,0.235,0.22,0.255,0.305,0.27,0.225,0.25,0.0115,0.0005,0,0.075,0.215,0.006,10067.868148883334,82621.961755,0,0
0.895,0.969,0.9875,0.992,0.9935,0.995,0.9955,0.9965,0.9965,0.9985,0.998,0.9995,0.9995,0.9995,0,0.955,0.9955,0.9985,10070.380078233335,634997.422087,0,1
0.515,0.35,0.515,0.635,0.83,0.83,0.7,0.725,0.82,0.805,0.73,0.8,0.135,0.016,3,0.26,0.67,0.095,10070.348478683332,744269.691694,0,0
0.49,0.785,0.74,0.805,0.81,0.69,0.49,0.235,0.235,0.14,0.13,0.245,0.115,0.0015,10,0.78,0.29,0.006,11484.0291246,111925.956401,0,0
0.095,0.07,0.06,0.14,0.18,0.455,0.275,0.115,0.0425,0.0145,0.012,0.013,0.004,0.0005,0,0.045,0.25,0.0035,10072.584259,617709.83999,0,0
0.33,0.365,0.285,0.125,0.06,0.037,0.031,0.036,0.012,0.0015,0.003,0.0055,0.0015,0.0005,4,0.505,0.025,0.001,10072.533940966667,591309.773998,0,0
0.0365,0.012,0.0125,0.0065,0.003,0.002,0.0015,0.0015,0.0015,0.001,0.0005,0.0005,0.0005,0.0005,0,0.03,0.0015,0.0005,10067.005590266666,147099.664341,0,0
0.16,0.14,0.145,0.145,0.075,0.046,0.0245,0.0135,0.013,0.0125,0.0045,0.0035,0.0015,0.0005,0,0.155,0.023,0.0015,10068.982455316667,71718.312077,0,0
0.055,0.06,0.05,0.049,0.1,0.1195,0.1975,0.209,0.133,0.0715,0.011,0.0085,0.005,0.001,0,0.045,0.1675,0.0165,10068.757100983332,83040.755574,0,0
0.77,0.825,0.835,0.865,0.945,0.9745,0.9835,0.9885,0.989,0.9905,0.9955,0.9985,0.9995,0.9995,0,0.8,0.981,0.9995,10078.145151616665,235096.179425,0,1
0.075,0.1,0.075,0.07,0.175,0.2,0.385,0.34,0.17,0.105,0.0325,0.0155,0.005,0.0005,0,0.075,0.3,0.005,10078.111379150001,312612.790559,0,0
0.95,0.95,0.945,0.963,0.9755,0.9865,0.9905,0.9905,0.996,0.9985,0.9985,0.9995,0.9995,0.9995,0,0.945,0.995,0.9995,10069.33613315,54467.521004,0,1
0.225,0.23,0.23,0.27,0.26,0.31,0.68,0.65,0.845,0.87,0.815,0.855,0.9745,0.9985,1,0.225,0.66,0.973,10069.2512207,668664.066822,0,1
0.075,0.075,0.08,0.0475,0.0455,0.016,0.009,0.014,0.0065,0.0025,0.0025,0.0015,0.0005,0.0005,0,0.075,0.0095,0.0005,10068.999264799999,36554.571665,0,0
0.11,0.105,0.11,0.135,0.13,0.17,0.21,0.27,0.205,0.24,0.36,0.505,0.9,0.9665,1,0.105,0.25,0.967,10068.888167216668,228807.892266,0,1
0.97,0.9775,0.98,0.9825,0.9855,0.988,0.992,0.998,0.991,0.9985,0.999,0.9995,0.9995,0.9855,0,0.9755,0.9925,0.9995,10069.833236783334,251388.889716,0,1
0.465,0.37,0.38,0.39,0.38,0.375,0.425,0.53,0.865,0.88,0.956,0.982,0.9895,0.9975,7,0.39,0.455,0.9895,10069.78516085,585783.945757,0,1
0.035,0.015,0.016,0.016,0.0155,0.011,0.0105,0.008,0.032,0.0195,0.03,0.019,0.0005,0.0005,0,0.0155,0.009,0.0005,10069.7515549,552246.231918,0,0
0.175,0.2,0.2,0.21,0.225,0.215,0.235,0.24,0.1,0.095,0.032,0.0135,0.0055,0.002,0,0.2,0.245,0.0055,10069.106449116667,104136.755199,0,0
0.13,0.11,0.11,0.11,0.115,0.115,0.125,0.17,0.26,0.295,0.26,0.26,0.5,0.905,1,0.11,0.14,0.56,10069.048357533333,402207.522096,0,1
0.495,0.115,0.125,0.12,0.13,0.115,0.12,0.125,0.09,0.0395,0.005,0.002,0.0005,0.0005,0,0.115,0.07,0.0005,10058.312609449998,69523.92724,0,0
0.495,0.07,0.055,0.05,0.05,0.05,0.045,0.035,0.0505,0.0595,0.2515,0.2325,0.4475,0.86,3,0.075,0.0845,0.5755,10058.2732296,297732.068012,0,1
0.505,0.95,0.95,0.967,0.9655,0.968,0.971,0.9745,0.992,0.994,0.998,0.9995,0.9995,0.9995,0,0.935,0.9855,0.9995,10059.422951416667,99716.706334,0,1
0.505,0.27,0.19,0.18,0.185,0.19,0.155,0.135,0.18,0.22,0.705,0.705,0.9205,0.9955,2,0.27,0.305,0.9745,10059.4187176,601654.79184,0,1
0.045,0.0535,0.031,0.0215,0.018,0.015,0.018,0.013,0.012,0.0075,0.0055,0.0025,0.0005,0.0005,0,0.045,0.0135,0.0005,10069.612777983333,35586.280367,0,0
0.11,0.13,0.11,0.12,0.135,0.115,0.13,0.11,0.105,0.0875,0.054,0.012,0.003,0.0005,0,0.11,0.105,0.0015,10069.61700885,189082.572688,0,0
0.955,0.957,0.977,0.979,0.9875,0.9935,0.9935,0.996,0.9935,0.9975,0.998,0.9995,0.9995,0.9995,0,0.963,0.9965,0.9995,10074.4446951,140983.500775,0,1
0.46,0.345,0.41,0.39,0.32,0.35,0.32,0.34,0.375,0.34,0.365,0.52,0.9765,0.9985,11,0.46,0.345,0.9795,10074.448930100001,544740.161693,0,1
0.045,0.0215,0.019,0.0165,0.009,0.008,0.0035,0.003,0.0055,0.002,0.001,0.0005,0.0015,0.0005,0,0.022,0.003,0.0005,10074.362887916668,546046.983132,0,0
0.49,0.125,0.16,0.17,0.175,0.22,0.23,0.235,0.26,0.225,0.19,0.27,0.16,0.0025,0,0.125,0.255,0.055,10069.322431716666,82758.031972,0,0
0.49,0.05,0.022,0.013,0.0155,0.0115,0.0035,0.002,0.002,0.001,0.001,0.001,0.0005,0.0005,0,0.05,0.003,0.0005,10069.265813466665,21534.9915,0,0
0.5,0.835,0.77,0.75,0.8,0.785,0.85,0.89,0.855,0.885,0.935,0.93,0.9885,0.9995,0,0.825,0.845,0.9935,10069.827632716666,401402.19959,0,1
0.5,0.155,0.08,0.05,0.0495,0.0255,0.013,0.009,0.009,0.0105,0.004,0.0015,0.0005,0.0005,1,0.16,0.0115,0.0015,10069.798320016667,460221.871774,0,0
0.13,0.135,0.1,0.115,0.07,0.045,0.05,0.023,0.013,0.0115,0.0055,0.005,0.0015,0.0005,0,0.13,0.044,0.0035,10067.326941883333,66917.393544,0,0
0.095,0.105,0.14,0.12,0.17,0.215,0.19,0.245,0.265,0.25,0.28,0.245,0.0355,0.006,0,0.1,0.2,0.1,10067.430926266667,131078.738195,0,0
0.945,0.95,0.91,0.94,0.895,0.87,0.945,0.96,0.982,0.9885,0.985,0.991,0.9985,0.9995,0,0.94,0.955,0.9985,10072.156087983334,741076.588887,0,1
0.39,0.34,0.215,0.26,0.13,0.06,0.085,0.034,0.016,0.0095,0.0085,0.0105,0.012,0.0005,0,0.34,0.065,0.0025,10072.119432733334,347895.684612,0,0
0.525,0.67,0.65,0.715,0.755,0.875,0.895,0.89,0.935,0.945,0.945,0.9445,0.9785,0.9995,2,0.53,0.91,0.994,11483.944045549999,63354.031282,0,1
0.5,0.27,0.15,0.1,0.105,0.033,0.014,0.0255,0.0055,0.0035,0.0015,0.0015,0.0005,0.0005,3,0.17,0.017,0.0005,10078.389292999998,380328.960372,0,0
0.49,0.0085,0.005,0.007,0.005,0.006,0.007,0.007,0.0035,0.0015,0.0005,0.0005,0.0005,0.0005,0,0.0175,0.007,0.0005,10078.433693566667,132211.395035,0,0
0.5,0.05,0.044,0.0735,0.048,0.066,0.0565,0.0305,0.0115,0.004,0.0015,0.002,0.0025,0.0005,1,0.09,0.0445,0.0015,10078.327781516668,210994.401063,0,0
0.495,0.145,0.165,0.17,0.155,0.14,0.125,0.08,0.1,0.04,0.005,0.006,0.007,0.0005,0,0.145,0.115,0.004,10067.875497566665,69104.947326,0,0
0.495,0.16,0.13,0.165,0.18,0.21,0.24,0.26,0.31,0.39,0.67,0.73,0.815,0.9875,1,0.16,0.255,0.87,10067.86278765,288110.524718,0,1
0.5,0.83,0.905,0.89,0.875,0.84,0.84,0.8,0.91,0.895,0.9935,0.9935,0.994,0.9995,0,0.845,0.84,0.9955,10068.812541683332,503938.82583,0,1
0.495,0.15,0.23,0.155,0.11,0.06,0.0305,0.015,0.014,0.005,0.0025,0.0005,0.0005,0.0005,0,0.18,0.0255,0.0005,10068.808308450001,115535.804564,0,0
0.49,0.045,0.0385,0.024,0.018,0.021,0.0095,0.011,0.0085,0.0185,0.003,0.002,0.0005,0.0005,0,0.045,0.0095,0.0005,10065.97460245,20981.701,0,0
0.49,0.15,0.15,0.165,0.175,0.195,0.2,0.21,0.22,0.155,0.235,0.18,0.0205,0.005,2,0.145,0.21,0.0115,10065.9056124,150240.74948,0,0
0.5,0.445,0.44,0.545,0.69,0.65,0.63,0.5,0.42,0.23,0.335,0.195,0.0255,0.0015,7,0.445,0.58,0.0185,10078.263206433334,684209.461367,0,0
0.84,0.94,0.93,0.9595,0.9845,0.9795,0.975,0.9835,0.9845,0.983,0.9935,0.9975,0.9995,0.9995,0,0.925,0.983,0.9995,10078.2260896,229525.803926,0,1
0.485,0.045,0.0395,0.032,0.0205,0.0185,0.011,0.0045,0.0055,0.004,0.0015,0.0045,0.001,0.0005,0,0.045,0.005,0.0005,10069.6473685,164226.278202,0,0
0.49,0.045,0.05,0.085,0.075,0.105,0.15,0.13,0.145,0.07,0.0345,0.007,0.0035,0.0005,0,0.055,0.15,0.0015,10069.462969933335,48450.997573,0,0
0.49,0.034,0.0325,0.054,0.0355,0.055,0.09,0.054,0.0465,0.0205,0.0025,0.0025,0.0005,0.0005,0,0.033,0.0635,0.0005,10069.450264699999,19254.024527,0,0
0.5,0.675,0.69,0.78,0.785,0.885,0.94,0.935,0.952,0.9185,0.9185,0.8405,0.977,0.998,0,0.715,0.95,0.9805,10069.935830366665,516221.773898,0,1
0.49,0.06,0.055,0.09,0.08,0.11,0.18,0.125,0.12,0.032,0.0065,0.0025,0.0005,0.0005,0,0.065,0.135,0.0005,10069.892039283333,376283.165148,0,0
0.07,0.075,0.0355,0.0475,0.034,0.0265,0.0265,0.013,0.007,0.0045,0.003,0.002,0.0005,0.0005,0,0.075,0.019,0.0005,10068.0721617,67111.591998,0,0
0.09,0.115,0.14,0.13,0.15,0.175,0.18,0.205,0.22,0.255,0.29,0.33,0.22,0.014,0,0.105,0.195,0.115,10067.981969766666,104134.948417,0,0
0.93,0.95,0.9745,0.972,0.9785,0.983,0.9865,0.9955,0.9955,0.996,0.9985,0.9995,0.9995,0.9995,0,0.95,0.992,0.9995,10078.773794366665,198181.305622,0,1
0.185,0.24,0.31,0.275,0.35,0.455,0.43,0.605,0.715,0.74,0.565,0.52,0.245,0.0095,6,0.23,0.56,0.115,10078.692833050001,580505.218038,0,0
0.9685,0.9675,0.973,0.9795,0.9885,0.981,0.986,0.986,0.9945,0.999,0.999,0.9995,0.9995,0.9995,0,0.963,0.986,0.9995,10072.018675116668,74144.424596,0,1
0.31,0.3,0.345,0.375,0.485,0.485,0.57,0.68,0.67,0.83,0.935,0.955,0.972,0.98,7,0.32,0.66,0.9855,10072.010203866666,545280.394988,0,1
0.0305,0.024,0.011,0.018,0.011,0.0115,0.0075,0.4765,0.005,0.0005,0.0005,0.0005,0.0005,0.0005,0,0.028,0.0075,0.0005,10069.551210200001,55192.9798,0,0
0.2,0.21,0.215,0.19,0.165,0.155,0.125,0.105,0.095,0.04,0.0185,0.0055,0.0035,0.0015,0,0.2,0.105,0.003,10069.518106066667,65265.141367,0,0
0.055,0.046,0.034,0.0585,0.056,0.055,0.0915,0.1335,0.0895,0.1825,0.207,0.1365,0.0255,0.0005,0,0.06,0.134,0.014,10069.444364016666,93860.787367,0,0
0.175,0.19,0.205,0.22,0.23,0.18,0.13,0.17,0.115,0.1,0.035,0.0225,0.0015,0.0005,0,0.19,0.145,0.0035,10069.2252645,173374.254096,0,0
0.045,0.045,0.03,0.0285,0.0175,0.0235,0.026,0.025,0.0375,0.056,0.11,0.0675,0.0705,0.008,0,0.045,0.0285,0.0315,10069.14550305,64614.036738,0,0
0.86,0.885,0.84,0.845,0.91,0.94,0.98,0.9765,0.979,0.977,0.9965,0.9975,0.9995,0.9995,0,0.88,0.9805,0.9995,10070.009272283332,148884.602513,0,1
0.11,0.11,0.075,0.07,0.05,0.115,0.115,0.08,0.155,0.185,0.36,0.3,0.415,0.235,2,0.11,0.105,0.29,10069.951800283334,603291.85197,0,0
0.065,0.07,0.05,0.469,0.033,0.0275,0.012,0.0075,0.009,0.0075,0.0015,0.002,0.0005,0.0005,0,0.075,0.0135,0.0005,10070.246606216668,26363.97086,0,0
0.14,0.14,0.16,0.185,0.155,0.145,0.2,0.24,0.305,0.3,0.325,0.37,0.235,0.0095,0,0.135,0.19,0.305,10070.167196916667,171626.325733,0,0
0.97,0.9605,0.976,0.9755,0.978,0.9785,0.9955,0.9955,0.994,0.998,0.9995,0.999,0.9995,0.9995,0,0.9585,0.9955,0.9995,10078.816811316667,276756.099181,0,1
0.32,0.28,0.335,0.36,0.245,0.25,0.32,0.455,0.5,0.495,0.7,0.72,0.95,0.9985,5,0.27,0.325,0.964,10078.732227550001,446225.97146,0,1
0.5,0.505,0.35,0.32,0.335,0.335,0.24,0.28,0.305,0.45,0.56,0.77,0.81,0.9995,12,0.67,0.285,0.83,11483.998789516667,26652.377457,0,1
0.09,0.04,0.025,0.03,0.0275,0.0225,0.0085,0.0055,0.0095,0.0135,0.0035,0.0015,0.003,0.0005,2,0.04,0.013,0.0005,10078.736557166667,385813.240057,0,0
0.3,0.695,0.675,0.485,0.41,0.53,0.42,0.215,0.12,0.036,0.042,0.0125,0.0165,0.0005,10,0.745,0.36,0.0105,10078.805594483334,1196786.12932,0,0
0.0355,0.034,0.0215,0.0075,0.0065,0.0095,0.0025,0.003,0.0015,0.0015,0.0005,0.0035,0.001,0.0005,0,0.0435,0.0015,0.0005,10078.745070433333,159861.394412,0,0
0.495,0.11,0.17,0.17,0.16,0.125,0.185,0.145,0.085,0.045,0.008,0.009,0.0005,0.0005,0,0.14,0.185,0.0005,10069.295134066666,24660.285969,0,0
0.49,0.105,0.06,0.03,0.039,0.034,0.028,0.025,0.03,0.032,0.019,0.0105,0.0155,0.001,0,0.075,0.025,0.0085,10069.257046100001,51285.799464,0,0
0.5,0.92,0.84,0.845,0.91,0.945,0.92,0.945,0.9795,0.993,0.994,0.995,0.9995,0.9995,0,0.885,0.93,0.9995,10069.811813983333,75004.390351,0,1
0.495,0.195,0.065,0.055,0.05,0.055,0.033,0.0235,0.0265,0.035,0.0175,0.02,0.0215,0.002,2,0.105,0.03,0.0175,10069.777907166666,277008.620791,0,0
0.5,0.055,0.055,0.0155,0.038,0.0285,0.015,0.0115,0.014,0.0085,0.0085,0.002,0.0005,0.0005,1,0.06,0.015,0.0005,10070.185042933334,15518.973579,0,0
0.58,0.19,0.2,0.205,0.205,0.255,0.27,0.29,0.275,0.33,0.405,0.46,0.29,0.555,10,0.19,0.28,0.79,10070.1470881,175079.791476,0,0
0.96,0.97,0.975,0.977,0.979,0.9755,0.988,0.9885,0.991,0.991,0.9985,0.9995,0.9995,0.9995,0,0.9655,0.988,0.9995,10072.628567700001,447767.405746,0,1
0.285,0.3,0.285,0.48,0.23,0.28,0.29,0.35,0.18,0.165,0.24,0.35,0.7,0.425,8,0.315,0.295,0.205,10072.577463616668,943776.295125,0,1
0.49,0.027,0.02,0.021,0.0065,0.006,0.007,0.007,0.007,0.0075,0.0045,0.0015,0.001,0.0005,0,0.0195,0.007,0.0005,10070.009524916668,116947.996516,0,0
0.495,0.21,0.21,0.235,0.235,0.23,0.24,0.265,0.255,0.25,0.345,0.43,0.285,0.0145,0,0.21,0.275,0.215,10069.946374183333,120407.202293,0,0
0.49,0.035,0.032,0.0365,0.032,0.0325,0.015,0.012,0.0115,0.012,0.006,0.0005,0.0005,0.0005,0,0.0325,0.019,0.0005,10069.9277253,24611.113812,0,0
0.5,0.84,0.855,0.865,0.88,0.8835,0.862,0.9235,0.944,0.9705,0.9695,0.9875,0.9975,0.9995,0,0.835,0.871,0.9985,10078.560098433334,353977.607994,0,1
0.5,0.065,0.065,0.055,0.06,0.072,0.0405,0.0285,0.0385,0.029,0.0085,0.002,0.0015,0.001,1,0.07,0.0335,0.0015,10078.507090816665,347595.996901,0,0
0.45,0.125,0.185,0.19,0.195,0.19,0.185,0.165,0.18,0.155,0.08,0.0375,0.0255,0.0005,0,0.16,0.075,0.026,10069.871846766668,62877.1792,0,0
0.455,0.195,0.205,0.225,0.22,0.21,0.235,0.245,0.245,0.295,0.37,0.44,0.46,0.565,3,0.19,0.235,0.305,10069.822470649999,206558.913592,0,0
0.5,0.43,0.28,0.25,0.255,0.255,0.265,0.245,0.175,0.215,0.26,0.27,0.0365,0.0035,3,0.275,0.54,0.0245,10070.136666850001,288068.413923,0,0
0.955,0.9795,0.9815,0.945,0.9895,0.988,0.9875,0.961,0.989,0.998,0.996,0.9985,0.9995,0.9995,0,0.975,0.984,0.9985,10070.140899483335,178767.183023,0,1
0.0325,0.024,0.022,0.0205,0.0205,0.008,0.0085,0.015,0.0145,0.0175,0.0055,0.0025,0.0005,0.0005,0,0.029,0.008,0.0005,10070.266171833333,18531.116235,0,0
0.175,0.2,0.21,0.215,0.225,0.245,0.245,0.255,0.28,0.245,0.285,0.385,0.585,0.455,2,0.19,0.25,0.64,10070.203194066667,252127.840917,0,0
0.9755,0.978,0.994,0.9875,0.9825,0.9835,0.9895,0.9915,0.9945,0.9985,0.9985,0.9975,0.9995,0.9995,0,0.9765,0.9915,0.9995,10070.799780083333,283533.301936,0,1
0.455,0.495,0.53,0.575,0.47,0.465,0.46,0.49,0.505,0.42,0.37,0.535,0.735,0.465,14,0.485,0.47,0.745,10070.812557716667,455283.456611,0,0
0.025,0.023,0.015,0.0175,0.013,0.009,0.01,0.0095,0.005,0.0105,0.0015,0.0005,0.0005,0.0005,0,0.0225,0.0085,0.0005,10070.7410987,85337.037777,0,0
0.175,0.17,0.21,0.215,0.235,0.26,0.265,0.27,0.29,0.295,0.365,0.28,0.21,0.96,1,0.18,0.265,0.3,10045.65197185,93007.213547,0,1
0.155,0.16,0.165,0.155,0.16,0.115,0.18,0.18,0.165,0.155,0.095,0.189,0.1605,0.0055,0,0.15,0.175,0.071,10045.656214566667,30818.69533,0,0
0.89,0.9,0.935,0.955,0.965,0.979,0.979,0.9805,0.9855,0.9855,0.9885,0.9895,0.997,0.9995,0,0.92,0.9775,0.9985,10057.596642666667,153210.969886,0,1
0.16,0.12,0.13,0.13,0.105,0.16,0.05,0.0455,0.062,0.056,0.058,0.032,0.004,0.002,0,0.16,0.049,0.0025,10057.55787915,419688.912338,0,0
0.88,0.8,0.845,0.81,0.88,0.885,0.92,0.955,0.96,0.968,0.9745,0.9895,0.994,0.9995,0,0.85,0.95,0.9975,10076.862998683333,409876.437939,0,1
0.17,0.07,0.065,0.05,0.0415,0.0245,0.0165,0.042,0.012,0.0065,0.003,0.003,0.0085,0.0005,0,0.12,0.0545,0.0035,10076.805564683335,318092.093368,0,0
0.045,0.054,0.0395,0.0515,0.033,0.026,0.012,0.0045,0.004,0.004,0.0035,0.0035,0.0005,0.0005,0,0.0385,0.0075,0.0005,10070.942564316667,90625.918785,0,0
0.16,0.13,0.145,0.115,0.14,0.125,0.145,0.195,0.08,0.075,0.11,0.105,0.245,0.0025,0,0.155,0.205,0.34,10070.843731583333,74640.909344,0,0
0.785,0.705,0.645,0.7,0.695,0.695,0.755,0.745,0.78,0.835,0.675,0.7,0.976,0.9995,0,0.76,0.755,0.952,11489.018405883333,131593.893511,0,1
0.5,0.14,0.065,0.055,0.0355,0.033,0.0285,0.016,0.0255,0.006,0.0035,0.0035,0.003,0.0005,1,0.18,0.0275,0.0015,10078.492746566666,184141.876296,0,0
0.5,0.24,0.365,0.315,0.385,0.22,0.2,0.135,0.07,0.045,0.0335,0.026,0.018,0.0005,1,0.17,0.1,0.01,10078.4668142,199613.260589,0,0
0.5,0.0125,0.0115,0.0125,0.0105,0.0045,0.004,0.0025,0.0045,0.0015,0.001,0.001,0.001,0.0005,1,0.0225,0.0025,0.0005,10078.392480083334,23797.298309,0,0
0.5,0.16,0.18,0.205,0.23,0.265,0.285,0.34,0.36,0.275,0.645,0.66,0.585,0.795,2,0.155,0.31,0.655,10070.240658616667,98326.254895,0,1
0.5,0.041,0.03,0.025,0.021,0.0115,0.0105,0.0105,0.007,0.0055,0.0015,0.001,0.0005,0.0005,1,0.04,0.0105,0.0005,10070.169644933334,20100.198489,0,0
0.5,0.88,0.835,0.825,0.875,0.855,0.945,0.94,0.917,0.977,0.9895,0.9905,0.996,0.9995,0,0.855,0.94,0.998,10070.8247627,266782.552737,0,1
0.5,0.145,0.1,0.055,0.05,0.021,0.023,0.017,0.012,0.021,0.0065,0.0025,0.0005,0.0005,1,0.14,0.0225,0.0005,10070.751171916667,279531.021015,0,0
0.5,0.11,0.1,0.055,0.075,0.09,0.08,0.075,0.045,0.0325,0.038,0.011,0.004,0.0025,1,0.095,0.085,0.0025,10069.735466983335,30442.05716,0,0
0.5,0.12,0.12,0.13,0.105,0.065,0.055,0.0295,0.0295,0.019,0.0225,0.0465,0.002,0.0005,1,0.105,0.04,0.0015,10069.59195945,37194.964336,0,0
0.5,0.685,0.72,0.765,0.74,0.695,0.7,0.69,0.795,0.805,0.79,0.96,0.974,0.998,0,0.68,0.68,0.9915,10070.150304716666,265460.805721,0,1
0.5,0.06,0.06,0.05,0.0355,0.021,0.0115,0.0035,0.004,0.0015,0.0015,0.0035,0.0005,0.0005,1,0.06,0.0065,0.0005,10070.0029354,238214.382319,0,0
0.235,0.023,0.0235,0.1505,0.024,0.011,0.0165,0.0085,0.0065,0.0075,0.0075,0.001,0.0005,0.0005,0,0.0245,0.0085,0.0025,10063.97536135,50322.932044,0,0
0.235,0.17,0.19,0.19,0.19,0.175,0.2,0.255,0.295,0.36,0.42,0.48,0.195,0.955,3,0.17,0.22,0.325,10063.948808966667,177935.726954,0,1
0.205,0.05,0.07,0.065,0.06,0.085,0.0295,0.0195,0.0095,0.0035,0.003,0.002,0.001,0.0005,0,0.065,0.023,0.0005,10063.873576266666,85960.943,0,0
0.5,0.705,0.695,0.705,0.705,0.845,0.785,0.72,0.73,0.76,0.84,0.865,0.9565,0.9515,2,0.68,0.74,0.9555,10068.3779681,415165.405922,0,1
0.5,0.055,0.07,0.045,0.055,0.075,0.037,0.0145,0.0175,0.004,0.003,0.0005,0.0015,0.0005,1,0.05,0.0255,0.0005,10068.345040133334,191612.608333,0,0
0.075,0.08,0.095,0.115,0.11,0.115,0.105,0.15,0.09,0.0305,0.0275,0.0105,0.007,0.001,0,0.055,0.115,0.0035,10070.358594,40256.486321,0,0
0.055,0.0435,0.052,0.055,0.055,0.0645,0.0535,0.077,0.0275,0.0165,0.011,0.0055,0.0015,0.0005,0,0.0275,0.0575,0.0015,10070.33258375,19437.851841,0,0
0.825,0.875,0.91,0.935,0.94,0.955,0.95,0.976,0.9755,0.9815,0.99,0.9895,0.9985,0.9995,0,0.76,0.9655,0.9975,10076.817050266667,307993.362272,0,1
0.14,0.185,0.185,0.2,0.185,0.23,0.18,0.27,0.13,0.05,0.0205,0.015,0.003,0.001,0,0.1,0.205,0.0035,10076.800177266667,279318.059867,0,0
0.08,0.065,0.0675,0.029,0.023,0.014,0.0125,0.009,0.0075,0.0075,0.002,0.0025,0.0015,0.0005,0,0.055,0.014,0.0015,10071.096140750002,22223.999773,0,0
0.12,0.145,0.105,0.17,0.2,0.22,0.22,0.23,0.235,0.255,0.34,0.32,0.22,0.02,0,0.13,0.225,0.135,10071.03659485,121425.077892,0,0
0.97,0.9765,0.9565,0.988,0.9895,0.9935,0.9945,0.99,0.9965,0.9975,0.9995,0.9985,0.9995,0.9995,0,0.9815,0.9945,0.9995,10071.287237033333,123275.414799,0,1
0.54,0.55,0.39,0.695,0.715,0.75,0.75,0.775,0.8,0.915,0.87,0.81,0.835,0.9835,2,0.51,0.74,0.83,10071.2362024,478082.274673,0,1
0.065,0.045,0.0305,0.0465,0.0295,0.0315,0.0245,0.039,0.021,0.0365,0.003,0.001,0.001,0.0005,0,0.055,0.0215,0.0005,10071.1769706,180926.81102,0,0
0.11,0.11,0.125,0.14,0.17,0.08,0.065,0.06,0.06,0.05,0.032,0.0125,0.0025,0.003,0,0.11,0.075,0.006,10055.769790766668,30116.739868,0,0
0.05,0.05,0.029,0.0315,0.0225,0.0465,0.0365,0.0325,0.0295,0.0345,0.0265,0.043,0.0025,0.0005,0,0.06,0.043,0.001,10055.746070166668,37111.93637,0,0
0.3,0.26,0.215,0.22,0.125,0.32,0.31,0.28,0.3,0.33,0.31,0.49,0.105,0.0035,4,0.315,0.29,0.0385,10067.603935716666,265148.129971,0,0
0.96,0.9625,0.9385,0.9735,0.93,0.981,0.982,0.991,0.992,0.9865,0.9985,0.9985,0.9995,0.9995,0,0.9755,0.988,0.9995,10065.50475875,187516.209872,0,1
0.87,0.905,0.94,0.945,0.9105,0.9475,0.9295,0.978,0.984,0.9905,0.992,0.989,0.9985,0.9995,0,0.88,0.9685,0.9995,10071.207033916668,128915.286437,0,1
0.22,0.24,0.31,0.255,0.175,0.25,0.115,0.305,0.24,0.22,0.205,0.175,0.2,0.295,4,0.22,0.21,0.27,10071.1515797,426219.211595,0,0
0.08,0.05,0.0305,0.034,0.0465,0.0285,0.0405,0.012,0.012,0.007,0.0055,0.0035,0.0015,0.0005,0,0.06,0.026,0.0005,10070.905025233335,16553.518336,0,0
0.12,0.145,0.17,0.175,0.15,0.18,0.135,0.235,0.31,0.33,0.33,0.29,0.43,0.69,3,0.13,0.195,0.555,10070.864201383334,109865.11705,0,1
0.034,0.0575,0.0205,0.019,0.0175,0.4805,0.0175,0.021,0.0255,0.0075,0.002,0.0015,0.0005,0.0005,0,0.056,0.0165,0.0005,8734.689799183334,42690.115283,0,0
0.155,0.17,0.16,0.145,0.185,0.205,0.18,0.26,0.14,0.135,0.0405,0.0295,0.0295,0.0135,0,0.16,0.12,0.012,8734.644054283333,66591.74034,0,0
0.05,0.0275,0.025,0.023,0.0155,0.2245,0.0125,0.0075,0.0065,0.009,0.0035,0.0025,0.0005,0.0005,0,0.0335,0.019,0.0005,8734.621407916666,14594.592759,0,0
0.495,0.81,0.87,0.915,0.915,0.892,0.929,0.8895,0.9795,0.987,0.9935,0.996,0.9975,0.9995,1,0.83,0.9795,0.9985,8742.943199733334,295689.773025,0,1
0.505,0.1,0.125,0.135,0.09,0.055,0.08,0.0305,0.082,0.034,0.0235,0.0095,0.0055,0.0015,1,0.12,0.14,0.0045,8743.004042533334,212489.858423,0,0
0.58,0.445,0.46,0.41,0.455,0.515,0.565,0.54,0.6,0.56,0.39,0.35,0.43,0.9995,6,0.385,0.65,0.915,9473.974220616667,58931.506181,0,1
0.155,0.24,0.125,0.105,0.105,0.1,0.032,0.042,0.0135,0.005,0.0045,0.0015,0.0015,0.0005,0,0.205,0.105,0.0015,9473.9566909,192819.188123,0,0
0.355,0.21,0.38,0.25,0.25,0.125,0.28,0.115,0.145,0.06,0.04,0.0265,0.0285,0.001,2,0.255,0.06,0.026,9473.725117733333,404129.899058,0,0
0.04,0.0315,0.028,0.0275,0.0235,0.0085,0.0125,0.004,0.013,0.0045,0.0015,0.0015,0.0005,0.0005,0,0.0355,0.0035,0.0005,10071.289559233333,76075.769406,0,0
0.225,0.225,0.165,0.18,0.05,0.05,0.06,0.029,0.18,0.015,0.0075,0.0145,0.002,0.0005,0,0.235,0.04,0.0015,10071.245041966667,153190.053244,0,0
0.1,0.085,0.11,0.09,0.175,0.18,0.155,0.21,0.23,0.185,0.305,0.14,0.0165,0.002,0,0.075,0.19,0.0055,10070.8176587,55813.414866,0,0
0.1,0.105,0.08,0.085,0.035,0.04,0.039,0.032,0.485,0.019,0.0085,0.009,0.003,0.0005,0,0.11,0.028,0.003,10070.795149416666,59149.283553,0,0
0.06,0.04,0.0375,0.0365,0.0905,0.0385,0.1695,0.1075,0.0585,0.061,0.0815,0.0235,0.0405,0.0025,0,0.05,0.176,0.01,10071.011552116666,94653.18974,0,0
0.165,0.18,0.18,0.18,0.145,0.195,0.095,0.12,0.155,0.115,0.045,0.21,0.012,0.016,0,0.17,0.09,0.088,10070.97347465,52846.009231,0,0
0.035,0.0315,0.03,0.032,0.0245,0.025,0.0175,0.0035,0.003,0.0015,0.0005,0.0005,0.0005,0.0005,0,0.0305,0.0165,0.0005,10070.950513066666,41116.678819,0,0
0.695,0.705,0.71,0.69,0.56,0.695,0.34,0.415,0.49,0.385,0.255,0.645,0.11,0.45,11,0.695,0.3,0.485,10078.819835383332,546089.614621,0,0
0.065,0.065,0.05,0.045,0.0375,0.038,0.0145,0.0035,0.006,0.0015,0.0015,0.0015,0.0005,0.0005,0,0.065,0.0055,0.0015,10078.75489095,320940.350263,0,0
0.535,0.08,0.13,0.13,0.135,0.135,0.17,0.155,0.235,0.25,0.31,0.185,0.435,0.21,3,0.085,0.16,0.53,10027.507462033333,300074.819581,0,1
0.535,0.165,0.18,0.19,0.195,0.19,0.15,0.215,0.085,0.13,0.125,0.275,0.0555,0.037,1,0.145,0.215,0.0365,10027.515901033334,88109.191666,0,0
0.9,0.941,0.9175,0.933,0.9285,0.9215,0.8485,0.9355,0.722,0.844,0.9255,0.98,0.9095,0.999,0,0.956,0.931,0.945,10027.634194333334,191331.391592,0,1
0.27,0.395,0.215,0.22,0.19,0.19,0.105,0.12,0.0315,0.0305,0.01,0.051,0.0015,0.0035,0,0.405,0.12,0.0005,10027.735873283333,561648.967854,0,0
0.085,0.105,0.07,0.0425,0.075,0.07,0.0755,0.083,0.134,0.0645,0.2815,0.244,0.122,0.0655,0,0.09,0.074,0.1635,10071.316345816665,66733.878799,0,0
0.13,0.115,0.12,0.145,0.095,0.095,0.08,0.09,0.0395,0.0445,0.0155,0.0055,0.0015,0.0005,0,0.125,0.085,0.0005,10071.2679822,49450.345793,0,0
0.965,0.9475,0.9695,0.971,0.967,0.973,0.9775,0.976,0.9425,0.983,0.9195,0.969,0.998,0.9985,0,0.9595,0.981,0.996,10071.6347212,487619.925824,0,1
0.53,0.385,0.42,0.555,0.34,0.345,0.31,0.305,0.15,0.215,0.0245,0.022,0.006,0.0015,5,0.41,0.32,0.0015,10071.60088695,618246.415236,0,0
0.07,0.0185,0.018,0.0245,0.0155,0.0075,0.014,0.014,0.0025,0.0115,0.0005,0.0005,0.001,0.0005,0,0.04,0.014,0.0005,10071.519130416667,61093.041645,0,0
0.14,0.145,0.16,0.155,0.2,0.22,0.175,0.205,0.175,0.14,0.11,0.11,0.0035,0.0015,0,0.14,0.185,0.0055,10071.113762533332,39505.127701,0,0
0.055,0.026,0.0255,0.4425,0.0155,0.015,0.01,0.0065,0.0065,0.0035,0.0015,0.0015,0.0005,0.0005,0,0.0385,0.008,0.0005,10071.092384566668,24478.102623,0,0
0.765,0.69,0.735,0.53,0.685,0.77,0.565,0.6,0.535,0.45,0.395,0.405,0.025,0.0075,7,0.67,0.56,0.0195,10071.553062383335,499698.998108,0,0
0.15,0.095,0.095,0.416,0.0285,0.0385,0.0145,0.008,0.008,0.006,0.004,0.002,0.0005,0.0005,2,0.095,0.0105,0.001,10071.539490233332,74602.743854,0,0
0.07,0.065,0.11,0.105,0.1,0.07,0.0255,0.103,0.0565,0.0155,0.0035,0.0045,0.001,0.0005,0,0.075,0.0235,0.001,8654.236437666666,34322.658003,0,0
0.045,0.04,0.069,0.063,0.0515,0.021,0.014,0.0155,0.0125,0.004,0.001,0.0005,0.0005,0.0005,0,0.05,0.013,0.0005,8654.223792683333,25325.27388,0,0
0.1,0.1,0.15,0.15,0.14,0.135,0.065,0.215,0.18,0.0225,0.0135,0.013,0.004,0.0005,0,0.1,0.055,0.0025,8654.227997400001,36613.63826,0,0
0.5,0.09,0.04,0.0395,0.0335,0.0695,0.013,0.0155,0.0405,0.026,0.019,0.069,0.02,0.056,1,0.08,0.018,0.0115,10108.500485483333,117876.632151,0,0
0.5,0.095,0.155,0.145,0.165,0.1,0.2,0.19,0.065,0.055,0.045,0.0295,0.007,0.0005,1,0.105,0.18,0.006,10108.471148400002,39069.219764,0,0
0.5,0.962,0.983,0.992,0.982,0.982,0.9925,0.994,0.9945,0.998,0.9995,0.998,0.9985,0.9965,0,0.96,0.9925,0.9995,10113.917708416668,404042.482719,0,1
0.5,0.365,0.655,0.585,0.605,0.325,0.62,0.585,0.25,0.24,0.225,0.15,0.065,0.0005,7,0.4,0.545,0.045,10113.831084983334,447705.222535,0,0
0.5,0.065,0.295,0.115,0.09,0.0235,0.016,0.0295,0.016,0.013,0.0055,0.001,0.0005,0.0005,1,0.085,0.0365,0.0005,9399.890327566665,217421.038844,0,0
0.5,0.71,0.255,0.355,0.37,0.635,0.525,0.14,0.095,0.235,0.185,0.155,0.405,0.9995,12,0.655,0.14,0.63,9399.798837016666,456966.794335,0,1
0.5,0.0575,0.02,0.025,0.023,0.017,0.0165,0.0075,0.003,0.0015,0.0015,0.001,0.002,0.0005,1,0.051,0.011,0.0015,9399.794608666667,53166.640819,0,0
0.045,0.055,0.0325,0.45,0.032,0.0255,0.013,0.0125,0.0115,0.013,0.0015,0.0015,0.0005,0.0005,0,0.055,0.013,0.0005,10072.148888183332,52341.995505,0,0
0.14,0.14,0.12,0.13,0.15,0.17,0.105,0.13,0.145,0.275,0.125,0.08,0.33,0.305,0,0.135,0.11,0.19,10069.976982466667,81520.567327,0,0
0.5,0.85,0.9,0.925,0.91,0.91,0.971,0.9735,0.9845,0.9705,0.9945,0.996,0.9995,0.9995,0,0.835,0.972,0.9985,10072.345613666666,118038.501776,0,1
0.235,0.23,0.35,0.355,0.27,0.21,0.41,0.35,0.275,0.075,0.225,0.165,0.0125,0.0005,2,0.22,0.375,0.007,10072.292061233335,257890.43639,0,0
0.955,0.95,0.95,0.95,0.9695,0.9825,0.983,0.978,0.9795,0.9825,0.998,0.9935,0.9985,0.9995,0,0.95,0.9745,0.9995,10070.77331485,194397.916823,0,1
0.465,0.47,0.47,0.46,0.605,0.66,0.59,0.54,0.76,0.695,0.595,0.53,0.92,0.5085,9,0.46,0.505,0.955,10070.73382245,1060548.481128,0,1
0.075,0.045,0.043,0.0405,0.0305,0.0255,0.0255,0.0125,0.0085,0.0105,0.005,0.003,0.0005,0.0005,0,0.05,0.027,0.0005,10070.507460666668,26839.559564,0,0
0.14,0.145,0.15,0.15,0.13,0.13,0.16,0.18,0.115,0.14,0.22,0.32,0.06,0.542,1,0.145,0.18,0.031,10070.486288633334,156644.103751,0,0
0.085,0.085,0.085,0.07,0.075,0.085,0.07,0.055,0.115,0.09,0.0285,0.015,0.024,0.0005,0,0.085,0.055,0.023,10070.436833116666,31854.591102,0,0
0.495,0.14,0.155,0.16,0.155,0.145,0.155,0.17,0.205,0.225,0.21,0.23,0.37,0.465,4,0.14,0.18,0.5,10070.1669098,57508.58854,0,0
0.495,0.04,0.019,0.0195,0.0195,0.0205,0.021,0.022,0.0175,0.0145,0.018,0.019,0.0015,0.0005,0,0.0405,0.021,0.0005,10070.123747916667,66312.179893,0,0
0.495,0.79,0.65,0.655,0.645,0.6,0.64,0.84,0.76,0.765,0.885,0.855,0.845,0.9605,1,0.79,0.775,0.945,10070.397789100001,398859.04495,0,1
0.495,0.145,0.065,0.055,0.055,0.055,0.06,0.095,0.0345,0.029,0.0515,0.056,0.0075,0.0005,0,0.17,0.08,0.002,10070.355427383332,393128.009998,0,0
0.9,0.915,0.88,0.905,0.775,0.81,0.81,0.79,0.88,0.95,0.905,0.935,0.9975,0.9985,0,0.91,0.825,0.997,10070.882902916666,247926.674472,0,1
0.31,0.315,0.235,0.215,0.08,0.075,0.07,0.08,0.08,0.115,0.0305,0.032,0.0565,0.009,0,0.32,0.08,0.054,10070.878664216667,395121.043034,0,0
0.075,0.075,0.06,0.05,0.09,0.09,0.095,0.1,0.09,0.037,0.073,0.039,0.0025,0.0015,0,0.075,0.09,0.0025,10070.31393595,60970.667208,0,0
0.125,0.14,0.13,0.145,0.085,0.08,0.075,0.08,0.095,0.145,0.07,0.07,0.18,0.025,0,0.14,0.08,0.195,10070.2491757,123291.428388,0,0
0.075,0.028,0.0265,0.4745,0.027,0.028,0.033,0.0255,0.0275,0.0255,0.01,0.0015,0.002,0.0005,0,0.036,0.0245,0.003,10070.743835183333,60369.369335,0,0
0.135,0.13,0.14,0.15,0.165,0.205,0.205,0.235,0.225,0.22,0.275,0.33,0.405,0.14,2,0.14,0.23,0.535,10070.696607599999,121837.385191,0,0
0.095,0.13,0.105,0.105,0.055,0.025,0.016,0.01,0.01,0.007,0.0035,0.002,0.0025,0.0005,0,0.1,0.013,0.0005,10070.632154633333,34530.14306,0,0
0.465,0.605,0.55,0.63,0.565,0.43,0.23,0.22,0.2,0.235,0.37,0.43,0.155,0.81,7,0.515,0.245,0.145,10070.756657733333,488419.718563,0,1
0.975,0.9625,0.9695,0.544,0.9785,0.984,0.9775,0.982,0.9795,0.9785,0.9985,0.9995,0.9995,0.9995,0,0.9605,0.9825,0.9965,10070.752403833332,209044.017792,0,1
0.81,0.92,0.979,0.55,0.7955,0.977,0.983,0.985,0.9845,0.9845,0.993,0.9965,0.9995,0.9995,0,0.885,0.985,0.9995,10078.791683966667,93018.90002,0,1
0.215,0.31,0.66,0.745,0.765,0.815,0.755,0.68,0.425,0.45,0.415,0.38,0.78,0.4905,8,0.285,0.76,0.86,10078.72190835,1327112.760471,0,0
0.095,0.05,0.0225,0.249,0.252,0.023,0.0155,0.012,0.012,0.012,0.006,0.0025,0.0005,0.0005,0,0.075,0.012,0.0005,10070.821738566667,23871.112808,0,0
0.11,0.13,0.13,0.115,0.12,0.11,0.125,0.175,0.275,0.305,0.325,0.305,0.17,0.536,1,0.125,0.145,0.115,10070.795548733333,183589.463459,0,1
0.5,0.645,0.685,0.845,0.91,0.925,0.915,0.92,0.92,0.9,0.93,0.94,0.9755,0.9995,2,0.7,0.92,0.9885,11489.058411566666,184465.717184,0,1
0.24,0.375,0.34,0.195,0.355,0.305,0.345,0.355,0.54,0.9995,0.9995,0.9995,0.9995,0.9995,3,0.375,0.29,0.9995,10078.781116666667,233050.469585,0,1
0.5,0.445,0.155,0.034,0.032,0.0195,0.013,0.016,0.018,0.0095,0.0045,0.0035,0.0025,0.001,7,0.315,0.014,0.0015,10078.736916666667,167711.664125,0,0
0.075,0.0265,0.013,0.4245,0.04,0.0655,0.0475,0.034,0.017,0.0045,0.0025,0.0005,0.0005,0.0005,2,0.029,0.044,0.0005,10069.996225733334,16046.351417,0,0
0.13,0.12,0.11,0.15,0.15,0.115,0.09,0.095,0.13,0.19,0.5,0.505,0.555,0.69,5,0.13,0.105,0.665,10070.025215650001,250907.010567,0,1
0.06,0.026,0.024,0.4545,0.0475,0.078,0.0835,0.052,0.0245,0.0145,0.009,0.0015,0.0005,0.0005,0,0.0305,0.0655,0.0005,10069.99199665,6625.433192,0,0
0.465,0.065,0.013,0.031,0.0445,0.0575,0.0505,0.0365,0.0185,0.0145,0.007,0.0005,0.0005,0.0005,0,0.1,0.0605,0.0005,10076.136516816665,40683.078637,0,0
0.465,0.13,0.041,0.0635,0.169,0.2655,0.2915,0.226,0.1135,0.035,0.0145,0.004,0.0005,0.0005,0,0.095,0.254,0.0005,10076.1111627,143106.594842,0,0
0.695,0.735,0.77,0.405,0.325,0.39,0.815,0.88,0.935,0.935,0.955,0.8825,0.9325,0.991,2,0.735,0.92,0.9525,10071.167240866667,400599.158949,0,1
0.08,0.1,0.11,0.0305,0.0295,0.029,0.0875,0.1305,0.128,0.062,0.0215,0.008,0.0005,0.0005,0,0.09,0.1305,0.0005,10071.133083133334,231594.190794,0,0
0.15,0.14,0.14,0.14,0.12,0.16,0.15,0.12,0.085,0.1,0.11,0.27,0.77,0.83,3,0.145,0.11,0.76,10071.012743866666,347601.339586,0,1
0.105,0.11,0.12,0.48,0.0285,0.0295,0.135,0.1745,0.2095,0.219,0.1795,0.043,0.0015,0.0005,0,0.115,0.175,0.003,10071.016958216667,51536.943053,0,0
0.495,0.04,0.04,0.0405,0.0335,0.12,0.121,0.0995,0.0245,0.0195,0.0125,0.0015,0.0005,0.0005,2,0.045,0.1135,0.0005,10070.885713283333,61934.013429,0,0
0.495,0.145,0.145,0.155,0.18,0.075,0.072,0.073,0.194,0.2445,0.2765,0.3285,0.541,0.0115,6,0.155,0.0605,0.5495,10070.89421165,84174.377936,0,0
0.9735,0.963,0.9695,0.9805,0.977,0.9305,0.926,0.9395,0.9775,0.9865,0.998,0.9985,0.9995,0.9995,0,0.963,0.94,0.9995,10078.747595966668,251558.255724,0,1
0.565,0.565,0.58,0.61,0.635,0.245,0.225,0.24,0.66,0.81,0.855,0.845,0.955,0.76,2,0.595,0.245,0.95,10071.046988583334,932726.55189,0,0
0.045,0.045,0.0435,0.044,0.0455,0.014,0.0155,0.0035,0.026,0.035,0.025,0.009,0.0005,0.001,0,0.05,0.0125,0.0005,10071.038533433333,228957.19957,0,0
0.495,0.14,0.16,0.175,0.16,0.16,0.16,0.18,0.16,0.215,0.14,0.085,0.0155,0.0005,0,0.15,0.145,0.0185,10071.111978216668,83580.498399,0,0
0.495,0.055,0.045,0.03,0.0355,0.04,0.035,0.0145,0.01,0.0125,0.0215,0.0315,0.017,0.0005,0,0.045,0.0145,0.004,10071.0825039,19995.244202,0,0
0.505,0.765,0.765,0.745,0.77,0.805,0.795,0.37,0.345,0.425,0.92,0.95,0.9925,0.9995,2,0.73,0.325,0.997,10078.928619583334,348913.172881,0,1
0.28,0.46,0.445,0.385,0.42,0.455,0.44,0.085,0.0715,0.079,0.5435,0.678,0.8505,0.951,9,0.42,0.085,0.829,10078.818227500002,675149.034239,0,1
0.505,0.945,0.965,0.961,0.971,0.9685,0.9705,0.98,0.981,0.819,0.9285,0.9765,0.9975,0.9995,2,0.935,0.972,0.9995,10076.845385166667,146922.92245,0,1
0.495,0.455,0.475,0.415,0.43,0.36,0.38,0.43,0.33,0.04,0.034,0.0495,0.6705,0.755,11,0.43,0.385,0.757,10076.790086066667,657613.048462,0,1
0.5,0.015,0.0145,0.0175,0.0175,0.017,0.016,0.0155,0.0155,0.049,0.018,0.0125,0.0015,0.0005,3,0.015,0.0165,0.0005,10071.05911185,22107.288214,0,0
0.5,0.14,0.14,0.155,0.16,0.19,0.18,0.17,0.21,0.14,0.19,0.29,0.055,0.007,3,0.15,0.195,0.0305,10071.03069125,99934.429417,0,0
0.48,0.035,0.0295,0.024,0.013,0.013,0.0125,0.0125,0.0125,0.008,0.013,0.0115,0.0005,0.0005,0,0.05,0.013,0.002,10070.288711433333,70986.51046,0,0
0.48,0.16,0.13,0.095,0.09,0.09,0.095,0.115,0.1,0.085,0.245,0.295,0.45,0.009,2,0.15,0.105,0.54,10070.220412966668,124982.400171,0,0
0.48,0.09,0.135,0.175,0.2,0.23,0.22,0.205,0.21,0.24,0.045,0.0195,0.002,0.062,0,0.09,0.21,0.003,10070.187647866667,99019.912646,0,0
0.505,0.885,0.94,0.959,0.972,0.983,0.975,0.976,0.9855,0.987,0.9345,0.9165,0.9895,0.9995,0,0.88,0.9755,0.9975,10078.934466600002,245431.184769,0,1
0.5,0.06,0.11,0.17,0.126,0.1085,0.074,0.057,0.0595,0.07,0.0265,0.0015,0.0005,0.0065,1,0.075,0.064,0.0005,10078.877894716667,158258.957429,0,0
0.49,0.065,0.075,0.06,0.0245,0.02,0.0195,0.016,0.0155,0.0155,0.0125,0.0035,0.015,0.0115,0,0.065,0.019,0.0215,10070.817938716667,38596.596663,0,0
0.49,0.125,0.115,0.145,0.2,0.235,0.255,0.295,0.345,0.37,0.39,0.33,0.055,0.0025,0,0.12,0.265,0.02,10070.768657300001,65929.999442,0,0
0.88,0.875,0.845,0.895,0.956,0.98,0.98,0.985,0.985,0.985,0.994,0.9985,0.9735,0.987,0,0.855,0.9785,0.9865,10071.199490516667,434687.256534,0,1
0.27,0.24,0.16,0.185,0.295,0.46,0.425,0.48,0.325,0.265,0.3,0.46,0.014,0.0005,2,0.23,0.435,0.0015,10071.181337583334,458881.172205,0,0
0.71,0.4,0.57,0.69,0.69,0.745,0.735,0.74,0.75,0.715,0.66,0.695,0.9115,0.9995,4,0.675,0.74,0.916,11488.926333616666,336230.240952,0,1
0.5,0.355,0.55,0.455,0.345,0.3,0.28,0.21,0.62,0.7925,0.7675,0.857,0.895,0.9995,6,0.36,0.22,0.9025,10075.680798133333,368508.055003,0,1
0.5,0.07,0.065,0.07,0.0345,0.0235,0.0075,0.0045,0.0025,0.005,0.002,0.0015,0.0005,0.0005,1,0.18,0.0065,0.0005,10075.5798875,104746.292873,0,0
0.5,0.055,0.031,0.0335,0.031,0.0325,0.0125,0.012,0.012,0.004,0.003,0.002,0.001,0.0005,1,0.05,0.0125,0.001,10071.003111033333,9192.4216,0,0
0.49,0.055,0.067,0.049,0.04,0.025,0.0845,0.1355,0.121,0.0765,0.0205,0.024,0.011,0.0005,0,0.065,0.113,0.0065,10070.912768116666,33063.902016,0,0
0.49,0.085,0.1,0.09,0.08,0.045,0.17,0.245,0.26,0.32,0.17,0.135,0.09,0.065,0,0.085,0.225,0.075,10070.925657483334,94535.44064,0,0
0.67,0.71,0.81,0.775,0.805,0.8,0.962,0.9745,0.9765,0.989,0.993,0.997,0.9985,0.9995,0,0.705,0.97,0.9995,10076.798148083333,111341.955513,0,1
0.14,0.12,0.15,0.105,0.07,0.0345,0.134,0.215,0.1465,0.107,0.022,0.0145,0.008,0.0005,0,0.135,0.1995,0.0075,10076.772916666667,284175.566415,0,0
0.485,0.085,0.08,0.075,0.045,0.065,0.05,0.0375,0.0145,0.014,0.007,0.0025,0.0005,0.0005,0,0.09,0.04,0.0005,10071.089422433333,4141.28815,0,0
0.485,0.1,0.11,0.115,0.16,0.12,0.145,0.115,0.305,0.325,0.395,0.335,0.815,0.978,1,0.09,0.13,0.845,10071.020293916667,166689.815588,0,1
0.5,0.91,0.93,0.955,0.9745,0.967,0.9765,0.9745,0.978,0.9905,0.9985,0.998,0.9995,0.9995,0,0.9,0.9765,0.9995,10071.273245466668,85820.574038,0,1
0.5,0.385,0.475,0.445,0.615,0.445,0.48,0.39,0.83,0.885,0.91,0.975,0.984,0.9995,10,0.38,0.43,0.9855,10071.234327,209208.647793,0,1
0.915,0.915,0.91,0.93,0.955,0.951,0.985,0.9855,0.985,0.9895,0.997,0.9985,0.9995,0.9995,0,0.925,0.985,0.9995,10071.363928750001,109349.577754,0,1
0.445,0.43,0.425,0.51,0.63,0.515,0.75,0.665,0.685,0.61,0.97,0.9795,0.9915,0.9995,1,0.47,0.74,0.9965,10071.3418778,620243.86246,0,1
0.085,0.08,0.08,0.07,0.0325,0.037,0.0205,0.0235,0.022,0.0055,0.005,0.0015,0.0005,0.0005,0,0.075,0.022,0.0005,10071.095543583333,40968.283741,0,0
0.115,0.14,0.14,0.135,0.135,0.15,0.12,0.17,0.17,0.225,0.015,0.0135,0.008,0.0005,0,0.125,0.125,0.0025,10071.078444783334,24065.575338,0,0
0.11,0.075,0.065,0.085,0.13,0.07,0.11,0.055,0.036,0.018,0.1205,0.062,0.029,0.008,0,0.09,0.09,0.018,10070.9743032,94034.961536,0,0
0.12,0.135,0.135,0.16,0.155,0.145,0.125,0.17,0.13,0.18,0.165,0.215,0.007,0.0005,0,0.125,0.16,0.0065,10068.554454933334,21754.96783,0,0
0.075,0.04,0.031,0.034,0.026,0.043,0.056,0.031,0.042,0.024,0.014,0.0025,0.048,0.0025,0,0.065,0.036,0.017,10068.531416516667,40889.260866,0,0
0.695,0.64,0.545,0.575,0.565,0.705,0.81,0.695,0.905,0.875,0.935,0.9285,0.994,0.9995,4,0.73,0.75,0.9995,10076.277666583333,297243.653948,0,1
0.145,0.095,0.07,0.06,0.051,0.079,0.114,0.0525,0.0735,0.042,0.021,0.0035,0.067,0.0015,0,0.135,0.066,0.0255,10068.754518766666,437699.939011,0,0
0.495,0.145,0.105,0.07,0.07,0.065,0.08,0.1,0.115,0.105,0.15,0.1,0.0635,0.003,0,0.14,0.11,0.042,10070.139781983333,33852.51576,0,0
0.495,0.065,0.13,0.14,0.15,0.17,0.18,0.165,0.165,0.2,0.15,0.21,0.105,0.0305,2,0.06,0.165,0.065,10070.1671542,98072.742475,0,0
0.495,0.93,0.72,0.535,0.565,0.52,0.62,0.69,0.76,0.72,0.89,0.895,0.982,0.9955,5,0.93,0.745,0.989,10070.349068266667,321936.713685,0,1
0.5,0.36,0.12,0.075,0.05,0.0275,0.0355,0.0545,0.0565,0.0345,0.034,0.0145,0.0025,0.0005,1,0.41,0.0595,0.0005,10070.332154883334,168776.278509,0,0
0.955,0.885,0.82,0.94,0.705,0.4,0.56,0.49,0.6,0.765,0.825,0.775,0.9795,0.9985,6,0.92,0.54,0.9875,10075.165352066666,347190.189939,0,1
0.455,0.32,0.19,0.38,0.095,0.0405,0.035,0.0265,0.026,0.0335,0.023,0.017,0.0035,0.0005,0,0.405,0.034,0.002,10075.12659155,312129.864374,0,0
0.05,0.0235,0.018,0.0235,0.0155,0.014,0.012,0.0035,0.0035,0.0015,0.0015,0.0005,0.0005,0.0005,0,0.0395,0.0055,0.0005,10075.088614083334,184756.008157,0,0
0.13,0.135,0.135,0.165,0.11,0.045,0.065,0.045,0.065,0.11,0.115,0.07,0.105,0.0025,0,0.13,0.06,0.03,10071.249736433332,56827.723014,0,0
0.06,0.0445,0.0205,0.039,0.017,0.0145,0.013,0.0135,0.0025,0.0025,0.002,0.0005,0.0005,0.0005,0,0.05,0.0135,0.0005,10071.178580450001,4337.747,0,0
0.11,0.13,0.1,0.115,0.155,0.15,0.17,0.07,0.12,0.07,0.155,0.215,0.3,0.015,0,0.11,0.14,0.24,10068.867390316667,123851.014851,0,0
0.08,0.0355,0.0835,0.0565,0.03,0.0425,0.0175,0.0105,0.009,0.0045,0.0015,0.0015,0.0005,0.0005,2,0.06,0.015,0.0005,10068.8254118,7541.208466,0,0
0.895,0.745,0.905,0.86,0.76,0.91,0.7,0.27,0.425,0.275,0.505,0.645,0.775,0.85,8,0.84,0.52,0.74,10068.927367416667,462597.513204,0,1
0.305,0.155,0.315,0.235,0.115,0.18,0.0525,0.0205,0.0115,0.014,0.0065,0.008,0.0015,0.0005,2,0.245,0.033,0.0005,10068.918855066668,130353.74185,0,0
0.62,0.91,0.895,0.905,0.915,0.965,0.84,0.8445,0.684,0.5295,0.2155,0.0465,0.0455,0.001,1,0.91,0.8565,0.013,11448.968669016667,170210.626284,0,0
0.5,0.355,0.23,0.37,0.205,0.165,0.17,0.06,0.018,0.0105,0.003,0.005,0.004,0.0005,1,0.51,0.07,0.0005,10078.71286385,689500.744813,0,0
0.545,0.545,0.545,0.545,0.53,0.725,0.625,0.625,0.785,0.81,0.9995,0.9995,0.9995,0.9995,0,0.545,0.625,0.9995,10078.704344583333,2108.982141,0,1
0.5,0.065,0.155,0.195,0.09,0.125,0.135,0.065,0.41,0.715,0.63,0.85,0.475,0.0255,9,0.085,0.045,0.545,10071.110260716667,117613.499671,0,0
0.5,0.085,0.035,0.0285,0.047,0.028,0.0225,0.0255,0.0105,0.0025,0.0035,0.0005,0.0005,0.0005,3,0.075,0.032,0.0005,10071.041996816666,13679.385498,0,0
0.495,0.11,0.065,0.0425,0.0745,0.0465,0.028,0.0415,0.0155,0.0125,0.011,0.0005,0.0005,0.0005,4,0.1,0.066,0.0005,10071.050527366666,22458.497616,0,0
0.5,0.725,0.5,0.415,0.59,0.475,0.38,0.495,0.095,0.03,0.0125,0.0085,0.003,0.0005,11,0.71,0.615,0.002,10071.326575266667,255281.339171,0,0
0.495,0.125,0.045,0.0345,0.0465,0.028,0.023,0.021,0.0135,0.0125,0.0025,0.0005,0.0005,0.0005,4,0.125,0.025,0.0005,10071.240396783334,55009.171368,0,0
0.5,0.095,0.145,0.085,0.22,0.24,0.125,0.19,0.16,0.115,0.6,0.85,0.965,0.996,4,0.1,0.225,0.96,10070.790249133333,121231.619358,0,1
0.495,0.135,0.135,0.15,0.12,0.115,0.16,0.135,0.14,0.145,0.0215,0.011,0.0005,0.0005,0,0.135,0.13,0.0005,10070.750568633333,11395.768171,0,0
0.5,0.85,0.77,0.855,0.665,0.63,0.775,0.64,0.685,0.735,0.19,0.065,0.017,0.0005,3,0.825,0.63,0.0105,10073.02613895,313095.111309,0,0
0.5,0.245,0.175,0.215,0.075,0.0655,0.079,0.028,0.017,0.0175,0.0025,0.003,0.0005,0.0005,1,0.22,0.0365,0.0005,10073.03037905,64494.903496,0,0
0.07,0.055,0.055,0.06,0.08,0.055,0.11,0.135,0.105,0.155,0.12,0.17,0.115,0.0035,0,0.06,0.155,0.065,10070.931445133332,76183.846644,0,0
0.11,0.12,0.125,0.125,0.105,0.125,0.06,0.1545,0.0645,0.029,0.0355,0.02,0.0005,0.0005,0,0.11,0.0345,0.0005,10070.906682533334,6134.43733,0,0
0.915,0.925,0.925,0.925,0.87,0.92,0.795,0.765,0.87,0.825,0.925,0.895,0.17,0.0015,3,0.895,0.655,0.09,10071.142598833334,1089735.332913,0,0
0.375,0.38,0.37,0.37,0.26,0.32,0.11,0.1,0.11,0.055,0.0505,0.0225,0.0005,0.0005,0,0.35,0.06,0.0005,10071.09784095,260167.846348,0,0
0.045,0.0305,0.0355,0.034,0.0255,0.02,0.019,0.0155,0.0035,0.0015,0.0015,0.0005,0.0005,0.0005,0,0.0315,0.0185,0.0005,10071.074582783333,54993.211043,0,0
0.495,0.115,0.09,0.09,0.08,0.11,0.065,0.055,0.019,0.023,0.01,0.0065,0.0005,0.0005,0,0.155,0.08,0.0005,10310.898921966667,33539.741122,0,0
0.495,0.024,0.0145,0.012,0.0105,0.014,0.012,0.0115,0.006,0.0025,0.0015,0.0015,0.0005,0.0005,0,0.0345,0.0105,0.0005,10310.8610454,13918.710093,0,0
0.75,0.615,0.495,0.545,0.45,0.56,0.375,0.49,0.195,0.11,0.135,0.06,0.047,0.0005,13,0.73,0.45,0.0165,10078.71826355,353191.717836,0,0
0.165,0.085,0.045,0.035,0.037,0.0355,0.025,0.024,0.0075,0.0135,0.0025,0.0015,0.0005,0.0005,0,0.135,0.023,0.0005,10078.722520000001,96998.679469,0,0
0.355,0.49,0.17,0.11,0.04,0.046,0.038,0.0545,0.025,0.032,0.0065,0.0095,0.0005,0.0005,0,0.37,0.0415,0.0005,10071.206068316667,257472.080978,0,0
0.765,0.87,0.57,0.455,0.245,0.325,0.295,0.365,0.215,0.235,0.0355,0.025,0.0045,0.0005,1,0.79,0.31,0.002,10071.197470433333,333188.202914,0,0
0.045,0.025,0.0715,0.0985,0.1355,0.133,0.1495,0.1585,0.1685,0.208,0.1655,0.335,0.248,0.0005,0,0.0325,0.1485,0.275,10310.944983316667,153944.398673,0,0
0.14,0.145,0.1,0.085,0.06,0.0525,0.0455,0.0375,0.033,0.0205,0.0065,0.0035,0.0005,0.0005,0,0.155,0.0485,0.0005,10310.879723733333,9871.023817,0,0
0.5,0.065,0.0995,0.0535,0.149,0.1915,0.158,0.215,0.2185,0.2,0.211,0.087,0.009,0.0005,1,0.07,0.2155,0.008,10311.082830133333,66209.694353,0,0
0.09,0.135,0.16,0.135,0.15,0.11,0.06,0.105,0.08,0.045,0.0525,0.01,0.001,0.0005,0,0.135,0.105,0.0005,10311.087083466668,26872.940207,0,0
0.5,0.06,0.033,0.047,0.0155,0.0115,0.009,0.0095,0.0035,0.0025,0.001,0.001,0.0005,0.0005,1,0.06,0.0085,0.0005,10311.049170933335,10511.02,0,0
0.77,0.63,0.46,0.65,0.235,0.13,0.06,0.065,0.055,0.055,0.0255,0.012,0.0005,0.0005,7,0.62,0.08,0.0005,10075.103757216666,109458.759506,0,0
0.5,0.06,0.035,0.048,0.0205,0.0175,0.014,0.01,0.01,0.0025,0.0005,0.0005,0.0005,0.0005,1,0.07,0.0135,0.0005,10074.901013416667,80161.581586,0,0
0.78,0.75,0.61,0.62,0.475,0.605,0.31,0.095,0.025,0.035,0.026,0.012,0.0025,0.0005,5,0.79,0.155,0.003,10076.9139395,309314.149356,0,0
0.15,0.11,0.05,0.0465,0.025,0.0215,0.0175,0.01,0.0055,0.003,0.003,0.003,0.0005,0.0005,0,0.16,0.0135,0.0005,10069.65597245,57044.493014,0,0
0.065,0.07,0.105,0.085,0.13,0.105,0.18,0.115,0.175,0.17,0.145,0.065,0.0515,0.0005,0,0.06,0.18,0.0245,10309.847044566668,43718.937738,0,0
0.12,0.12,0.08,0.095,0.05,0.05,0.022,0.0065,0.0055,0.0055,0.003,0.0025,0.001,0.0005,0,0.13,0.0195,0.0005,10309.758656216667,15576.422,0,0
0.79,0.94,0.945,0.935,0.955,0.9645,0.9745,0.9765,0.983,0.99,0.992,0.9945,0.9905,0.9995,0,0.92,0.974,0.9945,11489.094298766666,369666.920048,0,1
0.49,0.25,0.19,0.085,0.105,0.0315,0.044,0.025,0.0045,0.0065,0.0015,0.0015,0.003,0.0005,0,0.37,0.023,0.0025,10072.0444871,123805.249095,0,0
0.5,0.28,0.29,0.235,0.33,0.335,0.54,0.45,0.28,0.715,0.59,0.395,0.35,0.999,6,0.26,0.525,0.41,10072.625558016667,221671.284953,0,1
0.04,0.021,0.013,0.0265,0.034,0.0155,0.0345,0.024,0.058,0.3335,0.218,0.0965,0.086,0.25,0,0.0305,0.0255,0.0435,10070.76785,267776.043554,0,0
0.145,0.12,0.13,0.155,0.19,0.18,0.21,0.26,0.15,0.035,0.013,0.0125,0.0015,0.0005,0,0.125,0.22,0.003,10070.740466666666,59975.912164,0,0
0.08,0.165,0.12,0.09,0.0275,0.0425,0.0185,0.01,0.0125,0.0125,0.0075,0.0005,0.0005,0.0005,0,0.15,0.0115,0.0005,10070.67325,16001.992368,0,0
0.63,0.795,0.79,0.735,0.595,0.755,0.51,0.645,0.275,0.0415,0.016,0.0195,0.002,0.0005,5,0.76,0.53,0.0005,10071.111283333334,337034.538028,0,0
0.08,0.17,0.125,0.09,0.0355,0.0505,0.0225,0.0185,0.016,0.0145,0.0055,0.0015,0.0005,0.0005,0,0.15,0.0165,0.0005,10071.069419366666,69361.803573,0,0
0.095,0.095,0.055,0.0325,0.024,0.03,0.0615,0.02,0.0795,0.0395,0.1825,0.2265,0.552,0.807,3,0.075,0.0525,0.625,10071.064732750001,436233.261321,0,1
0.09,0.095,0.13,0.15,0.17,0.17,0.12,0.195,0.065,0.11,0.021,0.009,0.0005,0.0005,0,0.1,0.13,0.0015,10070.99991925,39957.096552,0,0
0.795,0.78,0.89,0.935,0.96,0.9445,0.8905,0.964,0.8665,0.9515,0.6725,0.203,0.154,0.0085,1,0.795,0.91,0.078,10078.75582165,516430.497386,0,0
0.08,0.075,0.195,0.255,0.205,0.12,0.05,0.085,0.0175,0.0165,0.0055,0.0025,0.0005,0.0005,0,0.08,0.045,0.0005,10078.801557983334,55854.949493,0,0
0.5,0.95,0.945,0.935,0.9625,0.983,0.99,0.979,0.978,0.988,0.9895,0.9935,0.9825,0.99,0,0.945,0.976,0.927,10057.743481200001,490447.95565,0,1
0.5,0.375,0.35,0.34,0.565,0.71,0.71,0.64,0.405,0.655,0.24,0.25,0.0355,0.0005,9,0.44,0.68,0.002,10057.764635933334,413930.127442,0,0
0.5,0.0255,0.03,0.037,0.016,0.0125,0.003,0.0035,0.016,0.003,0.007,0.003,0.0055,0.0045,1,0.0205,0.0035,0.019,10056.9975,74253.054899,0,0
0.5,0.15,0.155,0.155,0.11,0.08,0.08,0.1,0.18,0.095,0.26,0.265,0.31,0.007,1,0.135,0.09,0.075,10056.939833333334,61254.756662,0,0
0.5,0.08,0.07,0.07,0.175,0.24,0.185,0.1,0.033,0.0585,0.0125,0.013,0.001,0.0005,1,0.1,0.15,0.0005,10056.9356,89639.929892,0,0
0.755,0.775,0.87,0.845,0.83,0.81,0.925,0.9715,0.986,0.968,0.9625,0.9925,0.9685,0.9965,0,0.75,0.965,0.9885,10069.886478083332,370887.04764,0,1
0.165,0.135,0.18,0.095,0.1,0.095,0.24,0.32,0.285,0.145,0.042,0.115,0.0015,0.0005,0,0.13,0.35,0.0185,10069.774413883333,315880.262316,0,0
0.1,0.085,0.065,0.085,0.085,0.095,0.04,0.018,0.014,0.018,0.03,0.0035,0.023,0.0035,0,0.095,0.024,0.0055,10069.647533333333,106536.032199,0,0
0.1,0.085,0.105,0.06,0.05,0.0495,0.1335,0.174,0.135,0.046,0.012,0.017,0.0005,0.0005,0,0.08,0.1935,0.0005,10069.59185,60785.375501,0,0
0.065,0.065,0.09,0.075,0.05,0.075,0.065,0.085,0.0275,0.0155,0.009,0.0095,0.0015,0.0005,2,0.065,0.08,0.0015,10077.0875,261883.296994,0,0
0.09,0.085,0.055,0.055,0.0865,0.051,0.04,0.042,0.111,0.152,0.1835,0.0515,0.001,0.0005,0,0.09,0.036,0.003,10076.982916666666,272744.285019,0,0
0.5,0.905,0.975,0.9675,0.915,0.9365,0.9795,0.98,0.9875,0.9825,0.995,0.998,0.9995,0.9995,0,0.86,0.979,0.9995,10078.679639416667,170046.49891,0,1
0.56,0.1,0.14,0.095,0.045,0.0295,0.056,0.0185,0.0235,0.0235,0.0945,0.077,0.0305,0.0005,1,0.09,0.0225,0.0015,10078.645897266666,248250.135171,0,0
0.485,0.09,0.0405,0.0435,0.0825,0.0625,0.0095,0.0155,0.015,0.02,0.0095,0.0035,0.0005,0.0005,0,0.135,0.0175,0.0005,10073.24875,115095.445431,0,0
0.485,0.14,0.16,0.185,0.155,0.165,0.22,0.255,0.25,0.23,0.165,0.11,0.0645,0.847,1,0.13,0.235,0.259,10073.212583333334,147441.594019,0,1
0.485,0.0635,0.0775,0.042,0.02,0.015,0.024,0.009,0.0155,0.004,0.0295,0.0185,0.0035,0.0005,0,0.052,0.011,0.0015,10073.184716666667,155610.999171,0,0
0.5,0.095,0.05,0.0465,0.0275,0.0225,0.017,0.006,0.0055,0.0055,0.0015,0.0015,0.0015,0.0005,1,0.18,0.013,0.001,9141.2392974,101999.39499,0,0
0.5,0.515,0.36,0.345,0.275,0.555,0.515,0.585,0.535,0.575,0.555,0.84,0.995,0.9995,4,0.49,0.59,0.9995,9141.269524966667,7612.293833,0,1
0.495,0.135,0.305,0.215,0.1,0.105,0.2,0.21,0.031,0.064,0.0615,0.043,0.0025,0.0005,0,0.07,0.145,0.0025,10075.198633333332,100789.939182,0,0
0.495,0.13,0.075,0.105,0.145,0.12,0.08,0.055,0.128,0.048,0.0455,0.09,0.368,0.0625,6,0.14,0.09,0.462,10075.185633333334,142315.571877,0,0
0.495,0.0395,0.02,0.0215,0.019,0.0145,0.006,0.0025,0.0025,0.002,0.0025,0.001,0.002,0.0005,0,0.075,0.006,0.0015,10075.108316666667,23630.38662,0,0
0.5,0.57,0.295,0.375,0.505,0.395,0.275,0.19,0.41,0.195,0.215,0.33,0.865,0.968,10,0.715,0.32,0.94,10075.271986083333,593538.417391,0,1
0.5,0.06,0.03,0.035,0.0275,0.0145,0.0135,0.0085,0.0085,0.0015,0.0015,0.0005,0.001,0.0005,1,0.13,0.0115,0.0015,10075.24235495,145826.821641,0,0
0.05,0.05,0.06,0.016,0.0145,0.012,0.0125,0.0105,0.0095,0.0065,0.003,0.0005,0.0005,0.0005,0,0.045,0.011,0.001,10074.972745550001,33206.482119,0,0
0.145,0.15,0.14,0.12,0.12,0.05,0.0245,0.0235,0.0265,0.018,0.0075,0.0015,0.001,0.0005,0,0.15,0.03,0.001,10075.016041483334,30430.812885,0,0
0.95,0.945,0.935,0.855,0.85,0.685,0.395,0.46,0.73,0.6,0.445,0.23,0.83,0.19,17,0.935,0.515,0.725,10138.87114515,1090357.848383,0,0
0.555,0.555,0.535,0.33,0.29,0.11,0.0455,0.0465,0.048,0.0175,0.014,0.004,0.0015,0.0005,1,0.52,0.0495,0.0005,10138.81598195,123348.7204,0,0
0.055,0.05,0.06,0.025,0.0185,0.016,0.014,0.0035,0.0025,0.0015,0.0005,0.0005,0.0005,0.0005,0,0.04,0.003,0.0005,10138.824445683333,80141.255819,0,0
0.13,0.14,0.14,0.175,0.165,0.05,0.029,0.018,0.009,0.0035,0.0035,0.0015,0.0005,0.0005,0,0.125,0.0215,0.0015,10131.486839033334,121294.872462,0,0
0.075,0.07,0.075,0.095,0.09,0.0305,0.022,0.017,0.009,0.002,0.002,0.0005,0.0005,0.0005,2,0.07,0.017,0.001,10131.44966905,70718.295803,0,0
0.105,0.08,0.08,0.07,0.08,0.14,0.145,0.195,0.125,0.16,0.265,0.2,0.1,0.005,2,0.085,0.15,0.095,10071.311904466666,38990.012173,0,0
0.04,0.035,0.037,0.0395,0.046,0.0195,0.007,0.0045,0.0045,0.0045,0.004,0.0035,0.0015,0.0005,6,0.0305,0.006,0.0005,10071.235696133333,7246.746826,0,0
0.495,0.0355,0.038,0.504,0.0195,0.021,0.0255,0.056,0.0745,0.1225,0.2235,0.231,0.163,0.4025,4,0.04,0.0485,0.1385,10071.132483633333,382785.18097,0,1
0.5,0.15,0.165,0.17,0.18,0.18,0.17,0.13,0.105,0.048,0.008,0.0045,0.004,0.0005,1,0.14,0.14,0.0005,10071.065319899999,23920.574682,0,0
0.495,0.955,0.9565,0.971,0.97,0.977,0.9685,0.9435,0.936,0.8565,0.5955,0.8695,0.952,0.9835,1,0.945,0.9515,0.9685,10135.067575666668,441819.487223,0,1
0.495,0.51,0.475,0.525,0.545,0.59,0.52,0.24,0.195,0.055,0.0105,0.013,0.0015,0.0005,8,0.47,0.33,0.001,10135.033713666666,239817.636105,0,0
0.06,0.075,0.17,0.055,0.0465,0.502,0.024,0.0235,0.034,0.058,0.087,0.224,0.6615,0.092,10,0.07,0.0225,0.4415,10070.950270183333,142814.288325,0,0
0.125,0.145,0.115,0.165,0.19,0.2,0.2,0.21,0.195,0.15,0.085,0.0175,0.0025,0.0005,0,0.14,0.21,0.001,10070.9376024,13287.179572,0,0
0.09,0.0515,0.019,0.0265,0.0205,0.502,0.014,0.021,0.0195,0.0055,0.0015,0.0025,0.0005,0.0005,2,0.06,0.013,0.0005,10070.9156304,13602.468808,0,0
0.34,0.275,0.105,0.19,0.185,0.18,0.155,0.2,0.195,0.0395,0.024,0.0035,0.001,0.0005,0,0.29,0.205,0.0005,10138.73442885,106780.101344,0,0
0.09,0.0505,0.0215,0.028,0.0225,0.021,0.021,0.0235,0.028,0.0015,0.0015,0.0005,0.0005,0.0005,2,0.055,0.0225,0.002,10138.674220616667,890153.713967,0,0
0.105,0.13,0.145,0.165,0.11,0.19,0.22,0.25,0.24,0.245,0.245,0.13,0.0565,0.0005,0,0.135,0.245,0.009,10069.837623633333,40359.657464,0,0
0.085,0.05,0.031,0.026,0.0295,0.017,0.0135,0.5015,0.0035,0.0035,0.003,0.002,0.0005,0.0005,2,0.04,0.013,0.0005,10069.844401749999,1559.619479,0,0
0.75,0.61,0.43,0.485,0.135,0.345,0.265,0.285,0.285,0.36,0.23,0.057,0.0035,0.0005,3,0.56,0.315,0.002,10130.180352716667,134519.106899,0,0
0.945,0.9,0.83,0.86,0.57,0.84,0.855,0.905,0.91,0.925,0.9,0.775,0.615,0.0035,3,0.885,0.905,0.215,10130.13237425,461809.911332,0,0
0.495,0.0535,0.0415,0.0655,0.1125,0.1065,0.1945,0.1525,0.1605,0.123,0.1395,0.0985,0.13,0.456,8,0.0405,0.1645,0.432,10068.178093733333,418804.472804,0,1
0.5,0.115,0.145,0.115,0.065,0.0695,0.02,0.033,0.016,0.018,0.0135,0.019,0.0065,0.0005,3,0.12,0.0295,0.001,10067.74024245,14517.875385,0,0
0.962,0.9465,0.96,0.941,0.9095,0.927,0.846,0.949,0.9625,0.9775,0.992,0.9925,0.995,0.9775,0,0.954,0.9185,0.9745,10137.400971216666,462711.959638,0,1
0.62,0.49,0.6,0.495,0.26,0.25,0.07,0.11,0.155,0.05,0.0585,0.0815,0.009,0.0005,3,0.52,0.11,0.001,10137.301969416667,148056.499541,0,0
0.095,0.05,0.055,0.5095,0.018,0.0135,0.0125,0.009,0.0075,0.0015,0.001,0.0005,0.0005,0.0005,2,0.055,0.0115,0.0005,10137.362218083332,88560.716988,0,0
0.455,0.45,0.27,0.225,0.195,0.065,0.0405,0.0075,0.014,0.0095,0.002,0.0005,0.0005,0.0005,2,0.4,0.01,0.003,10138.701506416666,118304.382185,0,0
0.495,0.175,0.155,0.245,0.22,0.13,0.33,0.315,0.275,0.51,0.45,0.9995,0.9995,0.9995,9,0.22,0.295,0.9995,10138.705761583335,174718.757052,0,1
0.5,0.031,0.0315,0.033,0.036,0.0425,0.046,0.063,0.12,0.019,0.0055,0.0055,0.0065,0.004,1,0.0415,0.056,0.0025,10071.048312466668,67168.812604,0,0
0.495,0.125,0.135,0.16,0.165,0.18,0.195,0.165,0.065,0.19,0.06,0.06,0.04,0.005,0,0.135,0.18,0.0905,10070.996751583332,32674.000375,0,0
0.5,0.125,0.115,0.065,0.06,0.0405,0.0155,0.0135,0.0105,0.007,0.0055,0.0015,0.0005,0.0005,1,0.12,0.0135,0.0005,10070.975605566666,37670.988174,0,0
0.5,0.76,0.76,0.685,0.66,0.615,0.48,0.325,0.125,0.185,0.045,0.065,0.045,0.0035,3,0.705,0.4,0.145,10138.763694416668,249256.409076,0,0
0.5,0.13,0.12,0.07,0.06,0.043,0.0175,0.017,0.0125,0.0105,0.006,0.0005,0.0005,0.0005,1,0.12,0.032,0.0005,10138.768003066665,64149.716741,0,0
0.495,0.78,0.865,0.945,0.925,0.935,0.8775,0.892,0.8245,0.723,0.694,0.784,0.9605,0.9935,7,0.775,0.869,0.972,10070.865471633333,144353.550363,0,1
0.5,0.15,0.23,0.36,0.27,0.21,0.14,0.13,0.0365,0.017,0.008,0.003,0.0015,0.0005,1,0.165,0.1,0.0005,10070.838360216667,54412.939466,0,0
0.5,0.065,0.0365,0.0195,0.0225,0.022,0.0275,0.0245,0.0455,0.0705,0.0845,0.039,0.0035,0.0005,5,0.065,0.0325,0.0035,10070.292693716667,18050.055924,0,0
0.5,0.12,0.135,0.16,0.18,0.185,0.17,0.175,0.12,0.075,0.043,0.031,0.0035,0.0015,1,0.125,0.165,0.0035,10070.253092750001,13819.796935,0,0
0.06,0.0395,0.036,0.0515,0.022,0.018,0.0155,0.014,0.0185,0.0285,0.026,0.0675,0.0145,0.0005,4,0.055,0.016,0.0105,10070.667291916667,34323.435575,0,0
0.12,0.15,0.15,0.14,0.16,0.155,0.185,0.19,0.21,0.225,0.18,0.095,0.093,0.0235,0,0.14,0.185,0.0555,10070.6489846,48101.29359,0,0
0.955,0.975,0.9735,0.965,0.9805,0.987,0.9795,0.989,0.973,0.9725,0.9865,0.9785,0.9985,0.9995,6,0.9635,0.987,0.999,10078.589195633334,190025.921902,0,1
0.53,0.635,0.65,0.665,0.77,0.85,0.855,0.89,0.815,0.805,0.595,0.335,0.435,0.915,10,0.59,0.835,0.41,10078.560762550002,686395.642209,0,1
0.065,0.065,0.075,0.08,0.11,0.155,0.105,0.085,0.05,0.0385,0.0085,0.0065,0.001,0.0005,0,0.045,0.08,0.001,10078.5395403,105315.475106,0,0
0.5,0.745,0.72,0.795,0.8,0.84,0.9,0.9495,0.944,0.968,0.919,0.9495,0.869,0.6925,2,0.695,0.945,0.9525,10070.603475266666,318287.302474,0,0
0.5,0.12,0.085,0.085,0.095,0.11,0.16,0.26,0.145,0.135,0.06,0.055,0.009,0.0005,1,0.115,0.245,0.0025,10070.543706166667,121563.060336,0,0
0.5,0.06,0.08,0.075,0.055,0.5,0.0295,0.0165,0.016,0.0115,0.019,0.0135,0.0255,0.009,3,0.075,0.017,0.009,10070.421536150001,41865.038155,0,0
0.5,0.12,0.11,0.13,0.135,0.14,0.18,0.2,0.22,0.245,0.185,0.21,0.065,0.0025,1,0.1,0.2,0.0255,10070.34029425,10284.909652,0,0
0.855,0.865,0.945,0.955,0.9615,0.9755,0.9795,0.8795,0.974,0.989,0.993,0.999,0.999,0.9995,0,0.83,0.8775,0.9995,10071.255856166668,42104.400979,0,1
0.315,0.33,0.42,0.48,0.39,0.505,0.46,0.76,0.785,0.86,0.775,0.87,0.624,0.805,7,0.275,0.455,0.7975,10071.209347099999,398181.097565,0,0
0.06,0.045,0.0325,0.024,0.0215,0.0195,0.0165,0.0885,0.0025,0.0025,0.0025,0.003,0.001,0.0005,8,0.055,0.5035,0.0005,10071.075678783332,53279.879237,0,0
0.11,0.125,0.145,0.165,0.2,0.21,0.215,0.2,0.12,0.085,0.15,0.11,0.27,0.1935,0,0.11,0.2,0.17,10071.036358683334,119436.323369,0,1
0.07,0.24,0.235,0.125,0.105,0.06,0.0355,0.024,0.0195,0.5,0.003,0.0005,0.0005,0.0005,4,0.245,0.0235,0.0025,10063.675771366667,603395.562181,0,0
0.06,0.024,0.0225,0.029,0.0265,0.0205,0.0155,0.0105,0.006,0.5,0.0365,0.031,0.0185,0.002,2,0.0235,0.0145,0.003,10063.61005475,100150.470705,0,0
0.125,0.11,0.115,0.145,0.165,0.185,0.24,0.27,0.265,0.2,0.1,0.0625,0.0365,0.019,0,0.11,0.26,0.041,10063.654445049999,46306.984246,0,0
0.215,0.07,0.07,0.1,0.075,0.065,0.0265,0.0295,0.0325,0.062,0.134,0.078,0.0295,0.009,0,0.07,0.029,0.0255,10075.61085315,140690.440676,0,0
0.875,0.66,0.655,0.79,0.815,0.89,0.93,0.948,0.952,0.945,0.986,0.9925,0.9925,0.9995,0,0.665,0.9625,0.9995,10075.565949150001,74440.762635,0,1
0.5,0.165,0.0595,0.144,0.133,0.072,0.0575,0.015,0.011,0.006,0.006,0.004,0.002,0.0005,1,0.08,0.0305,0.0005,10065.51410635,14133.203275,0,0
0.495,0.115,0.145,0.125,0.135,0.17,0.19,0.24,0.335,0.35,0.35,0.17,0.0135,0.0035,0,0.145,0.22,0.0105,10065.482501883333,25724.456306,0,0
0.565,0.355,0.67,0.39,0.36,0.485,0.49,0.68,0.695,0.785,0.805,0.965,0.9945,0.9995,8,0.565,0.575,0.9985,10076.390177633333,124248.802312,0,1
0.315,0.155,0.38,0.16,0.135,0.185,0.155,0.235,0.11,0.13,0.125,0.41,0.81,0.955,1,0.285,0.2,0.935,10076.282038983334,341435.682243,0,1
0.5,0.035,0.0215,0.0495,0.02,0.0115,0.014,0.017,0.0145,0.0025,0.0015,0.0005,0.002,0.002,1,0.065,0.036,0.002,10071.237789766667,266798.396006,0,0
0.62,0.65,0.605,0.66,0.64,0.61,0.53,0.555,0.4,0.32,0.28,0.34,0.735,0.9995,2,0.54,0.53,0.87,10071.246412100001,131604.328362,0,1
0.5,0.155,0.29,0.08,0.25,0.225,0.095,0.075,0.0185,0.0095,0.0035,0.0035,0.003,0.0005,1,0.16,0.065,0.003,10071.22420135,70060.577278,0,0
0.495,0.0305,0.0235,0.0585,0.02,0.0515,0.063,0.028,0.017,0.0125,0.011,0.003,0.0025,0.0005,0,0.06,0.0365,0.0005,10070.9133205,113579.694375,0,0
0.495,0.145,0.155,0.13,0.165,0.15,0.125,0.2,0.24,0.31,0.555,0.45,0.6,0.0085,6,0.115,0.165,0.665,10070.881960883333,71249.916744,0,0
0.23,0.325,0.3,0.145,0.345,0.14,0.085,0.135,0.12,0.145,0.0255,0.0565,0.022,0.1305,0,0.185,0.11,0.021,10071.254210566667,235762.418705,0,0
0.68,0.815,0.835,0.665,0.89,0.7,0.625,0.825,0.875,0.9625,0.9845,0.9935,0.9985,0.9995,0,0.665,0.73,0.999,10071.264402066667,80479.681182,0,1
0.1,0.13,0.1,0.05,0.1215,0.037,0.03,0.0325,0.0285,0.0245,0.0125,0.005,0.0025,0.0005,0,0.07,0.0325,0.001,10071.2182503,95714.241149,0,0
0.5,0.13,0.09,0.065,0.07,0.145,0.06,0.124,0.1585,0.0975,0.0435,0.0095,0.0035,0.0005,1,0.115,0.122,0.0035,10070.403646433335,24849.65974,0,0
0.495,0.055,0.09,0.115,0.125,0.055,0.12,0.055,0.0375,0.0595,0.0785,0.079,0.0085,0.0005,2,0.06,0.055,0.01,10070.389981766666,27587.32476,0,0
0.495,0.82,0.905,0.945,0.95,0.886,0.9435,0.9,0.878,0.9595,0.982,0.991,0.9985,0.9995,1,0.815,0.894,0.9995,10076.599263499998,49360.262368,0,1
0.5,0.21,0.345,0.47,0.425,0.195,0.415,0.2,0.13,0.22,0.29,0.365,0.105,0.025,3,0.205,0.21,0.135,10076.55869005,403059.742111,0,0
0.06,0.075,0.07,0.07,0.045,0.0115,0.014,0.044,0.032,0.0535,0.046,0.013,0.01,0.0015,0,0.07,0.0255,0.0095,10070.629260016667,45321.174285,0,0
0.1,0.105,0.115,0.115,0.145,0.18,0.195,0.15,0.17,0.135,0.15,0.245,0.44,0.655,1,0.11,0.18,0.49,10070.581961099999,137151.037268,0,1
0.93,0.925,0.935,0.94,0.9655,0.9865,0.987,0.9785,0.9685,0.971,0.985,0.994,0.9985,0.9995,0,0.915,0.9835,0.9995,10071.100806600001,197954.795493,0,1
0.425,0.44,0.44,0.435,0.59,0.76,0.755,0.5,0.615,0.465,0.485,0.675,0.915,0.9875,9,0.445,0.625,0.965,10070.999054333333,225766.814588,0,1
0.5,0.095,0.115,0.095,0.08,0.1,0.044,0.012,0.0095,0.014,0.0245,0.0215,0.006,0.0005,1,0.085,0.017,0.007,10070.82137815,25419.066096,0,0
0.495,0.145,0.135,0.15,0.16,0.15,0.175,0.175,0.195,0.245,0.23,0.255,0.375,0.765,5,0.15,0.175,0.33,10070.807151666666,96750.460786,0,1
0.495,0.07,0.0335,0.027,0.024,0.0235,0.047,0.0645,0.0385,0.008,0.013,0.0055,0.0025,0.0005,2,0.08,0.07,0.0015,10070.779516083334,23738.863253,0,0
0.49,0.695,0.585,0.61,0.62,0.57,0.735,0.89,0.915,0.8,0.7465,0.775,0.8755,0.995,5,0.72,0.84,0.977,10071.074053283333,137933.438104,0,1
0.495,0.115,0.06,0.052,0.0445,0.0455,0.085,0.126,0.0825,0.0255,0.0165,0.0145,0.0015,0.0005,2,0.125,0.122,0.0055,10071.07898145,138930.204791,0,0
0.495,0.055,0.0345,0.024,0.0175,0.016,0.015,0.0225,0.0235,0.027,0.0135,0.003,0.0015,0.0005,2,0.05,0.015,0.0015,10070.911746766667,18683.469785,0,0
0.5,0.13,0.145,0.135,0.145,0.165,0.18,0.175,0.205,0.195,0.245,0.335,0.375,0.84,2,0.135,0.185,0.38,10070.9566137,92188.553791,0,1
0.5,0.96,0.9185,0.895,0.9,0.9295,0.944,0.9455,0.9745,0.9915,0.9925,0.994,0.971,0.9995,0,0.95,0.9525,0.9915,10074.839217566665,398759.885335,0,1
0.5,0.305,0.19,0.125,0.085,0.07,0.065,0.085,0.135,0.195,0.11,0.0295,0.0495,0.0055,1,0.275,0.06,0.0105,10074.847893483333,103886.854287,0,0
0.06,0.055,0.06,0.055,0.11,0.135,0.15,0.185,0.175,0.15,0.14,0.0165,0.015,0.0325,0,0.045,0.165,0.098,10070.387457266666,36074.409275,0,0
0.09,0.135,0.125,0.13,0.075,0.0325,0.0415,0.025,0.0255,0.036,0.032,0.0795,0.0185,0.0145,0,0.135,0.0335,0.0035,10070.34675525,235399.172303,0,0
0.5,0.955,0.9485,0.955,0.8885,0.7195,0.899,0.91,0.923,0.941,0.948,0.996,0.999,0.9995,0,0.96,0.8985,0.989,10078.528067583333,496956.800954,0,1
0.395,0.405,0.325,0.34,0.145,0.06,0.075,0.045,0.034,0.0495,0.051,0.107,0.0295,0.0225,0,0.44,0.055,0.002,10078.519649216667,376869.583925,0,0
0.89,0.87,0.855,0.875,0.695,0.46,0.66,0.64,0.655,0.715,0.745,0.968,0.972,0.9985,6,0.885,0.64,0.868,10078.437047683334,156931.728625,0,1
0.5,0.15,0.155,0.165,0.165,0.165,0.11,0.035,0.048,0.03,0.022,0.0425,0.0285,0.0525,1,0.145,0.115,0.279,10058.82024675,80090.347457,0,0
0.5,0.0345,0.0395,0.03,0.02,0.0195,0.012,0.01,0.0095,0.01,0.001,0.001,0.001,0.0005,1,0.04,0.0115,0.001,10058.706557233332,10455.234158,0,0
0.5,0.29,0.295,0.26,0.17,0.145,0.055,0.019,0.018,0.014,0.012,0.0035,0.005,0.0005,3,0.435,0.055,0.0205,10059.163238833333,497504.596516,0,0
0.5,0.915,0.935,0.945,0.9305,0.9145,0.8435,0.5865,0.829,0.8735,0.8725,0.9175,0.964,0.9995,0,0.945,0.893,0.9985,10059.137449416668,177101.547195,0,1
0.5,0.04,0.021,0.0255,0.008,0.0045,0.004,0.0035,0.0005,0.0015,0.001,0.002,0.0005,0.0005,3,0.06,0.005,0.0005,10069.83210465,94101.38682,0,0
0.595,0.595,0.315,0.335,0.265,0.125,0.115,0.037,0.0065,0.0095,0.009,0.0035,0.0015,0.0005,1,0.56,0.04,0.0025,10069.809253433334,70794.270027,0,0
0.5,0.15,0.085,0.165,0.325,0.165,0.115,0.14,0.155,0.175,0.215,0.55,0.44,0.9995,8,0.125,0.155,0.37,10069.737548950001,281500.843463,0,1
0.5,0.93,0.94,0.865,0.91,0.93,0.895,0.9,0.745,0.505,0.705,0.79,0.835,0.995,6,0.93,0.91,0.795,10071.294863,208233.638383,0,1
0.5,0.89,0.915,0.785,0.845,0.885,0.795,0.8,0.535,0.275,0.285,0.275,0.185,0.795,2,0.89,0.82,0.09,10071.233192266667,302198.313122,0,1
0.5,0.04,0.035,0.083,0.0545,0.0355,0.0495,0.054,0.1445,0.31,0.088,0.0375,0.006,0.0045,1,0.04,0.045,0.0145,10070.8423938,57961.639642,0,0
0.5,0.115,0.125,0.06,0.07,0.07,0.029,0.0355,0.013,0.0115,0.0055,0.0025,0.0005,0.0005,1,0.115,0.033,0.0005,10070.814756166666,2238.385055,0,0
0.5,0.08,0.085,0.0405,0.039,0.036,0.018,0.019,0.01,0.01,0.006,0.0035,0.0005,0.0005,1,0.075,0.0195,0.0005,10070.80084475,158874.166603,0,0
0.595,0.615,0.77,0.845,0.9,0.685,0.785,0.775,0.615,0.695,0.34,0.08,0.0435,0.0005,1,0.525,0.72,0.025,10070.889304983333,121848.840933,0,0
0.125,0.115,0.155,0.19,0.175,0.05,0.0695,0.0385,0.017,0.0145,0.006,0.0015,0.0005,0.0005,0,0.085,0.04,0.0005,10070.8047741,17512.841553,0,0
0.1,0.08,0.06,0.0395,0.035,0.0825,0.061,0.0555,0.1035,0.083,0.21,0.2325,0.6625,0.99,1,0.095,0.078,0.791,10070.583926066667,123055.389203,0,1
0.095,0.095,0.125,0.155,0.17,0.1,0.13,0.11,0.05,0.06,0.017,0.0145,0.0025,0.0005,0,0.07,0.1,0.0005,10070.571464083334,27449.764811,0,0
0.065,0.345,0.355,0.38,0.175,0.12,0.09,0.365,0.19,0.255,0.4,0.255,0.755,0.9955,1,0.345,0.185,0.915,10070.2543246,255277.565602,0,1
0.135,0.09,0.07,0.06,0.095,0.105,0.125,0.05,0.0625,0.03,0.0155,0.014,0.0015,0.0005,0,0.08,0.08,0.0005,10070.221750033332,45137.921209,0,0
0.8,0.415,0.395,0.365,0.55,0.62,0.665,0.255,0.43,0.275,0.115,0.155,0.017,0.0005,3,0.44,0.47,0.0125,10072.686255566667,163456.553481,0,0
0.56,0.215,0.185,0.165,0.235,0.295,0.3,0.075,0.105,0.045,0.025,0.0205,0.0015,0.0005,1,0.215,0.155,0.001,10072.620989683333,142153.000316,0,0
0.5,0.955,0.861,0.516,0.4665,0.4715,0.7585,0.8125,0.8645,0.4455,0.6645,0.4765,0.3405,0.0715,15,0.945,0.77,0.4185,10071.221597033333,439664.220763,0,0
0.5,0.215,0.055,0.024,0.0215,0.018,0.0275,0.023,0.0185,0.017,0.0045,0.002,0.001,0.0005,1,0.23,0.025,0.0005,10071.189173416667,18940.630291,0,0
0.5,0.04,0.0195,0.0235,0.013,0.008,0.0115,0.008,0.0075,0.002,0.0015,0.0015,0.0005,0.0005,1,0.0435,0.0105,0.0005,10071.147635116668,7756.418607,0,0
0.5,0.06,0.13,0.113,0.1185,0.1265,0.176,0.193,0.232,0.126,0.2175,0.1335,0.053,0.0025,1,0.06,0.1895,0.05,10070.970286283333,76417.196933,0,0
0.495,0.145,0.12,0.0425,0.033,0.0275,0.066,0.072,0.064,0.017,0.0145,0.0075,0.0015,0.0005,0,0.155,0.0715,0.0005,10070.931249983334,71893.305786,0,0
0.04,0.04,0.0205,0.026,0.0115,0.013,0.013,0.0115,0.011,0.0105,0.009,0.0015,0.0005,0.0005,0,0.05,0.013,0.0005,10063.375538916667,16066.861142,0,0
0.14,0.125,0.11,0.12,0.0405,0.0215,0.017,0.014,0.0215,0.019,0.0135,0.0125,0.0025,0.0005,0,0.135,0.0145,0.0025,10063.440840966667,16561.570678,0,0
0.195,0.145,0.085,0.1,0.022,0.0175,0.0145,0.0085,0.0155,0.015,0.0105,0.0015,0.0015,0.0005,0,0.185,0.0135,0.0005,10077.76378935,216986.899081,0,0
0.73,0.675,0.575,0.64,0.25,0.08,0.055,0.0465,0.1445,0.0665,0.0395,0.015,0.006,0.0005,1,0.725,0.043,0.0045,10077.69696755,68423.955611,0,0
0.0445,0.0275,0.005,0.0155,0.0265,0.0235,0.162,0.173,0.1735,0.2,0.181,0.253,0.3205,0.1835,0,0.023,0.171,0.3655,10069.966917183334,154362.060833,0,1
0.135,0.145,0.165,0.16,0.16,0.185,0.044,0.0225,0.018,0.014,0.027,0.017,0.011,0.0005,0,0.145,0.03,0.0015,10069.86082235,32168.324104,0,0
0.965,0.96,0.9895,0.9785,0.97,0.981,0.6065,0.471,0.433,0.5005,0.8375,0.8295,0.9105,0.1915,11,0.9645,0.553,0.514,10077.892765833332,493082.515707,0,1
0.365,0.335,0.48,0.355,0.26,0.295,0.143,0.026,0.0235,0.012,0.03,0.021,0.0025,0.0005,2,0.375,0.0445,0.0025,10077.7872804,50883.771695,0,0
0.04,0.045,0.065,0.0345,0.017,0.0155,0.038,0.0195,0.0055,0.0055,0.0045,0.002,0.0005,0.0005,0,0.055,0.0195,0.0005,10077.937614049999,114311.044305,0,0
0.495,0.0515,0.098,0.0815,0.039,0.0955,0.1,0.0835,0.1405,0.096,0.037,0.0515,0.3095,0.0345,2,0.047,0.1005,0.254,10066.806128316668,88826.313017,0,0
0.495,0.14,0.115,0.14,0.18,0.13,0.145,0.14,0.018,0.0105,0.007,0.0035,0.0105,0.0005,2,0.14,0.13,0.0035,10066.69018965,55870.717718,0,0
0.5,0.065,0.0185,0.022,0.0325,0.018,0.0095,0.009,0.0105,0.008,0.004,0.002,0.001,0.0005,1,0.08,0.0095,0.0005,10075.668214333333,193254.49913,0,0
0.5,0.93,0.84,0.89,0.957,0.902,0.9295,0.965,0.3315,0.163,0.053,0.092,0.479,0.0455,1,0.935,0.9235,0.349,10075.500583083334,281648.582416,0,0
0.5,0.05,0.0275,0.039,0.065,0.049,0.035,0.0195,0.029,0.018,0.029,0.021,0.009,0.9995,2,0.05,0.028,0.062,10077.512183333334,87878.978974,0,1
0.495,0.245,0.17,0.045,0.045,0.05,0.014,0.0065,0.0045,0.019,0.002,0.0025,0.0015,0.0005,0,0.235,0.0175,0.0025,10077.3081,44437.007376,0,0
0.495,0.255,0.175,0.21,0.33,0.36,0.41,0.29,0.185,0.375,0.365,0.24,0.185,0.9995,7,0.28,0.21,0.165,10077.207616666668,203076.073459,0,1
0.11,0.12,0.15,0.13,0.095,0.11,0.13,0.075,0.0485,0.035,0.0255,0.0025,0.002,0.0005,0,0.115,0.08,0.0025,10066.5176608,129802.361857,0,0
0.085,0.09,0.14,0.1,0.045,0.05,0.0655,0.0275,0.0235,0.014,0.012,0.0115,0.001,0.0005,0,0.09,0.0355,0.0005,10066.521900816668,564207.735579,0,0
0.9,0.92,0.9705,0.933,0.9005,0.9365,0.9655,0.943,0.964,0.9835,0.1575,0.0575,0.022,0.0035,1,0.91,0.945,0.019,10076.203123433334,129749.562356,0,0
0.32,0.345,0.525,0.36,0.185,0.195,0.245,0.125,0.08,0.045,0.0255,0.009,0.0025,0.0015,2,0.33,0.145,0.002,10076.1388885,36750.835757,0,0
0.5,0.0155,0.023,0.0155,0.0135,0.0145,0.018,0.015,0.0115,0.0125,0.0115,0.014,0.234,0.571,2,0.029,0.023,0.4195,10069.818183783333,73274.99467,0,0
0.5,0.135,0.16,0.155,0.15,0.18,0.215,0.23,0.255,0.275,0.295,0.335,0.019,0.0005,1,0.16,0.2,0.0055,10069.6802874,348275.37171,0,0
0.5,0.9765,0.9675,0.97,0.9855,0.981,0.9805,0.985,0.988,0.989,0.996,0.997,0.3255,0.504,4,0.966,0.98,0.557,10072.370752233333,166926.001513,0,0
0.5,0.73,0.6,0.67,0.79,0.695,0.53,0.58,0.67,0.615,0.465,0.415,0.019,0.0005,13,0.53,0.47,0.0185,10072.23248155,168869.275281,0,0
0.5,0.1305,0.0565,0.078,0.0905,0.05,0.02,0.018,0.017,0.013,0.004,0.0025,0.0015,0.0005,1,0.046,0.0185,0.001,10072.168644,1280511.440089,0,0
0.5,0.115,0.135,0.07,0.115,0.09,0.065,0.07,0.15,0.11,0.1,0.06,0.12,0.175,1,0.115,0.07,0.14,10067.420351683333,97347.451538,0,1
0.5,0.052,0.032,0.1115,0.0415,0.057,0.0665,0.0365,0.0115,0.008,0.008,0.007,0.0015,0.0005,1,0.04,0.053,0.003,10067.291459033333,48156.936023,0,0
0.8,0.815,0.785,0.91,0.83,0.895,0.935,0.93,0.875,0.94,0.964,0.982,0.9775,0.9975,0,0.805,0.92,0.975,10076.620962199999,176557.637274,0,1
0.565,0.16,0.105,0.305,0.145,0.2,0.255,0.175,0.06,0.063,0.0415,0.05,0.0035,0.002,1,0.135,0.19,0.0025,10076.555810033335,101253.10321,0,0
0.5,0.045,0.0105,0.009,0.011,0.0035,0.008,0.0035,0.004,0.004,0.006,0.0055,0.0065,0.0095,1,0.045,0.0035,0.0045,10069.787026083333,64701.077978,0,0
0.5,0.14,0.175,0.18,0.185,0.17,0.195,0.2,0.185,0.215,0.255,0.335,0.47,0.17,3,0.14,0.2,0.42,10069.641709033334,105707.24354,0,0
0.52,0.95,0.9815,0.983,0.977,0.995,0.9885,0.9955,0.9955,0.9875,0.996,0.9935,0.9975,0.9995,0,0.95,0.9925,0.9995,10077.979763666666,1246861.840527,0,1
0.5,0.335,0.56,0.555,0.505,0.745,0.59,0.7,0.805,0.805,0.5,0.62,0.645,0.18,17,0.355,0.69,0.505,10077.971213366667,236287.242785,0,0
0.08,0.095,0.155,0.14,0.195,0.205,0.215,0.2,0.22,0.24,0.225,0.225,0.385,0.74,1,0.1,0.205,0.375,10070.046757983333,83618.929068,0,1
0.065,0.044,0.02,0.0215,0.0035,0.0035,0.0035,0.0035,0.0035,0.0035,0.003,0.0025,0.0055,0.0005,0,0.041,0.0035,0.0045,10070.149774033334,75589.418,0,0
0.12,0.15,0.175,0.195,0.175,0.2,0.205,0.175,0.19,0.155,0.105,0.065,0.38,0.27,4,0.145,0.16,0.465,10070.0409825,60895.163218,0,0
0.635,0.72,0.86,0.84,0.93,0.935,0.94,0.943,0.9605,0.988,0.993,0.995,0.99,0.9995,0,0.71,0.965,0.9955,10070.687186616668,48059.051481,0,1
0.06,0.06,0.125,0.085,0.235,0.195,0.17,0.245,0.23,0.295,0.35,0.32,0.015,0.0025,0,0.07,0.31,0.0075,10070.586209583333,53628.25072,0,0
0.495,0.065,0.033,0.018,0.0115,0.012,0.0035,0.007,0.004,0.0105,0.004,0.0045,0.0005,0.0005,0,0.08,0.0065,0.002,10058.55149725,4642.92,0,0
0.5,0.105,0.17,0.205,0.18,0.22,0.13,0.135,0.145,0.08,0.09,0.033,0.006,0.01,1,0.1,0.13,0.0065,10058.449174316665,64629.079623,0,0
0.505,0.93,0.9735,0.982,0.9885,0.9885,0.9965,0.995,0.9945,0.9895,0.995,0.997,0.9995,0.9995,0,0.92,0.995,0.9945,10064.919125333334,619439.086589,0,1
0.5,0.23,0.44,0.585,0.765,0.725,0.89,0.9,0.92,0.95,0.948,0.9925,0.997,0.9995,2,0.21,0.9,0.997,10064.887069583334,29250.782542,0,1
0.045,0.029,0.028,0.0185,0.011,0.0105,0.01,0.009,0.004,0.0045,0.0055,0.005,0.0005,0.0005,0,0.0245,0.0095,0.0005,10069.730574416666,75.607842,0,0
0.165,0.175,0.19,0.21,0.17,0.125,0.06,0.035,0.0035,0.009,0.006,0.003,0.004,0.0005,0,0.185,0.055,0.0005,10069.651592933335,9714.941382,0,0
0.9605,0.971,0.9755,0.98,0.9865,0.989,0.9905,0.99,0.996,0.997,0.996,0.9995,0.9995,0.9995,0,0.9735,0.9905,0.9995,10078.047114583334,19835.483333,0,1
0.49,0.51,0.485,0.54,0.825,0.905,0.956,0.9805,0.9945,0.994,0.9955,0.9925,0.9975,0.9995,3,0.57,0.973,0.998,10078.009125949999,12339.150389,0,1
0.025,0.0245,0.0195,0.0225,0.053,0.0845,0.1445,0.098,0.2735,0.211,0.213,0.3465,0.5085,0.843,7,0.0305,0.1275,0.494,10077.920605566667,251253.299949,0,1
0.495,0.041,0.095,0.0895,0.05,0.065,0.067,0.2065,0.3305,0.3125,0.4525,0.5035,0.4795,0.9995,7,0.5,0.1665,0.472,10078.202466666668,702656.40772,0,1
0.495,0.36,0.335,0.325,0.21,0.075,0.025,0.0175,0.0095,0.0035,0.004,0.0015,0.0025,0.0005,2,0.64,0.023,0.0005,10078.050550000002,150328.487546,0,0
0.495,0.0165,0.015,0.0095,0.011,0.003,0.009,0.0095,0.003,0.003,0.003,0.001,0.001,0.0005,2,0.027,0.0095,0.0005,10077.962716666667,3879.346433,0,0
0.5,0.085,0.0355,0.041,0.036,0.024,0.0115,0.011,0.0025,0.0025,0.003,0.003,0.0005,0.0005,1,0.075,0.0105,0.0005,10069.747082633334,618.046665,0,0
0.495,0.095,0.155,0.155,0.17,0.215,0.26,0.22,0.135,0.1,0.0085,0.0065,0.005,0.0005,2,0.105,0.21,0.0045,10069.672477933334,21456.843703,0,0
0.5,0.945,0.9735,0.984,0.986,0.9875,0.9895,0.99,0.9945,0.995,0.9965,0.9965,0.998,0.9995,0,0.95,0.99,0.9995,10070.687426816667,579.094425,0,1
0.495,0.32,0.52,0.5,0.56,0.74,0.865,0.945,0.981,0.9955,0.9975,0.9975,0.9975,0.9995,7,0.37,0.935,0.9975,10070.4947289,9181.106414,0,1
0.935,0.935,0.9565,0.974,0.986,0.988,0.9875,0.989,0.99,0.996,0.987,0.9955,0.99,0.9995,0,0.94,0.9885,0.995,10070.280969266667,9411.761784,0,1
0.305,0.295,0.365,0.5,0.755,0.685,0.765,0.915,0.97,0.9805,0.983,0.9945,0.992,0.9995,1,0.315,0.78,0.992,10070.0390728,15480.136736,0,1
0.04,0.035,0.0245,0.0165,0.011,0.0105,0.01,0.01,0.01,0.004,0.0115,0.007,0.0005,0.0005,0,0.035,0.01,0.0005,10069.7149888,2049.922,0,0
0.175,0.165,0.175,0.14,0.065,0.085,0.055,0.025,0.0125,0.0115,0.0005,0.0015,0.001,0.0005,0,0.165,0.06,0.001,10069.541708183333,2508.472926,0,0
0.03,0.0285,0.0355,0.067,0.158,0.101,0.1185,0.3065,0.4625,0.638,0.857,0.9125,0.986,0.9995,1,0.031,0.1055,0.9905,10069.4748506,68937.735618,0,1
0.685,0.67,0.665,0.665,0.76,0.875,0.9555,0.9215,0.969,0.9855,0.9955,0.995,0.999,0.9995,0,0.665,0.96,0.999,10070.3444236,55961.200366,0,1
0.08,0.036,0.029,0.027,0.0315,0.055,0.12,0.05,0.082,0.3085,0.588,0.7735,0.907,0.9845,1,0.039,0.1385,0.949,10070.2708725,113236.675849,0,1
0.075,0.085,0.095,0.1,0.07,0.0315,0.009,0.011,0.007,0.0085,0.002,0.002,0.0025,0.0005,0,0.085,0.0075,0.0025,10069.403007883335,1547.975414,0,0
0.08,0.085,0.075,0.075,0.105,0.16,0.255,0.215,0.285,0.235,0.105,0.035,0.0075,0.0075,0,0.09,0.255,0.009,10069.34086505,55607.442325,0,0
0.07,0.09,0.085,0.08,0.085,0.08,0.05,0.017,0.0045,0.003,0.009,0.001,0.001,0.0005,0,0.085,0.034,0.001,10068.030449166667,5695.978903,0,0
0.12,0.08,0.085,0.075,0.07,0.065,0.11,0.175,0.305,0.24,0.36,0.3,0.033,0.005,0,0.085,0.155,0.019,10067.925701600001,44091.579182,0,0
0.925,0.88,0.915,0.92,0.915,0.93,0.965,0.9965,0.996,0.996,0.9945,0.9965,0.9975,0.9995,0,0.89,0.9705,0.9975,10068.699580233333,8015.447595,0,1
0.26,0.16,0.155,0.13,0.115,0.11,0.165,0.255,0.545,0.345,0.55,0.905,0.989,0.999,7,0.17,0.28,0.9955,10068.685972766667,68034.393981,0,1
0.5,0.9485,0.8995,0.9,0.926,0.934,0.9405,0.951,0.987,0.995,0.996,0.998,0.997,0.9995,0,0.9615,0.9435,0.9955,10070.694425366668,19266.287806,0,1
0.5,0.315,0.16,0.135,0.09,0.09,0.095,0.075,0.235,0.2,0.615,0.29,0.69,0.983,8,0.43,0.08,0.61,10070.664290916668,162232.237486,0,1
0.5,0.018,0.0115,0.011,0.004,0.0045,0.004,0.0035,0.004,0.003,0.005,0.003,0.0025,0.0005,1,0.0205,0.0035,0.0025,10070.557322633333,7453.210335,0,0
0.5,0.18,0.19,0.195,0.21,0.22,0.245,0.265,0.27,0.295,0.075,0.2,0.025,0.0005,1,0.15,0.245,0.0175,10070.03464035,67327.753805,0,0
0.5,0.02,0.012,0.012,0.0045,0.005,0.0045,0.0035,0.005,0.0035,0.008,0.0045,0.0035,0.0125,1,0.0305,0.004,0.0015,10069.979779566667,13293.552886,0,0
0.5,0.4,0.49,0.28,0.125,0.085,0.06,0.055,0.045,0.025,0.2415,0.1255,0.658,0.1505,7,0.36,0.055,0.4535,10069.8250487,125757.090339,0,0
0.5,0.955,0.975,0.958,0.912,0.943,0.9585,0.9605,0.968,0.9705,0.9935,0.9975,0.9965,0.9995,0,0.95,0.966,0.9975,10069.819260666667,8403.634872,0,1
0.5,0.065,0.05,0.085,0.14,0.155,0.17,0.18,0.15,0.145,0.0275,0.0135,0.006,0.0005,1,0.075,0.165,0.006,10068.990179466666,10383.055046,0,0
0.5,0.115,0.145,0.08,0.031,0.021,0.012,0.008,0.008,0.0055,0.055,0.01,0.1135,0.0025,1,0.105,0.01,0.0215,10068.891146316666,39194.330857,0,0
0.06,0.035,0.041,0.0365,0.022,0.0365,0.073,0.063,0.036,0.0395,0.032,0.037,0.002,0.002,0,0.037,0.074,0.002,10069.6250423,24518.465674,0,0
0.155,0.165,0.135,0.175,0.215,0.15,0.05,0.0225,0.021,0.01,0.01,0.0065,0.057,0.4695,0,0.155,0.055,0.0175,10069.53255375,95483.159966,0,0
0.96,0.9735,0.971,0.976,0.985,0.9805,0.9645,0.981,0.9885,0.993,0.995,0.995,0.996,0.9955,0,0.966,0.973,0.9995,10074.345826533334,3328.057528,0,1
0.555,0.59,0.5,0.59,0.68,0.49,0.21,0.17,0.12,0.08,0.1,0.07,0.465,0.984,10,0.57,0.23,0.38,10074.020507066665,199747.674966,0,1
0.055,0.0295,0.0225,0.024,0.0245,0.019,0.017,0.0145,0.005,0.005,0.0055,0.005,0.0115,0.0005,0,0.029,0.0155,0.005,10074.281491033333,291.000551,0,0
0.505,0.032,0.0245,0.013,0.0185,0.0145,0.011,0.009,0.0045,0.002,0.0015,0.002,0.0015,0.0005,1,0.035,0.0105,0.0015,10078.001049999999,4846.077372,0,0
0.505,0.0815,0.0565,0.0535,0.034,0.0165,0.0185,0.0475,0.03,0.007,0.01,0.008,0.006,0.0005,1,0.07,0.018,0.0055,10077.796666666667,20723.752356,0,0
0.115,0.13,0.17,0.16,0.21,0.19,0.175,0.28,0.265,0.28,0.355,0.26,0.225,0.1595,0,0.115,0.215,0.145,10070.301830350001,89716.199783,0,1
0.075,0.05,0.0285,0.028,0.0185,0.018,0.0195,0.015,0.0135,0.013,0.0055,0.0035,0.003,0.001,0,0.055,0.0165,0.001,10070.177267183333,2488.155039,0,0
0.905,0.86,0.75,0.795,0.715,0.805,0.875,0.75,0.435,0.365,0.365,0.28,0.21,0.2345,3,0.855,0.835,0.17,10077.6690996,86897.133109,0,1
0.145,0.065,0.0485,0.0475,0.021,0.02,0.0215,0.0145,0.0135,0.012,0.011,0.0145,0.0145,0.0005,0,0.11,0.0185,0.0145,10070.815138866667,390.53072,0,0
0.04,0.023,0.025,0.046,0.0665,0.039,0.052,0.0325,0.026,0.0575,0.1795,0.165,0.0195,0.0115,0,0.026,0.061,0.0075,10070.338261766667,58371.257907,0,0
0.215,0.205,0.21,0.14,0.09,0.125,0.075,0.095,0.115,0.0275,0.0045,0.002,0.0005,0.0005,0,0.205,0.075,0.0015,10070.233324133333,21709.166058,0,0
0.945,0.977,0.9765,0.9275,0.9325,0.9605,0.9485,0.974,0.9865,0.9765,0.936,0.9705,0.993,0.998,0,0.972,0.947,0.9985,10078.099520033335,58930.80881,0,1
0.555,0.49,0.47,0.23,0.16,0.205,0.12,0.115,0.14,0.0305,0.003,0.004,0.0035,0.0005,3,0.505,0.105,0.0035,10077.956768616667,17371.501138,0,0
0.05,0.0175,0.0175,0.0115,0.0135,0.011,0.0105,0.01,0.009,0.009,0.003,0.003,0.003,0.0005,0,0.018,0.01,0.003,10077.9247644,8314.9845,0,0
0.5,0.14,0.145,0.15,0.16,0.235,0.275,0.3,0.295,0.35,0.36,0.29,0.07,0.0165,1,0.145,0.26,0.0275,10070.162249116667,39510.142316,0,0
0.5,0.033,0.0335,0.0355,0.0305,0.0075,0.0065,0.005,0.0045,0.0045,0.0045,0.002,0.0015,0.0005,1,0.0355,0.006,0.0015,10070.092655133334,6425.706284,0,0
0.5,0.835,0.855,0.85,0.85,0.625,0.645,0.665,0.56,0.71,0.72,0.365,0.085,0.024,3,0.845,0.565,0.032,10070.81586555,136198.937167,0,0
0.5,0.06,0.055,0.055,0.047,0.0155,0.0115,0.0105,0.0075,0.017,0.007,0.001,0.003,0.0005,1,0.055,0.0115,0.0025,10070.774659283334,14279.954996,0,0
0.5,0.06,0.09,0.08,0.075,0.08,0.085,0.195,0.235,0.21,0.29,0.2,0.24,0.77,4,0.06,0.11,0.515,10069.075376633333,195935.119176,0,1
0.5,0.12,0.08,0.08,0.055,0.045,0.0435,0.006,0.004,0.0035,0.0035,0.003,0.002,0.0005,1,0.125,0.024,0.002,10068.955543549999,4306.30265,0,0
0.5,0.945,0.9105,0.935,0.9515,0.956,0.95,0.788,0.849,0.908,0.862,0.9575,0.95,0.977,0,0.95,0.931,0.9015,10073.499844133334,89625.859526,0,1
0.5,0.235,0.13,0.12,0.095,0.08,0.065,0.0195,0.0105,0.005,0.0045,0.003,0.0025,0.0005,3,0.275,0.0345,0.0025,10073.38779505,4510.456773,0,0
0.06,0.025,0.012,0.013,0.014,0.0125,0.0105,0.0115,0.0085,0.023,0.019,0.014,0.0115,0.0025,0,0.0335,0.013,0.0045,10069.355787999999,8240.774391,0,0
0.165,0.16,0.15,0.185,0.27,0.255,0.285,0.295,0.33,0.235,0.185,0.225,0.09,0.177,2,0.165,0.3,0.12,10069.165937766667,65965.855887,0,0
0.08,0.08,0.07,0.0365,0.0175,0.0165,0.0105,0.009,0.0085,0.0085,0.008,0.002,0.001,0.0005,0,0.07,0.0095,0.0005,10069.094001566667,5654.763,0,0
0.665,0.785,0.87,0.82,0.695,0.755,0.78,0.775,0.77,0.345,0.255,0.25,0.09,0.1935,1,0.73,0.77,0.0995,10078.14253845,221516.293031,0,0
0.08,0.085,0.065,0.0365,0.0205,0.019,0.017,0.0165,0.016,0.0105,0.0095,0.0015,0.0015,0.0005,0,0.07,0.018,0.0015,10078.120581416668,3154.031,0,0
0.085,0.075,0.095,0.055,0.0355,0.039,0.061,0.0465,0.0395,0.04,0.0925,0.218,0.327,0.014,0,0.075,0.0565,0.172,10074.735068650001,39043.750736,0,0
0.095,0.125,0.08,0.12,0.13,0.12,0.03,0.03,0.0235,0.0235,0.0095,0.0095,0.0025,0.0005,0,0.115,0.032,0.0015,10074.632375033334,34140.865338,0,0
0.885,0.915,0.88,0.945,0.976,0.975,0.9635,0.9765,0.982,0.9785,0.972,0.923,0.931,0.98,0,0.895,0.9685,0.9775,10075.362593666667,42631.142424,0,1
0.225,0.295,0.16,0.25,0.21,0.16,0.045,0.045,0.0335,0.0235,0.0105,0.011,0.001,0.001,0,0.265,0.05,0.001,10075.23710615,602.0529,0,0
0.04,0.0305,0.027,0.0225,0.019,0.0125,0.0115,0.0115,0.0035,0.0035,0.0025,0.0025,0.003,0.0105,0,0.037,0.012,0.005,10074.858252650001,47670.705357,0,0
0.155,0.175,0.165,0.18,0.195,0.24,0.35,0.36,0.345,0.41,0.365,0.365,0.09,0.0005,0,0.165,0.33,0.0245,10074.728476166667,91996.261663,0,0
0.97,0.977,0.974,0.9795,0.98,0.989,0.99,0.9895,0.9975,0.9975,0.9975,0.9975,0.9995,0.982,2,0.4995,0.99,0.9965,10075.463637600002,17539.539063,0,1
0.595,0.67,0.72,0.775,0.69,0.84,0.915,0.875,0.835,0.88,0.87,0.89,0.6,0.0325,1,0.625,0.89,0.245,10075.279013433332,209871.914304,0,0
0.05,0.07,0.079,0.084,0.027,0.039,0.0205,0.013,0.0065,0.0045,0.0035,0.0025,0.0005,0.0025,4,0.06,0.0195,0.0025,10075.243989833334,5222.017,0,0
0.5,0.0485,0.032,0.0635,0.0555,0.025,0.021,0.014,0.0065,0.005,0.004,0.002,0.002,0.0005,1,0.053,0.0265,0.0005,10077.9586,25763.528352,0,0
0.5,0.8,0.685,0.59,0.455,0.63,0.21,0.13,0.205,0.25,0.145,0.17,0.055,0.498,5,0.88,0.145,0.04,10077.822016666667,223636.007085,0,0
0.5,0.052,0.495,0.0255,0.0245,0.019,0.0065,0.004,0.003,0.011,0.007,0.0025,0.002,0.0005,1,0.056,0.0065,0.0005,10077.757833333333,14970.873815,0,0
0.5,0.085,0.095,0.08,0.07,0.06,0.07,0.0265,0.015,0.012,0.006,0.005,0.0065,0.013,1,0.1,0.0285,0.0045,10074.537540183333,41542.388793,0,0
0.5,0.095,0.08,0.085,0.11,0.125,0.07,0.115,0.075,0.024,0.0025,0.002,0.0005,0.0005,1,0.075,0.14,0.0005,10074.4360027,27900.766517,0,0
0.5,0.905,0.875,0.9,0.93,0.945,0.95,0.9845,0.987,0.9945,0.9975,0.9975,0.9975,0.9995,0,0.855,0.973,0.9995,10078.355739983333,6828.462102,0,1
0.5,0.25,0.16,0.5,0.24,0.23,0.13,0.15,0.09,0.0145,0.016,0.0025,0.0025,0.0005,3,0.17,0.225,0.0015,10075.218718016667,7508.803402,0,0
0.5,0.9565,0.948,0.9585,0.946,0.971,0.96,0.9705,0.982,0.986,0.986,0.9965,0.9985,0.999,0,0.9595,0.969,0.9985,10078.1571003,6349.330289,0,1
0.5,0.32,0.285,0.34,0.27,0.27,0.39,0.355,0.325,0.33,0.375,0.085,0.011,0.0025,3,0.33,0.34,0.0025,10078.128942316665,57332.941547,0,0
0.5,0.022,0.0335,0.0345,0.0385,0.019,0.0215,0.018,0.0145,0.01,0.0045,0.003,0.0005,0.0015,1,0.0215,0.0185,0.002,10074.691353466666,4620.734363,0,0
0.5,0.18,0.195,0.175,0.195,0.21,0.17,0.19,0.225,0.215,0.17,0.36,0.78,0.59,2,0.18,0.195,0.77,10074.538459950001,200595.932064,0,1
0.5,0.045,0.045,0.06,0.03,0.028,0.046,0.0365,0.018,0.011,0.0015,0.0055,0.001,0.001,1,0.045,0.0375,0.001,10074.503513833333,10786.246266,0,0
0.495,0.14,0.155,0.145,0.175,0.18,0.165,0.175,0.095,0.13,0.12,0.0345,0.0045,0.0045,0,0.13,0.17,0.003,10074.013409816665,32150.57524,0,0
0.495,0.05,0.05,0.04,0.04,0.034,0.0315,0.025,0.0435,0.0355,0.015,0.0055,0.0035,0.0005,0,0.06,0.0355,0.0005,10073.94522765,13384.752701,0,0
0.5,0.82,0.83,0.845,0.835,0.765,0.835,0.87,0.915,0.885,0.9595,0.987,0.998,0.9995,0,0.835,0.825,0.9995,10074.671091466667,62054.779295,0,1
0.5,0.1,0.08,0.075,0.08,0.06,0.06,0.04,0.0815,0.0615,0.027,0.0195,0.002,0.0005,3,0.12,0.04,0.002,10074.612865933334,13156.074334,0,0
0.495,0.0445,0.0515,0.0395,0.0265,0.026,0.0285,0.025,0.018,0.014,0.0125,0.025,0.004,0.001,0,0.0595,0.0275,0.006,10074.409863766667,35848.837675,0,0
0.495,0.185,0.18,0.2,0.21,0.22,0.22,0.235,0.255,0.305,0.235,0.245,0.285,0.0055,0,0.165,0.225,0.17,10074.480372533335,63847.715475,0,0
0.5,0.9735,0.981,0.978,0.982,0.9805,0.9825,0.9755,0.9835,0.9865,0.9965,0.996,0.999,0.9995,0,0.974,0.9795,0.9975,10077.827549866666,6630.586828,0,1
0.5,0.475,0.56,0.485,0.495,0.51,0.51,0.375,0.425,0.39,0.61,0.56,0.675,0.9895,24,0.505,0.45,0.81,10077.682114783333,105158.486893,0,1
0.5,0.0265,0.014,0.014,0.012,0.012,0.01,0.0105,0.011,0.0095,0.0845,0.0035,0.003,0.0005,1,0.031,0.009,0.002,10073.9992,2590.375343,0,0
0.5,0.055,0.05,0.07,0.09,0.075,0.055,0.065,0.045,0.0355,0.015,0.0095,0.027,0.007,1,0.055,0.06,0.038,10073.884250000001,27806.55975,0,0
0.5,0.16,0.185,0.16,0.125,0.14,0.145,0.15,0.155,0.22,0.21,0.15,0.05,0.016,1,0.155,0.15,0.015,10073.949133333334,62544.576175,0,0
0.5,0.72,0.74,0.825,0.915,0.9,0.915,0.905,0.905,0.885,0.905,0.969,0.9935,0.996,0,0.685,0.885,0.9965,10078.208837866667,31552.306163,0,1
0.5,0.06,0.042,0.063,0.075,0.05,0.0345,0.0435,0.041,0.0245,0.0165,0.004,0.004,0.0005,1,0.05,0.031,0.0045,10078.142358516667,17441.284227,0,0
0.5,0.11,0.065,0.05,0.0355,0.0155,0.009,0.0055,0.0045,0.0045,0.006,0.003,0.003,0.005,1,0.11,0.007,0.003,10074.640883333333,21514.837265,0,0
0.5,0.085,0.13,0.145,0.185,0.21,0.275,0.275,0.295,0.3,0.235,0.18,0.2,0.0185,1,0.09,0.28,0.29,10074.566366666666,29201.146156,0,0
0.5,0.935,0.9735,0.9795,0.983,0.986,0.987,0.9895,0.963,0.9885,0.9905,0.9975,0.997,0.9995,0,0.925,0.989,0.997,10075.368614866666,4047.0,0,1
0.5,0.31,0.485,0.56,0.59,0.66,0.77,0.81,0.81,0.805,0.69,0.685,0.815,0.982,4,0.29,0.775,0.95,10075.267529300001,77412.674065,0,1
0.5,0.05,0.07,0.059,0.0245,0.013,0.0055,0.0025,0.0055,0.002,0.004,0.004,0.0035,0.0005,1,0.06,0.004,0.001,10074.789983333332,2927.4,0,0
0.5,0.135,0.125,0.14,0.225,0.23,0.295,0.35,0.33,0.37,0.405,0.44,0.55,0.97,10,0.135,0.305,0.425,10074.756316666666,93475.279917,0,1
0.5,0.9705,0.9695,0.9825,0.982,0.985,0.9875,0.9875,0.9875,0.9905,0.9905,0.9975,0.9875,0.9995,0,0.9675,0.9875,0.999,10075.349467066666,8931.775795,0,1
0.5,0.54,0.445,0.5,0.695,0.755,0.82,0.895,0.96,0.9685,0.975,0.977,0.975,0.976,4,0.5,0.89,0.9895,10075.254694916666,41181.930691,0,1
0.5,0.033,0.0165,0.018,0.027,0.0255,0.016,0.0065,0.0185,0.0155,0.015,0.013,0.0095,0.0005,1,0.032,0.02,0.01,10075.19870405,8898.044311,0,0
0.22,0.15,0.155,0.085,0.085,0.14,0.095,0.255,0.09,0.085,0.05,0.0455,0.0175,0.008,0,0.16,0.085,0.013,9724.188636566667,85250.794325,0,0
0.03,0.0155,0.024,0.025,0.0185,0.019,0.012,0.0075,0.0065,0.003,0.005,0.0065,0.0025,0.0005,0,0.012,0.0155,0.001,9724.150025733334,79348.413901,0,0
0.035,0.0295,0.029,0.0235,0.0135,0.019,0.015,0.013,0.0075,0.0035,0.0105,0.007,0.0035,0.0005,2,0.0315,0.0135,0.002,9724.120319983334,57047.65396,0,0
0.62,0.6,0.74,0.765,0.645,0.765,0.89,0.91,0.9765,0.993,0.985,0.9855,0.995,0.995,0,0.615,0.92,0.995,10078.433690950002,22463.902322,0,1
0.05,0.045,0.05,0.067,0.028,0.0345,0.048,0.0295,0.0355,0.0055,0.0115,0.0055,0.005,0.0005,0,0.045,0.044,0.0155,10078.395865066666,62342.575458,0,0
0.5,0.075,0.08,0.08,0.09,0.12,0.07,0.095,0.15,0.165,0.32,0.225,0.35,0.12,9,0.07,0.065,0.29,10074.59805,302826.065185,0,0
0.5,0.11,0.115,0.125,0.165,0.17,0.135,0.16,0.285,0.305,0.33,0.575,0.645,0.82,8,0.105,0.14,0.695,10074.618016666667,246230.87754,0,1
0.5,0.895,0.915,0.925,0.9595,0.964,0.9585,0.974,0.9845,0.983,0.984,0.994,0.9925,0.9975,0,0.885,0.9655,0.9925,10075.413157250001,12278.610235,0,1
0.5,0.26,0.28,0.28,0.345,0.41,0.25,0.305,0.51,0.525,0.82,0.82,0.9815,0.989,4,0.24,0.25,0.9835,10075.323427083333,138354.555845,0,1
0.5,0.84,0.81,0.865,0.875,0.925,0.945,0.9595,0.938,0.9775,0.987,0.986,0.987,0.9995,0,0.835,0.95,0.9905,9824.5247063,53991.585011,0,1
0.5,0.745,0.685,0.75,0.775,0.83,0.86,0.9,0.84,0.965,0.981,0.987,0.9935,0.9995,0,0.72,0.87,0.987,9824.27487585,46674.698217,0,1
0.5,0.0505,0.0605,0.037,0.04,0.018,0.014,0.014,0.0155,0.011,0.0095,0.0025,0.001,0.0115,1,0.035,0.0175,0.0015,9874.325290600002,10104.80058,0,0
0.5,0.0415,0.03,0.0375,0.0295,0.036,0.0265,0.0185,0.0065,0.0145,0.008,0.0045,0.003,0.004,1,0.0475,0.0215,0.0025,9874.0682973,48989.611673,0,0
0.51,0.045,0.035,0.0435,0.04,0.0505,0.046,0.0415,0.0195,0.048,0.0405,0.035,0.0395,0.014,1,0.05,0.0435,0.009,9874.113284283334,45378.65474,0,0
0.5,0.085,0.08,0.105,0.04,0.0345,0.024,0.029,0.018,0.0195,0.014,0.0145,0.0085,0.0005,1,0.08,0.0255,0.009,9716.99171305,52750.154563,0,0
0.5,0.155,0.14,0.215,0.1,0.085,0.06,0.08,0.055,0.055,0.0245,0.045,0.011,0.012,1,0.15,0.06,0.014,9717.02662935,180573.715379,0,0
0.495,0.105,0.12,0.15,0.125,0.125,0.09,0.12,0.11,0.16,0.105,0.21,0.024,0.375,0,0.105,0.105,0.0505,9781.362043316667,146272.033191,0,0
0.495,0.15,0.17,0.19,0.17,0.185,0.17,0.21,0.2,0.28,0.27,0.425,0.305,0.605,1,0.15,0.18,0.39,9781.366256066665,315354.246049,0,1
0.5,0.08,0.08,0.08,0.08,0.05,0.031,0.0575,0.01,0.009,0.009,0.008,0.0075,0.001,1,0.075,0.0485,0.0075,9808.3892402,32215.059625,0,0
0.5,0.055,0.045,0.0385,0.024,0.043,0.0345,0.0115,0.016,0.014,0.016,0.012,0.011,0.0005,1,0.06,0.029,0.0095,9808.541263066667,17337.661846,0,0
0.96,0.9705,0.976,0.9825,0.985,0.9825,0.9845,0.987,0.99,0.99,0.9895,0.9905,0.991,0.9995,0,0.97,0.988,0.997,9884.531943616666,18915.3837,0,1
0.95,0.94,0.96,0.972,0.9795,0.9555,0.9755,0.979,0.9835,0.99,0.9875,0.99,0.992,0.9995,0,0.935,0.969,0.9945,9884.872293266668,26502.590362,0,1
0.46,0.335,0.35,0.545,0.46,0.42,0.425,0.425,0.425,0.745,0.77,0.685,0.5,0.9995,3,0.3,0.425,0.989,10739.107816666667,452157.909881,0,1
0.79,0.85,0.875,0.815,0.84,0.885,0.875,0.665,0.77,0.895,0.9,0.995,0.9975,0.9995,0,0.85,0.815,0.9975,9632.7948633,6557.296955,0,1
0.415,0.455,0.585,0.575,0.655,0.685,0.645,0.76,0.72,0.515,0.395,0.665,0.68,0.9995,7,0.405,0.65,0.9085,9630.66329575,220016.172933,0,1
0.035,0.0435,0.035,0.033,0.027,0.0185,0.032,0.0165,0.0095,0.003,0.0075,0.0055,0.0035,0.0015,0,0.0385,0.024,0.0025,9631.262953816668,175430.653002,0,0
0.5,0.125,0.135,0.11,0.105,0.1,0.105,0.085,0.205,0.185,0.185,0.065,0.0795,0.01,1,0.125,0.165,0.103,9693.803024066667,436360.305589,0,0
0.5,0.23,0.255,0.215,0.2,0.23,0.23,0.195,0.43,0.44,0.49,0.225,0.345,0.03,9,0.225,0.335,0.465,9694.731452283333,661651.874106,0,0
0.5,0.145,0.16,0.17,0.175,0.175,0.175,0.23,0.255,0.28,0.275,0.37,0.42,0.795,2,0.145,0.23,0.385,9888.279100000002,302957.673271,0,1
0.5,0.17,0.185,0.195,0.21,0.21,0.23,0.21,0.16,0.205,0.145,0.25,0.19,0.181,1,0.165,0.2,0.12,9888.319333333335,176912.215809,0,0
0.5,0.115,0.14,0.185,0.19,0.23,0.23,0.26,0.25,0.31,0.295,0.21,0.165,0.01,1,0.145,0.245,0.225,9938.988334016667,159210.272109,0,0
0.5,0.07,0.09,0.135,0.17,0.18,0.175,0.2,0.2,0.195,0.2,0.065,0.029,0.0005,1,0.095,0.175,0.0265,9938.992568216667,72181.26931,0,0
0.5,0.93,0.93,0.835,0.68,0.76,0.76,0.78,0.765,0.84,0.865,0.9775,0.9905,0.9905,0,0.88,0.785,0.9905,10001.6849645,111216.749793,0,1
0.5,0.965,0.962,0.9105,0.8055,0.8765,0.88,0.892,0.899,0.94,0.946,0.99,0.994,0.9995,0,0.94,0.9075,0.9945,10000.882321833335,97169.433549,0,1
0.5,0.305,0.225,0.23,0.13,0.09,0.08,0.235,0.42,0.37,0.24,0.395,0.445,0.0175,7,0.35,0.115,0.475,9969.616487416666,293035.848874,0,0
0.5,0.125,0.17,0.18,0.24,0.24,0.27,0.16,0.07,0.05,0.08,0.027,0.0095,0.001,3,0.12,0.255,0.004,9969.5845801,173507.658002,0,0
0.505,0.795,0.815,0.875,0.925,0.95,0.944,0.873,0.7995,0.875,0.879,0.8885,0.9015,0.9995,0,0.79,0.9415,0.943,10149.985483333332,181101.207999,0,1
0.48,0.795,0.72,0.775,0.695,0.685,0.36,0.47,0.395,0.325,0.38,0.09,0.07,0.0045,4,0.69,0.57,0.008,10953.846116666666,4487549.808763,0,0
0.425,0.58,0.515,0.245,0.255,0.23,0.09,0.075,0.15,0.56,0.395,0.135,0.28,0.19,10,0.295,0.085,0.04,9785.97115025,559901.52395,0,0
0.29,0.35,0.29,0.13,0.125,0.115,0.04,0.0335,0.056,0.188,0.105,0.0245,0.025,0.014,0,0.175,0.0355,0.0225,9786.534483333333,258334.1398,0,0
0.5,0.14,0.12,0.12,0.12,0.05,0.011,0.024,0.017,0.012,0.007,0.0165,0.0085,0.0005,1,0.16,0.0175,0.0065,10168.055358166666,60467.399997,0,0
0.5,0.915,0.89,0.91,0.885,0.69,0.605,0.525,0.715,0.655,0.695,0.935,0.84,0.025,9,0.935,0.485,0.83,10225.461857283333,577297.19857,0,0
0.5,0.535,0.42,0.435,0.36,0.17,0.09,0.065,0.085,0.045,0.035,0.115,0.011,0.0005,1,0.625,0.065,0.0065,10224.63101725,259910.892146,0,0
0.22,0.2,0.195,0.175,0.205,0.215,0.25,0.27,0.175,0.16,0.075,0.06,0.03,0.009,0,0.2,0.26,0.02,10393.604352,106064.940744,0,0
0.5,0.825,0.755,0.77,0.945,0.93,0.93,0.94,0.79,0.735,0.54,0.56,0.825,0.99,6,0.815,0.95,0.855,10440.943160249999,446534.54852,0,1
0.5,0.12,0.08,0.09,0.19,0.14,0.09,0.07,0.045,0.009,0.0075,0.0025,0.0025,0.0025,3,0.115,0.09,0.006,10440.576921566668,97318.95655,0,0
0.49,0.13,0.11,0.11,0.11,0.12,0.075,0.09,0.275,0.2,0.18,0.1,0.024,0.0015,0,0.18,0.095,0.0045,10209.922132766666,58182.614274,0,0
0.495,0.33,0.185,0.17,0.19,0.15,0.06,0.08,0.36,0.15,0.115,0.065,0.0145,0.002,0,0.385,0.105,0.0035,10249.434333333335,280222.568267,0,0
0.5,0.44,0.34,0.15,0.15,0.14,0.065,0.055,0.0325,0.107,0.0225,0.0235,0.0075,0.004,1,0.45,0.05,0.0075,9714.98855,145688.035648,0,0
0.5,0.52,0.24,0.515,0.355,0.26,0.355,0.46,0.475,0.017,0.0375,0.011,0.015,0.013,7,0.185,0.41,0.0185,9715.455216666665,469072.71495,0,0
0.5,0.195,0.22,0.22,0.215,0.145,0.18,0.12,0.065,0.05,0.042,0.013,0.0085,0.0215,1,0.2,0.155,0.0025,10156.88680815,223633.809638,0,0
0.5,0.525,0.515,0.5,0.51,0.275,0.345,0.21,0.08,0.08,0.08,0.024,0.0075,0.023,19,0.485,0.275,0.0035,10294.891383333334,308763.705927,0,0
0.5,0.14,0.14,0.195,0.14,0.14,0.145,0.17,0.155,0.05,0.042,0.008,0.003,0.0005,1,0.145,0.14,0.003,10158.609702099999,50900.893479,0,0
0.49,0.775,0.36,0.41,0.285,0.235,0.245,0.305,0.225,0.055,0.065,0.0265,0.003,0.0005,2,0.71,0.215,0.003,10231.973633333333,155151.708872,0,0
0.5,0.495,0.39,0.4,0.405,0.325,0.38,0.42,0.525,0.4,0.47,0.76,0.77,0.9995,14,0.715,0.455,0.945,9691.35945,19202.639825,0,1
0.5,0.17,0.18,0.2,0.175,0.11,0.195,0.26,0.245,0.295,0.315,0.43,0.115,0.002,1,0.165,0.215,0.055,10424.55286155,189459.072748,0,0
0.825,0.415,0.45,0.48,0.595,0.77,0.31,0.385,0.165,0.115,0.1,0.145,0.014,0.005,9,0.445,0.315,0.0135,10436.990566666667,225923.431652,0,0
0.745,0.865,0.865,0.85,0.885,0.835,0.92,0.91,0.925,0.935,0.915,0.93,0.985,0.9995,0,0.905,0.91,0.988,11169.33255,130839.701187,0,1
0.5,0.215,0.185,0.21,0.205,0.1,0.18,0.195,0.155,0.12,0.0305,0.2235,0.257,0.8735,2,0.205,0.18,0.155,10156.975433333333,448389.319955,0,1
0.5,0.12,0.06,0.06,0.018,0.02,0.0115,0.008,0.003,0.0025,0.002,0.0025,0.003,0.0035,1,0.12,0.013,0.003,10349.9967828,34167.031615,0,0
0.275,0.25,0.39,0.39,0.31,0.36,0.36,0.485,0.555,0.87,0.645,0.765,0.895,0.989,3,0.26,0.34,0.845,10349.73521915,374814.434332,0,1
0.175,0.1,0.044,0.0365,0.056,0.019,0.059,0.073,0.0215,0.0065,0.0105,0.005,0.013,0.739,1,0.14,0.1425,0.004,9298.674344616667,539006.084882,0,1
0.795,0.85,0.875,0.855,0.79,0.82,0.84,0.865,0.86,0.94,0.925,0.97,0.9995,0.9995,0,0.85,0.865,0.9995,9297.649983333333,10033.801,0,1
0.08,0.053,0.0565,0.0535,0.032,0.0105,0.017,0.009,0.006,0.0075,0.002,0.0005,0.0005,0.0005,0,0.057,0.014,0.0005,9297.986083333333,42792.777801,0,0
0.5,0.335,0.295,0.21,0.325,0.23,0.455,0.505,0.49,0.6,0.405,0.8,0.975,0.999,12,0.335,0.56,0.9805,10350.274268233334,359312.805134,0,1
0.5,0.14,0.155,0.15,0.15,0.145,0.13,0.165,0.195,0.2,0.125,0.0445,0.001,0.0005,1,0.14,0.15,0.0005,10372.953326133334,211368.71542,0,0
0.5,0.22,0.25,0.46,0.59,0.585,0.705,0.63,0.58,0.56,0.47,0.68,0.835,0.304,11,0.285,0.645,0.805,10113.020744933334,1050086.168095,0,0
0.5,0.625,0.655,0.38,0.23,0.215,0.135,0.19,0.22,0.16,0.185,0.05,0.01,0.0035,3,0.54,0.18,0.0125,10172.991527716666,264482.079384,0,0
0.505,0.795,0.635,0.69,0.645,0.74,0.685,0.14,0.07,0.0195,0.0025,0.0025,0.003,0.0005,3,0.66,0.325,0.001,9310.202504883335,372992.779208,0,0
0.5,0.41,0.315,0.43,0.39,0.36,0.375,0.41,0.245,0.18,0.225,0.625,0.805,0.9995,8,0.385,0.35,0.745,9310.306431583333,178579.808009,0,1
0.13,0.14,0.14,0.155,0.155,0.155,0.19,0.23,0.205,0.185,0.125,0.245,0.37,0.265,0,0.145,0.21,0.3,10331.288567000001,449663.03216,0,0
0.515,0.155,0.12,0.12,0.075,0.07,0.07,0.035,0.0545,0.0575,0.031,0.012,0.0445,0.002,1,0.165,0.07,0.0235,10104.684135733334,436562.995932,0,0
0.5,0.775,0.8,0.81,0.85,0.855,0.85,0.9,0.875,0.865,0.935,0.978,0.785,0.9885,0,0.77,0.87,0.8015,10151.64867195,1272584.115532,0,1
0.525,0.41,0.395,0.25,0.205,0.295,0.335,0.32,0.38,0.37,0.18,0.29,0.1,0.0195,1,0.4,0.31,0.07,10418.856022583332,220904.272114,0,0
0.705,0.6,0.58,0.62,0.59,0.57,0.515,0.685,0.755,0.86,0.705,0.82,0.865,0.9995,0,0.69,0.6,0.995,9365.691457566667,4944.20075,0,1
0.395,0.14,0.135,0.13,0.15,0.155,0.145,0.21,0.25,0.22,0.23,0.21,0.08,0.0205,0,0.135,0.185,0.03,10270.148437766667,178678.230988,0,0
0.51,0.525,0.425,0.395,0.28,0.185,0.065,0.065,0.06,0.055,0.1,0.095,0.0015,0.0015,9,0.485,0.055,0.0015,11127.4357622,344865.128578,0,0
0.505,0.155,0.165,0.14,0.165,0.18,0.18,0.22,0.245,0.28,0.315,0.395,0.29,0.004,1,0.155,0.175,0.05,10150.446875916667,158431.952185,0,0
0.14,0.15,0.155,0.14,0.19,0.19,0.205,0.21,0.215,0.245,0.305,0.32,0.305,0.955,1,0.145,0.205,0.58,10261.691032833332,281933.009874,0,1
0.5,0.0275,0.01,0.0145,0.027,0.0115,0.014,0.014,0.007,0.0045,0.0035,0.003,0.0005,0.0005,1,0.03,0.0135,0.0005,9362.740116666666,75654.660646,0,0
0.45,0.055,0.0405,0.045,0.0595,0.065,0.0795,0.0675,0.0475,0.042,0.0275,0.027,0.0115,0.0025,0,0.065,0.0895,0.031,10241.3202652,78299.78764,0,0
0.5,0.08,0.095,0.085,0.08,0.045,0.07,0.086,0.099,0.118,0.1345,0.1515,0.059,0.3635,1,0.08,0.085,0.046,10352.631710099999,1917561.206811,0,1
0.395,0.11,0.12,0.0235,0.0115,0.0105,0.01,0.011,0.006,0.0045,0.005,0.0055,0.002,0.0005,0,0.12,0.01,0.002,10308.190945216666,13447.541274,0,0
0.5,0.245,0.175,0.165,0.14,0.06,0.0245,0.008,0.0075,0.003,0.0045,0.0015,0.0005,0.0005,1,0.255,0.0175,0.0005,10401.016305783332,98545.963431,0,0
0.5,0.53,0.585,0.585,0.61,0.805,0.925,0.9755,0.9845,0.984,0.989,0.9935,0.9995,0.9995,2,0.52,0.951,0.999,10407.7272,344450.397617,0,1
0.505,0.15,0.145,0.165,0.15,0.15,0.19,0.19,0.15,0.135,0.039,0.029,0.0015,0.0005,1,0.15,0.21,0.0015,10211.51369465,91746.836329,0,0
0.5,0.315,0.465,0.545,0.48,0.3,0.37,0.385,0.46,0.5,0.29,0.335,0.445,0.33,19,0.165,0.375,0.37,11308.620286933332,1707780.931343,0,1
0.395,0.345,0.35,0.355,0.355,0.345,0.28,0.18,0.1,0.25,0.48,0.53,0.695,0.0045,8,0.33,0.265,0.505,10057.996298516666,1062641.849814,0,0
0.395,0.17,0.205,0.16,0.175,0.075,0.195,0.135,0.275,0.21,0.36,0.165,0.0165,0.0005,2,0.18,0.16,0.005,9962.98675035,783342.955436,0,0
0.115,0.12,0.15,0.15,0.18,0.16,0.21,0.205,0.235,0.23,0.255,0.37,0.47,0.0125,2,0.125,0.22,0.565,9962.070006349999,419617.980802,0,0
0.275,0.175,0.13,0.135,0.1,0.1,0.034,0.0205,0.018,0.018,0.0175,0.018,0.067,0.004,0,0.185,0.023,0.046,10148.44954245,812680.621772,0,0
0.59,0.67,0.7,0.715,0.775,0.74,0.91,0.94,0.9535,0.947,0.953,0.8805,0.6025,0.9675,0,0.635,0.94,0.6915,10156.6145,2186026.758218,0,1
0.5,0.9895,0.988,0.9845,0.9885,0.9935,0.9885,0.994,0.994,0.994,0.988,0.9935,0.986,0.9995,0,0.9895,0.994,0.9835,9938.250363833333,66132.59141600007,1,1
0.5,0.215,0.195,0.19,0.215,0.19,0.15,0.085,0.095,0.05,0.01,0.0075,0.0005,0.0005,3,0.17,0.135,0.0005,10077.5565249,47928.943143,1,0
0.24,0.13,0.08,0.1,0.05,0.055,0.075,0.09,0.08,0.105,0.5,0.555,0.225,0.065,10,0.105,0.08,0.395,9936.854154883333,4262.817863,1,0
0.25,0.251,0.0155,0.011,0.01,0.006,0.009,0.006,0.055,0.081,0.0195,0.016,0.1795,0.019,0,0.19,0.0125,0.055,9935.13243675,17643.52104700001,1,0
0.195,0.29,0.365,0.395,0.4,0.4,0.39,0.335,0.38,0.32,0.04,0.044,0.0045,0.0005,0,0.31,0.33,0.0015,9937.054202766665,3874.742439,1,0
0.0375,0.0125,0.018,0.0595,0.0185,0.16,0.2475,0.023,0.0185,0.0065,0.012,0.003,0.0005,0.0005,0,0.023,0.038,0.0005,10066.400553566667,3235.282285,1,0
0.31,0.27,0.36,0.365,0.4,0.43,0.47,0.475,0.45,0.33,0.44,0.325,0.012,0.0015,2,0.325,0.48,0.0075,10065.345811283334,13662.782972999987,1,0
0.04,0.019,0.0185,0.02,0.018,0.017,0.0175,0.0135,0.008,0.0065,0.004,0.003,0.0005,0.0005,0,0.024,0.017,0.0005,10069.050680749999,37049.91549,1,0
0.0175,0.0155,0.012,0.016,0.0155,0.015,0.0125,0.011,0.0015,0.005,0.001,0.0005,0.0005,0.0005,0,0.016,0.0125,0.0005,10073.610350666666,36429.53657699999,1,0
0.085,0.095,0.07,0.037,0.028,0.025,0.2485,0.0215,0.019,0.02,0.02,0.006,0.001,0.0005,0,0.105,0.03,0.001,10059.244093366666,4298.723329,1,0
0.25,0.015,0.0105,0.0205,0.0195,0.0145,0.0215,0.0065,0.006,0.004,0.0055,0.001,0.001,0.0005,0,0.0105,0.172,0.0005,10063.35912125,1801.3965130000001,1,0
0.425,0.42,0.34,0.14,0.17,0.12,0.105,0.11,0.125,0.095,0.075,0.024,0.012,0.0005,0,0.44,0.11,0.004,10071.655648933334,147129.14065500002,1,0
0.055,0.01,0.01,0.0135,0.014,0.0145,0.0085,0.001,0.001,0.001,0.0005,0.0005,0.0005,0.0005,0,0.01,0.0015,0.0005,10075.549777949998,27862.181088,1,0
0.26,0.0305,0.0145,0.0075,0.0085,0.0135,0.0135,0.0135,0.0115,0.01,0.0015,0.0015,0.0005,0.0005,0,0.0155,0.0135,0.0005,10042.976549716666,3741.539665999999,1,0
0.05,0.0305,0.028,0.0175,0.0175,0.0215,0.021,0.021,0.0045,0.0025,0.002,0.0015,0.0005,0.0005,0,0.045,0.02,0.0005,10041.470738600001,2040.651585,1,0
0.25,0.185,0.015,0.014,0.011,0.0155,0.0155,0.0155,0.01,0.0005,0.0005,0.0005,0.0005,0.0005,0,0.25,0.015,0.0005,10041.5867269,2726.5699999999997,1,0
0.885,0.83,0.755,0.795,0.74,0.46,0.62,0.595,0.61,0.665,0.75,0.71,0.455,0.025,5,0.82,0.535,0.33,10075.6329819,104614.48459399972,1,0
0.028,0.021,0.0155,0.016,0.0155,0.0165,0.006,0.0055,0.0015,0.001,0.001,0.001,0.0005,0.0005,0,0.0205,0.0055,0.0005,10075.432096733333,31510.789,1,0
0.5,0.0195,0.029,0.0265,0.03,0.025,0.0675,0.021,0.021,0.024,0.003,0.005,0.003,0.0005,1,0.0225,0.033,0.0015,10075.630095116667,28193.091701,1,0
0.5,0.01,0.007,0.007,0.009,0.0045,0.0045,0.0015,0.0015,0.001,0.001,0.0005,0.0005,0.0005,1,0.0105,0.0045,0.0005,10076.349955549998,2865.3549499999995,1,0
0.5,0.31,0.255,0.295,0.38,0.31,0.235,0.43,0.355,0.4,0.35,0.545,0.77,0.9995,6,0.315,0.41,0.72,10075.63912145,14793.622486000002,1,1
0.045,0.038,0.0185,0.017,0.025,0.022,0.055,0.091,0.041,0.0295,0.0175,0.0235,0.004,0.003,0,0.041,0.1485,0.0055,10073.1669115,14991.170925999999,1,0
0.045,0.0385,0.034,0.026,0.0195,0.02,0.0195,0.016,0.0115,0.011,0.001,0.0005,0.0005,0.0005,0,0.047,0.0115,0.0005,10072.7876173,3724.680472,1,0
0.07,0.07,0.075,0.045,0.0245,0.016,0.016,0.0175,0.0175,0.004,0.004,0.0015,0.0005,0.0005,0,0.08,0.016,0.0005,10077.3584925,1161.9081019999999,1,0
0.95,0.945,0.9705,0.9615,0.9465,0.9575,0.9205,0.8795,0.945,0.967,0.985,0.991,0.9975,0.997,0,0.935,0.8325,0.9985,10077.337299216666,160565.22252100008,1,1
0.0245,0.0055,0.0105,0.014,0.0045,0.0055,0.006,0.0055,0.0055,0.0145,0.0065,0.0055,0.0025,0.0005,0,0.024,0.0055,0.001,10071.500385583333,11022.804832000002,1,0
0.09,0.175,0.14,0.15,0.17,0.095,0.055,0.055,0.017,0.0205,0.017,0.005,0.0025,0.0005,0,0.18,0.05,0.0015,10071.3029454,3241.8587180000013,1,0
0.875,0.985,0.985,0.9835,0.9875,0.99,0.9885,0.9985,0.9985,0.9875,0.995,0.9965,0.9995,0.9995,0,0.985,0.9885,0.9995,10077.324192066668,2152.1455,1,1
0.135,0.26,0.2,0.19,0.195,0.115,0.06,0.065,0.018,0.014,0.0065,0.007,0.003,0.0005,0,0.26,0.055,0.0005,10077.310984166666,31379.68842,1,0
0.011,0.011,0.005,0.014,0.019,0.0195,0.055,0.0085,0.0055,0.004,0.0035,0.0015,0.0005,0.0005,0,0.011,0.0185,0.0005,10074.01728095,3685.707400999999,1,0
0.41,0.37,0.33,0.245,0.29,0.37,0.255,0.42,0.44,0.51,0.34,0.32,0.0215,0.003,2,0.36,0.335,0.007,10073.714685616667,14618.62614,1,0
0.0155,0.0155,0.005,0.016,0.0195,0.0195,0.0575,0.006,0.0055,0.004,0.0005,0.0005,0.0005,0.0005,0,0.0155,0.0195,0.0005,10072.759504566668,1223.1622,1,0
0.88,0.9,0.845,0.74,0.775,0.88,0.77,0.93,0.942,0.953,0.9335,0.933,0.7265,0.26,1,0.89,0.86,0.313,10076.3819989,128492.33668599995,1,0
0.016,0.015,0.012,0.0155,0.016,0.0185,0.0165,0.0125,0.0115,0.006,0.001,0.0015,0.0005,0.0005,0,0.015,0.016,0.0005,10076.761207766665,13931.815271999996,1,0
0.265,0.016,0.054,0.018,0.015,0.0155,0.0155,0.0155,0.0155,0.0035,0.0035,0.0015,0.0005,0.0005,0,0.016,0.015,0.0005,10063.739288866667,7074.400000000001,1,0
0.25,0.335,0.375,0.395,0.275,0.175,0.35,0.42,0.325,0.48,0.435,0.63,0.195,0.0105,6,0.33,0.385,0.21,10072.891708816667,3662.1420890000004,1,0
0.5,0.9845,0.9845,0.981,0.98,0.9745,0.9895,0.9935,0.988,0.993,0.999,0.9985,0.9985,0.9995,0,0.9845,0.992,0.9995,10074.683504633334,30548.70970899999,1,1
0.5,0.29,0.24,0.215,0.095,0.04,0.21,0.185,0.11,0.095,0.04,0.071,0.003,0.0005,3,0.32,0.2,0.0025,10076.63090915,103787.510386,1,0
0.04,0.0255,0.017,0.02,0.0155,0.018,0.011,0.0395,0.0235,0.0215,0.018,0.0055,0.005,0.0005,0,0.039,0.01,0.001,10061.551633883333,46450.835384,1,0
0.115,0.105,0.08,0.075,0.04,0.0335,0.1305,0.321,0.065,0.0435,0.0495,0.017,0.008,0.0035,0,0.13,0.146,0.0095,10061.365307316668,11915.262142000003,1,0
0.5,0.984,0.9845,0.9805,0.9825,0.988,0.9845,0.975,0.9885,0.992,0.992,0.996,0.999,0.9995,0,0.979,0.9845,0.999,10077.143009183334,10190.267432000002,1,1
0.095,0.085,0.07,0.055,0.0465,0.0185,0.0165,0.0175,0.0355,0.025,0.0105,0.009,0.0015,0.001,0,0.07,0.016,0.0005,10067.6461126,71826.09243100001,1,0
0.5,0.985,0.987,0.984,0.985,0.99,0.9905,0.988,0.9895,0.995,0.9985,0.999,0.9995,0.9995,0,0.985,0.989,0.9995,10077.559665133333,6515.581,1,1
0.27,0.25,0.285,0.26,0.235,0.255,0.255,0.295,0.57,0.575,0.345,0.32,0.55,0.009,6,0.245,0.225,0.34,10070.738165633335,5084.148968999999,1,0
0.02,0.0155,0.011,0.02,0.05,0.0195,0.011,0.011,0.009,0.001,0.0015,0.001,0.001,0.0005,0,0.0175,0.011,0.0005,10069.612052616667,2914.7759999999994,1,0
0.49,0.625,0.56,0.63,0.675,0.69,0.705,0.69,0.33,0.135,0.635,0.665,0.45,0.991,13,0.63,0.735,0.675,10075.419084433333,66537.57038700006,1,1
0.015,0.011,0.0105,0.0145,0.0155,0.0145,0.0145,0.008,0.0015,0.0015,0.0005,0.0005,0.0005,0.0005,0,0.0115,0.009,0.0005,10077.08146945,1818.5925,1,0
0.5,0.05,0.03,0.0255,0.0205,0.0105,0.0105,0.0065,0.0055,0.0055,0.0105,0.006,0.0015,0.0015,1,0.055,0.0105,0.002,10076.580683633334,139137.07940399987,1,0
0.5,0.011,0.011,0.0045,0.001,0.0015,0.0005,0.0005,0.0005,0.0005,0.0005,0.0005,0.0005,0.0005,1,0.0145,0.0005,0.0005,10075.017174216666,2608.9674999999997,1,0
0.5,0.14,0.155,0.09,0.105,0.095,0.045,0.03,0.015,0.0105,0.003,0.023,0.006,0.001,1,0.325,0.044,0.0055,10075.669823016668,66997.3429640001,1,0
0.23,0.12,0.175,0.065,0.085,0.06,0.035,0.0455,0.0165,0.02,0.0565,0.133,0.01,0.0035,0,0.115,0.025,0.0085,9997.69545765,16385.326216999994,1,0
0.2405,0.0555,0.019,0.03,0.02,0.019,0.02,0.0105,0.015,0.0085,0.01,0.0015,0.001,0.0005,0,0.0255,0.02,0.001,9996.873312466667,4944.960807,1,0
0.75,0.969,0.9735,0.977,0.984,0.9845,0.987,0.988,0.989,0.999,0.9985,0.9925,0.9995,0.9995,0,0.965,0.9865,0.9995,9999.108513050001,12477.223584999998,1,1
0.44,0.105,0.045,0.085,0.0445,0.045,0.0325,0.0225,0.017,0.014,0.0105,0.001,0.0045,0.0005,2,0.115,0.0385,0.0005,10002.8132523,50605.70769,1,0
0.25,0.0195,0.055,0.0625,0.02,0.0195,0.0155,0.0155,0.0155,0.0435,0.015,0.0015,0.0015,0.0005,0,0.25,0.0155,0.0005,9983.444129416666,3340.905,1,0
0.255,0.045,0.085,0.12,0.11,0.07,0.075,0.05,0.0395,0.038,0.009,0.016,0.0105,0.0095,0,0.255,0.075,0.022,9983.397003833332,40120.557282000016,1,0
0.745,0.9755,0.962,0.9335,0.9625,0.978,0.9795,0.984,0.983,0.988,0.9925,0.9985,0.997,0.9995,0,0.961,0.9815,0.999,9983.748059583333,43043.742708000005,1,1
0.5,0.77,0.775,0.58,0.575,0.65,0.59,0.66,0.675,0.605,0.75,0.825,0.095,0.0065,3,0.745,0.565,0.028,9985.276278716667,95059.13107300008,1,0
0.5,0.015,0.0125,0.0155,0.0045,0.0045,0.0065,0.01,0.0075,0.0005,0.0005,0.0005,0.0005,0.0005,1,0.4455,0.0045,0.0005,9987.878812116665,20705.585487000004,1,0
0.255,0.23,0.285,0.3,0.33,0.325,0.385,0.415,0.435,0.51,0.63,0.595,0.865,0.955,5,0.245,0.41,0.835,10001.07042055,16895.203236000012,1,1
0.25,0.25,0.045,0.02,0.0195,0.0195,0.0195,0.011,0.0155,0.001,0.001,0.0015,0.0005,0.0005,0,0.05,0.0155,0.0005,10000.457236316666,3098.3709999999996,1,0
0.9795,0.976,0.969,0.9785,0.9785,0.9575,0.9745,0.9675,0.983,0.992,0.995,0.9945,0.999,0.9995,0,0.9815,0.978,0.9995,10006.349558633334,23569.547221999987,1,1
0.029,0.0235,0.0215,0.0545,0.0165,0.018,0.0065,0.0095,0.005,0.0045,0.001,0.001,0.0005,0.0005,0,0.0255,0.011,0.0005,10004.32881585,37413.497536,1,0
0.02,0.025,0.0255,0.025,0.0295,0.025,0.027,0.0915,0.0495,0.0615,0.0335,0.0215,0.0055,0.0025,0,0.0195,0.094,0.0015,10070.73261375,14863.906306,1,0
0.15,0.125,0.045,0.0345,0.022,0.025,0.0205,0.02,0.019,0.006,0.0085,0.0045,0.0005,0.0005,0,0.135,0.0115,0.0005,10071.289974533334,2571.193379,1,0
0.98,0.9795,0.9805,0.98,0.9815,0.9875,0.987,0.976,0.9865,0.9895,0.996,0.994,0.9995,0.9995,0,0.981,0.972,0.9995,10072.865697983334,17854.123250000004,1,1
0.265,0.135,0.065,0.06,0.037,0.0335,0.0315,0.0105,0.0065,0.0045,0.006,0.0035,0.0005,0.0005,0,0.2,0.034,0.0005,10076.148093783333,28775.84494999999,1,0
0.03,0.0195,0.02,0.0195,0.0185,0.019,0.0185,0.0185,0.0185,0.0125,0.004,0.0015,0.001,0.0005,0,0.025,0.0185,0.001,10074.348248566666,5367.874938000001,1,0
0.37,0.295,0.275,0.35,0.4,0.335,0.305,0.355,0.315,0.135,0.15,0.05,0.013,0.0025,0,0.325,0.315,0.019,10073.892905233333,10646.831644000007,1,0
0.245,0.02,0.035,0.0195,0.0195,0.0195,0.016,0.0155,0.003,0.001,0.0005,0.0005,0.0005,0.0005,0,0.035,0.016,0.0005,10069.864395866667,2989.78,1,0
0.945,0.895,0.935,0.915,0.905,0.835,0.805,0.845,0.815,0.67,0.735,0.66,0.68,0.989,2,0.905,0.825,0.875,10075.487309066666,140664.88058299996,1,1
0.3495,0.0245,0.04,0.0165,0.0105,0.011,0.01,0.0095,0.01,0.0005,0.0005,0.0005,0.0005,0.0005,0,0.0305,0.01,0.0005,10077.514954150001,3481.2299999999996,1,0
0.075,0.045,0.058,0.0575,0.0335,0.028,0.058,0.146,0.12,0.0915,0.346,0.1605,0.2335,0.2555,2,0.08,0.0365,0.093,10066.825605983333,11029.561200000007,1,0
0.039,0.045,0.0335,0.036,0.0265,0.0065,0.0165,0.0125,0.0125,0.0125,0.004,0.001,0.0005,0.0005,0,0.075,0.017,0.0005,10069.055213116666,2488.7388069999997,1,0
0.975,0.9755,0.972,0.976,0.9795,0.9815,0.987,0.9805,0.977,0.9805,0.9165,0.968,0.984,0.9975,0,0.9715,0.9905,0.9975,10073.078104266666,174111.316721,1,1
0.04,0.07,0.033,0.032,0.0455,0.0145,0.015,0.015,0.0155,0.014,0.0075,0.002,0.0005,0.0005,0,0.06,0.016,0.0005,10072.778757033335,10436.998746000001,1,0
0.9805,0.98,0.9805,0.985,0.9845,0.9895,0.9895,0.9895,0.9895,0.988,0.99,0.9945,0.993,0.9995,0,0.982,0.9895,0.9995,10060.280158133333,36439.32046200001,1,1
0.31,0.27,0.18,0.205,0.1,0.1,0.13,0.034,0.019,0.021,0.0075,0.0075,0.0005,0.0005,2,0.32,0.07,0.0005,10077.52258815,17759.948213000003,1,0
0.0195,0.02,0.0195,0.019,0.0195,0.0195,0.015,0.011,0.0105,0.0105,0.011,0.01,0.0045,0.0015,0,0.0195,0.0105,0.001,10070.189888116667,26348.815855000004,1,0
0.26,0.245,0.265,0.295,0.255,0.275,0.365,0.21,0.08,0.0395,0.032,0.0255,0.01,0.0035,0,0.275,0.305,0.0015,10069.884643483332,36113.018399000015,1,0
0.02,0.028,0.0195,0.0195,0.0195,0.0155,0.0155,0.015,0.0135,0.001,0.0005,0.0005,0.0005,0.0005,0,0.02,0.015,0.0005,10069.436652266666,2952.620999999999,1,0
0.5,0.075,0.04,0.0195,0.022,0.0375,0.014,0.01,0.0055,0.0055,0.001,0.0005,0.0005,0.0005,1,0.065,0.0065,0.0005,10076.340068266667,33562.945797,1,0
0.5,0.022,0.0235,0.042,0.0235,0.0275,0.019,0.011,0.007,0.0075,0.0225,0.004,0.0035,0.012,1,0.0405,0.007,0.0055,10063.101552283333,58201.70229900002,1,0
0.0195,0.0195,0.0195,0.019,0.0195,0.015,0.011,0.009,0.0095,0.002,0.002,0.002,0.001,0.0005,0,0.025,0.011,0.001,10074.273427600001,2886.1915,1,0
0.265,0.245,0.3,0.295,0.3,0.365,0.25,0.25,0.4,0.185,0.0255,0.018,0.0065,0.0005,0,0.275,0.205,0.003,10065.148924066665,56982.28939300002,1,0
0.021,0.035,0.02,0.0345,0.0195,0.0195,0.011,0.01,0.0105,0.0015,0.0005,0.0005,0.0005,0.0005,0,0.035,0.014,0.0005,10073.355935966665,2756.128,1,0
0.0395,0.0535,0.0355,0.029,0.014,0.015,0.0155,0.014,0.013,0.013,0.006,0.001,0.0005,0.0005,0,0.0665,0.0145,0.0005,10077.058124633333,705.964382,1,0
0.14,0.1,0.105,0.07,0.0385,0.0375,0.0195,0.0175,0.013,0.0185,0.006,0.0015,0.0005,0.0005,0,0.165,0.019,0.0005,10077.003357616666,7466.307171999999,1,0
0.505,0.961,0.9635,0.9665,0.9785,0.953,0.9555,0.9835,0.964,0.9715,0.9845,0.994,0.9955,0.998,0,0.961,0.974,0.9985,10024.473299250001,97615.70524600001,1,1
0.365,0.0195,0.0155,0.0195,0.0175,0.0155,0.0145,0.0055,0.001,0.001,0.001,0.0005,0.0005,0.0005,0,0.0195,0.0055,0.0005,10026.747450783332,5067.4490000000005,1,0
0.055,0.0345,0.031,0.026,0.025,0.024,0.018,0.023,0.02,0.011,0.023,0.0135,0.005,0.002,0,0.0365,0.021,0.0015,10074.824159133334,28811.77167000001,1,0
0.05,0.05,0.0755,0.0555,0.1065,0.0525,0.0535,0.019,0.024,0.023,0.03,0.0205,0.0045,0.0005,0,0.065,0.031,0.0015,10074.458814799998,58882.511926000014,1,0
0.485,0.545,0.59,0.605,0.72,0.625,0.665,0.465,0.415,0.51,0.315,0.25,0.265,0.0055,8,0.525,0.54,0.105,10075.91332335,78189.15137600001,1,0
0.935,0.955,0.955,0.958,0.9745,0.9785,0.9825,0.9715,0.974,0.987,0.984,0.9935,0.995,0.9965,0,0.955,0.9795,0.9985,10077.539252916667,78422.98305199995,1,1
0.2555,0.2555,0.0105,0.01,0.015,0.01,0.0095,0.0095,0.0095,0.003,0.0015,0.001,0.0005,0.0005,0,0.256,0.0095,0.0005,10073.284618933334,3394.3825389999997,1,0
0.25,0.23,0.315,0.31,0.335,0.36,0.35,0.405,0.46,0.355,0.34,0.345,0.18,0.1435,0,0.235,0.37,0.16,10072.892959683335,12916.545779999997,1,1
0.5045,0.954,0.9925,0.985,0.9985,0.9985,0.9985,0.9985,0.9995,0.9995,0.9995,0.9995,0.9995,0.9995,0,0.989,0.9985,0.9995,10077.713271816667,1859.94,1,1
0.5,0.43,0.55,0.555,0.61,0.615,0.605,0.65,0.705,0.435,0.39,0.39,0.19,0.16,9,0.47,0.615,0.17,10077.212361083333,121105.17239300003,1,1
0.4955,0.051,0.0115,0.015,0.0015,0.0155,0.0075,0.011,0.009,0.003,0.0005,0.0005,0.0005,0.0005,0,0.011,0.012,0.0005,10076.048459916667,12274.335500000001,1,0
0.21,0.17,0.145,0.105,0.155,0.155,0.19,0.165,0.31,0.16,0.13,0.028,0.006,0.0005,0,0.22,0.175,0.008,10068.427445383333,9362.623187000001,1,0
0.03,0.035,0.0265,0.03,0.019,0.019,0.0195,0.0085,0.0105,0.009,0.001,0.001,0.0005,0.0005,0,0.025,0.012,0.0005,10071.12296375,819.968,1,0
0.39,0.315,0.205,0.165,0.215,0.215,0.25,0.225,0.395,0.185,0.145,0.0305,0.008,0.0005,0,0.315,0.22,0.0095,10074.125342066667,87279.85853099995,1,0
0.65,0.585,0.5,0.41,0.565,0.58,0.615,0.62,0.795,0.685,0.72,0.415,0.4,0.0115,9,0.54,0.61,0.545,10077.574602100001,93736.35892999999,1,0
0.23,0.025,0.03,0.03,0.036,0.028,0.0185,0.016,0.02,0.0055,0.0195,0.003,0.0015,0.0005,0,0.0305,0.016,0.0005,10072.8734984,7853.390841000002,1,0
0.23,0.1,0.07,0.1,0.035,0.0175,0.023,0.0215,0.0315,0.025,0.029,0.0105,0.004,0.0005,0,0.105,0.0215,0.0015,10073.113729766666,42631.02619700001,1,0
0.975,0.989,0.9495,0.98,0.945,0.984,0.99,0.988,0.992,0.996,0.9985,0.9905,0.9995,0.9995,0,0.9805,0.9905,0.9995,10076.9436659,11799.34085,1,1
0.195,0.175,0.15,0.125,0.0995,0.032,0.0335,0.0435,0.0385,0.03,0.0415,0.011,0.0055,0.0005,0,0.175,0.0325,0.002,10077.518285483333,86657.93678899994,1,0
0.09,0.175,0.12,0.095,0.075,0.0275,0.0205,0.0185,0.006,0.0075,0.004,0.0035,0.0015,0.0005,0,0.16,0.0205,0.0015,9138.339906866666,73019.917517,1,0
0.028,0.0145,0.0085,0.0105,0.0095,0.009,0.011,0.007,0.006,0.0015,0.0005,0.0005,0.0005,0.004,0,0.023,0.011,0.0005,9137.86800245,5540.844461999999,1,0
0.03,0.024,0.013,0.0155,0.0105,0.0105,0.003,0.0015,0.0035,0.004,0.0015,0.001,0.0005,0.0005,0,0.029,0.003,0.0005,9132.809390433333,25430.704139,1,0
0.55,0.981,0.985,0.986,0.989,0.99,0.99,0.9885,0.991,0.999,0.9995,0.9995,0.9995,0.9995,0,0.981,0.985,0.9995,10047.75970955,8687.914,1,1
0.46,0.455,0.405,0.41,0.325,0.275,0.12,0.085,0.09,0.09,0.11,0.09,0.17,0.0015,2,0.395,0.095,0.0365,10051.86317515,94886.93518600003,1,0
0.25,0.025,0.0195,0.2445,0.0155,0.0105,0.245,0.19,0.0145,0.0005,0.0005,0.0005,0.0005,0.0005,0,0.0195,0.2455,0.0005,10018.0252783,16558.058107,1,0
0.25,0.27,0.285,0.305,0.345,0.31,0.335,0.35,0.47,0.51,0.555,0.625,0.74,0.935,5,0.25,0.31,0.825,10017.760376316666,12016.187305000009,1,1
0.255,0.0445,0.0205,0.0445,0.0195,0.0445,0.0445,0.02,0.015,0.0015,0.001,0.001,0.0005,0.0005,0,0.0215,0.0405,0.0005,10022.633539683333,4135.119999999998,1,0
0.835,0.9,0.87,0.905,0.93,0.95,0.9275,0.92,0.8945,0.936,0.982,0.9885,0.9965,0.9995,0,0.805,0.898,0.9985,10069.46032235,14172.690477,1,1
0.02,0.025,0.0165,0.016,0.0215,0.02,0.0165,0.0115,0.0115,0.0115,0.003,0.0005,0.0005,0.0005,0,0.02,0.0115,0.0005,10065.3542107,938.1058940000001,1,0
0.12,0.085,0.085,0.065,0.049,0.035,0.057,0.037,0.082,0.053,0.015,0.0085,0.004,0.0005,0,0.145,0.0665,0.003,10070.905719600001,6570.1384929999995,1,0
0.0395,0.044,0.035,0.035,0.031,0.025,0.025,0.025,0.0395,0.0105,0.0085,0.001,0.0005,0.0005,0,0.035,0.02,0.0005,10071.77195165,562.0492380000001,1,0
0.26,0.0425,0.034,0.027,0.0275,0.0295,0.027,0.019,0.0305,0.021,0.0245,0.0015,0.0015,0.0005,0,0.0405,0.019,0.0005,10070.703386883333,7390.373848000001,1,0
0.255,0.052,0.075,0.119,0.0995,0.1195,0.083,0.142,0.0385,0.0695,0.0535,0.056,0.0015,0.0005,0,0.065,0.081,0.0005,10070.434483633335,4999.295793999999,1,0
0.535,0.9795,0.9865,0.9815,0.9805,0.9875,0.991,0.997,0.99,0.9895,0.99,0.999,0.9995,0.9995,0,0.9845,0.993,0.9995,10075.172892766666,5482.634506,1,1
0.504,0.083,0.1005,0.173,0.141,0.1665,0.128,0.188,0.057,0.0735,0.022,0.0095,0.0045,0.0005,1,0.0965,0.1175,0.001,10074.343565899999,46445.01972900001,1,0
0.24,0.018,0.022,0.017,0.016,0.0155,0.0155,0.2395,0.4125,0.0125,0.4,0.0025,0.0005,0.0005,0,0.0185,0.0155,0.0005,10074.968421183332,8753.292931999997,1,0
0.255,0.048,0.057,0.043,0.071,0.0975,0.084,0.089,0.05,0.135,0.0695,0.0325,0.004,0.0005,0,0.051,0.0905,0.0005,10074.335064983334,49368.929530999994,1,0
0.55,0.995,0.9985,0.9985,0.9985,0.9985,0.9985,0.9985,0.9985,0.9995,0.9995,0.9995,0.9995,0.9995,0,0.994,0.9995,0.9995,10076.207367266667,18769.774666,1,1
0.455,0.018,0.0095,0.0125,0.0115,0.018,0.0165,0.0175,0.0155,0.016,0.0065,0.0015,0.0005,0.0005,0,0.018,0.0185,0.0005,10076.2696739,11109.283662,1,0
0.455,0.0155,0.011,0.012,0.0115,0.011,0.0115,0.0115,0.008,0.007,0.0015,0.0005,0.0005,0.0005,0,0.016,0.0115,0.0005,10076.4725561,8347.658368,1,0
0.982,0.9915,0.9885,0.995,0.997,0.997,0.9975,0.9995,0.9995,0.9995,0.9995,0.9995,0.9995,0.9995,0,0.9905,0.9995,0.9995,10075.863505383333,6435.025,1,1
0.16,0.195,0.225,0.21,0.215,0.2,0.24,0.38,0.31,0.395,0.3,0.515,0.05,0.0005,2,0.15,0.445,0.05,10076.540214899998,92017.876429,1,0
0.0355,0.048,0.048,0.0375,0.0395,0.0405,0.0275,0.086,0.057,0.0675,0.028,0.0695,0.009,0.0005,0,0.0365,0.099,0.009,10074.134671150001,96196.60453099999,1,0
0.032,0.024,0.017,0.021,0.016,0.0205,0.0155,0.005,0.0155,0.21,0.01,0.0025,0.0005,0.0005,0,0.023,0.258,0.0005,10074.552699233334,4537.695146999999,1,0
0.165,0.04,0.025,0.02,0.254,0.0155,0.0155,0.0155,0.187,0.015,0.009,0.0015,0.0005,0.0005,0,0.0325,0.0155,0.0005,10072.135472216667,1388.8112820000001,1,0
0.165,0.095,0.09,0.115,0.115,0.125,0.175,0.16,0.21,0.2,0.245,0.395,0.23,0.0185,2,0.115,0.125,0.175,10071.859895816666,27074.926834000005,1,0
0.5235,0.9775,0.9805,0.985,0.994,0.9955,0.997,0.997,0.997,0.9985,0.9995,0.997,0.9995,0.9995,0,0.9785,0.997,0.9995,10077.01536915,3355.100999999999,1,1
0.475,0.14,0.14,0.16,0.14,0.17,0.23,0.18,0.255,0.23,0.27,0.415,0.255,0.0185,2,0.195,0.16,0.185,10077.309914250001,158538.47801599995,1,0
0.505,0.985,0.9805,0.9855,0.9905,0.9955,0.995,0.999,0.9985,0.999,0.9995,0.9995,0.9995,0.9995,0,0.99,0.999,0.9995,9918.167422316666,5385.730458,1,1
0.535,0.58,0.33,0.37,0.34,0.435,0.465,0.51,0.59,0.64,0.61,0.7,0.925,0.998,6,0.54,0.5,0.972,9898.742633633334,82285.05247000008,1,1
0.025,0.038,0.016,0.013,0.0085,0.01,0.0105,0.0095,0.001,0.001,0.001,0.0005,0.0005,0.0005,0,0.033,0.01,0.0005,9982.74018705,3684.1994999999997,1,0
0.49,0.08,0.2,0.225,0.21,0.165,0.1165,0.0735,0.0555,0.043,0.0385,0.06,0.0095,0.0005,0,0.145,0.0935,0.0045,9920.034119983333,32778.179472,1,0
0.49,0.054,0.0545,0.0205,0.0195,0.0195,0.0195,0.0195,0.0185,0.0195,0.0015,0.004,0.001,0.0005,0,0.0255,0.0195,0.001,9931.344061400001,43252.9915,1,0
0.095,0.06,0.065,0.04,0.1065,0.0555,0.04,0.023,0.021,0.0155,0.004,0.009,0.0015,0.0005,2,0.07,0.027,0.001,10072.507925216667,3906.307761,1,0
0.06,0.06,0.05,0.053,0.0285,0.0245,0.0195,0.0165,0.02,0.0175,0.01,0.0015,0.0095,0.002,0,0.07,0.0195,0.018,10067.703027383333,11489.865191999997,1,0
0.95,0.965,0.981,0.9775,0.9655,0.9775,0.981,0.9855,0.992,0.9895,0.9985,0.9985,0.9995,0.9995,0,0.964,0.9835,0.9995,10077.050232333333,8117.8755089999995,1,1
0.085,0.1,0.065,0.1,0.03,0.0215,0.0215,0.0195,0.01,0.016,0.0045,0.003,0.0065,0.0015,0,0.12,0.024,0.0185,10076.979832633333,92286.17681899997,1,0
0.0155,0.006,0.0035,0.003,0.002,0.002,0.0015,0.0005,0.0005,0.0005,0.0005,0.0005,0.0005,0.0005,0,0.008,0.0015,0.0005,10076.183005683333,1728.5936659999998,1,0
0.27,0.565,0.585,0.44,0.295,0.7,0.46,0.435,0.19,0.07,0.0245,0.0195,0.0035,0.0005,12,0.445,0.385,0.0035,10074.140855716667,54836.664151000004,1,0
0.18,0.055,0.05,0.041,0.042,0.0255,0.0205,0.002,0.0045,0.0075,0.004,0.001,0.001,0.0005,0,0.085,0.016,0.0005,10076.987337116667,36908.541672,1,0
0.24,0.037,0.0815,0.0615,0.037,0.0225,0.047,0.027,0.026,0.0185,0.0055,0.0015,0.0005,0.0005,0,0.0375,0.0395,0.0005,10067.787586516666,4837.015521,1,0
0.24,0.1,0.075,0.05,0.023,0.038,0.024,0.0205,0.0195,0.018,0.0025,0.0015,0.0005,0.0005,0,0.125,0.022,0.0005,10071.766530366667,2737.428364,1,0
0.555,0.9905,0.9825,0.992,0.9815,0.9895,0.9885,0.9905,0.9935,0.998,0.9995,0.9995,0.9995,0.9995,0,0.99,0.986,0.9995,10075.635230966667,1629.286,1,1
0.45,0.32,0.22,0.19,0.215,0.235,0.08,0.055,0.033,0.0335,0.0195,0.0135,0.0275,0.0015,0,0.47,0.07,0.007,10072.56572005,47119.219213000026,1,0
0.535,0.9835,0.9845,0.9865,0.985,0.9875,0.983,0.985,0.9845,0.985,0.9985,0.999,0.9995,0.9995,0,0.983,0.9835,0.9995,10077.354490816668,11408.938544,1,1
0.275,0.33,0.4,0.3,0.205,0.175,0.16,0.26,0.06,0.0365,0.019,0.039,0.005,0.0005,0,0.3,0.195,0.006,10077.2426261,85967.10238400003,1,0
0.555,0.9895,0.991,0.9955,0.996,0.9955,0.9955,0.9995,0.999,0.9985,0.999,0.999,0.9995,0.9995,0,0.9895,0.9995,0.9995,10077.137517283332,25878.483110999998,1,1
0.5,0.54,0.53,0.58,0.685,0.56,0.465,0.43,0.44,0.66,0.34,0.285,0.19,0.755,8,0.54,0.46,0.235,10074.00807095,201613.06071400022,1,1
0.45,0.0105,0.011,0.015,0.0135,0.0135,0.012,0.005,0.001,0.001,0.0005,0.0005,0.0005,0.0005,0,0.0105,0.005,0.0005,10075.670379416666,16940.995,1,0
0.17,0.0165,0.007,0.0065,0.005,0.0035,0.0065,0.011,0.019,0.015,0.0105,0.0015,0.0005,0.0005,2,0.0165,0.005,0.0005,10073.672301150002,2029.7475550000001,1,0
0.17,0.08,0.09,0.105,0.11,0.055,0.049,0.0215,0.0275,0.03,0.0195,0.016,0.0015,0.0005,0,0.08,0.0455,0.001,10073.165322699999,1186.809011,1,0
0.145,0.13,0.13,0.125,0.135,0.115,0.06,0.1085,0.152,0.166,0.0965,0.032,0.0555,0.0155,2,0.125,0.04,0.0745,10071.077352483333,8357.586459000002,1,0
0.045,0.045,0.0375,0.031,0.03,0.034,0.023,0.0185,0.02,0.0195,0.018,0.0095,0.0005,0.0005,0,0.045,0.0315,0.0005,10068.466084683334,2559.1550649999995,1,0
0.9655,0.9685,0.973,0.978,0.983,0.9825,0.987,0.988,0.988,0.989,0.9985,0.9985,0.9955,0.9995,0,0.963,0.9885,0.9955,10077.333086133332,23431.92716299999,1,1
0.17,0.135,0.12,0.1,0.09,0.11,0.16,0.06,0.0325,0.0245,0.011,0.0175,0.0035,0.0005,0,0.17,0.2,0.0045,10077.208875083334,31354.243704000004,1,0
0.04,0.0605,0.073,0.0615,0.043,0.0345,0.0385,0.03,0.0185,0.01,0.007,0.4995,0.005,0.0005,0,0.052,0.0375,0.001,10072.942786766665,2046.8148349999997,1,0
0.145,0.115,0.08,0.075,0.07,0.06,0.05,0.05,0.09,0.025,0.007,0.473,0.0065,0.0005,0,0.12,0.05,0.0075,10069.8038758,2459.3545390000004,1,0
0.9845,0.987,0.9875,0.9945,0.9945,0.9945,0.9945,0.9945,0.9945,0.999,0.9995,0.99,0.9995,0.9995,0,0.984,0.9945,0.9995,10077.063955016667,28644.920922999998,1,1
0.47,0.39,0.28,0.27,0.27,0.255,0.24,0.285,0.37,0.175,0.115,0.037,0.0145,0.0005,2,0.435,0.23,0.0315,10075.22515735,115819.59685899985,1,0
0.019,0.0145,0.011,0.015,0.0125,0.0115,0.011,0.006,0.0075,0.001,0.0005,0.0055,0.0005,0.0005,0,0.0145,0.011,0.0005,10073.673818550002,10893.049233,1,0
0.21,0.165,0.165,0.205,0.26,0.315,0.315,0.325,0.325,0.285,0.16,0.385,0.485,0.9765,3,0.165,0.31,0.735,10074.737323466667,31164.037746,1,1
0.06,0.05,0.0415,0.029,0.0215,0.02,0.019,0.015,0.016,0.016,0.013,0.0015,0.0005,0.0005,0,0.06,0.0195,0.0005,10073.797129733333,14980.918830999995,1,0
0.88,0.945,0.9515,0.936,0.934,0.9595,0.9675,0.9815,0.984,0.99,0.9955,0.9965,0.997,0.9995,0,0.895,0.974,0.9975,10067.375042983333,21273.098166000003,1,1
0.06,0.13,0.13,0.08,0.037,0.0235,0.017,0.0165,0.0135,0.013,0.013,0.0065,0.0005,0.0005,0,0.08,0.016,0.0005,10076.494417966667,22338.073429000007,1,0
0.06,0.0365,0.02,0.0085,0.008,0.008,0.007,0.0065,0.0065,0.0055,0.0055,0.0025,0.0005,0.0005,0,0.0205,0.0065,0.0005,10073.95165245,10915.827259999998,1,0
0.105,0.275,0.085,0.135,0.15,0.06,0.065,0.032,0.0275,0.023,0.0185,0.0205,0.0275,0.0005,0,0.09,0.045,0.005,10073.344787799999,109424.119181,1,0
0.965,0.9695,0.9845,0.988,0.9965,0.997,0.9965,0.996,0.997,0.997,0.9985,0.9985,0.9995,0.9995,0,0.9715,0.995,0.9995,10077.408976433333,41576.335319999984,1,1
0.885,0.88,0.875,0.962,0.9635,0.946,0.965,0.9755,0.979,0.986,0.993,0.9945,0.9975,0.9995,0,0.87,0.9585,0.997,10077.5687499,146274.16340899994,1,1
0.495,0.021,0.0075,0.006,0.0125,0.009,0.006,0.0035,0.0025,0.0025,0.001,0.0005,0.0005,0.0005,0,0.0205,0.0045,0.0005,10076.241210366667,53860.740365000005,1,0
0.525,0.64,0.66,0.595,0.725,0.655,0.64,0.655,0.6,0.58,0.53,0.64,0.82,0.9995,0,0.64,0.64,0.815,10075.967094149999,37183.939762,1,1
0.5,0.019,0.014,0.008,0.006,0.0055,0.0045,0.003,0.002,0.0015,0.0015,0.0015,0.0005,0.0005,1,0.0205,0.0045,0.0005,10075.653788116668,17865.156879000002,1,0
0.235,0.11,0.07,0.07,0.08,0.0235,0.023,0.0245,0.015,0.007,0.011,0.0035,0.0015,0.0005,0,0.11,0.029,0.001,10074.183067183334,59258.58417699999,1,0
0.023,0.0185,0.0215,0.01,0.007,0.007,0.006,0.006,0.0005,0.0005,0.0005,0.0005,0.0005,0.0005,0,0.019,0.0065,0.0005,10074.361665016668,14778.767582999999,1,0
0.075,0.08,0.075,0.045,0.093,0.077,0.033,0.013,0.0105,0.007,0.0035,0.003,0.0005,0.0005,0,0.08,0.023,0.0005,10077.428674366667,80298.27775300002,1,0
0.9205,0.9485,0.9585,0.961,0.974,0.994,0.9905,0.9945,0.9975,0.992,0.9955,0.997,0.9995,0.9995,0,0.9485,0.993,0.9995,10077.332699116667,41028.477104,1,1
0.195,0.18,0.16,0.12,0.235,0.22,0.11,0.045,0.025,0.019,0.018,0.012,0.002,0.0005,0,0.17,0.05,0.0025,10077.43292115,97960.83083799992,1,0
0.5,0.58,0.57,0.46,0.58,0.56,0.55,0.775,0.82,0.63,0.68,0.69,0.78,0.9835,6,0.61,0.7,0.795,10076.136564383334,119946.09463899999,1,1
0.16,0.03,0.0125,0.015,0.0175,0.0175,0.0135,0.015,0.015,0.01,0.002,0.0005,0.0005,0.0005,0,0.03,0.013,0.0005,10077.266217116667,10692.6905,1,0
0.135,0.16,0.195,0.215,0.21,0.245,0.24,0.245,0.285,0.155,0.18,0.31,0.24,0.095,0,0.15,0.25,0.365,10074.967315033333,8494.050595999994,1,0
0.065,0.055,0.0345,0.041,0.0255,0.0235,0.023,0.0225,0.02,0.0205,0.012,0.0015,0.0005,0.0005,0,0.06,0.023,0.0005,10074.44038215,19044.679282999998,1,0
0.96,0.948,0.9325,0.911,0.9085,0.9005,0.9425,0.9375,0.946,0.987,0.987,0.9875,0.9945,0.9995,0,0.947,0.921,0.996,10077.49456905,76376.32240899997,1,1
0.25,0.16,0.115,0.075,0.07,0.05,0.049,0.049,0.027,0.053,0.0205,0.012,0.0015,0.0005,0,0.175,0.049,0.0015,10077.2077106,138591.051708,1,0
0.075,0.032,0.019,0.021,0.0255,0.0305,0.0365,0.023,0.0065,0.0065,0.0045,0.0015,0.0005,0.0005,0,0.03,0.029,0.0005,10074.031782733333,17723.547552999993,1,0
0.175,0.2,0.225,0.205,0.185,0.185,0.14,0.17,0.18,0.16,0.29,0.41,0.165,0.0025,0,0.185,0.145,0.14,10074.330420266666,7710.542250000003,1,0
0.945,0.9855,0.985,0.9925,0.9975,0.9975,0.985,0.988,0.993,0.994,0.9995,0.9995,0.9995,0.9995,0,0.985,0.9875,0.9995,10076.611009733335,98333.043812,1,1
0.54,0.57,0.75,0.765,0.645,0.585,0.465,0.55,0.625,0.54,0.605,0.935,0.895,0.9855,4,0.58,0.465,0.885,10076.782104566666,82487.86326200009,1,1
0.0245,0.023,0.04,0.0305,0.0195,0.022,0.0165,0.009,0.0085,0.0025,0.0015,0.0005,0.0005,0.0005,0,0.0245,0.0165,0.0005,10076.478260366666,64563.31066600002,1,0
0.505,0.795,0.81,0.92,0.93,0.88,0.825,0.83,0.765,0.86,0.905,0.905,0.9895,0.9995,0,0.795,0.81,0.9985,9668.827072683334,94722.11108200008,1,1
0.49,0.045,0.038,0.04,0.055,0.0265,0.0265,0.0235,0.007,0.008,0.002,0.0015,0.0005,0.0005,0,0.045,0.024,0.0005,9596.33924275,22335.547044000003,1,0
0.022,0.021,0.011,0.0105,0.006,0.006,0.005,0.0105,0.008,0.015,0.0025,0.0015,0.0005,0.0005,0,0.021,0.0055,0.0005,10064.500054983333,12949.330221000002,1,0
0.085,0.12,0.09,0.095,0.185,0.13,0.11,0.085,0.04,0.0465,0.0355,0.0235,0.007,0.005,0,0.12,0.095,0.0125,10066.136144083333,5181.150347000001,1,0
0.027,0.0245,0.026,0.0225,0.0155,0.016,0.0135,0.013,0.01,0.01,0.001,0.0005,0.0005,0.0005,0,0.025,0.0135,0.0005,10069.519184283334,10409.818000000001,1,0
0.21,0.215,0.225,0.235,0.265,0.22,0.265,0.335,0.325,0.33,0.33,0.42,0.54,0.7,1,0.22,0.28,0.61,10069.48553465,21480.23604399999,1,1
0.954,0.9575,0.979,0.9755,0.9815,0.9865,0.991,0.9905,0.9905,0.9825,0.9895,0.9935,0.9995,0.9995,0,0.958,0.991,0.9995,10077.268410816667,25445.761227,1,1
0.365,0.33,0.38,0.39,0.3,0.3,0.59,0.415,0.335,0.275,0.125,0.175,0.06,0.0165,2,0.36,0.53,0.05,10077.216901116666,82154.87739800006,1,0
0.995,0.995,0.996,0.9945,0.9945,0.9955,0.995,0.995,0.997,0.9995,0.9995,0.9995,0.9995,0.9995,0,0.995,0.995,0.9995,10063.512155583334,21278.471999999998,1,1
0.565,0.825,0.785,0.79,0.865,0.835,0.89,0.925,0.9835,0.973,0.9495,0.889,0.8335,0.979,0,0.805,0.855,0.942,10075.534031449999,121924.07110399997,1,1
0.015,0.0745,0.0545,0.037,0.0345,0.023,0.0175,0.0145,0.019,0.011,0.008,0.001,0.0005,0.0005,0,0.0505,0.0155,0.0005,10067.640016833333,39232.9978,1,0
0.245,0.2,0.175,0.145,0.225,0.195,0.19,0.25,0.345,0.265,0.225,0.16,0.0355,0.029,0,0.16,0.2,0.026,10069.348259966668,5704.781964000001,1,0
0.0695,0.025,0.058,0.063,0.034,0.035,0.031,0.01,0.004,0.0045,0.011,0.0155,0.0105,0.01,0,0.025,0.0305,0.014,10068.21528435,66944.316217,1,0
0.0535,0.2565,0.151,0.1125,0.1125,0.1335,0.0495,0.0405,0.2185,0.0305,0.0105,0.01,0.0045,0.0005,0,0.0535,0.056,0.0045,10077.110672133333,54055.23192600001,1,0
0.505,0.175,0.06,0.075,0.055,0.0195,0.0185,0.015,0.0145,0.006,0.004,0.0035,0.002,0.0005,1,0.275,0.015,0.002,10073.273088983335,128988.179338,1,0
0.0105,0.0035,0.0035,0.002,0.002,0.0015,0.0015,0.0015,0.001,0.001,0.0005,0.0005,0.0005,0.0005,0,0.01,0.001,0.0005,10076.806224816666,11827.128226000008,1,0
0.016,0.015,0.0155,0.0045,0.0045,0.005,0.005,0.003,0.003,0.003,0.0005,0.0005,0.0005,0.0005,0,0.015,0.005,0.0005,10064.978210383333,12892.510249999998,1,0
0.145,0.14,0.2,0.3,0.26,0.255,0.33,0.345,0.345,0.405,0.345,0.395,0.695,0.775,1,0.14,0.32,0.795,10062.746135916668,12666.957880000005,1,1
0.85,0.875,0.91,0.9755,0.9755,0.9795,0.9845,0.9855,0.989,0.989,0.9945,0.9995,0.9995,0.9995,0,0.875,0.9855,0.9995,10077.027444383333,84889.70320199999,1,1
0.055,0.055,0.265,0.165,0.165,0.125,0.155,0.07,0.07,0.3,0.115,0.0085,0.0125,0.0005,0,0.055,0.155,0.0025,10073.0540267,81516.07435299997,1,0
0.5,0.955,0.955,0.9655,0.9825,0.987,0.9865,0.987,0.987,0.9895,0.9995,0.9995,0.9995,0.9995,0,0.965,0.987,0.9995,10069.28709155,65781.64578000002,1,1
0.095,0.18,0.14,0.105,0.19,0.45,0.295,0.26,0.375,0.24,0.235,0.74,0.72,0.012,2,0.28,0.295,0.695,10077.163600816666,123840.35860700003,1,0
0.5,0.0265,0.0105,0.022,0.021,0.02,0.0115,0.0095,0.009,0.009,0.004,0.0015,0.0005,0.0005,1,0.013,0.0095,0.0005,10074.186802883334,20302.136515000002,1,0
0.21,0.225,0.205,0.155,0.155,0.12,0.24,0.255,0.3,0.325,0.4,0.42,0.655,0.029,2,0.21,0.265,0.755,10073.76558555,38057.361273,1,0
0.9895,0.9895,0.9895,0.992,0.988,0.992,0.9885,0.994,0.9985,0.9995,0.9995,0.9995,0.9995,0.9995,0,0.9895,0.9935,0.9995,10077.379308133333,157694.36315,1,1
0.5,0.58,0.675,0.53,0.515,0.47,0.87,0.895,0.855,0.875,0.965,0.9445,0.983,0.9995,2,0.59,0.87,0.992,10076.950407033333,95307.93618,1,1
0.5,0.023,0.025,0.0205,0.019,0.0135,0.006,0.027,0.006,0.0035,0.006,0.001,0.0005,0.0005,1,0.023,0.0205,0.0005,10077.474665849999,146434.45590799997,1,0
0.15,0.175,0.12,0.14,0.065,0.16,0.16,0.39,0.027,0.023,0.0085,0.0185,0.002,0.0015,0,0.175,0.17,0.002,10073.46765975,86087.95710899997,1,0
0.04,0.0315,0.0335,0.0335,0.0665,0.034,0.03,0.0545,0.118,0.1235,0.047,0.0215,0.0215,0.005,0,0.0355,0.026,0.017,10072.959422549999,10093.529127000002,1,0
0.0215,0.019,0.0145,0.0145,0.015,0.0115,0.009,0.006,0.0095,0.011,0.004,0.0015,0.0005,0.0005,0,0.0185,0.01,0.0005,10076.031446316667,65228.106769000005,1,0
0.5,0.735,0.84,0.815,0.905,0.77,0.79,0.785,0.972,0.9855,0.9865,0.9885,0.9985,0.9995,0,0.725,0.77,0.997,10077.122255116667,156923.18181599997,1,1
0.145,0.145,0.245,0.08,0.235,0.215,0.25,0.17,0.125,0.12,0.07,0.405,0.405,0.615,1,0.14,0.25,0.515,10073.228489950001,30854.79963000001,1,1
0.26,0.255,0.016,0.02,0.0205,0.019,0.022,0.0165,0.0165,0.001,0.0015,0.002,0.0005,0.0005,0,0.26,0.017,0.0005,10072.988928833334,31577.584831000007,1,0
0.505,0.969,0.9935,0.9915,0.994,0.994,0.994,0.994,0.9935,0.994,0.998,0.9995,0.9995,0.9995,0,0.955,0.994,0.9995,10076.754658383334,92790.23072099999,1,1
0.5,0.24,0.28,0.21,0.345,0.305,0.48,0.265,0.2,0.135,0.735,0.815,0.74,0.855,4,0.275,0.275,0.675,10076.758878616667,78313.16825699997,1,1
0.26,0.175,0.145,0.12,0.17,0.14,0.225,0.22,0.285,0.14,0.12,0.075,0.555,0.935,1,0.16,0.21,0.725,10071.276310983334,23579.36886400001,1,1
0.26,0.027,0.0205,0.009,0.0085,0.0125,0.0165,0.0155,0.015,0.0155,0.0155,0.005,0.0005,0.0005,0,0.027,0.0165,0.0005,10071.772589066668,14712.524304999999,1,0
0.26,0.215,0.22,0.215,0.27,0.25,0.335,0.305,0.335,0.31,0.36,0.335,0.15,0.0465,0,0.215,0.335,0.15,10071.351086116667,27889.121774000014,1,0
0.16,0.088,0.0565,0.0295,0.0315,0.0235,0.0285,0.0275,0.0485,0.021,0.012,0.004,0.02,0.0235,0,0.0995,0.0245,0.02,10076.588896616666,132620.29025799996,1,0
0.5,0.59,0.5,0.445,0.55,0.485,0.69,0.655,0.795,0.505,0.52,0.46,0.9835,0.9995,14,0.575,0.63,0.9935,10071.2178897,74750.78443199999,1,1
0.265,0.16,0.165,0.0225,0.037,0.0425,0.0285,0.029,0.0115,0.007,0.008,0.008,0.0055,0.005,0,0.16,0.04,0.009,10070.886006166667,47058.48539500002,1,0
0.265,0.031,0.0355,0.108,0.058,0.0415,0.043,0.0375,0.05,0.0425,0.0935,0.013,0.006,0.0005,0,0.0305,0.0345,0.003,10070.313036416666,57277.50529499999,1,0
0.815,0.74,0.705,0.94,0.94,0.93,0.925,0.956,0.985,0.989,0.9915,0.9795,0.993,0.9975,0,0.74,0.962,0.993,10077.183895933333,70653.70562799998,1,1
0.315,0.29,0.275,0.64,0.485,0.44,0.56,0.445,0.68,0.66,0.83,0.575,0.55,0.36,10,0.285,0.48,0.55,10077.049905566668,129807.05327799999,1,1
0.5,0.012,0.016,0.014,0.016,0.0135,0.007,0.007,0.002,0.002,0.0015,0.0015,0.0005,0.0005,1,0.0255,0.0075,0.0005,10069.612920399999,25896.960260999993,1,0
0.5,0.62,0.745,0.775,0.72,0.715,0.54,0.54,0.555,0.455,0.42,0.44,0.9995,0.9995,4,0.63,0.54,0.9995,10075.2040209,18658.617419000002,1,1
0.055,0.0145,0.0145,0.0265,0.0075,0.0065,0.006,0.0035,0.0025,0.001,0.0005,0.0005,0.0005,0.0005,0,0.0145,0.0065,0.0005,10077.284990966667,17997.20722299999,1,0
0.19,0.12,0.115,0.17,0.16,0.07,0.0355,0.0295,0.0205,0.019,0.013,0.004,0.0015,0.0005,0,0.14,0.0425,0.0015,10067.184527666666,68033.784703,1,0
0.0295,0.0365,0.0285,0.024,0.0205,0.0445,0.0235,0.0055,0.0055,0.015,0.004,0.0035,0.006,0.0005,0,0.0375,0.0165,0.0015,10066.153030366666,26740.925456000008,1,0
0.973,0.9775,0.9855,0.9745,0.98,0.9785,0.9875,0.9875,0.99,0.9895,0.9985,0.9995,0.9995,0.9995,0,0.9765,0.9885,0.9995,10077.013629316667,74302.035957,1,1
0.34,0.345,0.28,0.215,0.595,0.48,0.43,0.445,0.485,0.61,0.755,0.795,0.957,0.5155,7,0.385,0.44,0.957,10076.995663433334,151738.0576379999,1,0
0.97,0.9845,0.9845,0.9895,0.99,0.9885,0.9925,0.9965,0.998,0.998,0.9985,0.9995,0.9995,0.9995,0,0.9845,0.9925,0.9995,10076.29184195,57078.430708,1,1
0.495,0.175,0.2,0.315,0.345,0.26,0.355,0.665,0.455,0.425,0.48,0.675,0.935,0.9895,5,0.2,0.61,0.93,10067.874037116668,71731.72743600002,1,1
0.03,0.02,0.016,0.0245,0.0165,0.0165,0.0145,0.016,0.015,0.0005,0.0015,0.0005,0.0005,0.0005,0,0.0195,0.006,0.0005,10074.559439283334,26854.247000000003,1,0
0.255,0.25,0.22,0.22,0.26,0.28,0.12,0.08,0.18,0.19,0.0815,0.022,0.003,0.0025,0,0.255,0.1,0.0065,10073.847339266667,23994.810263000007,1,0
0.255,0.022,0.022,0.0205,0.0105,0.0105,0.0105,0.0245,0.012,0.004,0.004,0.0045,0.0015,0.0005,0,0.0235,0.039,0.0015,10073.615337183333,28400.06581300001,1,0
0.22,0.235,0.21,0.26,0.195,0.08,0.09,0.17,0.035,0.024,0.0255,0.0165,0.0065,0.0015,0,0.235,0.135,0.008,10066.68422265,19494.108696999985,1,0
0.03,0.0125,0.0125,0.0255,0.0375,0.0325,0.0345,0.024,0.082,0.078,0.0225,0.0065,0.009,0.0005,0,0.0135,0.0275,0.005,10066.142482583333,52346.818869,1,0
0.84,0.865,0.87,0.855,0.935,0.9615,0.9565,0.924,0.9805,0.9885,0.9905,0.997,0.9985,0.9995,0,0.86,0.9265,0.997,10076.774643333334,98227.15865900001,1,1
0.025,0.0365,0.0275,0.0215,0.0325,0.041,0.041,0.026,0.112,0.108,0.019,0.004,0.0105,0.0005,0,0.0365,0.031,0.005,10075.47364365,102735.11103699994,1,0
0.91,0.933,0.9565,0.9595,0.969,0.965,0.969,0.993,0.99,0.9815,0.9855,0.9985,0.9995,0.9995,0,0.933,0.988,0.9995,10057.5747794,43591.935838000005,1,1
0.105,0.075,0.045,0.04,0.0365,0.041,0.048,0.0935,0.077,0.027,0.2655,0.28,0.025,0.0005,0,0.075,0.0935,0.009,10072.477805333334,93196.6352240001,1,0
0.255,0.0215,0.018,0.0175,0.017,0.017,0.0165,0.014,0.0135,0.0155,0.011,0.0005,0.0005,0.0005,0,0.022,0.0135,0.0005,10072.14531815,13935.130000000001,1,0
0.185,0.205,0.22,0.24,0.245,0.225,0.325,0.34,0.35,0.305,0.29,0.25,0.545,0.765,1,0.21,0.325,0.675,10071.42208415,33421.98959700001,1,0
0.035,0.031,0.027,0.031,0.017,0.0235,0.0165,0.0165,0.0205,0.022,0.0155,0.0065,0.014,0.0005,0,0.038,0.0155,0.0115,10072.07218975,17904.983148000003,1,0
0.13,0.205,0.21,0.225,0.255,0.27,0.22,0.27,0.18,0.05,0.1125,0.1215,0.0055,0.0005,0,0.125,0.24,0.0015,10072.580494333333,31396.859951999988,1,0
0.032,0.023,0.0175,0.0475,0.0195,0.021,0.019,0.0185,0.017,0.014,0.004,0.0035,0.0085,0.0005,0,0.026,0.019,0.003,10071.975220299999,37392.681558,1,0
0.8,0.625,0.625,0.67,0.675,0.685,0.725,0.665,0.78,0.945,0.877,0.867,0.994,0.9995,0,0.805,0.705,0.997,10077.346493449999,103644.741451,1,1
0.037,0.0155,0.0165,0.013,0.01,0.01,0.0075,0.007,0.008,0.0135,0.0015,0.001,0.01,0.0005,0,0.017,0.0075,0.002,10077.3376969,95479.08758400004,1,0
0.09,0.075,0.056,0.1175,0.0805,0.1035,0.043,0.043,0.0305,0.059,0.0285,0.008,0.004,0.005,0,0.085,0.05,0.0015,10075.14258705,42052.019187999984,1,0
0.065,0.1,0.105,0.05,0.042,0.061,0.015,0.018,0.023,0.0175,0.019,0.0395,0.0075,0.0005,0,0.085,0.015,0.002,10074.641459616667,146583.82831399993,1,0
0.11,0.175,0.195,0.065,0.0605,0.049,0.015,0.0205,0.012,0.011,0.0115,0.028,0.003,0.0005,0,0.16,0.0205,0.003,10077.090091333333,39101.01443600003,1,0
0.475,0.56,0.595,0.37,0.395,0.4,0.335,0.325,0.315,0.275,0.66,0.75,0.5,0.18,6,0.535,0.315,0.59,10076.06523575,152752.68912999987,1,0
0.0135,0.0235,0.0175,0.0165,0.0155,0.0155,0.0165,0.016,0.0145,0.0135,0.0015,0.005,0.0025,0.0005,0,0.0235,0.0165,0.0025,10065.5380445,106573.74725200009,1,0
0.0245,0.0225,0.026,0.03,0.024,0.0185,0.019,0.017,0.015,0.0105,0.002,0.001,0.0005,0.0005,0,0.0265,0.0185,0.0005,10063.330189633332,11795.717999000006,1,0
0.9875,0.988,0.9915,0.9915,0.9915,0.9915,0.9925,0.9945,0.9965,0.9965,0.998,0.9985,0.9995,0.9995,0,0.988,0.9955,0.9995,10077.205673333334,31506.333647,1,1
0.6,0.645,0.715,0.78,0.83,0.655,0.72,0.765,0.755,0.775,0.845,0.705,0.9765,0.9985,0,0.665,0.705,0.988,10077.107517233333,80968.53713099984,1,1
0.0045,0.0085,0.0065,0.012,0.0055,0.0045,0.0025,0.0015,0.0015,0.0005,0.0005,0.0005,0.0005,0.0005,0,0.0085,0.003,0.0005,10077.210029883334,13394.877358000003,1,0
0.69,0.85,0.805,0.885,0.87,0.65,0.7,0.7,0.85,0.825,0.605,0.745,0.745,0.9995,0,0.83,0.7,0.9995,10071.717291466666,16928.503270999994,1,1
0.5,0.0225,0.02,0.0175,0.0045,0.0035,0.004,0.0015,0.001,0.001,0.001,0.0005,0.0005,0.0005,1,0.0275,0.0025,0.0005,10074.568270416667,26218.989456000032,1,0
0.07,0.046,0.056,0.0455,0.023,0.0335,0.0175,0.0195,0.0165,0.005,0.004,0.004,0.002,0.0005,0,0.085,0.022,0.0015,10069.906676100001,10762.784242999998,1,0
0.24,0.22,0.23,0.205,0.155,0.1,0.065,0.275,0.235,0.18,0.115,0.08,0.026,0.009,0,0.24,0.23,0.069,10069.48285295,13887.604159000002,1,0
0.031,0.033,0.03,0.057,0.02,0.0195,0.0155,0.018,0.0175,0.014,0.0095,0.0005,0.0005,0.0005,0,0.03,0.024,0.0005,10069.169893483333,8751.5301,1,0
0.46,0.615,0.585,0.655,0.77,0.85,0.885,0.67,0.75,0.83,0.865,0.92,0.973,0.994,1,0.495,0.685,0.9265,10077.412525366666,106487.0058940001,1,1
0.04,0.0335,0.034,0.0255,0.037,0.0485,0.0435,0.0115,0.0085,0.0075,0.002,0.001,0.0005,0.0005,0,0.021,0.0185,0.0005,10077.4167769,12224.548073000004,1,0
0.5,0.725,0.745,0.855,0.855,0.855,0.93,0.9645,0.975,0.929,0.9795,0.989,0.9965,0.9995,2,0.75,0.93,0.9995,10071.81859155,83737.16134500001,1,1
0.495,0.0195,0.0065,0.0065,0.0145,0.013,0.007,0.016,0.0095,0.0015,0.0005,0.0005,0.0005,0.0005,0,0.0195,0.015,0.0005,10075.564555466666,22099.788188,1,0
0.255,0.056,0.022,0.0165,0.0165,0.015,0.015,0.0145,0.0095,0.0055,0.0045,0.002,0.0005,0.0005,0,0.0225,0.014,0.0005,10074.643836716667,10529.033329000004,1,0
0.255,0.045,0.055,0.094,0.095,0.122,0.1575,0.195,0.249,0.057,0.037,0.0165,0.01,0.0005,0,0.095,0.1785,0.003,10074.210038666666,93752.08764599994,1,0
0.05,0.0425,0.0305,0.017,0.017,0.018,0.0185,0.0165,0.015,0.004,0.0035,0.004,0.001,0.0005,0,0.035,0.0165,0.0005,10072.71686735,15309.763421000005,1,0
0.13,0.15,0.16,0.145,0.15,0.19,0.225,0.225,0.29,0.345,0.405,0.2,0.19,0.05,0,0.15,0.225,0.11,10072.444118066667,6162.999262,1,0
0.945,0.9525,0.9615,0.9655,0.967,0.982,0.986,0.984,0.989,0.994,0.996,0.9965,0.9985,0.9995,0,0.95,0.987,0.9995,10075.62533225,24372.751111999994,1,1
0.03,0.0255,0.0305,0.032,0.0185,0.0235,0.0235,0.0175,0.0115,0.033,0.0175,0.002,0.0005,0.0005,0,0.0305,0.0175,0.0005,10075.4565924,41075.091216,1,0
0.49,0.175,0.23,0.24,0.235,0.265,0.265,0.165,0.255,0.3,0.12,0.03,0.021,0.127,0,0.175,0.26,0.051,10070.613014766666,14832.635945999995,1,0
0.17,0.0505,0.095,0.109,0.0905,0.0905,0.049,0.0345,0.0295,0.008,0.0075,0.0045,0.003,0.0005,0,0.046,0.064,0.0005,10070.850846533334,98319.72049099996,1,0
0.49,0.0255,0.0175,0.021,0.0205,0.026,0.02,0.0105,0.0105,0.0045,0.005,0.003,0.0005,0.0005,0,0.025,0.0185,0.0005,10070.072552016667,31617.3385,1,0
0.595,0.645,0.47,0.525,0.57,0.505,0.495,0.675,0.62,0.825,0.89,0.935,0.94,0.9825,4,0.66,0.535,0.868,10077.443085966666,110120.65997200007,1,1
0.5,0.0255,0.017,0.015,0.0125,0.0135,0.008,0.012,0.008,0.005,0.004,0.0005,0.0025,0.0005,1,0.0285,0.007,0.0005,10076.845167783333,102838.83743499998,1,0
0.18,0.19,0.235,0.24,0.235,0.255,0.27,0.3,0.26,0.365,0.425,0.505,0.495,0.045,6,0.165,0.28,0.125,10073.996395433333,19393.420522,1,0
0.04,0.0265,0.0195,0.019,0.02,0.02,0.0145,0.0145,0.0125,0.012,0.002,0.003,0.0005,0.0005,0,0.041,0.0135,0.0005,10073.372916083334,76799.007588,1,0
0.13,0.075,0.039,0.041,0.022,0.02,0.014,0.015,0.0105,0.01,0.005,0.004,0.0015,0.0005,0,0.12,0.019,0.0015,10075.809447450001,45107.142765000026,1,0
0.82,0.75,0.615,0.655,0.48,0.5,0.535,0.5,0.42,0.75,0.665,0.755,0.9495,0.9975,16,0.82,0.535,0.987,10076.506594416665,47544.99185199998,1,1
0.9785,0.982,0.9825,0.982,0.983,0.987,0.9735,0.981,0.989,0.982,0.9915,0.9955,0.9975,0.9995,0,0.981,0.9795,0.9995,10077.212725033334,51835.59084200002,1,1
0.355,0.435,0.41,0.32,0.16,0.15,0.065,0.055,0.06,0.045,0.0365,0.06,0.0125,0.002,0,0.42,0.06,0.0115,10075.843682466666,78387.23025399997,1,0
0.021,0.017,0.0145,0.0155,0.018,0.018,0.0215,0.0185,0.0165,0.018,0.0125,0.0065,0.001,0.0005,0,0.018,0.021,0.0005,10074.994752283334,14528.748683000003,1,0
0.19,0.22,0.22,0.22,0.2,0.2,0.13,0.15,0.17,0.15,0.125,0.325,0.3,0.0155,0,0.22,0.145,0.185,10073.507559933332,17989.211569000006,1,0
0.0255,0.0265,0.022,0.02,0.016,0.015,0.014,0.0135,0.0095,0.0155,0.002,0.0005,0.0005,0.0005,0,0.0275,0.0145,0.0005,10073.937317333333,30537.054937000004,1,0
0.5,0.775,0.74,0.84,0.86,0.81,0.655,0.725,0.45,0.51,0.55,0.51,0.49,0.94,8,0.78,0.73,0.59,10045.685718466668,60593.452431,1,1
0.12,0.095,0.085,0.095,0.075,0.0355,0.015,0.0145,0.0105,0.007,0.0015,0.0005,0.0005,0.0005,0,0.11,0.015,0.0005,10075.356066833334,37977.815302,1,0
0.07,0.07,0.065,0.04,0.0275,0.045,0.0725,0.091,0.17,0.1195,0.11,0.0935,0.018,0.001,0,0.07,0.078,0.0105,10069.792415233333,17236.654673999998,1,0
0.11,0.105,0.085,0.12,0.11,0.065,0.0345,0.05,0.016,0.013,0.013,0.015,0.004,0.0005,0,0.105,0.0405,0.004,10070.249084116665,15145.093207999995,1,0
0.495,0.031,0.0205,0.011,0.015,0.013,0.012,0.0095,0.004,0.003,0.0015,0.0015,0.0005,0.0005,0,0.0365,0.0115,0.0005,10075.355258383333,134639.56864199997,1,0
0.5,0.795,0.71,0.635,0.82,0.8365,0.5175,0.283,0.103,0.032,0.028,0.0065,0.003,0.0005,3,0.795,0.2605,0.0025,10076.779504850001,116118.53765500002,1,0
0.5,0.017,0.017,0.019,0.015,0.01,0.012,0.0065,0.0095,0.0125,0.0055,0.007,0.0015,0.0005,1,0.017,0.009,0.001,10076.78374235,47536.817066999996,1,0
0.04,0.032,0.066,0.062,0.045,0.0525,0.0385,0.018,0.01,0.0105,0.003,0.002,0.0005,0.0005,0,0.029,0.028,0.0005,10057.491166033335,84715.33266500001,1,0
0.49,0.205,0.19,0.21,0.255,0.18,0.2,0.32,0.38,0.315,0.39,0.475,0.535,0.255,6,0.205,0.22,0.58,10057.80919145,42031.69286700002,1,0
0.5,0.0355,0.0535,0.033,0.0205,0.03,0.0135,0.0085,0.0085,0.0045,0.0005,0.0005,0.0005,0.0005,1,0.0365,0.0105,0.0005,10076.8980057,22643.609371,1,0
0.28,0.21,0.435,0.425,0.365,0.435,0.39,0.155,0.1,0.0395,0.0065,0.011,0.008,0.0005,0,0.235,0.335,0.005,10074.5384836,67056.52622599997,1,0
0.5,0.962,0.97,0.9595,0.985,0.9885,0.9895,0.986,0.9885,0.992,0.9935,0.9955,0.9995,0.9995,2,0.9585,0.9945,0.9985,10077.1695605,100753.11863600004,1,1
0.5,0.19,0.12,0.115,0.215,0.195,0.155,0.19,0.135,0.037,0.025,0.0075,0.001,0.0005,3,0.17,0.17,0.0005,10076.108279716665,196522.94608400002,1,0
0.49,0.028,0.0255,0.0365,0.017,0.0145,0.0125,0.011,0.016,0.0075,0.0025,0.003,0.002,0.0005,0,0.036,0.0105,0.0005,10074.438384616666,223424.64974599995,1,0
0.49,0.165,0.18,0.17,0.235,0.245,0.265,0.31,0.335,0.265,0.28,0.07,0.0075,0.008,0,0.17,0.3,0.0035,10073.970294066667,51158.17160199999,1,0
0.485,0.026,0.0065,0.0225,0.02,0.0135,0.009,0.0155,0.015,0.0135,0.002,0.001,0.0005,0.0005,0,0.0255,0.009,0.0005,10073.747284483334,16144.041944,1,0
0.18,0.19,0.19,0.21,0.225,0.23,0.21,0.21,0.25,0.17,0.19,0.46,0.62,0.2,2,0.45,0.23,0.735,10074.8230523,33189.609881000004,1,0
0.04,0.0375,0.034,0.0295,0.024,0.019,0.027,0.024,0.0155,0.015,0.011,0.002,0.0005,0.0005,0,0.35,0.02,0.0005,10074.419734466666,12268.273858999999,1,0
0.87,0.905,0.91,0.875,0.825,0.825,0.94,0.955,0.971,0.981,0.9845,0.974,0.9805,0.994,0,0.9,0.93,0.9895,10075.978340016667,85715.850701,1,1
0.13,0.115,0.11,0.08,0.05,0.032,0.072,0.065,0.03,0.053,0.019,0.003,0.0005,0.0005,0,0.125,0.0515,0.0005,10076.673414316667,37048.941700000025,1,0
0.065,0.065,0.07,0.055,0.04,0.0955,0.1125,0.0985,0.028,0.024,0.013,0.0065,0.0025,0.001,0,0.255,0.1,0.0015,10074.669991883333,0.0,1,0
0.095,0.1,0.095,0.12,0.1,0.07,0.06,0.0365,0.091,0.1045,0.0615,0.063,0.0145,0.0005,0,0.255,0.05,0.0045,10074.14364495,0.0,1,0
0.72,0.775,0.76,0.82,0.825,0.7,0.62,0.63,0.87,0.91,0.95,0.981,0.9895,0.992,0,0.78,0.645,0.986,10076.717808116666,0.0,1,1
0.115,0.115,0.075,0.095,0.07,0.05,0.022,0.0225,0.0425,0.0445,0.0255,0.022,0.0035,0.0005,0,0.125,0.02,0.0015,10076.117520516667,0.0,1,0
0.805,0.845,0.755,0.8,0.795,0.845,0.855,0.725,0.685,0.88,0.92,0.9585,0.994,0.9995,0,0.84,0.78,0.9905,10067.982189216667,0.0,1,1
0.095,0.085,0.04,0.04,0.028,0.012,0.016,0.011,0.0095,0.014,0.012,0.003,0.0005,0.0005,0,0.115,0.0155,0.0005,10071.400955,0.0,1,0
0.895,0.93,0.88,0.905,0.925,0.9445,0.9615,0.8915,0.8855,0.973,0.9855,0.985,0.9985,0.9995,0,0.93,0.9135,0.9995,10074.176872549999,0.0,1,1
0.115,0.14,0.09,0.105,0.095,0.11,0.12,0.075,0.043,0.0825,0.0555,0.0535,0.01,0.0015,0,0.13,0.09,0.0085,10069.785986083332,0.0,1,0
0.075,0.085,0.05,0.05,0.045,0.055,0.055,0.028,0.0215,0.03,0.0135,0.0155,0.003,0.0005,0,0.085,0.036,0.0025,10069.747720616666,0.0,1,0
0.14,0.14,0.21,0.23,0.235,0.265,0.315,0.32,0.36,0.255,0.22,0.405,0.62,0.94,1,0.135,0.32,0.715,10057.381781833334,0.0,1,1
0.065,0.055,0.0275,0.0265,0.02,0.019,0.0195,0.018,0.0145,0.0145,0.0025,0.0015,0.0005,0.0005,0,0.055,0.019,0.0005,10056.757039099999,0.0,1,0
0.055,0.05,0.027,0.0235,0.011,0.011,0.008,0.008,0.0075,0.0125,0.0025,0.0015,0.0005,0.0005,0,0.05,0.008,0.0005,10075.538584966667,0.0,1,0
0.72,0.72,0.46,0.46,0.37,0.42,0.35,0.375,0.34,0.155,0.08,0.265,0.155,0.0115,9,0.73,0.365,0.14,10077.116282666666,0.0,1,0
0.495,0.019,0.0155,0.0185,0.023,0.0305,0.0155,0.015,0.015,0.013,0.013,0.0075,0.0085,0.0005,0,0.0175,0.017,0.002,10054.922040066665,0.0,1,0
0.435,0.175,0.19,0.2,0.2,0.195,0.21,0.205,0.25,0.245,0.105,0.08,0.019,0.1625,0,0.17,0.21,0.0125,10054.613096449999,0.0,1,0
0.495,0.05,0.065,0.035,0.0245,0.021,0.016,0.0145,0.011,0.011,0.0025,0.0015,0.0005,0.0005,0,0.06,0.0165,0.0005,10054.430637066665,0.0,1,0
0.94,0.962,0.9775,0.98,0.946,0.943,0.9535,0.9645,0.9785,0.984,0.959,0.9665,0.972,0.9995,0,0.9665,0.9575,0.965,10073.3063118,0.0,1,1
0.24,0.34,0.375,0.35,0.115,0.105,0.0535,0.032,0.026,0.019,0.012,0.0025,0.0015,0.0005,0,0.415,0.0375,0.0005,10066.668139333335,0.0,1,0
0.055,0.075,0.07,0.055,0.04,0.095,0.075,0.075,0.06,0.027,0.0065,0.064,0.0265,0.0015,0,0.085,0.14,0.023,10074.311164083334,0.0,1,0
0.28,0.41,0.39,0.41,0.355,0.08,0.06,0.03,0.0115,0.0075,0.003,0.003,0.0005,0.0005,2,0.345,0.029,0.0005,10073.079415466667,0.0,1,0
0.0285,0.027,0.0275,0.028,0.0215,0.04,0.0335,0.03,0.027,0.0185,0.007,0.012,0.006,0.0005,0,0.028,0.0385,0.0095,10076.016229933333,0.0,1,0
0.27,0.1455,0.2045,0.1885,0.1725,0.1535,0.039,0.017,0.0135,0.0095,0.0045,0.0015,0.0005,0.0005,0,0.0765,0.032,0.0005,10076.8384851,0.0,1,0
0.031,0.064,0.1115,0.098,0.072,0.0635,0.0135,0.012,0.009,0.006,0.002,0.0005,0.0005,0.0005,0,0.0445,0.0125,0.0005,10076.910647333334,0.0,1,0
0.09,0.0325,0.0235,0.027,0.0215,0.0205,0.0255,0.0235,0.021,0.015,0.01,0.0095,0.0105,0.0005,0,0.045,0.02,0.004,10074.164318166668,0.0,1,0
0.495,0.165,0.14,0.145,0.145,0.145,0.28,0.295,0.34,0.405,0.59,0.705,0.4,0.055,8,0.53,0.265,0.595,10073.947082233333,0.0,1,0
0.395,0.055,0.045,0.022,0.0175,0.02,0.016,0.0165,0.016,0.018,0.0145,0.01,0.001,0.0005,0,0.055,0.016,0.0005,10063.460917733335,0.0,1,0
0.44,0.135,0.14,0.065,0.0325,0.0345,0.026,0.026,0.0555,0.063,0.0555,0.037,0.0055,0.0005,2,0.17,0.0255,0.003,10063.25479315,0.0,1,0
0.575,0.977,0.9825,0.983,0.988,0.9905,0.996,0.9975,0.9985,0.9995,0.9965,0.9995,0.9995,0.9995,0,0.975,0.997,0.9995,10076.7131293,0.0,1,1
0.5,0.16,0.15,0.4,0.565,0.545,0.6,0.58,0.22,0.135,0.06,0.03,0.0165,0.0005,3,0.14,0.61,0.0015,10077.411719,0.0,1,0
0.495,0.031,0.0305,0.0325,0.03,0.0165,0.0135,0.016,0.013,0.0155,0.0045,0.0025,0.0015,0.0005,0,0.0325,0.0135,0.0005,10071.45419165,0.0,1,0
0.5,0.13,0.125,0.125,0.13,0.22,0.185,0.22,0.24,0.285,0.3,0.195,0.14,0.013,1,0.125,0.22,0.115,10070.875568566667,0.0,1,0
0.748,0.9785,0.986,0.9825,0.982,0.993,0.994,0.99,0.995,0.999,0.999,0.9995,0.9995,0.9995,0,0.9785,0.9945,0.9995,10076.628803066667,0.0,1,1
0.5,0.024,0.0145,0.009,0.024,0.044,0.109,0.06,0.046,0.022,0.004,0.0015,0.0005,0.0005,1,0.024,0.07,0.0005,10077.292708716666,61675.391227000015,1,0
0.145,0.06,0.055,0.06,0.06,0.19,0.415,0.3,0.315,0.165,0.0485,0.013,0.0015,0.0005,0,0.06,0.32,0.0015,10075.905628933333,122936.07571900018,1,0
0.185,0.16,0.155,0.175,0.18,0.14,0.115,0.0385,0.02,0.0215,0.012,0.011,0.0135,0.0065,0,0.14,0.05,0.016,10075.240014699999,0.0,1,0
0.045,0.055,0.045,0.035,0.0335,0.0335,0.062,0.1255,0.1945,0.163,0.174,0.048,0.011,0.0005,0,0.055,0.119,0.008,10074.680913966668,0.0,1,0
0.835,0.88,0.875,0.86,0.865,0.91,0.93,0.977,0.9875,0.99,0.9945,0.994,0.9985,0.9995,0,0.87,0.976,0.999,10076.444797350001,0.0,1,1
0.06,0.08,0.055,0.043,0.036,0.0495,0.1025,0.212,0.374,0.272,0.246,0.059,0.0065,0.0005,0,0.09,0.195,0.0025,10076.645901633334,0.0,1,0
0.023,0.0425,0.0305,0.0255,0.0255,0.026,0.0215,0.02,0.017,0.007,0.0075,0.0015,0.0005,0.0005,0,0.0405,0.02,0.0005,10071.189546650001,0.0,1,0
0.18,0.155,0.19,0.22,0.23,0.225,0.255,0.275,0.27,0.19,0.09,0.115,0.0475,0.1485,0,0.185,0.265,0.022,10070.795206866667,0.0,1,1
0.983,0.983,0.9815,0.9895,0.9895,0.99,0.9905,0.9935,0.996,0.996,0.9985,0.9995,0.9995,0.9995,0,0.981,0.992,0.9995,10077.2769293,0.0,1,1
0.425,0.345,0.385,0.485,0.51,0.43,0.465,0.545,0.735,0.91,0.9775,0.9765,0.994,0.9915,13,0.41,0.49,0.9965,10076.009208383333,0.0,1,1
0.445,0.32,0.44,0.335,0.425,0.5,0.515,0.4,0.45,0.57,0.76,0.9685,0.9935,0.9995,9,0.37,0.51,0.9935,10074.454132433333,0.0,1,1
0.935,0.895,0.945,0.925,0.96,0.975,0.971,0.9695,0.981,0.988,0.9945,0.995,0.9995,0.9995,0,0.91,0.969,0.9995,10075.312809283332,0.0,1,1
0.019,0.0135,0.0135,0.0075,0.0065,0.006,0.0105,0.0075,0.005,0.0005,0.0035,0.0055,0.0055,0.0005,0,0.02,0.0075,0.0015,10077.283166583333,0.0,1,0
0.17,0.22,0.19,0.22,0.2,0.16,0.165,0.205,0.175,0.105,0.045,0.012,0.0015,0.0005,0,0.21,0.135,0.0015,10073.944527183334,0.0,1,0
0.04,0.028,0.033,0.032,0.0305,0.031,0.0315,0.0275,0.02,0.016,0.0195,0.0915,0.2655,0.021,0,0.0325,0.0305,0.0775,10073.409893283333,0.0,1,0
0.475,0.026,0.0175,0.014,0.0155,0.0085,0.0065,0.0035,0.009,0.001,0.001,0.0005,0.0005,0.001,0,0.021,0.0035,0.0005,8745.858719183334,0.0,1,0
0.5,0.455,0.465,0.305,0.29,0.22,0.31,0.265,0.19,0.26,0.255,0.425,0.335,0.9995,4,0.385,0.31,0.43,8745.788465116666,0.0,1,1
0.465,0.0015,0.0105,0.0015,0.0055,0.004,0.0015,0.0015,0.0015,0.0015,0.0005,0.0005,0.0005,0.0005,0,0.0015,0.0015,0.0005,8745.909825350001,0.0,1,0
0.72,0.79,0.8,0.775,0.885,0.865,0.895,0.96,0.95,0.9555,0.974,0.9845,0.9975,0.9995,0,0.745,0.935,0.9985,10019.737893583333,0.0,1,1
0.045,0.041,0.031,0.0215,0.028,0.013,0.014,0.016,0.011,0.006,0.005,0.0035,0.0125,0.007,0,0.041,0.029,0.0315,10043.826623583333,0.0,1,0
0.03,0.021,0.0225,0.015,0.0125,0.0105,0.016,0.0105,0.011,0.015,0.001,0.001,0.0015,0.0005,0,0.021,0.0115,0.0025,10063.391570416667,0.0,1,0
0.195,0.22,0.235,0.245,0.285,0.29,0.335,0.29,0.36,0.4,0.4,0.39,0.085,0.001,0,0.2,0.28,0.0165,10064.063224516667,11960.672125,1,0
0.5,0.405,0.36,0.465,0.57,0.66,0.585,0.595,0.69,0.765,0.9,0.986,0.979,0.996,8,0.44,0.63,0.978,10017.1744188,0.0,1,1
0.5,0.9795,0.963,0.9885,0.992,0.992,0.996,0.9955,0.9955,0.996,0.996,0.9985,0.9995,0.9995,0,0.976,0.9955,0.9995,10017.270263366667,0.0,1,1
0.505,0.085,0.09,0.055,0.0305,0.0255,0.026,0.0245,0.0145,0.0125,0.0055,0.0015,0.001,0.0005,1,0.065,0.025,0.0005,10014.046333166665,0.0,1,0
0.505,0.11,0.11,0.135,0.18,0.215,0.185,0.18,0.25,0.3,0.39,0.535,0.34,0.0365,9,0.12,0.19,0.36,10013.599219316668,0.0,1,0
0.495,0.045,0.04,0.035,0.034,0.0365,0.023,0.026,0.023,0.023,0.0265,0.0055,0.008,0.0035,0,0.04,0.023,0.0015,10014.82261845,0.0,1,0
0.495,0.1,0.11,0.125,0.11,0.08,0.05,0.04,0.031,0.0245,0.016,0.0115,0.0015,0.0005,0,0.1,0.04,0.0015,10015.48282535,0.0,1,0
0.5,0.983,0.983,0.9815,0.983,0.992,0.9925,0.9945,0.9945,0.9965,0.9975,0.9985,0.9995,0.9995,0,0.9815,0.9945,0.9995,10017.20682105,0.0,1,1
0.5,0.445,0.445,0.415,0.41,0.495,0.57,0.685,0.62,0.59,0.755,0.825,0.9755,0.999,8,0.465,0.63,0.9585,10016.707420183335,0.0,1,1
0.5,0.0195,0.021,0.0205,0.018,0.0125,0.008,0.007,0.0065,0.0035,0.004,0.0005,0.0015,0.0005,1,0.0205,0.008,0.0005,10017.33805095,0.0,1,0
0.5,0.355,0.35,0.23,0.24,0.255,0.26,0.26,0.295,0.205,0.265,0.235,0.155,0.0165,1,0.405,0.26,0.22,10012.708730483333,0.0,1,0
0.5,0.3495,0.35,0.3505,0.1215,0.026,0.021,0.0195,0.011,0.0105,0.006,0.0015,0.001,0.0005,1,0.4055,0.0205,0.001,10012.099693966667,0.0,1,0
0.5,0.885,0.855,0.865,0.85,0.84,0.845,0.9,0.939,0.9865,0.9885,0.9925,0.997,0.9995,2,0.885,0.87,0.9985,10017.253911066666,0.0,1,1
0.5,0.405,0.028,0.0265,0.0215,0.021,0.0235,0.019,0.01,0.0095,0.004,0.0015,0.0005,0.0005,1,0.41,0.0195,0.0005,10016.331467283333,0.0,1,0
0.065,0.08,0.1,0.08,0.185,0.185,0.195,0.215,0.24,0.17,0.14,0.0255,0.014,0.0065,0,0.075,0.235,0.0185,10015.109287866666,0.0,1,0
0.105,0.105,0.07,0.085,0.0305,0.0275,0.0115,0.0025,0.0065,0.005,0.004,0.004,0.0005,0.0005,0,0.095,0.006,0.0005,10014.62614425,0.0,1,0
0.972,0.973,0.973,0.9745,0.9575,0.964,0.961,0.956,0.9465,0.9765,0.992,0.9955,0.996,0.9995,0,0.972,0.953,0.9985,10017.500996133334,295188.0489360002,1,1
0.39,0.35,0.255,0.26,0.09,0.08,0.07,0.055,0.045,0.06,0.0305,0.042,0.011,0.0035,0,0.325,0.06,0.0105,10017.3306767,0.0,1,0
0.015,0.015,0.0125,0.0105,0.009,0.013,0.008,0.0105,0.011,0.0035,0.0035,0.003,0.0005,0.0005,0,0.0125,0.008,0.0005,10012.917739533334,0.0,1,0
0.21,0.22,0.12,0.16,0.165,0.17,0.305,0.33,0.34,0.33,0.36,0.38,0.38,0.125,2,0.22,0.31,0.165,10012.352955133334,0.0,1,0
0.03,0.028,0.1235,0.068,0.044,0.031,0.0185,0.0175,0.005,0.003,0.003,0.011,0.0005,0.0005,0,0.0285,0.017,0.0005,10011.746303833334,0.0,1,0
0.66,0.675,0.91,0.885,0.87,0.865,0.74,0.77,0.72,0.675,0.7,0.91,0.971,0.9995,0,0.68,0.73,0.9905,10017.34092065,0.0,1,1
0.0305,0.031,0.123,0.0685,0.049,0.036,0.017,0.0155,0.005,0.004,0.003,0.0015,0.0005,0.0005,0,0.0315,0.0135,0.0005,10017.081757466665,0.0,1,0
0.76,0.715,0.7,0.745,0.94,0.915,0.89,0.89,0.775,0.84,0.785,0.695,0.765,0.9965,0,0.76,0.885,0.92,10015.7195754,0.0,1,1
0.04,0.0325,0.029,0.03,0.0875,0.046,0.024,0.0115,0.0095,0.0055,0.002,0.001,0.0005,0.0005,0,0.042,0.014,0.0005,10015.074827266666,0.0,1,0
0.065,0.075,0.09,0.045,0.023,0.0275,0.027,0.0265,0.0475,0.0335,0.029,0.053,0.027,0.002,0,0.085,0.0255,0.008,9999.6476853,386453.3585750003,1,0
0.11,0.085,0.07,0.075,0.185,0.175,0.13,0.105,0.031,0.0225,0.0075,0.0065,0.0015,0.0035,0,0.1,0.14,0.003,9998.4832749,0.0,1,0
0.5,0.027,0.0195,0.011,0.0115,0.026,0.009,0.0085,0.0045,0.004,0.0015,0.0005,0.0005,0.0005,1,0.029,0.0085,0.0005,10017.4338911,0.0,1,0
0.5,0.415,0.515,0.745,0.67,0.57,0.4,0.37,0.47,0.475,0.45,0.565,0.8,0.9995,6,0.41,0.41,0.83,10015.95205435,95884.327611,1,1
0.495,0.0385,0.031,0.0295,0.0155,0.0115,0.007,0.006,0.0055,0.0055,0.003,0.0015,0.002,0.0005,0,0.055,0.0055,0.0015,10017.036593283332,0.0,1,0
0.0275,0.0235,0.0285,0.029,0.022,0.024,0.053,0.061,0.021,0.014,0.0035,0.0015,0.0005,0.0005,0,0.0255,0.036,0.0005,10012.1137002,0.0,1,0
0.19,0.21,0.13,0.16,0.185,0.1,0.039,0.04,0.0555,0.0645,0.104,0.0575,0.056,0.0205,0,0.195,0.034,0.1155,10012.87959135,0.0,1,0
0.94,0.925,0.9565,0.956,0.959,0.973,0.9785,0.9815,0.9835,0.988,0.992,0.9945,0.9985,0.9995,0,0.935,0.978,0.9985,10017.0808033,0.0,1,1
0.045,0.03,0.0685,0.05,0.0315,0.075,0.153,0.1575,0.037,0.02,0.0105,0.0045,0.0005,0.0005,0,0.05,0.1155,0.0005,10016.403206816667,0.0,1,0
0.024,0.015,0.0185,0.0165,0.0175,0.0205,0.014,0.0115,0.0135,0.0055,0.0045,0.0005,0.0005,0.0005,0,0.013,0.0155,0.0005,10075.577718633334,0.0,1,0
0.2,0.22,0.215,0.24,0.225,0.26,0.28,0.19,0.12,0.11,0.16,0.34,0.66,0.975,1,0.235,0.285,0.74,10075.149666016667,0.0,1,1
0.0245,0.033,0.03,0.02,0.027,0.021,0.016,0.0255,0.033,0.028,0.0125,0.012,0.0005,0.0005,0,0.032,0.016,0.0005,10074.44587305,0.0,1,0
0.715,0.875,0.83,0.805,0.93,0.84,0.895,0.952,0.984,0.9845,0.9915,0.987,0.9945,0.9995,0,0.88,0.875,0.994,10076.72641625,0.0,1,1
0.025,0.0395,0.0235,0.0145,0.0305,0.0155,0.009,0.0325,0.034,0.0255,0.0025,0.008,0.0005,0.0005,0,0.0295,0.0085,0.0005,10076.40089895,0.0,1,0
0.235,0.205,0.24,0.23,0.225,0.265,0.22,0.27,0.305,0.24,0.12,0.11,0.095,0.87,1,0.265,0.255,0.065,10073.825104316667,0.0,1,1
0.0275,0.023,0.024,0.034,0.0315,0.0265,0.041,0.0245,0.0245,0.0375,0.058,0.0435,0.009,0.0005,0,0.0265,0.0265,0.0055,10073.418890833333,0.0,1,0
0.57,0.37,0.62,0.755,0.52,0.65,0.855,0.66,0.755,0.88,0.9565,0.9725,0.983,0.9905,4,0.58,0.76,0.993,10077.006264283333,0.0,1,1
0.065,0.0345,0.072,0.1345,0.0505,0.058,0.1675,0.054,0.0565,0.1265,0.22,0.214,0.059,0.0015,0,0.05,0.0945,0.0325,10076.922328316667,0.0,1,0
0.04,0.045,0.0245,0.2055,0.026,0.0315,0.024,0.021,0.0295,0.0205,0.012,0.0195,0.0135,0.0015,0,0.0415,0.023,0.0115,10069.281156216666,0.0,1,0
0.0275,0.0315,0.0215,0.2055,0.0175,0.0215,0.0195,0.015,0.018,0.008,0.0055,0.007,0.0095,0.0005,0,0.0285,0.0185,0.0035,10069.201980799999,0.0,1,0
0.685,0.8,0.565,0.43,0.68,0.705,0.57,0.66,0.845,0.725,0.8,0.95,0.994,0.9975,4,0.77,0.705,0.9955,10075.339814166666,0.0,1,1
0.9845,0.9875,0.9605,0.936,0.9815,0.978,0.9795,0.984,0.989,0.9905,0.9975,0.996,0.9995,0.9995,0,0.987,0.9845,0.9995,10076.630919816667,0.0,1,1
0.495,0.019,0.0165,0.0165,0.0215,0.056,0.02,0.02,0.018,0.0165,0.0105,0.008,0.0015,0.0005,0,0.017,0.019,0.0005,10069.007156316666,35120.253952,1,0
0.495,0.2,0.225,0.24,0.285,0.21,0.285,0.275,0.31,0.325,0.32,0.44,0.555,0.007,2,0.195,0.25,0.415,10068.975579099999,52383.717125999945,1,0
0.495,0.033,0.018,0.024,0.02,0.0185,0.0155,0.0115,0.015,0.013,0.009,0.003,0.0005,0.0005,0,0.033,0.0145,0.0005,10068.333527466666,13086.371,1,0
0.51,0.971,0.9615,0.973,0.937,0.831,0.9535,0.9615,0.9675,0.965,0.991,0.991,0.9965,0.9995,0,0.9665,0.974,0.9935,10076.6682977,172310.1581009999,1,1
0.525,0.405,0.325,0.325,0.105,0.065,0.17,0.2,0.145,0.085,0.21,0.05,0.033,0.9575,2,0.4,0.27,0.0605,10077.291502400001,348283.84116300015,1,1
0.075,0.085,0.42,0.39,0.29,0.245,0.065,0.0515,0.1355,0.155,0.104,0.047,0.091,0.0025,2,0.12,0.065,0.0495,10077.2821733,262369.741765,1,0
0.0135,0.009,0.0405,0.0395,0.014,0.0125,0.0075,0.0105,0.0025,0.0075,0.0025,0.0005,0.0005,0.0005,0,0.009,0.009,0.0005,10076.330905866667,407226.00434,1,0
0.055,0.05,0.205,0.21,0.17,0.17,0.055,0.039,0.088,0.1155,0.089,0.035,0.084,0.0025,0,0.075,0.045,0.036,10073.363561883334,31821.561009,1,0
0.0105,0.0105,0.0115,0.348,0.0185,0.0165,0.017,0.0165,0.0095,0.009,0.0095,0.005,0.0005,0.0005,0,0.006,0.017,0.0005,10074.226471183332,66463.486472,1,0
0.016,0.0215,0.023,0.2175,0.024,0.02,0.02,0.0175,0.004,0.0035,0.0025,0.0025,0.0015,0.0005,0,0.01,0.0195,0.0005,10068.20482645,42972.921717,1,0
0.026,0.023,0.0215,0.0255,0.0585,0.0495,0.033,0.022,0.0055,0.003,0.003,0.0035,0.0015,0.0005,0,0.0235,0.023,0.0005,10067.722847883333,54991.889853,1,0
0.19,0.17,0.215,0.27,0.185,0.195,0.265,0.34,0.4,0.265,0.33,0.36,0.58,0.0315,4,0.195,0.24,0.665,10067.856535466668,207888.297524,1,0
0.05,0.0345,0.029,0.0535,0.2805,0.3585,0.0905,0.167,0.0325,0.0105,0.0125,0.0825,0.0285,0.001,0,0.036,0.164,0.011,9349.0538192,241691.302857,1,0
0.155,0.21,0.11,0.0485,0.017,0.013,0.026,0.018,0.0295,0.023,0.043,0.004,0.0045,0.0005,0,0.17,0.024,0.003,9348.352702,124477.483901,1,0
0.5,0.9715,0.974,0.9615,0.976,0.9835,0.9875,0.9845,0.9845,0.989,0.9975,0.993,0.9985,0.9995,0,0.9855,0.9875,0.9975,10072.338495533333,151887.856679,1,1
0.029,0.021,0.0165,0.017,0.0135,0.011,0.021,0.027,0.017,0.0115,0.0015,0.0005,0.002,0.0005,0,0.021,0.0185,0.0005,10077.081873083334,166093.509466,1,0
0.029,0.0275,0.022,0.0225,0.0175,0.017,0.047,0.038,0.018,0.013,0.004,0.0015,0.006,0.0005,0,0.025,0.043,0.0015,10071.792163533333,200162.242128,1,0
0.26,0.22,0.21,0.175,0.245,0.325,0.18,0.21,0.3,0.44,0.58,0.535,0.245,0.615,9,0.195,0.19,0.39,10073.193003133334,82909.082009,1,1
0.0285,0.0255,0.0225,0.0255,0.0205,0.0195,0.0405,0.039,0.0195,0.012,0.012,0.0015,0.0015,0.0005,0,0.0235,0.039,0.004,10072.663888033334,47474.994759,1,0
0.5,0.195,0.22,0.265,0.275,0.275,0.34,0.325,0.0695,0.048,0.057,0.1745,0.1335,0.514,4,0.18,0.305,0.742,10074.970499283334,49910.073082,1,0
0.5,0.125,0.1,0.05,0.0325,0.029,0.026,0.031,0.2325,0.2675,0.135,0.025,0.005,0.0005,1,0.135,0.037,0.0015,10074.666779133335,85018.783144,1,0
0.5,0.215,0.165,0.082,0.0635,0.0445,0.037,0.044,0.3565,0.3785,0.148,0.033,0.006,0.0015,3,0.22,0.06,0.002,10077.208729233333,334292.659238,1,0
0.5,0.44,0.355,0.215,0.17,0.12,0.115,0.19,0.675,0.745,0.605,0.3,0.018,0.0035,5,0.445,0.205,0.0065,10076.164247050001,190090.311491,1,0
0.495,0.27,0.021,0.0055,0.0225,0.0225,0.0245,0.0385,0.0175,0.022,0.016,0.0015,0.001,0.0005,0,0.485,0.035,0.0005,10071.4070526,17155.976062,1,0
0.495,0.21,0.235,0.225,0.205,0.165,0.105,0.06,0.06,0.235,0.395,0.455,0.62,0.02,2,0.22,0.065,0.72,10070.951946216666,24602.709493,1,0
0.5,0.9795,0.9955,0.9955,0.9945,0.9735,0.9805,0.977,0.9955,0.9965,0.9985,0.997,0.9995,0.9995,0,0.9795,0.973,0.9995,10076.478000000001,87371.364005,1,1
0.5,0.4,0.48,0.44,0.34,0.275,0.155,0.1,0.08,0.3,0.725,0.775,0.695,0.0225,5,0.415,0.115,0.77,10076.3904239,259828.119321,1,0
0.5,0.015,0.0115,0.015,0.011,0.007,0.0045,0.0035,0.0015,0.001,0.01,0.0015,0.0005,0.0005,1,0.0195,0.0025,0.0005,10076.558914616668,59510.469298,1,0
0.225,0.2,0.205,0.195,0.18,0.18,0.21,0.285,0.36,0.365,0.335,0.145,0.0115,0.002,0,0.21,0.31,0.009,10072.952644316665,22090.273601,1,0
0.0315,0.0275,0.0265,0.0325,0.0255,0.0245,0.0155,0.022,0.012,0.005,0.0005,0.0015,0.0085,0.0005,0,0.029,0.02,0.003,10072.433731183333,105068.001496,1,0
0.895,0.945,0.96,0.96,0.9765,0.9765,0.9665,0.924,0.898,0.8605,0.9825,0.9865,0.9995,0.9995,0,0.94,0.861,0.9975,10077.260669000001,73901.573752,1,1
0.06,0.06,0.06,0.055,0.06,0.05,0.0365,0.0255,0.011,0.0035,0.0065,0.006,0.0385,0.0015,0,0.06,0.0255,0.0235,10077.06748005,108345.759816,1,0
0.045,0.034,0.0415,0.0325,0.026,0.0235,0.0125,0.0115,0.014,0.0295,0.0545,0.0725,0.0065,0.0005,0,0.0425,0.0125,0.004,10074.387647366668,66299.852538,1,0
0.12,0.155,0.09,0.12,0.115,0.115,0.1,0.09,0.075,0.038,0.009,0.005,0.003,0.005,0,0.125,0.095,0.0075,10073.800605933333,61128.021972,1,0
0.9765,0.988,0.9815,0.9835,0.985,0.9915,0.9835,0.9905,0.9915,0.9815,0.98,0.983,0.993,0.9995,0,0.9835,0.9835,0.997,10076.5634381,259787.744885,1,1
0.21,0.23,0.15,0.165,0.155,0.135,0.145,0.13,0.085,0.0585,0.012,0.0035,0.007,0.0145,0,0.205,0.135,0.0055,10076.616843,290494.269953,1,0
0.245,0.24,0.265,0.29,0.305,0.33,0.37,0.395,0.39,0.425,0.25,0.47,0.14,0.016,0,0.24,0.385,0.065,10073.723363266667,15500.997136,1,0
0.018,0.0285,0.01,0.013,0.006,0.0055,0.0055,0.0055,0.0105,0.007,0.0055,0.006,0.0015,0.0005,0,0.018,0.0055,0.001,10074.220176483333,168726.085893,1,0
0.125,0.15,0.095,0.13,0.095,0.095,0.1,0.08,0.075,0.055,0.025,0.0245,0.0015,0.0005,0,0.13,0.08,0.001,10073.520324566667,49757.657513,1,0
0.395,0.505,0.375,0.465,0.35,0.395,0.395,0.395,0.395,0.345,0.09,0.155,0.0085,0.0005,2,0.445,0.345,0.0035,10076.053377733333,122731.483683,1,0
0.07,0.06,0.022,0.024,0.013,0.012,0.0165,0.0085,0.0135,0.0075,0.0075,0.0015,0.0005,0.0005,0,0.045,0.009,0.0005,10076.9498517,77483.052206,1,0
0.085,0.09,0.065,0.05,0.106,0.0745,0.071,0.042,0.0215,0.0125,0.02,0.0235,0.1565,0.009,0,0.075,0.079,0.0665,10068.507867133334,20585.386512,1,0
0.0355,0.0335,0.034,0.032,0.014,0.014,0.0145,0.006,0.0165,0.0155,0.0055,0.0055,0.0005,0.0005,0,0.035,0.008,0.0005,10067.916976016666,20426.999733,1,0
0.95,0.956,0.973,0.973,0.955,0.973,0.967,0.978,0.9815,0.9825,0.989,0.993,0.977,0.9995,0,0.9635,0.9725,0.9975,10074.877217483334,59486.225816,1,1
0.1,0.1,0.115,0.115,0.05,0.045,0.025,0.017,0.0235,0.0165,0.016,0.0135,0.0025,0.0005,0,0.115,0.0175,0.0005,10074.618411033332,44548.028841,1,0
0.07,0.07,0.065,0.1,0.085,0.037,0.0295,0.0185,0.0135,0.008,0.0095,0.007,0.0005,0.0005,0,0.09,0.0225,0.003,10076.988154033334,77074.664277,1,0
0.0245,0.028,0.0215,0.0235,0.0135,0.013,0.0105,0.01,0.007,0.0055,0.006,0.0005,0.0005,0.0005,0,0.0225,0.0095,0.0005,10076.72182135,48698.374833,1,0
0.0245,0.0325,0.0225,0.0225,0.0135,0.0165,0.018,0.022,0.014,0.0075,0.006,0.0055,0.0005,0.0005,0,0.034,0.0175,0.0005,10077.078838149999,25077.299399,1,0
0.1,0.105,0.125,0.13,0.15,0.185,0.065,0.065,0.045,0.04,0.0125,0.01,0.0025,0.0015,0,0.105,0.1,0.002,10071.388205633333,50022.249598,1,0
0.245,0.235,0.27,0.265,0.285,0.29,0.36,0.385,0.445,0.495,0.665,0.655,0.795,0.996,3,0.24,0.375,0.83,10071.623237966667,61100.24533,1,1
0.93,0.94,0.96,0.96,0.97,0.9765,0.963,0.9765,0.9845,0.9775,0.995,0.9965,0.9985,0.9995,0,0.935,0.973,0.9985,10076.523566816666,74787.934785,1,1
0.115,0.105,0.08,0.08,0.085,0.08,0.0245,0.0225,0.014,0.0115,0.0115,0.0075,0.001,0.0005,0,0.095,0.0245,0.0015,10076.0830322,57528.348389,1,0
0.96,0.9835,0.9735,0.975,0.9845,0.9885,0.9885,0.9925,0.99,0.9965,0.995,0.9955,0.9985,0.9995,0,0.9825,0.993,0.9995,10076.253311516666,68556.178998,1,1
0.445,0.46,0.19,0.22,0.22,0.17,0.205,0.175,0.085,0.06,0.0445,0.0185,0.0085,0.005,0,0.41,0.2,0.0085,10077.123932216666,82585.916009,1,0
0.04,0.021,0.0205,0.02,0.0185,0.0085,0.01,0.003,0.0025,0.0015,0.0005,0.0005,0.0005,0.0005,0,0.0205,0.01,0.0005,10076.501466283335,31240.802963,1,0
0.195,0.22,0.11,0.105,0.135,0.115,0.145,0.145,0.055,0.035,0.028,0.02,0.006,0.0005,0,0.18,0.15,0.0075,10073.351556783333,7973.418141,1,0
0.1,0.15,0.06,0.05,0.055,0.036,0.05,0.0455,0.026,0.0075,0.007,0.003,0.0025,0.0005,0,0.13,0.0485,0.0015,10073.246374666667,10430.268333,1,0
0.015,0.018,0.014,0.0335,0.012,0.008,0.006,0.0275,0.006,0.0055,0.0055,0.006,0.004,0.0005,0,0.018,0.006,0.0015,10074.559829666667,151065.116082,1,0
0.245,0.25,0.23,0.235,0.195,0.24,0.265,0.245,0.29,0.305,0.27,0.145,0.15,0.04,0,0.24,0.27,0.185,10074.063906966667,22150.255236,1,0
0.21,0.185,0.245,0.265,0.07,0.075,0.06,0.0395,0.052,0.0325,0.012,0.01,0.0015,0.0005,0,0.195,0.065,0.003,10077.0110664,177692.327811,1,0
0.64,0.635,0.695,0.735,0.375,0.46,0.47,0.385,0.47,0.425,0.34,0.155,0.14,0.046,9,0.635,0.465,0.17,10076.772655633333,298125.595932,1,0
0.032,0.025,0.007,0.0065,0.0065,0.0065,0.008,0.015,0.0035,0.004,0.0025,0.002,0.0015,0.0005,0,0.0245,0.005,0.001,10074.128434549999,15508.555515,1,0
0.16,0.19,0.25,0.29,0.25,0.275,0.215,0.265,0.325,0.28,0.305,0.295,0.225,0.006,0,0.19,0.24,0.3,10073.547517933333,20474.879306,1,0
0.978,0.985,0.982,0.984,0.9845,0.9855,0.986,0.992,0.9935,0.9935,0.996,0.996,0.9995,0.9995,0,0.9855,0.988,0.9985,10077.168577266666,141547.669883,1,1
0.3,0.345,0.655,0.67,0.73,0.69,0.42,0.435,0.5,0.38,0.39,0.335,0.25,0.003,14,0.365,0.415,0.32,10076.412109716668,173165.62428,1,0
0.74,0.805,0.95,0.95,0.964,0.968,0.877,0.9285,0.9635,0.9425,0.972,0.9795,0.985,0.9955,0,0.81,0.8895,0.99,10077.3068116,64583.76978,1,1
0.2,0.185,0.23,0.225,0.095,0.065,0.06,0.06,0.21,0.11,0.115,0.09,0.0395,0.004,0,0.185,0.075,0.005,10075.118254466668,31530.634243,1,0
0.04,0.036,0.016,0.04,0.0305,0.045,0.0445,0.0285,0.0165,0.0095,0.007,0.005,0.0005,0.0005,0,0.0265,0.0365,0.0005,10074.487659816667,24273.07955,1,0
0.915,0.945,0.925,0.9355,0.984,0.9855,0.9935,0.9905,0.973,0.987,0.993,0.992,0.997,0.999,0,0.935,0.9945,0.997,10077.237557933335,297866.071121,1,1
0.08,0.09,0.06,0.06,0.13,0.19,0.21,0.14,0.04,0.0485,0.0205,0.012,0.003,0.001,0,0.09,0.17,0.0055,10077.301119133333,158153.969846,1,0
0.105,0.055,0.055,0.0375,0.026,0.0295,0.087,0.118,0.124,0.042,0.014,0.009,0.011,0.0015,0,0.095,0.08,0.0065,10073.457575383334,25761.293612,1,0
0.165,0.12,0.115,0.125,0.08,0.09,0.225,0.275,0.285,0.17,0.07,0.05,0.045,0.003,0,0.165,0.235,0.012,10073.557087449999,41916.199735,1,0
0.978,0.973,0.963,0.9745,0.975,0.9875,0.988,0.9945,0.994,0.9945,0.9945,0.994,0.9985,0.9995,0,0.978,0.988,0.9995,10077.4409708,87369.482818,1,1
0.36,0.205,0.17,0.195,0.125,0.14,0.34,0.425,0.45,0.2,0.08,0.05,0.0515,0.0045,0,0.335,0.335,0.02,10077.24106865,130581.741039,1,0
0.14,0.2,0.225,0.245,0.28,0.32,0.335,0.38,0.24,0.195,0.19,0.405,0.66,0.964,5,0.155,0.365,0.71,10071.414454883334,39955.297437,1,1
0.055,0.0255,0.013,0.0115,0.0195,0.008,0.0105,0.0065,0.0035,0.0035,0.003,0.003,0.0005,0.0005,0,0.037,0.0065,0.0005,10070.771704883335,67307.842449,1,0
0.185,0.145,0.155,0.105,0.105,0.125,0.07,0.075,0.235,0.26,0.27,0.1,0.018,0.003,0,0.2,0.07,0.015,10071.1954304,24897.324643,1,0
0.73,0.515,0.545,0.385,0.38,0.45,0.32,0.355,0.725,0.79,0.78,0.525,0.21,0.0175,5,0.725,0.31,0.25,10077.011890816668,246128.966484,1,0
0.54,0.32,0.305,0.18,0.155,0.18,0.1,0.09,0.28,0.355,0.33,0.12,0.024,0.002,1,0.54,0.085,0.03,10077.264600766668,121101.435931,1,0
0.5,0.0485,0.0175,0.0145,0.0045,0.005,0.0065,0.007,0.0035,0.0025,0.0025,0.0025,0.002,0.0005,1,0.0255,0.0055,0.0015,10076.052453150001,56853.913711,1,0
0.5,0.125,0.295,0.235,0.37,0.23,0.155,0.205,0.155,0.02,0.006,0.009,0.03,0.002,3,0.31,0.395,0.057,10076.877791883333,236488.845737,1,0
0.5,0.0395,0.0635,0.042,0.071,0.0565,0.0425,0.0545,0.0275,0.008,0.006,0.003,0.0035,0.0005,1,0.07,0.053,0.009,10076.90283965,62968.097143,1,0
0.05,0.045,0.03,0.0125,0.0125,0.0105,0.007,0.007,0.007,0.003,0.002,0.0005,0.001,0.0005,2,0.05,0.008,0.0005,10069.852976483333,28599.510881,1,0
0.185,0.195,0.19,0.215,0.245,0.205,0.23,0.3,0.23,0.255,0.65,0.61,0.72,0.805,3,0.205,0.265,0.555,10070.445100116665,145109.925113,1,1
0.82,0.82,0.88,0.74,0.775,0.635,0.67,0.805,0.7,0.78,0.9835,0.9855,0.992,0.998,2,0.805,0.73,0.9925,10076.812982233332,74987.192197,1,1
0.085,0.08,0.09,0.0405,0.0175,0.011,0.011,0.009,0.008,0.0055,0.005,0.0035,0.0005,0.0005,2,0.09,0.011,0.0035,10077.021213316668,85652.687801,1,0
0.07,0.08,0.05,0.06,0.028,0.063,0.0445,0.112,0.081,0.0385,0.0435,0.0235,0.0025,0.0005,0,0.075,0.071,0.0015,10076.040800966666,29944.64859,1,0
0.12,0.135,0.145,0.13,0.175,0.08,0.06,0.031,0.018,0.017,0.0065,0.0075,0.0065,0.002,0,0.135,0.035,0.003,10075.536899083332,20530.433812,1,0
0.05,0.055,0.05,0.045,0.0395,0.0135,0.011,0.006,0.0075,0.01,0.0015,0.0005,0.0005,0.0005,2,0.06,0.011,0.0005,10077.2938779,50336.176423,1,0
0.76,0.79,0.86,0.82,0.895,0.775,0.805,0.62,0.665,0.815,0.71,0.865,0.988,0.9995,0,0.81,0.715,0.996,10076.497058716666,91493.555013,1,1
0.495,0.085,0.085,0.08,0.105,0.05,0.08,0.0235,0.019,0.012,0.0085,0.003,0.0025,0.0005,0,0.08,0.07,0.0015,10073.926609866667,62708.327716,1,0
0.495,0.125,0.115,0.13,0.09,0.125,0.055,0.135,0.14,0.23,0.195,0.095,0.18,0.008,0,0.12,0.1,0.225,10074.412133966665,27249.668943,1,0
0.495,0.034,0.0415,0.0455,0.045,0.026,0.028,0.0075,0.006,0.0035,0.0015,0.0005,0.0005,0.0005,0,0.035,0.0235,0.0005,10073.673475266667,9619.591,1,0
0.915,0.954,0.944,0.9505,0.968,0.9505,0.979,0.964,0.9645,0.967,0.982,0.988,0.989,0.9995,0,0.9595,0.9675,0.9955,10077.110171233333,349719.949202,1,1
0.455,0.07,0.095,0.07,0.08,0.032,0.0595,0.019,0.0105,0.002,0.004,0.002,0.0005,0.0005,0,0.075,0.0425,0.0005,10076.866826649999,61183.99076,1,0
0.145,0.175,0.125,0.13,0.085,0.095,0.075,0.13,0.0525,0.1405,0.081,0.2035,0.1245,0.0145,0,0.14,0.075,0.072,10070.79880635,69120.302725,1,0
0.055,0.0325,0.06,0.0525,0.08,0.082,0.0865,0.0355,0.064,0.0145,0.0085,0.004,0.0015,0.0005,0,0.0405,0.0725,0.0015,10070.220009033334,41376.235999,1,0
0.825,0.82,0.95,0.9305,0.971,0.9685,0.979,0.967,0.974,0.977,0.988,0.974,0.9935,0.9995,0,0.81,0.973,0.992,10077.214451166667,226219.426442,1,1
0.175,0.11,0.235,0.19,0.3,0.3,0.3,0.14,0.245,0.06,0.0375,0.013,0.003,0.0005,0,0.145,0.26,0.0025,10076.887178133333,164506.707352,1,0
0.96,0.943,0.7925,0.829,0.9665,0.9465,0.9765,0.978,0.9675,0.982,0.9925,0.9835,0.9975,0.998,0,0.9715,0.9705,0.9915,10077.134310716667,220572.336574,1,1
0.075,0.05,0.03,0.0225,0.0235,0.0215,0.032,0.023,0.0185,0.0045,0.006,0.002,0.0005,0.0005,0,0.075,0.0255,0.0005,10077.170146683335,120799.59576,1,0
0.48,0.055,0.19,0.175,0.032,0.04,0.036,0.0335,0.029,0.0185,0.017,0.015,0.0045,0.003,0,0.47,0.037,0.005,10076.215341316665,23988.939057,1,0
0.5,0.185,0.11,0.095,0.19,0.155,0.215,0.215,0.235,0.19,0.35,0.165,0.075,0.004,1,0.17,0.21,0.014,10075.718083849999,7894.294021,1,0
0.49,0.023,0.0255,0.3485,0.012,0.022,0.022,0.0085,0.0075,0.0055,0.0015,0.0015,0.0005,0.0005,0,0.0265,0.0225,0.0005,10075.213681883333,53747.17655,1,0
0.105,0.0385,0.1065,0.152,0.1565,0.1745,0.1835,0.24,0.1745,0.1215,0.196,0.27,0.041,0.12,0,0.06,0.1635,0.4,10071.92482615,38084.619775,1,0
0.14,0.095,0.14,0.16,0.12,0.14,0.245,0.24,0.265,0.22,0.32,0.37,0.42,0.85,3,0.095,0.24,0.505,10071.827553633333,67757.041443,1,1
0.9785,0.979,0.969,0.9355,0.7275,0.86,0.964,0.941,0.9685,0.9705,0.985,0.99,0.9985,0.9995,0,0.9855,0.955,0.9945,10076.92286535,193911.253643,1,1
0.31,0.495,0.33,0.18,0.055,0.0385,0.0885,0.033,0.0845,0.139,0.038,0.0155,0.0085,0.0005,6,0.465,0.0935,0.0045,10076.9270984,221891.11998,1,0
0.495,0.055,0.095,0.065,0.115,0.14,0.155,0.22,0.215,0.245,0.15,0.095,0.115,0.012,0,0.055,0.205,0.12,10074.268389716666,39458.642303,1,0
0.505,0.18,0.185,0.19,0.17,0.15,0.065,0.04,0.1,0.07,0.125,0.19,0.055,0.0055,1,0.17,0.045,0.016,10073.952652916667,23179.985647,1,0
0.895,0.865,0.72,0.845,0.68,0.595,0.175,0.165,0.395,0.32,0.485,0.62,0.41,0.06,17,0.89,0.17,0.275,10076.47014835,361257.114832,1,0
0.405,0.355,0.185,0.28,0.15,0.09,0.03,0.022,0.0225,0.024,0.026,0.027,0.002,0.0005,0,0.42,0.022,0.0015,10076.559543216666,113180.104763,1,0
0.5,0.023,0.0205,0.0715,0.0415,0.0775,0.0805,0.429,0.1935,0.0315,0.044,0.026,0.0045,0.0005,5,0.045,0.2005,0.0055,10077.127177749999,237364.093016,1,0
0.55,0.55,0.79,0.79,0.75,0.75,0.75,0.75,0.75,0.75,0.9995,0.9995,0.9995,0.9995,0,0.55,0.75,0.9995,10077.069149866667,4325.0,1,1
0.5,0.1,0.09,0.0405,0.049,0.0265,0.0155,0.011,0.009,0.015,0.0035,0.003,0.0005,0.0005,1,0.135,0.0155,0.0005,10076.7025294,73776.564869,1,0
0.465,0.085,0.023,0.041,0.045,0.0545,0.1545,0.172,0.166,0.2795,0.2,0.25,0.0665,0.004,0,0.055,0.1635,0.057,10073.0601313,27754.080555,1,0
0.405,0.065,0.115,0.115,0.09,0.065,0.029,0.025,0.0085,0.003,0.003,0.003,0.0005,0.0005,0,0.095,0.026,0.0005,10072.462891883333,9457.256363,1,0
0.47,0.385,0.585,0.56,0.505,0.415,0.17,0.14,0.0265,0.0115,0.026,0.0115,0.0075,0.0015,10,0.495,0.14,0.0035,10077.128569033333,188550.759157,1,0
0.505,0.835,0.95,0.95,0.94,0.91,0.75,0.715,0.185,0.305,0.765,0.705,0.885,0.9805,4,0.905,0.72,0.9,10077.1241549,220691.27044,1,1
0.305,0.07,0.1,0.1,0.0745,0.0445,0.0155,0.0125,0.012,0.0035,0.0015,0.0015,0.0005,0.0005,0,0.105,0.015,0.0005,10077.288535983333,46421.163949,1,0
0.235,0.215,0.12,0.075,0.095,0.05,0.0385,0.0315,0.011,0.0115,0.003,0.0015,0.0005,0.0005,0,0.245,0.0345,0.0005,10077.118565766667,50126.908789,1,0
0.375,0.365,0.21,0.13,0.18,0.13,0.095,0.08,0.03,0.019,0.005,0.003,0.0005,0.0005,0,0.415,0.095,0.0005,10077.087821183335,89565.537851,1,0
0.47,0.15,0.115,0.09,0.11,0.09,0.055,0.055,0.028,0.0245,0.004,0.0015,0.001,0.0005,4,0.16,0.06,0.001,10075.470876883333,35923.416938,1,0
0.505,0.18,0.16,0.1,0.175,0.145,0.115,0.12,0.065,0.036,0.0095,0.0015,0.0025,0.0005,5,0.18,0.125,0.002,10075.60595645,87160.171014,1,0
0.165,0.15,0.0305,0.0415,0.016,0.008,0.0095,0.007,0.005,0.0055,0.004,0.0035,0.0005,0.0005,0,0.15,0.008,0.0005,10074.02781595,29809.616599,1,0
0.145,0.175,0.13,0.15,0.115,0.08,0.125,0.055,0.039,0.0285,0.01,0.006,0.0005,0.0005,0,0.16,0.115,0.0005,10074.3556818,33014.635856,1,0
0.545,0.974,0.677,0.7435,0.5455,0.484,0.6205,0.4595,0.3245,0.335,0.131,0.051,0.011,0.0025,9,0.975,0.603,0.0025,10077.209006766667,302797.761411,1,0
0.495,0.0375,0.018,0.0185,0.0065,0.006,0.0055,0.005,0.0045,0.003,0.0005,0.0005,0.0005,0.0005,0,0.0395,0.007,0.0005,10077.263256233333,19719.755833,1,0
0.495,0.0265,0.025,0.024,0.0155,0.0075,0.0065,0.0055,0.005,0.004,0.0015,0.0005,0.0005,0.0005,0,0.0315,0.0055,0.0005,10069.322811016667,15647.37,1,0
0.5,0.205,0.225,0.24,0.049,0.061,0.0195,0.0145,0.0115,0.004,0.014,0.003,0.002,0.0005,1,0.21,0.022,0.0005,10069.742890116668,97536.923743,1,0
0.45,0.018,0.0075,0.0075,0.007,0.0105,0.007,0.005,0.0045,0.004,0.0005,0.0005,0.0005,0.0005,0,0.0175,0.006,0.0005,10069.155974533332,16568.470204,1,0
0.51,0.355,0.38,0.24,0.037,0.036,0.0195,0.016,0.0155,0.005,0.004,0.0015,0.001,0.0005,3,0.4,0.018,0.0005,10075.542247466667,49828.016313,1,0
0.48,0.0265,0.02,0.014,0.012,0.0115,0.013,0.0035,0.0035,0.0015,0.0005,0.0005,0.0005,0.0005,0,0.0285,0.007,0.0005,10076.870693916666,20540.244556,1,0
0.5,0.795,0.525,0.345,0.265,0.15,0.0265,0.0255,0.0105,0.0125,0.002,0.0015,0.0005,0.0005,3,0.815,0.027,0.0005,9666.680080583332,97963.522083,1,0
0.055,0.035,0.019,0.014,0.008,0.0085,0.0085,0.0075,0.0065,0.0055,0.0015,0.0015,0.0005,0.0005,0,0.05,0.0075,0.0005,9793.067784366667,25914.103147,1,0
0.495,0.057,0.133,0.193,0.246,0.2545,0.12,0.0515,0.0265,0.044,0.0155,0.0085,0.002,0.0005,0,0.047,0.078,0.002,9615.495462866667,64833.689112,1,0
0.495,0.05,0.0205,0.016,0.008,0.006,0.007,0.005,0.005,0.005,0.0025,0.001,0.0005,0.0005,0,0.055,0.0055,0.0005,9614.308232566666,16577.299259,1,0
0.04,0.021,0.02,0.023,0.0695,0.1205,0.13,0.199,0.191,0.148,0.061,0.0755,0.0165,0.007,0,0.025,0.1465,0.015,10064.888520033333,70714.161885,1,0
0.165,0.215,0.22,0.215,0.08,0.039,0.019,0.019,0.014,0.0065,0.004,0.002,0.002,0.0005,0,0.22,0.016,0.0005,10064.861536283333,26049.21408,1,0
0.875,0.95,0.956,0.9255,0.76,0.5855,0.5475,0.375,0.0875,0.0385,0.013,0.01,0.0035,0.0005,3,0.95,0.5005,0.0035,10073.550856049998,242966.301359,1,0
0.55,0.735,0.76,0.66,0.305,0.15,0.09,0.0595,0.015,0.012,0.006,0.0035,0.0005,0.0005,1,0.74,0.085,0.0005,10073.465108083334,49452.624509,1,0
0.0225,0.022,0.0205,0.0135,0.006,0.0085,0.006,0.0075,0.0055,0.003,0.0005,0.0005,0.0005,0.0005,0,0.0215,0.0075,0.0005,10073.460879416667,65315.235833,1,0
0.5,0.12,0.09,0.065,0.055,0.085,0.24,0.305,0.345,0.21,0.0275,0.016,0.002,0.0005,1,0.115,0.28,0.0015,10065.5116626,88274.71415,1,0
0.455,0.053,0.072,0.0835,0.0845,0.0325,0.017,0.0055,0.007,0.0055,0.003,0.0015,0.0005,0.0005,0,0.054,0.008,0.0005,10065.076419383335,14553.773029,1,0
0.51,0.89,0.935,0.955,0.974,0.9575,0.818,0.6325,0.554,0.281,0.04,0.02,0.0035,0.0005,3,0.885,0.668,0.003,10077.365657583334,269963.601951,1,0
0.48,0.09,0.12,0.135,0.125,0.04,0.0185,0.0045,0.0065,0.007,0.005,0.0015,0.0005,0.0005,0,0.09,0.0055,0.0005,10077.26148965,27056.52498,1,0
0.495,0.016,0.014,0.007,0.014,0.013,0.0045,0.004,0.003,0.002,0.001,0.0005,0.0005,0.0005,2,0.0215,0.004,0.0005,10066.465214366668,56285.84809,1,0
0.495,0.07,0.06,0.08,0.085,0.065,0.014,0.0075,0.0025,0.0015,0.0015,0.0005,0.0005,0.0005,2,0.075,0.0075,0.0005,10066.362376416666,29895.911895,1,0
0.495,0.0305,0.0195,0.0125,0.015,0.013,0.0035,0.0065,0.014,0.0355,0.034,0.042,0.0635,0.9995,3,0.06,0.0025,0.037,10066.358165616666,260904.717797,1,1
0.0275,0.0425,0.0475,0.047,0.0895,0.0715,0.06,0.0225,0.0075,0.0055,0.004,0.002,0.0015,0.0005,0,0.0425,0.027,0.0015,10061.26283825,44090.54,1,0
0.19,0.19,0.225,0.24,0.225,0.25,0.27,0.365,0.19,0.06,0.016,0.0085,0.0025,0.0005,0,0.185,0.33,0.002,10061.313295366668,22545.960653,1,0
0.82,0.84,0.895,0.9,0.96,0.972,0.98,0.967,0.8715,0.6795,0.521,0.163,0.0215,0.001,5,0.82,0.9755,0.016,10078.386863066668,160649.15312,1,0
0.265,0.305,0.355,0.36,0.57,0.575,0.565,0.325,0.07,0.0215,0.0115,0.0055,0.0005,0.0005,2,0.3,0.38,0.0005,10078.311234433333,35384.976253,1,0
0.035,0.03,0.08,0.038,0.0295,0.0235,0.0145,0.0125,0.014,0.0075,0.0815,0.0615,0.0135,0.8965,1,0.0325,0.015,0.0215,10067.549686783334,301985.089192,1,0
0.18,0.18,0.095,0.155,0.165,0.175,0.265,0.29,0.32,0.21,0.025,0.0085,0.005,0.0005,0,0.18,0.26,0.0015,10067.484435616667,81747.625187,1,0
0.5,0.88,0.725,0.86,0.89,0.915,0.978,0.983,0.9845,0.972,0.68,0.66,0.555,0.003,3,0.905,0.9745,0.2735,10067.9290035,125839.656178,1,0
0.5,0.04,0.0235,0.0315,0.0285,0.024,0.042,0.0325,0.018,0.012,0.003,0.0005,0.0005,0.0005,1,0.055,0.032,0.0005,10067.879635533334,14572.368636,1,0
0.021,0.0205,0.021,0.0155,0.0575,0.027,0.012,0.009,0.0085,0.007,0.0055,0.0025,0.0145,0.003,0,0.0205,0.009,0.0075,10070.912227883333,77699.438934,1,0
0.205,0.24,0.23,0.225,0.16,0.23,0.26,0.27,0.245,0.255,0.37,0.465,0.015,0.005,0,0.225,0.28,0.0135,10070.899553133333,48763.838992,1,0
0.031,0.023,0.022,0.0155,0.0105,0.0105,0.0105,0.006,0.0085,0.008,0.007,0.0035,0.0005,0.0005,0,0.026,0.008,0.0005,10070.82872605,17644.479884,1,0
0.7,0.67,0.645,0.61,0.335,0.49,0.59,0.525,0.835,0.865,0.82,0.675,0.0245,0.0035,5,0.655,0.625,0.0215,10073.064346966667,195577.64615,1,0
0.031,0.023,0.022,0.0155,0.016,0.019,0.0075,0.0085,0.016,0.01,0.008,0.003,0.0005,0.0005,0,0.022,0.0075,0.0005,10073.093463216666,21847.685432,1,0
0.12,0.115,0.095,0.095,0.085,0.115,0.215,0.145,0.1,0.105,0.0135,0.01,0.0095,0.1575,0,0.095,0.18,0.0045,10069.140261583332,55415.529035,1,0
0.06,0.06,0.06,0.054,0.0565,0.0415,0.0155,0.0215,0.025,0.0155,0.0385,0.0425,0.005,0.0005,0,0.075,0.021,0.002,10069.1156064,41899.521055,1,0
0.9645,0.963,0.976,0.972,0.9715,0.9715,0.8875,0.9595,0.986,0.987,0.9925,0.997,0.9995,0.9975,0,0.9605,0.9365,0.9995,10073.368964516667,130063.390137,1,1
0.24,0.2,0.21,0.2,0.195,0.17,0.045,0.09,0.105,0.065,0.21,0.245,0.015,0.0005,0,0.255,0.08,0.0065,10073.352038466666,168810.882967,1,0
0.027,0.007,0.007,0.0065,0.0055,0.006,0.0145,0.0145,0.016,0.0065,0.004,0.003,0.0005,0.0005,0,0.0075,0.014,0.0005,10070.614781150001,14336.486444,1,0
0.19,0.2,0.23,0.27,0.29,0.305,0.28,0.29,0.185,0.315,0.395,0.43,0.39,0.31,2,0.195,0.285,0.415,10070.591965583333,92902.719222,1,1
0.9785,0.995,0.995,0.9855,0.9865,0.9895,0.9935,0.994,0.992,0.9905,0.9905,0.9985,0.9995,0.9995,0,0.9945,0.994,0.9995,10073.091301783334,48105.998999,1,1
0.505,0.76,0.64,0.655,0.635,0.705,0.695,0.65,0.3,0.53,0.65,0.585,0.962,0.9965,6,0.76,0.65,0.971,10073.060166266667,138282.87175,1,1
0.4595,0.0405,0.0205,0.02,0.015,0.015,0.0145,0.0145,0.004,0.004,0.004,0.0015,0.0015,0.0005,0,0.043,0.015,0.0005,10072.947088616667,75113.891258,1,0
0.685,0.66,0.81,0.75,0.625,0.585,0.715,0.74,0.7,0.665,0.46,0.565,0.795,0.95,8,0.625,0.735,0.74,10070.509682650001,210319.723532,1,1
0.04,0.0335,0.051,0.029,0.0135,0.007,0.0125,0.0135,0.01,0.0085,0.01,0.0005,0.0005,0.0005,0,0.0335,0.0135,0.0005,10070.547332116666,37784.78453,1,0
0.495,0.095,0.12,0.145,0.205,0.24,0.205,0.2,0.2,0.225,0.325,0.33,0.195,0.035,2,0.095,0.19,0.245,10069.63118915,84895.219459,1,0
0.495,0.04,0.066,0.0435,0.019,0.015,0.006,0.008,0.009,0.0075,0.0065,0.0005,0.0005,0.0005,2,0.04,0.008,0.0005,10069.553666833333,17292.360405,1,0
0.495,0.135,0.22,0.225,0.22,0.26,0.31,0.37,0.43,0.48,0.44,0.46,0.275,0.51,3,0.095,0.325,0.51,10068.590372916666,61151.530527,1,1
0.495,0.06,0.022,0.022,0.0165,0.0125,0.006,0.0055,0.006,0.006,0.0035,0.0055,0.0015,0.0005,0,0.09,0.0155,0.0005,10068.552784366668,16301.559609,1,0
0.505,0.948,0.8515,0.5185,0.919,0.944,0.872,0.879,0.946,0.963,0.9515,0.9395,0.827,0.986,0,0.966,0.9325,0.9655,10078.76850665,136127.439348,1,1
0.5,0.19,0.07,0.0505,0.0645,0.032,0.017,0.0125,0.0095,0.0095,0.0095,0.008,0.0005,0.0005,1,0.31,0.019,0.0005,10078.76398,129624.245743,1,0
0.015,0.012,0.0015,0.003,0.003,0.0015,0.0015,0.001,0.0005,0.0005,0.0005,0.0005,0.0005,0.0005,0,0.0175,0.0015,0.0005,10073.186263000001,53600.200212,1,0
0.505,0.345,0.17,0.05,0.0345,0.0395,0.025,0.013,0.0055,0.004,0.004,0.002,0.003,0.0005,1,0.395,0.012,0.0025,10073.138150316667,93151.335411,1,0
0.5,0.045,0.105,0.28,0.305,0.13,0.14,0.235,0.205,0.12,0.045,0.0495,0.0665,0.9995,4,0.07,0.17,0.0535,10073.100811033333,220034.112178,1,1
0.5,0.923,0.9445,0.897,0.7505,0.6425,0.8205,0.8255,0.7205,0.713,0.8665,0.8865,0.924,0.9575,2,0.9275,0.846,0.8775,10074.314607466666,269636.278418,1,0
0.5,0.17,0.175,0.07,0.0195,0.0125,0.0105,0.011,0.0095,0.0075,0.0045,0.0025,0.0005,0.0005,1,0.185,0.009,0.0005,10074.248192966666,53296.082948,1,0
0.0245,0.024,0.015,0.062,0.0365,0.113,0.3615,0.2975,0.221,0.1735,0.1795,0.288,0.018,0.004,0,0.02,0.275,0.018,10068.144070699998,94171.798565,1,0
0.2,0.205,0.2,0.16,0.17,0.065,0.0205,0.0175,0.0165,0.008,0.017,0.0035,0.0005,0.0005,0,0.2,0.0285,0.0005,10068.106824433335,31762.09264,1,0
0.0245,0.021,0.03,0.0115,0.0105,0.0065,0.0065,0.006,0.0015,0.0005,0.0005,0.0005,0.0005,0.0005,0,0.019,0.0055,0.0005,10068.036351583334,9526.216106,1,0
0.74,0.735,0.775,0.535,0.54,0.26,0.07,0.055,0.0465,0.033,0.0225,0.013,0.003,0.0005,1,0.71,0.08,0.003,10072.778011366667,142848.341228,1,0
0.0245,0.021,0.03,0.013,0.01,0.006,0.0015,0.0015,0.002,0.0005,0.0005,0.0005,0.0005,0.0005,0,0.019,0.0015,0.0005,10072.715726016668,18265.93444,1,0
0.67,0.7,0.75,0.735,0.78,0.53,0.48,0.26,0.045,0.0225,0.059,0.0195,0.006,0.002,3,0.7,0.455,0.0015,10070.591809666666,213804.999408,1,0
0.0335,0.028,0.0325,0.029,0.041,0.019,0.0055,0.0045,0.0095,0.0015,0.0005,0.0005,0.0005,0.0005,0,0.033,0.0045,0.0005,10070.561283949999,24167.343913,1,0
0.1,0.085,0.075,0.075,0.065,0.145,0.155,0.26,0.205,0.195,0.37,0.315,0.17,0.014,0,0.085,0.18,0.125,10069.62811485,115521.676179,1,0
0.19,0.21,0.22,0.22,0.21,0.17,0.155,0.06,0.014,0.0085,0.007,0.0105,0.0015,0.0005,0,0.21,0.145,0.0005,10069.555165,25057.606665,1,0
0.495,0.085,0.1,0.085,0.065,0.065,0.045,0.15,0.15,0.29,0.255,0.185,0.545,0.0145,6,0.085,0.14,0.495,10068.157767983334,54119.201209,1,0
0.495,0.105,0.065,0.065,0.09,0.095,0.115,0.0235,0.015,0.0065,0.005,0.0015,0.0005,0.0005,0,0.095,0.0275,0.0005,10068.1059864,26221.714168,1,0
0.5,0.9705,0.9745,0.984,0.98,0.9785,0.9795,0.965,0.9765,0.9485,0.743,0.64,0.969,0.951,2,0.9715,0.963,0.9725,10072.808519283333,254726.862474,1,1
0.5,0.34,0.245,0.255,0.305,0.33,0.385,0.105,0.055,0.0145,0.0055,0.002,0.0005,0.0005,1,0.34,0.105,0.001,10072.7712032,70662.138583,1,0
0.495,0.035,0.03,0.0245,0.0175,0.0105,0.0105,0.0075,0.0135,0.0125,0.0115,0.032,0.1585,0.009,0,0.035,0.0105,0.0815,10063.671508616668,253090.493118,1,0
0.495,0.2,0.2,0.22,0.245,0.26,0.27,0.28,0.25,0.195,0.13,0.015,0.001,0.0005,2,0.195,0.28,0.0005,10063.643145783333,161955.970411,1,0
0.495,0.03,0.022,0.021,0.0075,0.0075,0.0085,0.0055,0.0055,0.005,0.002,0.0005,0.0005,0.0005,0,0.035,0.0055,0.0005,10063.595319299999,17641.04789,1,0
0.585,0.54,0.5,0.525,0.49,0.51,0.515,0.58,0.46,0.26,0.135,0.0115,0.0005,0.0005,17,0.56,0.55,0.0005,10075.955135416667,97853.872557,1,0
0.037,0.0265,0.014,0.013,0.007,0.006,0.0075,0.012,0.0075,0.006,0.0015,0.0005,0.0005,0.0005,0,0.0305,0.007,0.0005,10075.9193482,30868.294908,1,0
0.16,0.075,0.055,0.06,0.0765,0.0435,0.042,0.029,0.028,0.023,0.1235,0.0635,0.054,0.9055,1,0.075,0.037,0.3085,10069.882754266668,81831.51009,1,1
0.045,0.11,0.13,0.1,0.065,0.06,0.034,0.0275,0.0435,0.052,0.0125,0.0075,0.001,0.0005,0,0.11,0.031,0.001,10069.737901483333,195597.626517,1,0
0.505,0.987,0.988,0.988,0.99,0.9905,0.9905,0.991,0.995,0.999,0.9995,0.9995,0.9995,0.999,0,0.529,0.991,0.9995,10076.704134383333,51617.9435,1,1
0.505,0.135,0.135,0.08,0.039,0.043,0.015,0.0195,0.0125,0.0225,0.006,0.0005,0.0005,0.0005,1,0.135,0.015,0.0005,10076.683106816667,90268.442694,1,0
0.045,0.03,0.0215,0.0165,0.0175,0.0105,0.0075,0.006,0.0055,0.0005,0.0005,0.0005,0.0005,0.0005,0,0.05,0.0065,0.0005,10067.697914333334,21588.166679,1,0
0.145,0.17,0.205,0.195,0.175,0.185,0.265,0.34,0.4,0.42,0.425,0.33,0.495,0.93,3,0.14,0.3,0.555,10067.610039483332,38047.305934,1,1
0.982,0.983,0.989,0.9895,0.984,0.991,0.991,0.9905,0.9925,0.999,0.9995,0.9995,0.9995,0.9995,0,0.981,0.9835,0.9995,10070.5323446,23891.490785,1,1
0.85,0.89,0.955,0.9775,0.994,0.985,0.985,0.9895,0.992,0.991,0.9895,0.9955,0.9975,0.9995,0,0.85,0.9855,0.998,10070.540783566667,123590.668283,1,1
0.09,0.105,0.17,0.375,0.46,0.42,0.255,0.18,0.12,0.095,0.095,0.15,0.004,0.0005,2,0.085,0.19,0.0035,10070.442406266666,191923.875792,1,0
0.11,0.07,0.065,0.13,0.32,0.425,0.335,0.16,0.06,0.026,0.014,0.0225,0.0095,0.0005,0,0.08,0.22,0.0215,10078.06760185,263099.148074,1,0
0.215,0.265,0.21,0.08,0.032,0.0155,0.0105,0.016,0.011,0.0075,0.002,0.004,0.0015,0.0015,0,0.275,0.0145,0.0015,10077.993592316667,93992.679525,1,0
0.0345,0.0305,0.0165,0.0145,0.008,0.006,0.017,0.0105,0.006,0.013,0.0015,0.0005,0.0005,0.0005,0,0.033,0.0165,0.0005,10068.515136916665,70409.951863,1,0
0.18,0.2,0.21,0.22,0.24,0.125,0.1,0.075,0.095,0.09,0.04,0.0075,0.0045,0.003,0,0.185,0.15,0.0045,10068.34123185,36669.514112,1,0
0.04,0.028,0.015,0.014,0.0165,0.0535,0.0635,0.054,0.018,0.0115,0.0025,0.002,0.0015,0.0005,0,0.028,0.032,0.0015,10068.300504949999,133300.601719,1,0
0.725,0.785,0.75,0.765,0.885,0.974,0.987,0.989,0.9905,0.992,0.9935,0.9945,0.9995,0.9995,0,0.735,0.974,0.9995,10078.386559216666,75282.637839,1,1
0.065,0.065,0.04,0.0395,0.055,0.137,0.164,0.1615,0.068,0.0285,0.0115,0.0035,0.0035,0.0015,0,0.055,0.091,0.0035,10078.347844783333,119582.899595,1,0
0.0265,0.022,0.02,0.02,0.0185,0.016,0.005,0.005,0.005,0.004,0.0015,0.0005,0.0005,0.0005,0,0.21,0.005,0.0005,10068.422030866666,14346.829,1,0
0.195,0.205,0.2,0.22,0.22,0.26,0.125,0.14,0.08,0.065,0.07,0.035,0.006,0.0055,0,0.205,0.115,0.004,10068.403033816667,51076.846052,1,0
0.034,0.04,0.049,0.041,0.025,0.0265,0.1905,0.1075,0.144,0.133,0.03,0.0185,0.003,0.001,0,0.48,0.1575,0.0015,10069.4069671,200385.873421,1,0
0.3,0.305,0.36,0.48,0.29,0.35,0.775,0.81,0.885,0.93,0.915,0.945,0.9955,0.999,1,0.305,0.82,0.989,10069.3502021,68126.259764,1,1
0.95,0.94,0.945,0.96,0.947,0.957,0.961,0.984,0.9905,0.9905,0.9985,0.9995,0.9995,0.9995,0,0.935,0.9765,0.9995,10078.661393183334,34382.138188,1,1
0.345,0.28,0.28,0.295,0.325,0.325,0.25,0.32,0.8,0.785,0.86,0.955,0.9465,0.9845,3,0.29,0.305,0.9685,10069.92275885,210611.698803,1,1
0.045,0.045,0.0345,0.036,0.0315,0.026,0.0245,0.019,0.006,0.0035,0.0015,0.0005,0.0005,0.0005,0,0.045,0.022,0.0005,10069.522786183334,25949.653842,1,0
0.15,0.145,0.15,0.15,0.155,0.175,0.155,0.2,0.23,0.3,0.275,0.18,0.425,0.935,5,0.145,0.165,0.395,10069.411333233333,119939.974406,1,1
0.495,0.0285,0.023,0.013,0.0125,0.022,0.021,0.0155,0.0095,0.006,0.003,0.0005,0.0005,0.0005,0,0.0385,0.0185,0.0005,10058.666281783333,32791.729169,1,0
0.495,0.195,0.21,0.235,0.23,0.225,0.245,0.265,0.28,0.36,0.095,0.105,0.049,0.0075,0,0.185,0.255,0.0155,10058.5095324,25567.080407,1,0
0.495,0.03,0.018,0.0175,0.017,0.0175,0.0195,0.0165,0.011,0.009,0.0195,0.009,0.003,0.001,0,0.026,0.019,0.0025,10058.49410525,122768.922937,1,0
0.505,0.735,0.69,0.73,0.725,0.755,0.835,0.795,0.79,0.895,0.9915,0.994,0.9995,0.9995,0,0.7,0.855,0.9995,10078.52632635,92275.922202,1,1
0.505,0.05,0.0235,0.0235,0.02,0.0245,0.0235,0.02,0.018,0.0075,0.092,0.025,0.021,0.003,1,0.045,0.0215,0.016,10078.499017633332,155529.070292,1,0
0.08,0.085,0.08,0.075,0.08,0.06,0.065,0.05,0.045,0.031,0.0255,0.0115,0.0005,0.0005,0,0.06,0.04,0.0005,10069.414391616667,27436.173332,1,0
0.07,0.055,0.06,0.045,0.025,0.0235,0.0225,0.025,0.025,0.02,0.011,0.0105,0.1285,0.0185,0,0.08,0.2015,0.1015,10069.325356916666,37947.179769,1,0
0.425,0.34,0.33,0.325,0.22,0.24,0.21,0.26,0.295,0.24,0.15,0.245,0.9515,0.9945,1,0.46,0.23,0.9845,10074.372508333332,120835.603422,1,1
0.745,0.715,0.73,0.735,0.7,0.77,0.755,0.79,0.83,0.86,0.85,0.968,0.993,0.999,0,0.8,0.78,0.9985,10074.302970566667,67735.593573,1,1
0.49,0.042,0.0685,0.13,0.083,0.0685,0.0585,0.0395,0.04,0.036,0.0235,0.02,0.006,0.002,0,0.0425,0.049,0.004,10069.121609233332,11551.504689,1,0
0.49,0.16,0.115,0.1,0.09,0.06,0.045,0.043,0.0335,0.05,0.0445,0.018,0.0095,0.009,0,0.155,0.0345,0.004,10069.028919383332,24832.357402,1,0
0.981,0.9705,0.9425,0.9285,0.966,0.974,0.981,0.9845,0.9855,0.9855,0.9925,0.9935,0.9985,0.999,0,0.966,0.9775,0.999,10069.949199766666,170506.401429,1,1
0.5,0.42,0.24,0.205,0.13,0.085,0.055,0.055,0.035,0.065,0.058,0.0235,0.008,0.006,1,0.41,0.045,0.0065,10069.957837416667,138916.880567,1,0
0.0055,0.0315,0.017,0.0135,0.006,0.006,0.005,0.004,0.005,0.0005,0.0005,0.0005,0.0005,0.0005,0,0.031,0.004,0.0005,10069.962141133332,13766.956266,1,0
0.135,0.125,0.135,0.11,0.19,0.22,0.25,0.305,0.385,0.385,0.415,0.365,0.15,0.06,0,0.125,0.255,0.33,10067.109615766667,26555.24372,1,0
0.06,0.07,0.065,0.065,0.0255,0.0195,0.013,0.014,0.009,0.009,0.0055,0.0015,0.0005,0.0005,0,0.065,0.016,0.0005,10067.028376,27880.62757,1,0
0.91,0.94,0.93,0.958,0.896,0.9005,0.938,0.9435,0.9695,0.977,0.9765,0.9835,0.995,0.999,0,0.915,0.944,0.9985,10072.276175166666,150829.617666,1,1
0.235,0.255,0.22,0.255,0.095,0.05,0.0295,0.018,0.013,0.0085,0.008,0.0055,0.0015,0.0005,0,0.235,0.0355,0.001,10072.186221116666,75529.827897,1,0
0.51,0.74,0.605,0.605,0.51,0.495,0.535,0.445,0.4,0.53,0.76,0.695,0.9995,0.9995,4,0.77,0.385,0.9995,10068.86184585,133811.996629,1,1
0.5,0.035,0.029,0.025,0.0105,0.028,0.019,0.007,0.0045,0.002,0.0015,0.0015,0.0015,0.0005,1,0.05,0.01,0.002,10068.830205683333,31035.715911,1,0
0.51,0.039,0.033,0.03,0.021,0.008,0.005,0.0045,0.003,0.002,0.001,0.0005,0.0005,0.0005,1,0.027,0.0075,0.0005,10068.7919217,56574.858001,1,0
0.495,0.12,0.09,0.085,0.065,0.075,0.095,0.11,0.115,0.14,0.05,0.0155,0.0105,0.0025,0,0.1,0.09,0.005,10067.804360783333,51525.716221,1,0
0.495,0.08,0.105,0.105,0.115,0.085,0.035,0.019,0.014,0.0095,0.01,0.0085,0.0015,0.0005,0,0.1,0.037,0.0005,10067.765504833334,9418.312817,1,0
0.5,0.76,0.855,0.865,0.9,0.88,0.87,0.855,0.85,0.83,0.95,0.9805,0.9935,0.9995,0,0.81,0.885,0.9915,10069.0197719,97230.985416,1,1
0.51,0.9795,0.985,0.9825,0.991,0.9945,0.9945,0.995,0.995,0.996,0.999,0.9995,0.9995,0.9995,0,0.978,0.9945,0.9995,10068.98066715,24706.963,1,1
0.49,0.11,0.11,0.13,0.16,0.175,0.2,0.165,0.115,0.035,0.037,0.0195,0.0035,0.0005,0,0.12,0.195,0.003,10066.174520516668,62091.940278,1,0
0.49,0.125,0.13,0.11,0.07,0.075,0.0445,0.059,0.069,0.1305,0.116,0.0835,0.0225,0.0025,0,0.12,0.044,0.016,10066.201095800001,54158.624629,1,0
0.0335,0.0465,0.0375,0.0445,0.0585,0.0415,0.0575,0.0155,0.0075,0.004,0.002,0.002,0.0005,0.0005,0,0.0465,0.0385,0.0005,10078.370889783333,67680.874085,1,0
0.976,0.9825,0.983,0.9775,0.9855,0.989,0.9895,0.9945,0.9945,0.984,0.998,0.9985,0.9995,0.9995,0,0.9835,0.9935,0.9995,10078.320837266667,15139.7334,1,1
0.49,0.036,0.0305,0.0185,0.0225,0.0195,0.013,0.006,0.0055,0.003,0.0005,0.0005,0.0005,0.0005,0,0.0335,0.013,0.0005,10069.340140133334,7805.9295,1,0
0.49,0.175,0.19,0.18,0.185,0.205,0.195,0.22,0.165,0.26,0.37,0.365,0.45,0.695,3,0.185,0.21,0.53,10069.293383733333,24618.932573,1,1
0.49,0.0305,0.029,0.038,0.033,0.0315,0.0465,0.0305,0.0365,0.0175,0.0025,0.0025,0.001,0.0025,0,0.045,0.0385,0.0005,10069.1974307,15785.507114,1,0
0.5,0.7,0.71,0.745,0.76,0.82,0.91,0.92,0.96,0.931,0.943,0.854,0.9345,0.998,0,0.74,0.905,0.9695,10070.0821132,222566.861303,1,1
0.49,0.055,0.05,0.07,0.05,0.055,0.095,0.06,0.11,0.0345,0.0065,0.0025,0.0015,0.0005,2,0.07,0.07,0.0015,10070.045773533335,104700.767886,1,0
0.075,0.075,0.034,0.0415,0.029,0.024,0.023,0.0145,0.006,0.0115,0.003,0.0035,0.0005,0.0005,0,0.09,0.0205,0.0005,10068.3441857,13395.029333,1,0
0.07,0.11,0.16,0.145,0.16,0.17,0.175,0.205,0.25,0.305,0.33,0.37,0.225,0.005,0,0.095,0.19,0.275,10068.255440666666,20580.4453,1,0
0.47,0.56,0.735,0.695,0.74,0.785,0.785,0.855,0.945,0.965,0.978,0.984,0.982,0.9935,1,0.51,0.835,0.9765,10078.861404950001,167643.70045,1,1
0.0285,0.0285,0.0545,0.035,0.036,0.0475,0.034,0.034,0.056,0.042,0.025,0.0085,0.0005,0.0005,0,0.0245,0.0485,0.0005,10078.841110283334,69957.121714,1,0
0.97,0.974,0.979,0.981,0.987,0.9885,0.989,0.985,0.991,0.9975,0.999,0.9995,0.9995,0.9995,0,0.975,0.987,0.9995,10072.407090183335,22262.871007,1,1
0.27,0.265,0.28,0.315,0.54,0.505,0.55,0.615,0.62,0.705,0.85,0.925,0.9715,0.9855,5,0.275,0.615,0.9875,10072.339543183334,208493.402898,1,1
0.027,0.023,0.006,0.0065,0.0075,0.0105,0.0075,0.0075,0.006,0.002,0.0005,0.0005,0.0005,0.0005,0,0.0255,0.008,0.0005,10069.452831783334,29852.714654,1,0
0.2,0.215,0.23,0.225,0.135,0.15,0.125,0.115,0.105,0.07,0.027,0.0165,0.003,0.0025,0,0.2,0.11,0.003,10069.340547483333,40621.876819,1,0
0.04,0.0355,0.0275,0.0365,0.076,0.053,0.063,0.0795,0.059,0.0625,0.071,0.0485,0.045,0.002,0,0.045,0.084,0.0045,10069.226894966667,41549.661604,1,0
0.65,0.66,0.665,0.695,0.75,0.855,0.95,0.945,0.955,0.9655,0.987,0.9905,0.9995,0.9995,0,0.665,0.945,0.999,10070.0850491,132607.649808,1,1
0.04,0.037,0.0265,0.0255,0.0125,0.024,0.048,0.022,0.0385,0.041,0.0685,0.0145,0.015,0.002,0,0.0385,0.0395,0.0195,10070.022046850001,87779.564628,1,0
0.11,0.12,0.115,0.095,0.065,0.03,0.021,0.0205,0.0185,0.0165,0.0125,0.012,0.0005,0.0005,2,0.115,0.024,0.0005,10069.704948883333,29747.101145,1,0
0.08,0.095,0.08,0.07,0.055,0.105,0.195,0.155,0.185,0.19,0.295,0.24,0.485,0.915,3,0.095,0.175,0.55,10069.671984449998,62776.503914,1,1
0.085,0.08,0.06,0.04,0.0315,0.0245,0.02,0.016,0.0095,0.003,0.003,0.003,0.001,0.0005,0,0.085,0.019,0.001,10070.132370033332,221311.24675,1,0
0.12,0.13,0.13,0.48,0.13,0.13,0.15,0.23,0.345,0.355,0.375,0.435,0.435,0.555,5,0.125,0.16,0.605,10070.105741283332,69366.330199,1,1
0.97,0.975,0.9865,0.5505,0.99,0.9915,0.992,0.991,0.99,0.997,0.9995,0.9995,0.9995,0.9995,0,0.971,0.9915,0.9995,10078.44311335,43486.31425,1,1
0.395,0.4,0.44,0.5,0.425,0.46,0.495,0.685,0.875,0.865,0.94,0.945,0.9935,0.9985,11,0.375,0.545,0.9945,10076.279403283332,74562.879967,1,1
0.23,0.0115,0.0115,0.0085,0.0055,0.003,0.0005,0.0015,0.001,0.0015,0.002,0.0005,0.0005,0.0005,0,0.0135,0.0005,0.0005,10074.405572816668,69138.949623,1,0
0.5,0.17,0.165,0.16,0.14,0.095,0.075,0.055,0.165,0.425,0.195,0.51,0.23,0.9995,8,0.175,0.06,0.145,10074.372029316666,520415.384881,1,1
0.5,0.0885,0.075,0.048,0.036,0.0255,0.0125,0.0065,0.005,0.004,0.0055,0.0015,0.0005,0.0005,3,0.106,0.007,0.0005,10074.2874393,24397.592721,1,0
0.085,0.016,0.0345,0.2315,0.0195,0.0195,0.0135,0.002,0.003,0.0055,0.0005,0.0005,0.0005,0.0005,0,0.04,0.007,0.0005,10068.981002249999,6158.0862,1,0
0.5,0.185,0.185,0.545,0.23,0.265,0.275,0.31,0.36,0.42,0.29,0.435,0.18,0.0295,7,0.18,0.275,0.165,10068.946907450001,19353.094213,1,0
0.9895,0.9895,0.9835,0.7705,0.9855,0.9845,0.9925,0.993,0.997,0.997,0.999,0.9995,0.9995,0.9995,0,0.988,0.993,0.9995,10069.538574716666,14535.9199,1,1
0.5,0.74,0.58,0.69,0.675,0.745,0.755,0.815,0.88,0.95,0.995,0.988,0.9985,0.9995,0,0.66,0.745,0.9995,10069.501211166667,68092.419982,1,1
0.045,0.048,0.026,0.465,0.0105,0.0105,0.0145,0.0025,0.0025,0.005,0.0075,0.004,0.002,0.0005,0,0.0415,0.012,0.0015,10069.4674097,104229.826682,1,0
0.2,0.19,0.19,0.5,0.23,0.195,0.205,0.19,0.205,0.125,0.075,0.0215,0.0055,0.0035,12,0.19,0.205,0.0035,10070.388050450001,7221.168109,1,0
0.04,0.0385,0.0335,0.4925,0.026,0.0295,0.0235,0.022,0.018,0.006,0.0035,0.0035,0.0045,0.0015,0,0.04,0.0235,0.0035,10070.23327505,8276.628884,1,0
0.905,0.935,0.925,0.9555,0.942,0.976,0.9815,0.9875,0.991,0.994,0.9965,0.997,0.9995,0.9995,0,0.93,0.9835,0.9995,10072.679737383332,20489.270001,1,1
0.08,0.105,0.11,0.515,0.065,0.09,0.045,0.0335,0.0315,0.022,0.0135,0.031,0.049,0.0025,4,0.115,0.051,0.011,10072.671257999998,103109.173696,1,0
0.495,0.135,0.155,0.555,0.15,0.095,0.105,0.06,0.045,0.025,0.026,0.012,0.0075,0.0015,12,0.14,0.1,0.006,10070.092329583333,18568.319532,1,0
0.495,0.055,0.065,0.51,0.065,0.07,0.055,0.0395,0.031,0.027,0.0195,0.0105,0.0055,0.004,12,0.07,0.0375,0.0045,10070.023161266667,32347.045793,1,0
0.5,0.962,0.9635,0.9645,0.965,0.9865,0.976,0.9785,0.9895,0.99,0.994,0.9975,0.9995,0.9995,0,0.96,0.972,0.9995,10078.78549545,23387.689504,1,1
0.5,0.175,0.18,0.565,0.185,0.235,0.145,0.2,0.165,0.155,0.11,0.05,0.05,0.2795,11,0.175,0.135,0.065,10078.720853083332,401648.089342,1,1
0.45,0.0305,0.029,0.48,0.0275,0.0265,0.025,0.0225,0.0205,0.0185,0.015,0.004,0.003,0.0005,0,0.044,0.021,0.0035,10070.081508366666,10841.091,1,0
0.455,0.18,0.19,0.56,0.195,0.195,0.2,0.225,0.21,0.29,0.3,0.4,0.335,0.09,8,0.155,0.25,0.25,10069.965338483333,21642.692981,1,0
0.955,0.98,0.9845,0.955,0.9895,0.983,0.9875,0.9945,0.9935,0.9885,0.995,0.995,0.9995,0.9995,0,0.9785,0.9885,0.9995,10078.760354283333,14232.476206,1,1
0.505,0.655,0.57,0.76,0.58,0.595,0.63,0.675,0.62,0.77,0.82,0.93,0.96,0.9995,2,0.54,0.825,0.975,10078.73603425,39282.523791,1,1
0.505,0.14,0.045,0.045,0.0475,0.047,0.0545,0.068,0.026,0.036,0.0155,0.016,0.008,0.0005,5,0.105,0.16,0.003,10078.706571583334,39622.408765,1,0
0.175,0.185,0.19,0.185,0.23,0.235,0.245,0.24,0.23,0.255,0.26,0.11,0.065,0.0025,0,0.17,0.24,0.0355,10070.507742533335,98711.172466,1,0
0.05,0.045,0.0255,0.03,0.0195,0.0025,0.0075,0.008,0.0075,0.007,0.0075,0.0075,0.004,0.003,0,0.045,0.008,0.004,10070.408900150002,19491.35228,1,0
0.875,0.9,0.935,0.93,0.9415,0.9485,0.9485,0.952,0.969,0.9625,0.982,0.992,0.9965,0.999,0,0.9,0.9515,0.998,10070.94673365,55255.187619,1,1
0.125,0.115,0.095,0.095,0.05,0.04,0.0495,0.0525,0.0375,0.026,0.015,0.0135,0.005,0.0015,0,0.12,0.054,0.005,10070.87692655,75153.459657,1,0
0.1,0.07,0.06,0.055,0.0395,0.0285,0.027,0.024,0.0215,0.022,0.015,0.0095,0.0035,0.0005,0,0.055,0.033,0.0035,10045.2014092,12379.222393,1,0
0.11,0.115,0.105,0.105,0.11,0.13,0.08,0.06,0.075,0.06,0.1,0.035,0.017,0.007,0,0.12,0.08,0.0065,10045.176035499999,22898.216818,1,0
0.967,0.9785,0.9885,0.9865,0.993,0.9935,0.994,0.994,0.9935,0.9935,0.997,0.999,0.9995,0.9995,0,0.9845,0.5625,0.9995,10057.730716416667,43520.47312,1,1
0.35,0.38,0.39,0.375,0.38,0.43,0.29,0.255,0.33,0.275,0.425,0.22,0.095,0.305,2,0.44,0.285,0.125,10057.692799733333,229422.610207,1,0
0.0355,0.049,0.055,0.049,0.0215,0.0205,0.015,0.0115,0.012,0.007,0.009,0.003,0.0015,0.0005,0,0.0425,0.015,0.0005,10070.67463145,21249.280992,1,0
0.165,0.16,0.16,0.175,0.19,0.185,0.185,0.27,0.195,0.165,0.2,0.175,0.43,0.013,2,0.17,0.24,0.615,10070.598741566668,53588.013402,1,0
0.04,0.028,0.024,0.021,0.022,0.0105,0.0065,0.009,0.0075,0.003,0.0015,0.0015,0.0005,0.0005,0,0.0405,0.0085,0.0005,10070.5637154,30953.555486,1,0
0.71,0.615,0.6,0.595,0.615,0.6,0.57,0.755,0.625,0.645,0.705,0.71,0.93,0.9605,0,0.705,0.71,0.9675,10076.929276916666,132274.323626,1,1
0.07,0.055,0.033,0.027,0.0235,0.011,0.0105,0.0095,0.0075,0.0055,0.0025,0.002,0.001,0.0005,0,0.07,0.007,0.0005,10076.875718316667,87947.247666,1,0
0.5,0.105,0.06,0.0445,0.0265,0.02,0.0165,0.0075,0.011,0.0055,0.0035,0.0025,0.002,0.0005,1,0.13,0.011,0.0015,10067.03086145,49616.922874,1,0
0.5,0.315,0.405,0.445,0.47,0.3,0.33,0.3,0.115,0.115,0.05,0.0285,0.0145,0.002,5,0.245,0.22,0.0205,10067.026633116668,148200.427944,1,0
0.5,0.0215,0.0135,0.011,0.0135,0.005,0.0015,0.0015,0.0035,0.0035,0.001,0.001,0.0015,0.0005,1,0.0215,0.0015,0.0005,10066.956306266666,6972.238338,1,0
0.5,0.705,0.655,0.645,0.67,0.56,0.695,0.58,0.52,0.825,0.675,0.74,0.89,0.9895,2,0.71,0.66,0.89,10070.99239395,79204.510532,1,1
0.5,0.07,0.0395,0.0295,0.0135,0.0085,0.0055,0.007,0.0035,0.007,0.002,0.001,0.0005,0.0005,1,0.075,0.0055,0.0005,10071.020042083333,17319.546126,1,0
0.5,0.09,0.1,0.11,0.09,0.115,0.075,0.1,0.13,0.0305,0.0305,0.012,0.011,0.003,1,0.075,0.085,0.007,10070.506183033334,9980.349294,1,0
0.5,0.12,0.09,0.07,0.06,0.0395,0.0305,0.0145,0.0135,0.016,0.0145,0.004,0.0035,0.0005,1,0.115,0.0215,0.0015,10070.399241683333,8183.345066,1,0
0.5,0.125,0.12,0.15,0.105,0.095,0.095,0.1,0.06,0.065,0.0835,0.0205,0.003,0.0025,1,0.12,0.105,0.003,10069.341596633334,14642.258242,1,0
0.5,0.09,0.08,0.17,0.049,0.0465,0.0365,0.029,0.021,0.014,0.012,0.0115,0.005,0.0005,1,0.085,0.0385,0.0025,10069.3458373,14595.3538,1,0
0.5,0.95,0.959,0.5195,0.9695,0.9775,0.9775,0.9835,0.995,0.996,0.996,0.996,0.999,0.9995,0,0.935,0.9825,0.9985,10078.233851633333,28716.76993,1,1
0.5,0.3,0.325,0.255,0.27,0.22,0.19,0.1,0.085,0.045,0.0305,0.0525,0.0035,0.0005,5,0.29,0.135,0.0045,10078.144335666668,44913.637924,1,0
0.235,0.038,0.037,0.151,0.033,0.025,0.011,0.011,0.0095,0.007,0.007,0.0045,0.003,0.0005,0,0.055,0.0115,0.003,10064.117561533332,34698.111837,1,0
0.235,0.16,0.165,0.225,0.185,0.21,0.22,0.22,0.25,0.205,0.225,0.145,0.3,0.023,0,0.16,0.225,0.2,10064.050824033333,18299.845083,1,0
0.5,0.978,0.9805,0.7495,0.9855,0.9885,0.9855,0.9885,0.9945,0.9955,0.9975,0.9985,0.9995,0.9995,0,0.9765,0.986,0.9985,10068.490709616666,28038.38089,1,1
0.5,0.475,0.465,0.69,0.475,0.365,0.535,0.42,0.4,0.29,0.275,0.175,0.35,0.0125,13,0.465,0.47,0.215,10068.450910783335,98133.67475,1,0
0.5,0.03,0.0285,0.2555,0.0295,0.0295,0.02,0.009,0.0035,0.002,0.001,0.0005,0.0005,0.0005,1,0.03,0.0115,0.0005,10068.4120551,26388.21756,1,0
0.14,0.17,0.18,0.19,0.195,0.2,0.205,0.2,0.255,0.32,0.395,0.5,0.785,0.975,3,0.14,0.19,0.885,10070.241854116666,43552.291412,1,1
0.03,0.041,0.0455,0.158,0.036,0.039,0.038,0.029,0.0135,0.01,0.003,0.001,0.001,0.001,0,0.0235,0.0395,0.0005,10070.190955533333,47908.84737,1,0
0.73,0.86,0.91,0.645,0.915,0.945,0.93,0.962,0.9745,0.9675,0.9875,0.9905,0.998,0.9995,0,0.71,0.951,0.9975,10076.695160666666,61661.574199,1,1
0.085,0.15,0.17,0.495,0.15,0.165,0.145,0.185,0.105,0.04,0.0175,0.0055,0.003,0.0005,0,0.065,0.205,0.0025,10076.608461816668,70708.84529,1,0
0.095,0.105,0.0925,0.035,0.022,0.022,0.021,0.0235,0.011,0.007,0.003,0.003,0.0015,0.0005,0,0.1,0.0255,0.0015,10070.89992315,12530.218545,1,0
0.11,0.115,0.09,0.16,0.185,0.19,0.195,0.215,0.22,0.27,0.32,0.21,0.15,0.0195,0,0.105,0.205,0.095,10070.8481139,11449.587484,1,0
0.925,0.93,0.902,0.9765,0.9855,0.9905,0.9905,0.9895,0.9935,0.9945,0.997,0.997,0.9995,0.9995,0,0.935,0.9935,0.9995,10078.896480683332,38390.637263,1,1
0.275,0.23,0.18,0.43,0.495,0.465,0.455,0.495,0.51,0.66,0.57,0.28,0.165,0.018,8,0.23,0.45,0.095,10071.2787237,49162.13453,1,0
0.04,0.037,0.085,0.1965,0.0795,0.0265,0.016,0.015,0.015,0.0065,0.0045,0.0015,0.0005,0.0005,0,0.037,0.0155,0.0005,10055.754527083334,37214.637732,1,0
0.155,0.17,0.145,0.215,0.135,0.21,0.235,0.27,0.275,0.27,0.25,0.21,0.44,0.925,1,0.17,0.245,0.585,10055.695282,67749.476796,1,1
0.04,0.04,0.0215,0.0145,0.0125,0.025,0.0265,0.022,0.02,0.0205,0.0105,0.0075,0.0005,0.0005,0,0.05,0.0245,0.0005,10055.67414095,11787.047226,1,0
0.82,0.85,0.505,0.51,0.675,0.91,0.96,0.965,0.966,0.973,0.9815,0.9915,0.998,0.997,4,0.86,0.953,0.996,10065.249651,81767.851107,1,1
0.14,0.15,0.05,0.0415,0.038,0.1165,0.12,0.0855,0.0815,0.087,0.1065,0.1025,0.018,0.001,2,0.165,0.107,0.0065,10065.233214183334,74636.449254,1,0
0.12,0.11,0.11,0.105,0.195,0.185,0.21,0.09,0.065,0.055,0.055,0.0655,0.015,0.002,8,0.11,0.125,0.007,10070.9961452,9542.50025,1,0
0.075,0.08,0.08,0.08,0.0255,0.028,0.02,0.0505,0.0455,0.0365,0.022,0.0155,0.024,0.0055,0,0.08,0.04,0.0215,10070.932381016666,23046.010969,1,0
0.495,0.845,0.865,0.875,0.755,0.805,0.785,0.95,0.972,0.9865,0.982,0.979,0.9965,0.9995,1,0.845,0.9,0.996,10078.969328833333,117229.634643,1,1
0.165,0.165,0.15,0.145,0.045,0.043,0.028,0.0735,0.061,0.0455,0.034,0.0255,0.033,0.0035,0,0.17,0.0675,0.028,10071.217998150001,73289.207274,1,0
0.05,0.07,0.05,0.045,0.04,0.456,0.063,0.066,0.021,0.014,0.0035,0.0035,0.0015,0.0005,0,0.065,0.0185,0.001,8734.826683383333,35213.037612,1,0
0.065,0.045,0.03,0.0305,0.0215,0.3245,0.017,0.013,0.013,0.016,0.008,0.0075,0.0025,0.0005,0,0.045,0.02,0.0015,8734.80596595,11900.474318,1,0
0.905,0.87,0.855,0.89,0.895,0.52,0.845,0.83,0.963,0.985,0.9935,0.993,0.996,0.9995,2,0.87,0.955,0.9975,8742.930516,63191.719539,1,1
0.81,0.75,0.705,0.78,0.77,0.52,0.65,0.59,0.885,0.9645,0.9855,0.9885,0.9855,0.995,2,0.755,0.865,0.9935,8742.904899933334,39890.322506,1,1
0.04,0.016,0.0145,0.013,0.011,0.471,0.0075,0.0115,0.003,0.003,0.002,0.0035,0.0005,0.0005,0,0.016,0.0135,0.0005,8739.000502533334,20461.5706,1,0
0.1,0.034,0.0255,0.0225,0.022,0.0255,0.0175,0.009,0.0085,0.008,0.003,0.0025,0.001,0.0005,0,0.041,0.01,0.001,9483.012212083333,18773.217185,1,0
0.795,0.9945,0.999,0.9995,0.9995,0.9995,0.9995,0.9995,0.9995,0.995,0.9995,0.9995,0.9995,0.9995,0,0.9945,0.9995,0.9995,9482.816405566668,60837.955754,1,1
0.15,0.15,0.15,0.175,0.11,0.105,0.115,0.09,0.495,0.05,0.0235,0.082,0.0175,0.0045,0,0.15,0.105,0.0065,10071.0745993,17275.38816,1,0
0.1,0.085,0.095,0.07,0.17,0.185,0.18,0.22,0.505,0.285,0.325,0.215,0.02,0.0015,6,0.085,0.2,0.066,10071.105905083334,29429.51136,1,0
0.04,0.041,0.0445,0.0415,0.0145,0.012,0.0105,0.0105,0.0075,0.0025,0.0015,0.0015,0.0005,0.0005,0,0.05,0.0105,0.0005,10070.999164883333,10411.87164,1,0
0.51,0.52,0.495,0.57,0.23,0.215,0.225,0.145,0.48,0.055,0.026,0.1055,0.0295,0.0035,9,0.54,0.18,0.02,10078.8668422,47402.38429,1,0
0.94,0.94,0.925,0.95,0.8545,0.8725,0.9105,0.9025,0.519,0.889,0.85,0.98,0.9945,0.9995,2,0.94,0.8985,0.9975,10078.854044700001,56461.312938,1,1
0.095,0.1,0.08,0.08,0.095,0.065,0.175,0.18,0.19,0.23,0.295,0.205,0.49,0.032,0,0.1,0.19,0.155,10071.081678866667,44316.870019,1,0
0.09,0.1,0.1,0.105,0.09,0.12,0.0345,0.0215,0.02,0.02,0.005,0.002,0.0005,0.0005,0,0.1,0.0285,0.0015,10071.007329933334,35138.296364,1,0
0.855,0.885,0.905,0.91,0.88,0.945,0.77,0.76,0.835,0.805,0.56,0.905,0.695,0.9945,4,0.88,0.73,0.9505,10078.93375275,143703.473344,1,1
0.205,0.21,0.22,0.22,0.19,0.255,0.055,0.0335,0.0225,0.016,0.0065,0.017,0.0025,0.001,0,0.2,0.035,0.003,10078.880340766666,163721.898971,1,0
0.05,0.0235,0.065,0.041,0.0425,0.0365,0.0525,0.0245,0.1095,0.1005,0.078,0.0615,0.272,0.014,2,0.0255,0.033,0.417,10027.486373966667,12489.347928,1,0
0.145,0.165,0.12,0.15,0.14,0.15,0.125,0.185,0.05,0.05,0.028,0.038,0.0025,0.003,0,0.15,0.16,0.0005,10027.4483719,80686.994781,1,0
0.5,0.9655,0.9415,0.969,0.97,0.9695,0.9545,0.9715,0.925,0.9455,0.9675,0.98,0.939,0.9975,0,0.96,0.9665,0.947,10027.748539633332,55868.233642,1,1
0.5,0.595,0.3,0.36,0.34,0.34,0.28,0.41,0.075,0.075,0.03,0.0445,0.0015,0.0045,1,0.605,0.345,0.0005,10027.617302433333,173881.468617,1,0
0.5,0.06,0.022,0.022,0.0145,0.0145,0.01,0.003,0.0065,0.002,0.0005,0.0005,0.0005,0.0005,1,0.06,0.01,0.0005,10027.697725116666,59982.637327,1,0
0.59,0.35,0.34,0.415,0.15,0.18,0.165,0.145,0.11,0.175,0.0195,0.01,0.0015,0.0005,3,0.43,0.155,0.0005,10071.6620363,117815.201539,1,0
0.09,0.0345,0.023,0.025,0.0235,0.014,0.009,0.0035,0.0035,0.0115,0.0025,0.0005,0.0005,0.0005,0,0.055,0.003,0.0005,10071.638947016667,19739.560522,1,0
0.115,0.15,0.16,0.15,0.185,0.21,0.21,0.23,0.19,0.27,0.095,0.05,0.03,0.003,0,0.14,0.21,0.011,10071.369302116665,46281.380341,1,0
0.095,0.065,0.037,0.0395,0.016,0.015,0.015,0.0135,0.012,0.012,0.0055,0.0015,0.0005,0.0005,0,0.075,0.014,0.0005,10071.34617,14533.8779,1,0
0.08,0.105,0.09,0.475,0.135,0.115,0.235,0.22,0.245,0.24,0.27,0.25,0.215,0.092,2,0.505,0.245,0.135,10071.2324784,22181.296472,1,0
0.105,0.11,0.125,0.42,0.06,0.065,0.019,0.0195,0.017,0.016,0.0155,0.01,0.0005,0.0005,2,0.505,0.0175,0.0005,10071.1849063,17110.759009,1,0
0.5,0.495,0.91,0.51,0.85,0.9,0.705,0.8,0.79,0.745,0.79,0.88,0.255,0.125,5,0.495,0.73,0.15,10078.922534599998,139171.666753,1,0
0.5,0.46,0.34,0.425,0.115,0.12,0.0255,0.0265,0.023,0.021,0.016,0.008,0.0005,0.0005,1,0.565,0.0175,0.0005,10078.8734893,94719.27612,1,0
0.095,0.085,0.05,0.03,0.02,0.0195,0.021,0.014,0.013,0.0395,0.0215,0.0075,0.0065,0.002,0,0.08,0.022,0.005,8654.143535866668,24717.787037,1,0
0.045,0.05,0.1,0.135,0.125,0.06,0.016,0.02,0.014,0.0095,0.0015,0.001,0.0005,0.0005,0,0.06,0.016,0.0005,8654.082896483333,18704.974399,1,0
0.06,0.06,0.035,0.0215,0.0195,0.019,0.0195,0.0155,0.0145,0.016,0.0215,0.0045,0.0015,0.0005,0,0.06,0.02,0.0025,8654.15197005,27745.754846,1,0
0.5,0.065,0.0175,0.025,0.0245,0.029,0.005,0.0045,0.017,0.0055,0.0075,0.0095,0.0085,0.0065,1,0.06,0.0045,0.0025,10106.252438566667,36650.870398,1,0
0.5,0.075,0.135,0.125,0.155,0.09,0.12,0.115,0.0145,0.0135,0.012,0.011,0.0035,0.0005,1,0.08,0.12,0.0025,10105.74044205,11523.941574,1,0
0.49,0.966,0.9835,0.9845,0.9845,0.9875,0.9915,0.992,0.9935,0.9975,0.994,0.9985,0.9955,0.9945,1,0.966,0.992,0.999,10113.498911,183611.237706,1,1
0.5,0.16,0.48,0.405,0.49,0.16,0.215,0.17,0.0285,0.029,0.0195,0.016,0.0095,0.0005,1,0.175,0.195,0.0055,10113.473563516665,61549.078971,1,0
0.5,0.71,0.82,0.785,0.735,0.8,0.74,0.765,0.72,0.81,0.74,0.999,0.9995,0.9995,0,0.785,0.745,0.9995,9399.5008565,16336.65892,1,1
0.5,0.46,0.56,0.535,0.485,0.535,0.485,0.495,0.455,0.54,0.48,0.9995,0.9995,0.9995,10,0.535,0.485,0.9995,9399.48819045,33828.616029,1,1
0.5,0.05,0.0275,0.0195,0.0135,0.015,0.011,0.0085,0.013,0.0035,0.0045,0.001,0.0055,0.001,1,0.05,0.0125,0.001,9399.2194057,54156.325934,1,0
0.115,0.12,0.09,0.45,0.075,0.085,0.021,0.0195,0.0135,0.0135,0.0115,0.01,0.009,0.003,2,0.12,0.02,0.007,10069.848251633333,7062.216769,1,0
0.08,0.085,0.1,0.45,0.105,0.1,0.18,0.195,0.23,0.155,0.195,0.205,0.004,0.0005,2,0.085,0.19,0.0035,10069.81790545,10444.229484,1,0
0.43,0.47,0.58,0.495,0.565,0.52,0.85,0.86,0.91,0.79,0.85,0.945,0.355,0.81,9,0.47,0.86,0.415,10072.424329866666,188391.836095,1,1
0.3,0.34,0.45,0.475,0.405,0.34,0.725,0.725,0.775,0.495,0.6,0.69,0.055,0.005,12,0.34,0.725,0.032,10072.381915816666,164080.709028,1,0
0.065,0.07,0.07,0.465,0.095,0.08,0.0695,0.036,0.1965,0.1765,0.058,0.0145,0.0085,0.002,0,0.07,0.0505,0.0035,10070.511702083333,13796.053207,1,0
0.06,0.04,0.049,0.206,0.032,0.027,0.0265,0.0165,0.0125,0.0125,0.0125,0.0015,0.0015,0.0005,0,0.035,0.0255,0.0005,10070.625489133332,11341.321515,1,0
0.495,0.485,0.95,0.955,0.955,0.972,0.9745,0.985,0.9895,0.985,0.998,0.993,0.9995,0.9995,3,0.485,0.984,0.9995,10078.8305288,101139.488775,1,1
0.495,0.5,0.255,0.515,0.405,0.425,0.38,0.325,0.74,0.755,0.645,0.47,0.755,0.024,20,0.505,0.335,0.755,10070.873618266667,139185.067459,1,0
0.495,0.44,0.885,0.5,0.925,0.945,0.963,0.969,0.9835,0.984,0.995,0.9925,0.9995,0.9995,3,0.44,0.9675,0.9995,10070.84457575,105165.159892,1,1
0.495,0.14,0.17,0.185,0.18,0.18,0.165,0.165,0.195,0.205,0.065,0.044,0.1005,0.0135,0,0.135,0.17,0.051,10069.977507450001,11363.611171,1,0
0.5,0.05,0.0235,0.023,0.0225,0.023,0.025,0.0425,0.027,0.0225,0.0785,0.0875,0.006,0.0005,1,0.05,0.0345,0.0035,10069.952814383334,10108.075433,1,0
0.495,0.455,0.27,0.245,0.245,0.235,0.245,0.425,0.35,0.36,0.75,0.81,0.535,0.26,6,0.45,0.38,0.52,10078.015697866667,89602.976709,1,0
0.495,0.04,0.0195,0.0215,0.0205,0.0185,0.0205,0.016,0.017,0.0045,0.013,0.016,0.0005,0.0005,0,0.0395,0.016,0.0015,10077.959908533334,139330.85927,1,0
0.9,0.935,0.905,0.94,0.85,0.87,0.89,0.89,0.9,0.955,0.978,0.982,0.999,0.9995,0,0.92,0.89,0.9975,10070.980863383333,164755.02247,1,1
0.27,0.365,0.245,0.305,0.12,0.11,0.11,0.1,0.12,0.17,0.095,0.075,0.555,0.835,5,0.36,0.11,0.65,10070.985105166666,183737.907317,1,1
0.05,0.0185,0.0255,0.0225,0.0415,0.0325,0.024,0.0245,0.026,0.018,0.009,0.009,0.0015,0.0005,0,0.0265,0.0235,0.001,10070.211613466667,29811.2028,1,0
0.145,0.145,0.155,0.185,0.15,0.16,0.17,0.17,0.175,0.24,0.26,0.31,0.1,0.0025,2,0.145,0.18,0.045,10070.1788308,31034.141422,1,0
0.029,0.036,0.0215,0.4745,0.0185,0.0155,0.018,0.0175,0.016,0.0145,0.01,0.001,0.0005,0.0005,2,0.0385,0.0175,0.0015,10070.531574333332,36065.816604,1,0
0.145,0.145,0.13,0.47,0.12,0.13,0.2,0.21,0.21,0.21,0.145,0.08,0.084,0.011,2,0.155,0.2,0.024,10070.523033733334,27103.240347,1,0
0.09,0.115,0.15,0.495,0.125,0.09,0.035,0.029,0.0255,0.0245,0.0345,0.035,0.005,0.0025,2,0.08,0.033,0.004,10070.4855879,70932.305143,1,0
0.5,0.75,0.8,0.495,0.87,0.875,0.77,0.8,0.825,0.84,0.91,0.973,0.985,0.9985,2,0.685,0.8,0.989,10076.870430733334,87942.726471,1,1
0.5,0.115,0.15,0.54,0.13,0.085,0.0305,0.0335,0.0305,0.029,0.033,0.033,0.0045,0.0035,5,0.08,0.0335,0.0035,10076.866151983333,311952.163676,1,0
0.125,0.095,0.033,0.475,0.0235,0.023,0.016,0.0125,0.0125,0.0085,0.0055,0.005,0.0015,0.0005,4,0.105,0.0125,0.001,10070.678847583333,21203.744199,1,0
0.08,0.095,0.165,0.485,0.18,0.155,0.19,0.22,0.3,0.32,0.34,0.36,0.34,0.485,4,0.09,0.185,0.265,10070.660530033334,87167.23843,1,0
0.915,0.94,0.989,0.985,0.9855,0.986,0.989,0.989,0.988,0.9905,0.9955,0.9995,0.9975,0.9995,2,0.935,0.9885,0.9995,10078.860199199999,108995.666196,1,1
0.275,0.36,0.685,0.845,0.89,0.93,0.915,0.935,0.825,0.86,0.885,0.885,0.965,0.9985,3,0.34,0.95,0.9925,10078.851321683333,168467.668495,1,1
0.5,0.022,0.015,0.0615,0.0645,0.134,0.1165,0.0535,0.031,0.0085,0.003,0.0085,0.0005,0.0005,3,0.0395,0.0905,0.007,10070.892983333333,136441.214546,1,0
0.505,0.935,0.905,0.68,0.5,0.49,0.64,0.655,0.65,0.685,0.64,0.75,0.78,0.9995,4,0.93,0.685,0.9995,10070.8652,8809.015359,1,1
0.5,0.255,0.046,0.0145,0.0115,0.01,0.009,0.0075,0.005,0.0015,0.0015,0.0005,0.0055,0.0005,5,0.37,0.0055,0.0025,10070.819516666666,52517.028012,1,0
0.5,0.5,0.08,0.5,0.175,0.215,0.175,0.16,0.23,0.25,0.44,0.52,0.665,0.76,14,0.485,0.17,0.385,10069.9394569,145911.48828,1,1
0.5,0.485,0.16,0.5,0.065,0.03,0.024,0.0225,0.0165,0.015,0.0215,0.0005,0.0005,0.0085,5,0.485,0.024,0.0005,10069.952978433334,44500.787008,1,0
0.28,0.075,0.055,0.065,0.145,0.225,0.48,0.465,0.32,0.27,0.03,0.027,0.031,0.0005,8,0.475,0.48,0.0145,10076.214531816666,117853.499409,1,0
0.91,0.68,0.55,0.675,0.93,0.968,0.9755,0.9865,0.99,0.989,0.9895,0.9945,0.9965,0.995,0,0.71,0.9775,0.999,10076.166389833332,149706.22366,1,1
0.495,0.045,0.033,0.5,0.234,0.129,0.0275,0.0235,0.0225,0.5,0.016,0.0015,0.0005,0.0005,14,0.045,0.024,0.0005,10070.772220516666,23791.871166,1,0
0.495,0.165,0.165,0.465,0.07,0.085,0.205,0.235,0.17,0.26,0.21,0.34,0.705,0.9665,11,0.165,0.22,0.78,10070.784902166666,68860.85423,1,1
0.495,0.034,0.0405,0.5,0.025,0.012,0.0165,0.0155,0.021,0.506,0.027,0.0155,0.001,0.0005,10,0.037,0.017,0.0005,10070.759325416668,7034.023056,1,0
0.5,0.06,0.085,0.465,0.0265,0.0175,0.035,0.0375,0.1265,0.086,0.033,0.0095,0.0005,0.0005,5,0.065,0.0345,0.0005,10076.87946025,35574.787621,1,0
0.5,0.2,0.245,0.5,0.05,0.034,0.1855,0.1375,0.486,0.281,0.38,0.148,0.0135,0.0025,17,0.215,0.2275,0.0085,10076.849580583334,79427.942571,1,0
0.07,0.06,0.05,0.06,0.06,0.0195,0.02,0.015,0.031,0.05,0.164,0.11,0.054,0.0025,0,0.065,0.0155,0.0155,10070.793593433333,34227.823452,1,0
0.155,0.165,0.175,0.175,0.17,0.17,0.145,0.175,0.225,0.18,0.06,0.05,0.016,0.012,0,0.155,0.155,0.004,10070.813526116666,79199.332661,1,0
0.835,0.815,0.8,0.825,0.86,0.6,0.505,0.565,0.89,0.9555,0.981,0.9895,0.9945,0.9995,4,0.85,0.52,0.9985,10078.826238016665,94785.760549,1,1
0.155,0.12,0.1,0.105,0.115,0.024,0.026,0.0255,0.05,0.088,0.266,0.15,0.088,0.002,0,0.145,0.026,0.0305,10078.8305521,123287.742878,1,0
0.5,0.1,0.115,0.095,0.09,0.09,0.11,0.0245,0.0195,0.0145,0.056,0.1185,0.415,0.6635,4,0.09,0.0245,0.5005,10071.045358783333,22558.369246,1,0
0.5,0.17,0.165,0.185,0.195,0.195,0.19,0.195,0.155,0.19,0.285,0.145,0.015,0.0005,1,0.165,0.165,0.012,10071.032608333333,21093.737925,1,0
0.5,0.945,0.9655,0.955,0.9595,0.975,0.9765,0.9065,0.8875,0.9395,0.9915,0.9955,0.9995,0.9995,0,0.935,0.861,0.999,10078.92434065,115375.883285,1,1
0.495,0.215,0.255,0.185,0.17,0.17,0.195,0.031,0.0255,0.0165,0.0855,0.1615,0.598,0.642,7,0.215,0.0345,0.4405,10078.882103400001,182034.526213,1,0
0.5,0.983,0.985,0.9835,0.9845,0.9845,0.985,0.9875,0.9895,0.9885,0.9915,0.9965,0.9995,0.9995,0,0.9795,0.9855,0.9995,10076.96473745,56017.616922,1,1
0.5,0.705,0.725,0.705,0.795,0.74,0.715,0.755,0.73,0.31,0.22,0.295,0.945,0.997,2,0.73,0.735,0.9885,10076.9356054,171749.854332,1,1
0.495,0.085,0.065,0.055,0.055,0.03,0.0245,0.0245,0.0195,0.0105,0.002,0.0005,0.0005,0.0005,0,0.1,0.0215,0.0015,10076.8943888,46592.553068,1,0
0.49,0.155,0.165,0.195,0.175,0.21,0.23,0.225,0.235,0.18,0.15,0.22,0.285,0.015,0,0.145,0.23,0.17,10070.958741716666,32525.590352,1,0
0.49,0.085,0.065,0.06,0.055,0.03,0.0245,0.0245,0.0195,0.0115,0.0025,0.0015,0.0025,0.0005,0,0.1,0.0245,0.003,10070.930522949999,15294.047999,1,0
0.48,0.11,0.075,0.065,0.065,0.05,0.0455,0.0595,0.0595,0.038,0.192,0.2535,0.3765,0.0165,0,0.1,0.0465,0.425,10070.081020483334,84672.366934,1,0
0.48,0.11,0.14,0.145,0.17,0.2,0.195,0.16,0.15,0.19,0.04,0.02,0.001,0.024,0,0.11,0.2,0.0005,10070.04149845,36171.933285,1,0
0.5,0.915,0.95,0.9545,0.978,0.9795,0.984,0.9785,0.9795,0.985,0.951,0.9525,0.9745,0.9995,0,0.92,0.9805,0.992,10078.692253566667,126561.2482,1,1
0.495,0.42,0.56,0.575,0.59,0.64,0.61,0.505,0.48,0.585,0.17,0.06,0.016,0.6385,15,0.46,0.62,0.007,10078.657969866666,335297.58404,1,1
0.04,0.0345,0.0335,0.0265,0.02,0.017,0.017,0.016,0.014,0.014,0.0105,0.0025,0.002,0.0025,0,0.0345,0.0155,0.0025,10070.898820366665,24436.597269,1,0
0.135,0.15,0.16,0.185,0.195,0.205,0.23,0.195,0.24,0.31,0.325,0.23,0.205,0.006,0,0.145,0.235,0.165,10070.878717483334,42116.62002,1,0
0.969,0.9615,0.9725,0.9755,0.984,0.991,0.991,0.9915,0.9955,0.9955,0.9945,0.999,0.9985,0.9975,0,0.964,0.991,0.997,10071.43836685,101345.783027,1,1
0.41,0.39,0.385,0.415,0.555,0.575,0.535,0.695,0.625,0.5,0.53,0.71,0.045,0.001,14,0.39,0.555,0.014,10071.367561183333,232163.429993,1,0
0.89,0.89,0.905,0.925,0.9695,0.984,0.9845,0.9855,0.9855,0.9865,0.9885,0.9985,0.9825,0.9915,0,0.885,0.9845,0.9855,10071.2801192,64859.755782,1,1
0.5,0.595,0.46,0.46,0.385,0.68,0.675,0.53,0.59,0.495,0.225,0.165,0.255,0.003,23,0.34,0.605,0.12,10070.494140966668,388761.678847,1,0
0.5,0.1,0.125,0.075,0.045,0.03,0.012,0.013,0.0055,0.005,0.0035,0.0035,0.0005,0.0005,1,0.265,0.0105,0.002,10070.46292145,59777.021106,1,0
0.08,0.065,0.028,0.0335,0.0215,0.018,0.0155,0.0145,0.014,0.002,0.0025,0.002,0.0005,0.0005,0,0.075,0.015,0.0005,10070.673479733332,6214.923,1,0
0.13,0.145,0.14,0.165,0.175,0.215,0.13,0.105,0.12,0.07,0.038,0.0655,0.0255,0.0005,0,0.14,0.11,0.032,10070.647024400001,17470.442343,1,0
0.05,0.065,0.115,0.07,0.06,0.0295,0.067,0.045,0.027,0.019,0.0195,0.0125,0.0055,0.001,0,0.06,0.071,0.0025,10070.6232958,8968.226619,1,0
0.345,0.42,0.59,0.525,0.57,0.525,0.795,0.84,0.835,0.915,0.96,0.922,0.977,0.9995,7,0.375,0.82,0.9835,10076.899064466666,71327.718647,1,1
0.09,0.11,0.19,0.125,0.12,0.075,0.165,0.13,0.075,0.06,0.0275,0.014,0.0035,0.0005,0,0.095,0.17,0.003,10076.832631116667,51179.105451,1,0
0.485,0.1,0.11,0.095,0.18,0.085,0.12,0.045,0.125,0.0555,0.0355,0.066,0.0015,0.0005,0,0.1,0.075,0.0025,10070.747869383335,5318.448565,1,0
0.485,0.12,0.12,0.135,0.165,0.175,0.215,0.24,0.24,0.305,0.35,0.165,0.21,0.235,4,0.12,0.23,0.445,10070.780247633335,44488.922609,1,0
0.5,0.86,0.865,0.905,0.9605,0.9535,0.9765,0.979,0.9835,0.988,0.997,0.9985,0.9995,0.9995,0,0.86,0.9765,0.9995,10071.32807515,45160.554846,1,1
0.5,0.265,0.28,0.265,0.465,0.31,0.44,0.305,0.575,0.48,0.5,0.8,0.775,0.74,8,0.26,0.35,0.57,10071.345115,168153.439486,1,1
0.82,0.835,0.83,0.865,0.89,0.89,0.971,0.9705,0.981,0.981,0.9925,0.998,0.9995,0.9995,0,0.84,0.9715,0.999,10071.441959866666,79558.59359,1,1
0.255,0.225,0.19,0.245,0.26,0.205,0.435,0.3,0.405,0.25,0.675,0.485,0.58,0.996,5,0.23,0.385,0.53,10071.372517716667,180365.921,1,1
0.05,0.05,0.045,0.0305,0.0285,0.027,0.0175,0.0175,0.016,0.0145,0.0125,0.0025,0.001,0.0005,0,0.05,0.0175,0.0025,10070.830486983332,32756.590713,1,0
0.12,0.14,0.145,0.145,0.155,0.165,0.16,0.21,0.195,0.265,0.08,0.13,0.042,0.0025,0,0.14,0.18,0.029,10070.820474999999,5474.565803,1,0
0.525,0.095,0.1,0.085,0.075,0.055,0.038,0.0365,0.0175,0.015,0.0145,0.009,0.0025,0.0005,3,0.07,0.0375,0.0005,10068.62868355,20750.429682,1,0
0.525,0.14,0.14,0.155,0.145,0.165,0.18,0.19,0.185,0.24,0.19,0.27,0.061,0.005,5,0.14,0.19,0.033,10068.620224766666,35808.668799,1,0
0.525,0.07,0.04,0.033,0.024,0.035,0.0345,0.0215,0.044,0.0215,0.011,0.0075,0.0055,0.0005,1,0.095,0.024,0.003,10068.59803755,11028.436802,1,0
0.525,0.5,0.445,0.455,0.42,0.545,0.58,0.51,0.82,0.815,0.925,0.91,0.9805,0.998,6,0.595,0.56,0.9955,10076.362288916665,65555.863274,1,1
0.075,0.065,0.039,0.0335,0.024,0.0345,0.033,0.0215,0.0435,0.025,0.0105,0.002,0.0055,0.0005,0,0.09,0.027,0.0015,10076.327029150001,99460.711819,1,0
0.5,0.125,0.07,0.06,0.0485,0.039,0.0475,0.044,0.05,0.0375,0.0795,0.054,0.0325,0.002,1,0.13,0.0465,0.0125,10069.73877465,8482.178634,1,0
0.495,0.145,0.1,0.065,0.07,0.065,0.09,0.095,0.09,0.08,0.18,0.16,0.26,0.03,2,0.14,0.1,0.165,10069.734534199999,19385.026549,1,0
0.5,0.935,0.815,0.7,0.735,0.745,0.83,0.855,0.855,0.885,0.985,0.9825,0.9955,0.9995,0,0.935,0.87,0.9975,10076.330391666668,96805.29056,1,1
0.495,0.972,0.8895,0.805,0.8405,0.8545,0.9095,0.926,0.9355,0.951,0.9935,0.988,0.9995,0.9995,1,0.955,0.9385,0.9985,10076.303129450002,132419.282194,1,1
0.07,0.08,0.13,0.07,0.15,0.155,0.195,0.215,0.225,0.195,0.24,0.255,0.06,0.023,0,0.065,0.2,0.08,10071.137370733333,30815.638148,1,0
0.12,0.105,0.06,0.105,0.044,0.0235,0.0215,0.0085,0.0085,0.024,0.0245,0.0025,0.007,0.0005,0,0.115,0.0215,0.0035,10071.150074133333,19216.175902,1,0
0.93,0.885,0.76,0.91,0.72,0.49,0.565,0.545,0.67,0.795,0.755,0.82,0.9885,0.9975,4,0.915,0.61,0.991,10075.226783233335,117151.194839,1,1
0.405,0.3,0.135,0.275,0.105,0.04,0.045,0.023,0.0255,0.0275,0.02,0.006,0.004,0.0005,0,0.38,0.04,0.0035,10075.198056983332,173231.760453,1,0
0.045,0.0345,0.02,0.038,0.0155,0.015,0.019,0.003,0.0015,0.002,0.0005,0.0005,0.0005,0.0005,0,0.045,0.019,0.0005,10075.169630633334,37912.782757,1,0
0.13,0.13,0.14,0.15,0.14,0.185,0.13,0.055,0.06,0.0285,0.0445,0.0785,0.049,0.0005,0,0.135,0.1,0.065,10068.656874266666,10576.060803,1,0
0.05,0.03,0.0545,0.0405,0.0195,0.022,0.018,0.0155,0.0125,0.0025,0.0015,0.0005,0.0005,0.0005,0,0.034,0.015,0.0005,10068.571371833334,6660.244,1,0
0.225,0.17,0.31,0.235,0.105,0.105,0.045,0.0245,0.0115,0.002,0.01,0.0035,0.0005,0.0005,0,0.19,0.0265,0.0005,10075.524285916666,40853.774533,1,0
0.9,0.84,0.94,0.92,0.83,0.92,0.82,0.52,0.67,0.58,0.805,0.87,0.91,0.9995,2,0.865,0.74,0.9485,10068.948720433335,191439.779811,1,1
0.5,0.095,0.08,0.115,0.06,0.0265,0.0195,0.0125,0.003,0.0025,0.0015,0.0015,0.0025,0.0005,1,0.16,0.0115,0.0015,10067.690283283333,30307.847168,1,0
0.5,0.195,0.3,0.29,0.23,0.11,0.135,0.11,0.415,0.115,0.11,0.56,0.355,0.9995,6,0.125,0.145,0.495,10067.659058016667,93804.675275,1,1
0.5,0.315,0.665,0.67,0.645,0.555,0.38,0.465,0.425,0.835,0.9995,0.9995,0.9995,0.9995,6,0.32,0.375,0.9995,10068.38037945,68723.246826,1,1
0.495,0.045,0.0915,0.0775,0.0555,0.059,0.086,0.0735,0.199,0.1945,0.3265,0.425,0.3355,0.06,8,0.06,0.063,0.5175,10070.784067583332,92806.853972,1,0
0.495,0.135,0.085,0.105,0.14,0.125,0.075,0.085,0.0225,0.011,0.009,0.0025,0.0005,0.0005,2,0.11,0.115,0.0005,10070.750650816666,5015.58717,1,0
0.495,0.38,0.15,0.185,0.265,0.195,0.09,0.07,0.019,0.0065,0.0035,0.0005,0.001,0.0005,2,0.305,0.125,0.0005,10078.876785433333,47083.905798,1,0
0.495,0.63,0.36,0.41,0.56,0.49,0.315,0.335,0.085,0.046,0.016,0.0025,0.003,0.0005,12,0.535,0.425,0.0015,10078.834151199999,109371.68304,1,0
0.495,0.0355,0.0665,0.0395,0.088,0.0665,0.052,0.047,0.0655,0.053,0.1955,0.2555,0.5935,0.9625,1,0.055,0.0625,0.694,10070.692802666666,83036.307287,1,1
0.495,0.135,0.105,0.145,0.095,0.11,0.14,0.14,0.097,0.0955,0.0175,0.01,0.001,0.0005,2,0.125,0.125,0.0005,10070.667270133334,10680.539,1,0
0.495,0.91,0.835,0.92,0.78,0.84,0.91,0.92,0.88,0.93,0.68,0.375,0.23,0.0245,4,0.88,0.87,0.19,10073.204519316667,129890.90469,1,0
0.495,0.065,0.0415,0.0575,0.019,0.017,0.0175,0.0145,0.0105,0.0025,0.0005,0.0005,0.0005,0.0005,0,0.055,0.015,0.0005,10073.0686898,28092.058081,1,0
0.11,0.1,0.085,0.085,0.15,0.06,0.18,0.14,0.07,0.055,0.065,0.055,0.55,0.9745,3,0.11,0.2,0.775,10070.754308166668,93375.300141,1,1
0.115,0.13,0.135,0.145,0.105,0.155,0.1,0.115,0.15,0.14,0.103,0.051,0.002,0.0005,0,0.125,0.09,0.002,10070.716392616667,10897.302706,1,0
0.07,0.06,0.055,0.0605,0.0335,0.042,0.0255,0.022,0.019,0.0155,0.0015,0.001,0.0005,0.0005,0,0.06,0.0215,0.0005,10070.679580416667,10447.315,1,0
0.59,0.615,0.66,0.685,0.51,0.65,0.37,0.435,0.545,0.505,0.36,0.22,0.0145,0.001,11,0.615,0.355,0.0045,10071.208425983332,160030.908717,1,0
0.11,0.095,0.095,0.105,0.055,0.077,0.0255,0.0305,0.0255,0.0165,0.008,0.0025,0.0005,0.0005,0,0.1,0.0235,0.0005,10071.166947,28997.001491,1,0
0.495,0.14,0.14,0.135,0.15,0.16,0.12,0.145,0.085,0.14,0.11,0.0235,0.016,0.0005,0,0.145,0.16,0.007,10310.99494355,10007.822963,1,0
0.495,0.039,0.0295,0.0205,0.0205,0.0255,0.0185,0.0155,0.016,0.0155,0.0055,0.0025,0.0005,0.0005,0,0.0305,0.028,0.0005,10310.980974766666,12126.039148,1,0
0.23,0.19,0.17,0.135,0.12,0.15,0.06,0.1,0.026,0.039,0.022,0.0105,0.0005,0.0005,0,0.175,0.115,0.0005,10078.863156766667,91934.274066,1,0
0.79,0.775,0.78,0.765,0.76,0.845,0.665,0.82,0.58,0.615,0.765,0.72,0.7,0.09,7,0.77,0.79,0.725,10078.828744733333,246936.194057,1,0
0.11,0.08,0.135,0.15,0.15,0.175,0.17,0.175,0.15,0.155,0.08,0.19,0.026,0.0005,0,0.105,0.185,0.054,10310.724304183334,56699.529627,1,0
0.125,0.11,0.11,0.12,0.125,0.115,0.12,0.12,0.115,0.11,0.0345,0.074,0.0035,0.0005,0,0.125,0.14,0.0155,10310.756968716665,24444.041078,1,0
0.955,0.972,0.86,0.8765,0.8245,0.8515,0.8785,0.9355,0.83,0.949,0.775,0.8425,0.981,0.961,0,0.9525,0.9055,0.987,10078.767092916667,318963.264546,1,1
0.535,0.69,0.24,0.265,0.16,0.16,0.17,0.23,0.095,0.135,0.0185,0.0205,0.0075,0.0005,1,0.54,0.18,0.0015,10078.722689666667,93761.991185,1,0
0.085,0.135,0.023,0.0265,0.0165,0.0135,0.0225,0.013,0.0115,0.0055,0.0015,0.0015,0.0005,0.0005,0,0.075,0.0125,0.0005,10078.709971166665,56099.709328,1,0
0.5,0.105,0.12,0.08,0.15,0.17,0.14,0.19,0.2,0.18,0.23,0.11,0.027,0.0005,1,0.105,0.18,0.0355,10311.232002050001,40692.80516,1,0
0.5,0.07,0.07,0.1,0.02,0.021,0.017,0.0155,0.016,0.0145,0.0135,0.0035,0.001,0.0005,1,0.07,0.0175,0.0005,10311.12382925,15493.449507,1,0
0.5,0.7,0.665,0.815,0.31,0.285,0.27,0.27,0.26,0.255,0.185,0.105,0.018,0.001,1,0.7,0.28,0.018,10074.9596614,263075.608898,1,0
0.5,0.13,0.1,0.175,0.02,0.017,0.015,0.012,0.0145,0.016,0.0055,0.003,0.0005,0.0005,1,0.14,0.0125,0.0005,10074.930238966666,24734.805738,1,0
0.08,0.08,0.105,0.1,0.125,0.085,0.19,0.145,0.22,0.255,0.27,0.155,0.385,0.0005,0,0.065,0.175,0.44,10309.357397466667,68647.213288,1,0
0.1,0.1,0.075,0.075,0.065,0.09,0.02,0.014,0.0135,0.013,0.0125,0.006,0.001,0.0005,0,0.115,0.024,0.0005,10309.329444216668,23852.4415,1,0
0.93,0.93,0.905,0.885,0.905,0.95,0.74,0.665,0.555,0.685,0.665,0.675,0.705,0.695,4,0.94,0.63,0.9,10077.005895916667,588405.927234,1,1
0.44,0.445,0.31,0.275,0.23,0.31,0.06,0.0325,0.019,0.018,0.009,0.012,0.0025,0.0005,2,0.48,0.04,0.002,10076.9862769,113210.708948,1,0
0.48,0.037,0.032,0.0115,0.0065,0.0055,0.0065,0.005,0.0005,0.0005,0.001,0.0005,0.0005,0.0005,0,0.06,0.005,0.0005,10072.031733383334,169855.975098,1,0
0.5,0.405,0.405,0.225,0.21,0.125,0.165,0.0115,0.01,0.0095,0.011,0.0095,0.0015,0.0005,5,0.585,0.045,0.001,10071.954684366667,132075.809187,1,0
0.49,0.225,0.225,0.19,0.195,0.295,0.385,0.335,0.17,0.33,0.305,0.145,0.235,0.9995,1,0.205,0.34,0.805,10071.963178483333,118762.348023,1,1
0.07,0.044,0.0485,0.039,0.085,0.042,0.078,0.0375,0.2,0.2195,0.325,0.325,0.446,0.0005,4,0.043,0.0285,0.1955,10310.630949916667,160969.128962,1,0
0.11,0.12,0.13,0.135,0.1,0.155,0.11,0.1,0.024,0.0135,0.015,0.0075,0.0015,0.0005,0,0.115,0.16,0.001,10310.602990649999,25089.510554,1,0
0.95,0.9635,0.9645,0.9635,0.959,0.9575,0.964,0.981,0.9015,0.7635,0.899,0.9735,0.9815,0.9875,0,0.965,0.98,0.9965,10078.784463466667,152157.481883,1,1
0.515,0.635,0.59,0.575,0.405,0.475,0.365,0.52,0.09,0.0345,0.0185,0.015,0.005,0.0005,7,0.66,0.47,0.0045,10078.766981516666,127924.216658,1,0
0.08,0.13,0.08,0.08,0.034,0.0215,0.022,0.0205,0.0125,0.005,0.002,0.0015,0.0005,0.0005,0,0.145,0.025,0.0005,10078.682885666667,37612.902079,1,0
0.125,0.12,0.075,0.065,0.075,0.065,0.125,0.07,0.125,0.07,0.255,0.185,0.395,0.18,0,0.12,0.12,0.42,10070.878191066668,81081.97552,1,0
0.06,0.065,0.1,0.12,0.115,0.12,0.065,0.115,0.044,0.0745,0.014,0.013,0.001,0.0005,0,0.065,0.065,0.001,10070.869145800001,21210.244368,1,0
0.62,0.66,0.815,0.865,0.85,0.86,0.735,0.875,0.75,0.91,0.275,0.155,0.095,0.0015,1,0.645,0.76,0.035,10078.8812223,165837.072398,1,0
0.1,0.1,0.255,0.265,0.21,0.17,0.065,0.12,0.032,0.0455,0.0115,0.005,0.0005,0.0005,0,0.1,0.065,0.0005,10078.818673083333,69479.553259,1,0
0.495,0.89,0.86,0.885,0.935,0.97,0.963,0.968,0.931,0.971,0.9745,0.9755,0.8695,0.956,1,0.88,0.968,0.859,10057.55950595,423066.993288,1,1
0.5,0.3,0.23,0.265,0.475,0.545,0.47,0.43,0.185,0.4,0.135,0.115,0.005,0.001,9,0.3,0.465,0.0045,10057.563744433333,229164.230058,1,0
0.5,0.055,0.065,0.055,0.029,0.019,0.0215,0.0195,0.0365,0.014,0.022,0.017,0.075,0.0145,1,0.055,0.019,0.186,10057.06965,35044.367651,1,0
0.5,0.125,0.115,0.13,0.13,0.14,0.16,0.19,0.16,0.22,0.185,0.205,0.017,0.001,1,0.12,0.17,0.015,10057.048416666667,169057.618311,1,0
0.085,0.075,0.05,0.047,0.0595,0.0525,0.02,0.01,0.014,0.015,0.019,0.009,0.013,0.0005,0,0.09,0.0145,0.005,10069.499066666667,10639.857849,1,0
0.04,0.032,0.0155,0.013,0.016,0.0155,0.0085,0.004,0.0045,0.0115,0.0055,0.003,0.003,0.001,0,0.0375,0.0125,0.0015,10069.529183333334,9823.824891,1,0
0.955,0.959,0.9775,0.979,0.9825,0.9815,0.982,0.9885,0.989,0.9975,0.998,0.9985,0.9995,0.9995,0,0.9515,0.9845,0.999,10075.892833116666,84594.920368,1,1
0.535,0.59,0.705,0.745,0.675,0.685,0.88,0.915,0.91,0.92,0.835,0.971,0.925,0.955,2,0.54,0.905,0.9585,10075.877042016666,136479.0176,1,1
0.085,0.08,0.1165,0.1015,0.067,0.064,0.215,0.205,0.136,0.0805,0.02,0.0575,0.0005,0.0005,0,0.07,0.2355,0.0065,10075.86848365,139564.952144,1,0
0.77,0.755,0.69,0.755,0.87,0.87,0.85,0.84,0.9545,0.974,0.987,0.992,0.986,0.9975,0,0.77,0.81,0.99,10077.126337383332,141907.036234,1,1
0.21,0.16,0.1,0.105,0.186,0.1405,0.102,0.095,0.297,0.277,0.2265,0.091,0.0135,0.0025,0,0.175,0.079,0.0045,10077.117853400001,103927.849888,1,0
0.7,0.695,0.82,0.775,0.685,0.695,0.895,0.915,0.88,0.915,0.9815,0.9965,0.9945,0.998,0,0.57,0.92,0.9985,10078.84991745,69750.132525,1,1
0.175,0.14,0.2,0.125,0.065,0.04,0.1175,0.0985,0.058,0.0805,0.3495,0.2515,0.1995,0.0005,0,0.095,0.1235,0.043,10078.74194295,104319.578005,1,0
0.49,0.095,0.07,0.095,0.135,0.135,0.065,0.06,0.075,0.06,0.012,0.008,0.004,0.0025,0,0.115,0.055,0.003,10073.118516666667,62001.554958,1,0
0.485,0.075,0.11,0.09,0.06,0.05,0.1195,0.1175,0.0835,0.112,0.211,0.2785,0.3605,0.008,0,0.055,0.128,0.14,10073.081816666667,21258.38244,1,0
0.495,0.045,0.0215,0.0045,0.0115,0.009,0.0095,0.0035,0.0035,0.0015,0.0005,0.0005,0.0005,0.0005,0,0.08,0.0045,0.0005,9164.244662466666,56394.487748,1,0
0.495,0.705,0.72,0.7,0.66,0.6,0.645,0.645,0.595,0.64,0.995,0.9995,0.9995,0.9995,1,0.705,0.645,0.9995,9164.248891133333,13188.983773,1,1
0.495,0.12,0.425,0.24,0.065,0.09,0.11,0.065,0.0345,0.0195,0.0145,0.013,0.006,0.0005,2,0.05,0.11,0.005,9164.2574685,173144.228224,1,0
0.11,0.13,0.1,0.125,0.165,0.17,0.155,0.13,0.25,0.27,0.28,0.33,0.095,0.254,0,0.11,0.16,0.2,10075.070916666667,24875.564628,1,0
0.08,0.045,0.018,0.5035,0.0265,0.0145,0.0135,0.0075,0.0105,0.0025,0.006,0.006,0.012,0.001,2,0.08,0.0135,0.0095,10075.04765,22769.417266,1,0
0.885,0.745,0.435,0.565,0.745,0.67,0.56,0.48,0.815,0.79,0.795,0.9,0.992,0.9935,8,0.87,0.6,0.998,10075.369964300002,103689.74206,1,1
0.345,0.195,0.04,0.0745,0.092,0.043,0.0235,0.0165,0.0295,0.02,0.007,0.0105,0.066,0.001,0,0.32,0.0255,0.0205,10075.35711155,110950.008933,1,0
0.495,0.055,0.055,0.085,0.12,0.165,0.085,0.14,0.22,0.24,0.19,0.065,0.605,0.33,6,0.52,0.14,0.73,10074.98991475,81053.13656,1,0
0.495,0.095,0.085,0.045,0.029,0.019,0.0215,0.01,0.008,0.0075,0.0055,0.0015,0.0005,0.0005,4,0.54,0.015,0.002,10074.909962633334,4594.496644,1,0
0.95,0.955,0.945,0.885,0.815,0.665,0.27,0.31,0.565,0.39,0.31,0.115,0.775,0.08,9,0.945,0.415,0.865,10138.978150649998,186569.395905,1,0
0.63,0.645,0.595,0.395,0.28,0.13,0.0325,0.026,0.0355,0.019,0.0065,0.0035,0.002,0.0005,1,0.6,0.057,0.002,10138.943574550001,61708.662186,1,0
0.06,0.06,0.045,0.023,0.017,0.014,0.02,0.0025,0.0025,0.0025,0.0005,0.0005,0.0025,0.0005,0,0.05,0.005,0.0005,10138.905343566666,34150.497308,1,0
0.075,0.08,0.08,0.1,0.085,0.045,0.02,0.0155,0.011,0.009,0.007,0.007,0.002,0.002,0,0.08,0.0235,0.002,10071.184660983334,2206.337,1,0
0.095,0.105,0.11,0.115,0.11,0.065,0.034,0.0175,0.0135,0.008,0.007,0.007,0.0015,0.001,0,0.1,0.0405,0.0015,10071.188895733332,2981.759,1,0
0.13,0.135,0.14,0.16,0.115,0.0445,0.0195,0.0125,0.0075,0.0065,0.0025,0.0015,0.0005,0.0005,0,0.13,0.019,0.001,10131.64677475,68554.614235,1,0
0.2,0.215,0.23,0.255,0.2,0.085,0.035,0.017,0.0145,0.0025,0.0035,0.0015,0.0005,0.0005,0,0.21,0.0375,0.0005,10131.571274966667,19150.094753,1,0
0.5,0.88,0.91,0.915,0.945,0.945,0.945,0.785,0.715,0.54,0.095,0.17,0.21,0.002,3,0.865,0.86,0.095,10135.198913416667,85423.641707,1,0
0.5,0.315,0.305,0.225,0.32,0.34,0.29,0.08,0.04,0.013,0.005,0.002,0.0005,0.0005,1,0.305,0.15,0.0005,10135.194689533333,103581.684107,1,0
0.495,0.0325,0.0255,0.0225,0.016,0.018,0.017,0.045,0.0895,0.1195,0.179,0.2745,0.344,0.6695,1,0.0335,0.039,0.454,10071.0398985,55707.678962,1,0
0.5,0.13,0.15,0.145,0.155,0.16,0.17,0.14,0.085,0.053,0.0115,0.008,0.003,0.001,1,0.13,0.15,0.003,10071.009534833334,11412.8315,1,0
0.495,0.095,0.215,0.11,0.05,0.05,0.042,0.038,0.045,0.1245,0.2285,0.443,0.954,0.977,9,0.1,0.0365,0.94,10071.176022066667,44668.953169,1,1
0.495,0.135,0.1,0.13,0.165,0.165,0.18,0.185,0.175,0.095,0.0365,0.011,0.002,0.002,2,0.12,0.185,0.002,10071.070222166667,2118.724356,1,0
0.495,0.045,0.0215,0.0295,0.0325,0.028,0.0225,0.023,0.0145,0.0075,0.007,0.0065,0.0055,0.001,2,0.05,0.0215,0.0045,10071.0294768,44166.306823,1,0
0.57,0.535,0.28,0.415,0.485,0.47,0.45,0.435,0.52,0.16,0.052,0.011,0.0005,0.001,13,0.535,0.525,0.0005,10138.781229066666,64809.277183,1,0
0.125,0.085,0.0245,0.0305,0.031,0.0235,0.018,0.017,0.016,0.0025,0.0025,0.0005,0.0005,0.0005,0,0.09,0.0185,0.001,10138.847497033334,34747.009391,1,0
0.085,0.105,0.125,0.135,0.125,0.185,0.195,0.21,0.225,0.23,0.25,0.17,0.0585,0.0015,0,0.115,0.2,0.011,10069.729137333334,29487.193329,1,0
0.095,0.075,0.04,0.0455,0.031,0.023,0.019,0.017,0.014,0.012,0.0115,0.002,0.0015,0.001,0,0.06,0.0165,0.0015,10069.712221216667,4230.048666,1,0
0.845,0.765,0.66,0.705,0.34,0.615,0.625,0.67,0.675,0.685,0.67,0.275,0.0395,0.0005,5,0.71,0.625,0.0145,10138.762397266666,87208.871231,1,0
0.325,0.21,0.12,0.115,0.02,0.039,0.0305,0.0335,0.0225,0.0185,0.016,0.0015,0.001,0.0005,4,0.17,0.0345,0.0005,10130.279840166668,40907.153519,1,0
0.495,0.07,0.06,0.085,0.125,0.12,0.19,0.185,0.195,0.18,0.195,0.18,0.26,0.775,5,0.06,0.185,0.39,10067.6053151,155960.736915,1,0
0.5,0.06,0.07,0.0485,0.0245,0.023,0.0125,0.013,0.011,0.011,0.0035,0.0025,0.002,0.002,3,0.07,0.011,0.002,10067.53239045,22337.698332,1,0
0.935,0.875,0.915,0.865,0.785,0.825,0.655,0.795,0.845,0.91,0.91,0.92,0.8405,0.0095,5,0.895,0.75,0.5885,10137.4267827,169178.678657,1,0
0.52,0.355,0.4,0.295,0.15,0.13,0.036,0.038,0.0305,0.0255,0.012,0.0125,0.002,0.0005,1,0.41,0.047,0.0005,10137.324075966666,36343.185229,1,0
0.105,0.055,0.045,0.5025,0.017,0.0135,0.012,0.012,0.0105,0.0005,0.0005,0.0005,0.0005,0.0005,4,0.065,0.0115,0.0005,10137.379423966666,21201.067,1,0
0.495,0.445,0.27,0.15,0.12,0.055,0.023,0.018,0.01,0.009,0.005,0.001,0.0005,0.0005,2,0.355,0.017,0.0005,10138.646492066668,33135.711744,1,0
0.5,0.445,0.4,0.48,0.535,0.485,0.455,0.45,0.77,0.68,0.695,0.83,0.9995,0.9995,8,0.39,0.495,0.9995,10138.613719449999,22504.874696,1,1
0.5,0.039,0.038,0.0505,0.0575,0.0545,0.068,0.071,0.147,0.031,0.0165,0.0075,0.0065,0.0015,1,0.04,0.074,0.0115,10071.102092866668,17406.125851,1,0
0.5,0.105,0.115,0.125,0.145,0.155,0.16,0.145,0.0625,0.1245,0.068,0.0645,0.021,0.005,3,0.105,0.155,0.0295,10071.069080633333,21854.975137,1,0
0.5,0.235,0.2,0.12,0.07,0.05,0.0275,0.015,0.0115,0.011,0.016,0.0115,0.0165,0.0005,1,0.19,0.0185,0.001,10071.052555183333,43959.8995,1,0
0.5,0.755,0.755,0.655,0.56,0.52,0.43,0.3,0.135,0.125,0.09,0.06,0.02,0.002,7,0.695,0.39,0.0625,10138.872266016666,49532.134472,1,0
0.5,0.235,0.21,0.125,0.055,0.048,0.0275,0.0155,0.012,0.4955,0.0115,0.0015,0.0005,0.0005,1,0.19,0.022,0.0015,10138.853459416667,29238.550554,1,0
0.495,0.775,0.89,0.95,0.956,0.9315,0.8715,0.913,0.8845,0.8535,0.8215,0.8895,0.9785,0.9995,5,0.795,0.8945,0.987,10070.935057183333,42811.489786,1,1
0.5,0.215,0.35,0.54,0.49,0.395,0.2,0.21,0.11,0.04,0.0255,0.0185,0.006,0.0005,7,0.225,0.205,0.0025,10070.903974816667,40268.400943,1,0
0.495,0.085,0.055,0.0235,0.0255,0.0315,0.0625,0.0505,0.065,0.075,0.1165,0.0775,0.0195,0.009,6,0.08,0.0535,0.0175,10070.374245166666,22524.129781,1,0
0.495,0.095,0.115,0.12,0.135,0.15,0.12,0.135,0.11,0.07,0.0315,0.0195,0.015,0.0055,6,0.1,0.135,0.0075,10070.34629915,16752.051712,1,0
0.06,0.0535,0.0325,0.048,0.018,0.015,0.0155,0.0135,0.0175,0.017,0.016,0.0235,0.023,0.0015,8,0.0405,0.0155,0.022,10070.592017516667,13156.349,1,0
0.115,0.13,0.125,0.125,0.125,0.105,0.12,0.13,0.18,0.195,0.22,0.175,0.22,0.235,4,0.125,0.135,0.155,10070.55828275,6733.839317,1,0
0.935,0.9465,0.9655,0.957,0.979,0.9865,0.9845,0.988,0.973,0.761,0.983,0.9855,0.988,0.9995,0,0.9505,0.9855,0.9985,10078.726793433334,117359.632554,1,1
0.48,0.55,0.585,0.555,0.72,0.82,0.79,0.83,0.68,0.505,0.57,0.315,0.3,0.14,6,0.535,0.78,0.19,10078.7126109,82601.840708,1,0
0.075,0.085,0.09,0.075,0.155,0.23,0.165,0.145,0.0465,0.035,0.0255,0.0105,0.0015,0.0005,2,0.085,0.135,0.0005,10078.625785266666,46169.388864,1,0
0.495,0.08,0.12,0.115,0.11,0.5,0.065,0.039,0.046,0.0355,0.092,0.0655,0.0935,0.583,9,0.115,0.0515,0.0525,10070.1854629,26366.335668,1,1
0.5,0.08,0.068,0.07,0.082,0.5015,0.121,0.136,0.1415,0.154,0.0705,0.073,0.008,0.002,5,0.055,0.1475,0.0055,10070.143075433332,18204.966094,1,0
0.5,0.815,0.775,0.8,0.84,0.895,0.93,0.9615,0.9565,0.9745,0.937,0.9585,0.969,0.971,2,0.715,0.966,0.9805,10070.7037953,54140.585204,1,1
0.5,0.26,0.175,0.185,0.2,0.57,0.33,0.44,0.37,0.335,0.09,0.095,0.0245,0.0005,9,0.175,0.505,0.0085,10070.68363655,70112.466826,1,0
0.085,0.09,0.065,0.045,0.045,0.035,0.037,0.501,0.0135,0.0125,0.0115,0.0035,0.027,0.0015,12,0.08,0.501,0.0105,10070.69017535,13346.600374,1,0
0.09,0.09,0.1,0.135,0.13,0.145,0.155,0.5,0.15,0.17,0.21,0.255,0.3,0.26,6,0.09,0.09,0.475,10070.662322566666,13510.648663,1,0
0.905,0.89,0.93,0.9605,0.9655,0.973,0.98,0.521,0.9865,0.9745,0.99,0.9905,0.997,0.992,0,0.89,0.521,0.9995,10078.900154316665,40316.130273,1,1
0.44,0.445,0.475,0.64,0.555,0.605,0.605,0.5,0.87,0.91,0.91,0.95,0.813,0.975,11,0.41,0.31,0.947,10077.012450533333,27592.598296,1,1
0.495,0.215,0.255,0.165,0.165,0.08,0.05,0.05,0.0335,0.5005,0.0045,0.011,0.0025,0.0005,4,0.225,0.065,0.002,10063.578626266668,29085.278944,1,0
0.5,0.095,0.09,0.105,0.11,0.14,0.155,0.185,0.195,0.5,0.19,0.225,0.25,0.245,5,0.09,0.16,0.325,10063.515439600002,11391.773496,1,1
0.495,0.05,0.03,0.0425,0.031,0.034,0.0425,0.016,0.0155,0.1285,0.0505,0.022,0.0055,0.0025,0,0.045,0.0255,0.0025,10063.489972566666,40107.296313,1,0
0.5,0.35,0.28,0.37,0.32,0.435,0.405,0.395,0.425,0.55,0.84,0.865,0.934,0.9805,4,0.34,0.355,0.9245,10075.737057883332,48886.944389,1,1
0.5,0.045,0.0305,0.042,0.0265,0.0315,0.4995,0.4965,0.0135,0.4965,0.0445,0.019,0.0085,0.001,1,0.05,0.017,0.0005,10075.676552733332,41120.811633,1,0
0.5,0.105,0.13,0.11,0.095,0.125,0.105,0.18,0.19,0.215,0.23,0.35,0.145,0.055,3,0.125,0.13,0.045,10065.5476096,20698.960594,1,0
0.495,0.08,0.115,0.085,0.065,0.09,0.065,0.12,0.105,0.095,0.095,0.35,0.33,0.905,3,0.095,0.085,0.27,10065.5518583,23995.679445,1,1
0.5,0.365,0.53,0.33,0.25,0.345,0.235,0.43,0.345,0.335,0.355,0.74,0.9745,0.988,8,0.485,0.315,0.9955,10076.240807666667,44820.258593,1,1
0.495,0.05,0.079,0.04,0.0215,0.0255,0.015,0.017,0.015,0.0105,0.0115,0.004,0.0035,0.001,0,0.08,0.0165,0.01,10076.219448883332,1260731.850569,1,0
0.5,0.065,0.035,0.0505,0.0335,0.0175,0.017,0.013,0.0075,0.005,0.0015,0.001,0.004,0.004,1,0.09,0.0145,0.004,10071.128205066667,37494.713679,1,0
0.5,0.5,0.5,0.685,0.745,0.82,0.81,0.815,0.935,0.9995,0.9995,0.9995,0.9995,0.9995,0,0.5,0.795,0.9995,10071.140933483333,20392.251076,1,1
0.495,0.18,0.23,0.1,0.215,0.28,0.1,0.135,0.0305,0.016,0.007,0.0055,0.0025,0.0005,2,0.13,0.105,0.0025,10071.0887327,45681.543614,1,0
0.495,0.055,0.07,0.095,0.053,0.103,0.148,0.082,0.1055,0.037,0.0185,0.0075,0.007,0.004,0,0.085,0.112,0.0045,10070.994813516667,16023.686035,1,0
0.495,0.12,0.105,0.09,0.12,0.08,0.042,0.09,0.059,0.1035,0.0415,0.0295,0.01,0.0945,0,0.09,0.0665,0.0085,10070.934248966667,21170.021157,1,0
0.5,0.91,0.89,0.84,0.93,0.85,0.735,0.91,0.91,0.979,0.9875,0.987,0.9935,0.9995,0,0.845,0.845,0.999,10071.386038916668,256004.173007,1,1
0.5,0.125,0.065,0.04,0.058,0.0245,0.0145,0.0175,0.0255,0.012,0.0035,0.0025,0.0015,0.0005,1,0.08,0.03,0.0015,10071.296937916666,1157280.093385,1,0
0.5,0.07,0.0375,0.0305,0.036,0.048,0.0295,0.038,0.063,0.021,0.01,0.013,0.0025,0.0005,3,0.095,0.04,0.002,10069.983460266667,1171015.591717,1,0
0.495,0.12,0.11,0.1,0.12,0.15,0.155,0.175,0.16,0.22,0.265,0.205,0.24,0.023,2,0.115,0.17,0.16,10069.974964133335,14989.485539,1,0
0.495,0.14,0.195,0.255,0.145,0.07,0.09,0.04,0.0215,0.024,0.015,0.0165,0.0255,0.0005,2,0.125,0.045,0.0155,10069.94117255,8778.73251,1,0
0.495,0.395,0.51,0.6,0.495,0.32,0.435,0.255,0.14,0.25,0.21,0.385,0.105,0.0225,14,0.375,0.29,0.07,10076.628529333333,86820.307627,1,0
0.5,0.14,0.195,0.255,0.145,0.07,0.09,0.04,0.022,0.0255,0.018,0.023,0.0105,0.0005,1,0.125,0.05,0.0045,10076.719342033333,156684.641538,1,0
0.5,0.075,0.07,0.07,0.045,0.0295,0.032,0.059,0.0505,0.0735,0.069,0.0365,0.036,0.004,1,0.07,0.042,0.028,10070.696212383333,16295.742749,1,0
0.5,0.1,0.105,0.11,0.13,0.14,0.16,0.125,0.14,0.105,0.09,0.105,0.08,0.04,1,0.09,0.145,0.335,10070.64320045,11070.749587,1,0
0.5,0.27,0.27,0.26,0.37,0.44,0.32,0.165,0.19,0.1,0.075,0.065,0.019,0.0025,1,0.24,0.25,0.094,10078.62355665,52311.634047,1,0
0.5,0.125,0.12,0.125,0.165,0.2,0.11,0.05,0.045,0.0235,0.0185,0.01,0.003,0.003,1,0.12,0.085,0.01,10078.632125683333,1147942.533812,1,0
0.495,0.065,0.075,0.07,0.065,0.065,0.036,0.023,0.024,0.0385,0.051,0.047,0.04,0.007,2,0.06,0.028,0.0185,10070.76253495,20854.230419,1,0
0.5,0.085,0.1,0.095,0.09,0.1,0.06,0.038,0.0475,0.0835,0.1115,0.1105,0.0905,0.008,1,0.08,0.055,0.0235,10070.742232666667,6479.293395,1,0
0.495,0.91,0.905,0.93,0.95,0.94,0.979,0.9835,0.9855,0.9865,0.9905,0.9885,0.9875,0.9995,1,0.915,0.979,0.9985,10078.618800633332,49810.302548,1,1
0.495,0.395,0.32,0.355,0.365,0.33,0.505,0.58,0.49,0.29,0.2,0.165,0.067,0.032,12,0.435,0.55,0.1225,10071.208163516665,51338.943479,1,0
0.495,0.215,0.155,0.17,0.16,0.14,0.235,0.27,0.16,0.055,0.0235,0.026,0.0015,0.0025,2,0.225,0.265,0.01,10071.135602483333,52735.997259,1,0
0.5,0.12,0.12,0.115,0.12,0.145,0.16,0.16,0.17,0.19,0.245,0.275,0.28,0.11,1,0.12,0.16,0.24,10070.816558733333,14418.80564,1,0
0.5,0.07,0.045,0.045,0.0355,0.0395,0.035,0.0435,0.0575,0.0585,0.0235,0.0045,0.003,0.0025,1,0.065,0.0315,0.003,10070.83263105,15112.477618,1,0
0.5,0.63,0.52,0.42,0.43,0.495,0.5,0.54,0.725,0.775,0.7,0.465,0.4,0.1195,19,0.625,0.525,0.295,10074.981910783334,130444.732267,1,0
0.5,0.395,0.29,0.21,0.2,0.22,0.215,0.235,0.37,0.375,0.22,0.06,0.06,0.0075,1,0.375,0.22,0.0245,10074.916506733334,54371.152858,1,0
0.495,0.12,0.125,0.13,0.11,0.07,0.12,0.125,0.14,0.165,0.175,0.28,0.225,0.664,1,0.105,0.12,0.065,10070.243741116667,12303.192452,1,1
0.5,0.05,0.075,0.055,0.095,0.13,0.095,0.1,0.09,0.075,0.059,0.0185,0.0135,0.0055,1,0.055,0.1,0.0095,10070.290533533333,17203.207403,1,0
0.5,0.635,0.53,0.565,0.34,0.19,0.33,0.31,0.3,0.36,0.385,0.615,0.27,0.7295,14,0.64,0.31,0.09,10078.652419049999,107943.741045,1,1
0.5,0.41,0.29,0.315,0.15,0.08,0.12,0.1,0.085,0.095,0.095,0.13,0.017,0.0005,1,0.42,0.105,0.003,10078.62241715,51421.3816,1,0
0.5,0.15,0.11,0.095,0.155,0.135,0.23,0.42,0.21,0.145,0.135,0.07,0.041,0.0005,1,0.07,0.155,0.004,10058.939432366666,25697.579993,1,0
0.5,0.12,0.12,0.13,0.115,0.125,0.08,0.05,0.0705,0.0735,0.0525,0.074,0.4805,0.039,3,0.115,0.095,0.5995,10058.918768416666,19740.694418,1,0
0.5,0.09,0.11,0.09,0.036,0.033,0.0225,0.0205,0.011,0.0105,0.0025,0.002,0.0025,0.0005,1,0.175,0.0235,0.0025,10058.881815833332,10609.986,1,0
0.5,0.6,0.66,0.655,0.495,0.505,0.32,0.175,0.255,0.26,0.205,0.3,0.285,0.93,16,0.765,0.405,0.815,10059.2809891,184573.412859,1,0
0.5,0.37,0.42,0.405,0.24,0.245,0.125,0.05,0.06,0.05,0.03,0.0375,0.0285,0.007,3,0.555,0.15,0.0965,10059.35232465,40728.788818,1,0
0.5,0.85,0.425,0.61,0.585,0.225,0.325,0.1,0.0295,0.0305,0.0195,0.015,0.016,0.001,3,0.59,0.13,0.0045,10069.698252416665,77790.757246,1,0
0.5,0.5,0.5,0.5,0.58,0.435,0.33,0.285,0.3,0.35,0.55,0.76,0.78,0.9995,4,0.5,0.295,0.78,10069.66697435,13652.306098,1,1
0.495,0.055,0.155,0.075,0.055,0.0955,0.0675,0.124,0.3455,0.0715,0.033,0.0145,0.0025,0.0005,2,0.1,0.107,0.0055,10069.625864483332,42647.447724,1,0
0.495,0.115,0.12,0.11,0.125,0.14,0.11,0.14,0.08,0.04,0.029,0.0245,0.028,0.0135,0,0.12,0.145,0.0035,10070.957875716667,21562.156171,1,0
0.495,0.08,0.085,0.065,0.073,0.0875,0.025,0.0375,0.0145,0.0115,0.011,0.0105,0.0025,0.0025,0,0.08,0.036,0.0025,10070.911313483333,4191.986,1,0
0.495,0.955,0.9605,0.944,0.9575,0.9815,0.953,0.9715,0.9505,0.9005,0.97,0.988,0.993,0.9995,1,0.95,0.9725,0.9965,10078.71745455,31069.158586,1,1
0.5,0.57,0.655,0.395,0.515,0.63,0.295,0.405,0.155,0.07,0.045,0.045,0.0175,0.026,9,0.555,0.375,0.003,10078.70466655,106098.264332,1,0
0.495,0.055,0.1,0.12,0.13,0.09,0.13,0.145,0.07,0.12,0.035,0.0145,0.007,0.0025,2,0.045,0.12,0.0055,10070.466307166667,1186125.755302,1,0
0.495,0.115,0.06,0.055,0.045,0.07,0.055,0.0375,0.096,0.059,0.1405,0.222,0.1695,0.0155,2,0.115,0.065,0.0945,10070.520892766666,6365.099582,1,0
0.5,0.635,0.875,0.92,0.96,0.835,0.935,0.946,0.884,0.9425,0.8855,0.6885,0.9375,0.9775,0,0.535,0.92,0.9585,10071.0049431,109956.358854,1,1
0.5,0.905,0.9705,0.9765,0.978,0.973,0.979,0.984,0.9845,0.988,0.9775,0.973,0.979,0.9995,0,0.86,0.984,0.9995,10070.9534639,107430.970296,1,1
0.93,0.735,0.745,0.745,0.93,0.945,0.95,0.905,0.9565,0.974,0.9635,0.9785,0.969,0.9795,0,0.775,0.945,0.9695,10072.893972783333,176682.059996,1,1
0.51,0.21,0.225,0.23,0.545,0.595,0.735,0.345,0.55,0.515,0.255,0.395,0.06,0.0005,11,0.235,0.595,0.0305,10072.906802683334,219677.756567,1,0
0.27,0.11,0.115,0.105,0.305,0.335,0.435,0.13,0.24,0.19,0.055,0.075,0.0165,0.0005,0,0.115,0.285,0.003,10072.842976916667,110355.495632,1,0
0.125,0.095,0.09,0.095,0.125,0.13,0.12,0.155,0.16,0.17,0.21,0.25,0.18,0.0205,0,0.09,0.13,0.06,10070.3557476,4744.135886,1,0
0.07,0.0425,0.032,0.033,0.093,0.0945,0.1065,0.0305,0.041,0.026,0.0085,0.006,0.0025,0.0005,0,0.043,0.0765,0.002,10070.322605133335,21952.485894,1,0
0.5,0.1,0.13,0.065,0.065,0.08,0.145,0.155,0.165,0.12,0.22,0.225,0.14,0.055,1,0.095,0.155,0.22,10070.82655005,12234.798345,1,0
0.5,0.08,0.0215,0.0225,0.0175,0.016,0.0315,0.028,0.0345,0.0175,0.016,0.015,0.003,0.0005,1,0.085,0.0285,0.0005,10070.790088483334,11285.126,1,0
0.5,0.89,0.585,0.265,0.255,0.28,0.68,0.745,0.895,0.465,0.76,0.745,0.55,0.64,14,0.885,0.715,0.705,10071.2988506,241801.823078,1,0
0.5,0.345,0.08,0.0415,0.0365,0.0345,0.1045,0.096,0.143,0.028,0.038,0.0225,0.002,0.0005,1,0.365,0.103,0.001,10071.241926416667,25905.248147,1,0
0.5,0.0555,0.088,0.0785,0.149,0.0955,0.0785,0.1045,0.1525,0.169,0.114,0.186,0.302,0.5905,2,0.05,0.098,0.316,10063.34752485,49218.175123,1,0
0.5,0.08,0.04,0.045,0.014,0.019,0.016,0.014,0.0195,0.018,0.0185,0.0125,0.002,0.0015,1,0.085,0.014,0.0015,10062.889020516666,1201.108145,1,0
0.5,0.695,0.515,0.545,0.15,0.08,0.06,0.06,0.251,0.1565,0.361,0.037,0.0475,0.0145,3,0.755,0.056,0.04,10078.219834149999,114163.924859,1,0
0.5,0.445,0.26,0.27,0.05,0.0335,0.0275,0.0345,0.0915,0.04,0.075,0.0165,0.0085,0.002,1,0.515,0.034,0.0025,10078.088442016666,1129572.343669,1,0
0.5,0.235,0.11,0.11,0.022,0.1555,0.016,0.0195,0.038,0.027,0.025,0.0025,0.0025,0.0005,1,0.295,0.019,0.002,10077.865986066667,76359.722384,1,0
0.12,0.15,0.08,0.12,0.17,0.145,0.695,0.835,0.885,0.875,0.395,0.495,0.135,0.9795,5,0.13,0.85,0.785,10069.796825583333,95280.872145,1,1
0.095,0.09,0.115,0.1,0.065,0.075,0.068,0.0215,0.019,0.015,0.0215,0.019,0.0205,0.0005,0,0.1,0.025,0.015,10069.704220866666,11801.79557,1,0
0.72,0.675,0.775,0.68,0.57,0.59,0.125,0.06,0.045,0.034,0.1965,0.1185,0.178,0.0005,3,0.71,0.065,0.041,10078.095178333335,50295.500187,1,0
0.215,0.155,0.205,0.11,0.05,0.04,0.033,0.0225,0.0155,0.013,0.008,0.0055,0.004,0.0005,0,0.185,0.0235,0.0025,10078.057037133334,493383.725218,1,0
0.5,0.065,0.12,0.125,0.13,0.16,0.2,0.225,0.034,0.028,0.014,0.016,0.143,0.0385,1,0.07,0.21,0.0855,10065.964856300001,15893.541183,1,0
0.495,0.1,0.06,0.055,0.07,0.022,0.0195,0.016,0.018,0.017,0.002,0.0015,0.002,0.009,2,0.095,0.02,0.0015,10065.868052883334,38848.409368,1,0
0.5,0.815,0.595,0.585,0.68,0.38,0.42,0.35,0.045,0.028,0.017,0.015,0.0775,0.003,3,0.795,0.405,0.0445,10076.020410166668,47399.928606,1,0
0.5,0.93,0.815,0.805,0.885,0.715,0.78,0.765,0.083,0.0535,0.0305,0.0385,0.4835,0.031,1,0.925,0.785,0.3855,10075.857139666668,119232.629094,1,0
0.495,0.175,0.15,0.0385,0.032,0.014,0.0125,0.009,0.003,0.01,0.0025,0.0025,0.005,0.0005,0,0.105,0.0105,0.0025,10076.392216666667,72239.50831,1,0
0.64,0.645,0.645,0.63,0.685,0.71,0.69,0.72,0.835,0.87,0.9245,0.939,0.9995,0.9995,0,0.645,0.705,0.9995,10076.287666666667,11522.38467,1,1
0.495,0.155,0.075,0.07,0.06,0.155,0.21,0.15,0.08,0.14,0.27,0.155,0.14,0.9995,3,0.155,0.13,0.125,10076.2279,87717.169424,1,1
0.07,0.06,0.0245,0.029,0.061,0.057,0.04,0.1175,0.0895,0.1,0.0595,0.04,0.0015,0.3515,0,0.065,0.064,0.01,10066.386531716667,37355.784714,1,0
0.105,0.11,0.125,0.13,0.11,0.11,0.14,0.055,0.061,0.0295,0.017,0.015,0.0065,0.001,0,0.11,0.105,0.0065,10066.200630033332,54427.538375,1,0
0.935,0.945,0.9735,0.975,0.945,0.954,0.9715,0.9465,0.9725,0.981,0.1855,0.1285,0.025,0.4055,1,0.935,0.9665,0.0465,10076.787651466668,159802.823752,1,1
0.51,0.535,0.755,0.71,0.48,0.46,0.545,0.215,0.245,0.14,0.016,0.0145,0.003,0.0385,9,0.5,0.4,0.003,10076.657695966665,74193.23002,1,0
0.085,0.09,0.195,0.17,0.05,0.0395,0.029,0.017,0.0065,0.004,0.0045,0.0025,0.002,0.0005,0,0.08,0.0265,0.002,10076.63393455,117493.465849,1,0
0.5,0.925,0.91,0.935,0.972,0.9685,0.941,0.951,0.975,0.938,0.9635,0.979,0.0245,0.003,1,0.885,0.9195,0.152,10072.437576283333,45497.519507,1,0
0.495,0.165,0.125,0.145,0.28,0.215,0.065,0.042,0.042,0.012,0.0065,0.0025,0.0005,0.0005,0,0.1,0.035,0.001,10072.3665069,1680409.195274,1,0
0.495,0.075,0.085,0.08,0.033,0.0425,0.0935,0.0945,0.0685,0.169,0.18,0.239,0.4945,0.004,2,0.1,0.1065,0.3545,10069.322764833334,56510.559707,1,0
0.495,0.1,0.1,0.1,0.135,0.12,0.08,0.075,0.095,0.021,0.019,0.012,0.003,0.0005,2,0.085,0.07,0.0025,10069.17112845,178433.56084,1,0
0.5,0.105,0.115,0.065,0.085,0.055,0.02,0.0205,0.041,0.033,0.0125,0.0275,0.0325,0.002,1,0.105,0.0225,0.0105,10067.2187265,59334.988228,1,1
0.5,0.11,0.095,0.12,0.115,0.135,0.15,0.175,0.14,0.135,0.165,0.0675,0.0345,0.0025,1,0.105,0.15,0.013,10067.116653033334,3623.726665,1,0
0.5,0.895,0.895,0.94,0.915,0.945,0.979,0.981,0.9595,0.969,0.9865,0.975,0.987,0.987,0,0.895,0.978,0.982,10077.22950125,141815.325061,1,0
0.495,0.395,0.315,0.435,0.35,0.44,0.64,0.635,0.32,0.275,0.295,0.075,0.0205,0.019,6,0.395,0.64,0.0085,10076.287359216667,50868.920161,1,0
0.745,0.9645,0.967,0.9725,0.972,0.985,0.9795,0.9855,0.9895,0.991,0.989,0.994,0.9955,0.9945,0,0.955,0.984,0.9945,10077.375240566667,303521.517226,1,1
0.495,0.605,0.65,0.65,0.6,0.78,0.675,0.785,0.915,0.93,0.69,0.73,0.795,0.055,4,0.59,0.72,0.675,10077.156118766667,29300.87709,1,0
0.495,0.09,0.105,0.095,0.065,0.13,0.065,0.095,0.18,0.16,0.0155,0.012,0.0105,0.0005,0,0.1,0.075,0.0095,10070.037894750001,30589.117027,1,0
0.5,0.12,0.12,0.125,0.14,0.1,0.135,0.105,0.045,0.04,0.176,0.1755,0.194,0.9295,4,0.12,0.125,0.287,10069.32096965,43882.903575,1,1
0.495,0.06,0.07,0.07,0.05,0.085,0.055,0.08,0.135,0.15,0.0255,0.015,0.03,0.005,0,0.06,0.065,0.03,10069.211886500001,23263.952,1,0
0.115,0.095,0.065,0.07,0.0505,0.0585,0.049,0.0325,0.033,0.0155,0.01,0.009,0.033,0.0305,0,0.11,0.0365,0.0335,10069.784834883332,0.0,1,0
0.07,0.085,0.12,0.115,0.125,0.13,0.13,0.155,0.145,0.185,0.245,0.23,0.1,0.028,0,0.075,0.15,0.085,10069.611915383333,10613.806891,1,0
0.855,0.905,0.945,0.9495,0.9605,0.966,0.975,0.979,0.976,0.9825,0.9935,0.9985,0.9915,0.9995,0,0.87,0.979,0.9975,10070.991036333335,42883.331505,1,1
0.27,0.355,0.49,0.455,0.53,0.485,0.47,0.585,0.51,0.655,0.87,0.955,0.45,0.095,22,0.3,0.55,0.295,10070.916096533332,105009.164751,1,0
0.5,0.05,0.0215,0.014,0.012,0.011,0.0105,0.01,0.0095,0.0095,0.009,0.009,0.002,0.002,1,0.055,0.01,0.002,10056.781737183333,172.715,1,0
0.5,0.125,0.14,0.125,0.095,0.11,0.08,0.09,0.08,0.0445,0.062,0.02,0.008,0.008,1,0.12,0.095,0.008,10056.68710575,140.909089,1,0
0.495,0.885,0.954,0.9775,0.9875,0.9885,0.9885,0.9895,0.99,0.9995,0.9915,0.9915,0.9975,0.9995,1,0.88,0.989,0.9975,10065.277921066667,44.0,1,1
0.5,0.9625,0.9845,0.9885,0.9895,0.9895,0.9905,0.9905,0.991,0.9995,0.9915,0.9915,0.9975,0.9995,0,0.9575,0.991,0.9975,10065.234231783334,621743.992,1,1
0.5,0.125,0.26,0.365,0.5,0.44,0.55,0.485,0.47,0.61,0.5,0.735,0.974,0.9855,16,0.13,0.475,0.9855,10065.205362033334,84007.531324,1,1
0.13,0.125,0.145,0.145,0.08,0.055,0.0265,0.036,0.013,0.012,0.011,0.0115,0.0095,0.005,0,0.115,0.0155,0.0105,10069.21903215,71.929,1,0
0.065,0.055,0.04,0.04,0.105,0.13,0.165,0.205,0.24,0.245,0.25,0.325,0.38,0.075,2,0.065,0.19,0.51,10069.137052600001,16783.151434,1,0
0.67,0.745,0.67,0.695,0.91,0.945,0.973,0.9865,0.987,0.9895,0.991,0.9915,0.9715,0.9995,0,0.76,0.981,0.992,10078.416674966666,2274.49,1,1
0.14,0.15,0.1,0.095,0.26,0.325,0.45,0.435,0.57,0.455,0.4,0.605,0.63,0.99,13,0.175,0.51,0.8,10078.213690633333,63214.813855,1,1
0.495,0.18,0.195,0.12,0.105,0.23,0.265,0.33,0.525,0.465,0.57,0.305,0.195,0.9995,13,0.13,0.375,0.175,10077.8424,262852.963497,1,1
0.495,0.62,0.505,0.665,0.54,0.105,0.0255,0.013,0.0085,0.007,0.0095,0.0065,0.003,0.0005,6,0.425,0.023,0.0015,10077.78505,174220.17578,1,0
0.495,0.046,0.026,0.028,0.0205,0.0085,0.003,0.0105,0.003,0.0015,0.001,0.001,0.001,0.0005,0,0.065,0.0115,0.0005,10077.725633333332,8635.368915,1,0
0.495,0.09,0.075,0.055,0.07,0.05,0.019,0.01,0.009,0.03,0.0115,0.01,0.0025,0.03,2,0.08,0.014,0.03,10069.937709849999,32.0,1,0
0.495,0.095,0.11,0.125,0.12,0.135,0.18,0.205,0.185,0.18,0.12,0.145,0.05,0.008,2,0.095,0.195,0.009,10069.847017166667,4657.629189,1,0
0.495,0.91,0.945,0.9645,0.9575,0.967,0.9835,0.989,0.9895,0.991,0.9885,0.9895,0.9975,0.995,1,0.915,0.9845,0.9695,10070.963150616668,202.727266,1,1
0.5,0.4,0.44,0.48,0.44,0.655,0.695,0.855,0.935,0.9805,0.984,0.9885,0.969,0.995,4,0.42,0.815,0.9895,10070.7895245,6111.803599,1,1
0.065,0.065,0.06,0.0395,0.0175,0.0155,0.0155,0.011,0.01,0.0095,0.012,0.0105,0.029,0.0005,2,0.065,0.0175,0.03,10069.337296233334,1100.872,1,0
0.115,0.115,0.125,0.14,0.16,0.19,0.19,0.145,0.145,0.085,0.0205,0.0115,0.03,0.0005,2,0.115,0.21,0.0095,10069.269113833334,531.0,1,0
0.94,0.95,0.9585,0.9755,0.985,0.988,0.9875,0.99,0.992,0.9965,0.9955,0.9955,0.971,0.9995,0,0.95,0.989,0.9765,10074.444294516667,45.141217,1,1
0.525,0.535,0.575,0.64,0.77,0.78,0.77,0.94,0.955,0.983,0.9875,0.988,0.9905,0.9995,2,0.535,0.75,0.9905,10074.358662050001,2880.548922,1,1
0.075,0.07,0.075,0.09,0.12,0.08,0.065,0.195,0.15,0.235,0.42,0.43,0.365,0.045,10,0.075,0.05,0.555,10074.240530599998,241595.409952,1,0
0.12,0.105,0.13,0.115,0.11,0.085,0.045,0.06,0.06,0.023,0.01,0.0085,0.0025,0.0025,0,0.105,0.045,0.0025,10069.612909816668,131.0,1,0
0.07,0.07,0.065,0.07,0.08,0.105,0.14,0.095,0.11,0.225,0.265,0.285,0.175,0.028,0,0.075,0.135,0.145,10069.56225465,17665.592797,1,0
0.82,0.855,0.845,0.86,0.89,0.94,0.979,0.976,0.982,0.988,0.99,0.991,0.9975,0.9995,0,0.855,0.9775,0.9975,10070.65888315,3592.114219,1,1
0.24,0.28,0.25,0.25,0.28,0.38,0.53,0.37,0.37,0.735,0.83,0.935,0.9705,0.9995,3,0.29,0.49,0.9915,10070.575354616665,16731.465424,1,1
0.11,0.105,0.075,0.08,0.1,0.09,0.065,0.0295,0.015,0.014,0.013,0.009,0.0275,0.002,0,0.105,0.05,0.0025,10068.2284044,1577.0,1,0
0.075,0.07,0.09,0.095,0.095,0.095,0.11,0.16,0.215,0.215,0.2,0.325,0.155,0.016,0,0.06,0.14,0.085,10068.129638,14940.003359,1,0
0.85,0.855,0.935,0.935,0.935,0.94,0.9605,0.986,0.9905,0.991,0.991,0.9975,0.9995,0.999,0,0.855,0.9795,0.999,10069.191431149999,2740.111,1,1
0.28,0.29,0.42,0.38,0.36,0.35,0.42,0.57,0.76,0.67,0.63,0.95,0.9945,0.99,1,0.3,0.54,0.9945,10069.1067481,65734.967076,1,1
0.5,0.145,0.225,0.2,0.11,0.115,0.08,0.08,0.0245,0.015,0.01,0.0095,0.031,0.0005,3,0.085,0.085,0.5,10069.927975333332,268.396665,1,0
0.5,0.115,0.085,0.09,0.12,0.125,0.14,0.14,0.19,0.23,0.26,0.35,0.455,0.0095,3,0.14,0.135,0.525,10069.80685125,13817.545784,1,0
0.5,0.0495,0.032,0.025,0.03,0.019,0.014,0.0115,0.024,0.0125,0.0125,0.01,0.03,0.0115,1,0.075,0.014,0.499,10069.738268233334,72.0,1,0
0.5,0.0495,0.0305,0.026,0.0305,0.0195,0.0145,0.0135,0.024,0.0125,0.013,0.008,0.0095,0.0295,1,0.075,0.0145,0.01,10070.9155952,82717.512133,1,0
0.5,0.55,0.4,0.395,0.55,0.48,0.54,0.51,0.745,0.75,0.925,0.915,0.984,0.997,8,0.68,0.525,0.9785,10070.859185450001,45028.630282,1,1
0.5,0.07,0.06,0.145,0.21,0.15,0.075,0.07,0.045,0.045,0.0145,0.0105,0.03,0.0305,1,0.065,0.06,0.0025,10069.257445083333,2179.263441,1,0
0.5,0.13,0.155,0.115,0.09,0.11,0.14,0.145,0.165,0.16,0.255,0.3,0.37,0.95,2,0.13,0.145,0.485,10069.14265815,32460.113588,1,1
0.5,0.81,0.845,0.66,0.53,0.57,0.73,0.7,0.76,0.73,0.925,0.947,0.9695,0.969,8,0.82,0.73,0.969,10070.605240533334,4718.425246,1,1
0.5,0.25,0.225,0.09,0.063,0.0365,0.0545,0.0455,0.032,0.0145,0.053,0.0105,0.026,0.0035,1,0.24,0.049,0.015,10070.500748483335,21366.936938,1,0
0.07,0.05,0.045,0.04,0.038,0.069,0.123,0.123,0.0515,0.0585,0.038,0.0505,0.0315,0.0005,0,0.04,0.101,0.0125,10069.436762216666,9271.403832,1,0
0.115,0.125,0.125,0.135,0.155,0.1,0.05,0.04,0.097,0.0635,0.058,0.0245,0.148,0.1745,2,0.125,0.08,0.069,10069.3334306,15057.912955,1,0
0.93,0.935,0.935,0.94,0.94,0.885,0.815,0.88,0.9615,0.975,0.9825,0.9785,0.987,0.97,0,0.935,0.885,0.987,10078.058059983334,20659.149545,1,1
0.455,0.49,0.44,0.48,0.445,0.24,0.105,0.065,0.15,0.085,0.075,0.031,0.1565,0.3535,6,0.5,0.15,0.0725,10078.022752616667,82530.255048,1,0
0.07,0.07,0.05,0.055,0.0335,0.017,0.014,0.011,0.0105,0.0045,0.0055,0.005,0.005,0.005,0,0.07,0.013,0.005,10077.918358816667,869.433,1,0
0.505,0.19,0.215,0.13,0.13,0.095,0.0285,0.017,0.0105,0.008,0.005,0.0035,0.0015,0.0005,1,0.235,0.025,0.0015,10077.557,20540.279079,1,0
0.505,0.57,0.575,0.515,0.52,0.47,0.515,0.5,0.48,0.47,0.505,0.46,0.545,0.9995,16,0.56,0.575,0.645,10077.51285,44462.911708,1,1
0.065,0.21,0.28,0.225,0.26,0.2,0.235,0.425,0.715,0.72,0.385,0.345,0.505,0.455,12,0.135,0.36,0.43,10070.1467557,58027.207302,1,0
0.135,0.105,0.075,0.09,0.075,0.08,0.07,0.0255,0.0135,0.011,0.0135,0.013,0.03,0.493,0,0.125,0.04,0.0305,10070.068605916666,2500.0,1,0
0.085,0.02,0.0265,0.029,0.019,0.0165,0.012,0.0115,0.011,0.0105,0.011,0.005,0.0025,0.0005,0,0.055,0.0115,0.0025,10070.0006697,418.994,1,0
0.6,0.33,0.21,0.255,0.175,0.17,0.12,0.04,0.023,0.0105,0.0185,0.036,0.0105,0.001,1,0.435,0.07,0.0015,10077.938703383332,27499.041804,1,0
0.085,0.035,0.027,0.029,0.019,0.0165,0.012,0.0115,0.005,0.005,0.002,0.0015,0.0025,0.0005,0,0.055,0.0115,0.0025,10077.785550566668,699.967,1,0
0.095,0.09,0.09,0.145,0.14,0.165,0.17,0.19,0.18,0.085,0.039,0.0215,0.032,0.031,0,0.085,0.16,0.0255,10070.096615916667,84.889011,1,0
0.095,0.085,0.095,0.025,0.017,0.0225,0.0175,0.0165,0.015,0.011,0.0135,0.0125,0.0305,0.0025,0,0.085,0.0175,0.0025,10070.023451933333,396.0,1,0
0.865,0.835,0.865,0.525,0.41,0.525,0.475,0.47,0.405,0.16,0.062,0.029,0.034,0.0005,9,0.845,0.41,0.0335,10078.360793716665,15408.952182,1,0
0.245,0.23,0.245,0.04,0.04,0.044,0.026,0.0185,0.017,0.0125,0.0145,0.0015,0.0015,0.0025,0,0.245,0.021,0.0025,10078.2200549,10042.317783,1,0
0.5,0.9,0.915,0.915,0.93,0.655,0.665,0.685,0.675,0.7,0.59,0.215,0.0905,0.0355,3,0.9,0.655,0.053,10071.038463083332,43793.098056,1,0
0.5,0.35,0.33,0.34,0.345,0.095,0.065,0.0405,0.033,0.021,0.0175,0.0095,0.009,0.0075,1,0.33,0.0585,0.0075,10071.042686066667,25307.333175,1,0
0.5,0.06,0.05,0.05,0.04,0.235,0.2,0.165,0.16,0.15,0.2,0.54,0.65,0.965,6,0.06,0.21,0.81,10069.8990641,24333.139154,1,1
0.5,0.135,0.145,0.145,0.155,0.095,0.08,0.09,0.06,0.0695,0.0385,0.013,0.0305,0.031,1,0.15,0.08,0.031,10069.7544342,3232.725886,1,0
0.5,0.085,0.075,0.07,0.065,0.0265,0.016,0.015,0.022,0.011,0.005,0.0105,0.03,0.0005,1,0.09,0.0155,0.0305,10069.651630383334,911.623,1,0
0.5,0.125,0.145,0.145,0.16,0.195,0.185,0.08,0.08,0.075,0.055,0.0335,0.02,0.0005,1,0.105,0.135,0.005,10068.760764100001,5142.294204,1,0
0.5,0.05,0.033,0.0345,0.031,0.0185,0.0195,0.0135,0.012,0.006,0.0105,0.0095,0.008,0.0085,1,0.065,0.0135,0.0085,10068.628821233335,441.977833,1,0
0.5,0.695,0.58,0.62,0.64,0.655,0.65,0.18,0.16,0.115,0.075,0.044,0.0135,0.001,1,0.755,0.355,0.0015,10073.669919916667,18236.151648,1,0
0.5,0.135,0.07,0.08,0.05,0.04,0.037,0.013,0.0125,0.011,0.01,0.01,0.0025,0.0025,1,0.195,0.0165,0.0025,10073.53462425,900.1845,1,0
0.065,0.05,0.0375,0.0475,0.0665,0.0505,0.0355,0.0425,0.041,0.2205,0.253,0.306,0.402,0.603,3,0.05,0.0425,0.491,10068.924717516667,68648.948655,1,1
0.09,0.125,0.14,0.125,0.105,0.125,0.135,0.135,0.13,0.0155,0.0105,0.009,0.0105,0.01,2,0.115,0.14,0.01,10068.810834133334,14186.013544,1,0
0.865,0.925,0.955,0.93,0.939,0.932,0.9665,0.9665,0.968,0.7055,0.7475,0.8045,0.8725,0.9675,2,0.925,0.9625,0.899,10078.462984533333,31455.779959,1,1
0.375,0.485,0.53,0.395,0.26,0.275,0.29,0.24,0.22,0.0455,0.0155,0.0095,0.0085,0.0085,10,0.485,0.26,0.0085,10078.329199983333,14822.391833,1,0
0.5,0.075,0.08,0.0385,0.021,0.0235,0.02,0.0175,0.013,0.0125,0.0195,0.084,0.036,0.016,1,0.08,0.023,0.0355,10072.63076405,6014.72812,1,0
0.5,0.115,0.125,0.13,0.15,0.185,0.22,0.245,0.26,0.285,0.195,0.06,0.017,0.038,3,0.115,0.225,0.0395,10072.559711,29823.520876,1,0
0.5,0.155,0.11,0.155,0.12,0.065,0.0235,0.015,0.0145,0.0125,0.0105,0.0085,0.001,0.001,1,0.155,0.025,0.001,10072.411642033334,264.0,1,0
0.585,0.635,0.57,0.725,0.795,0.75,0.665,0.665,0.74,0.685,0.345,0.07,0.0255,0.0045,1,0.635,0.65,0.0285,10075.570794983334,29329.117436,1,0
0.125,0.155,0.11,0.15,0.12,0.065,0.0245,0.0155,0.0155,0.013,0.013,0.037,0.0025,0.0005,0,0.155,0.0255,0.0025,10075.405376316667,299.22659,1,0
0.085,0.08,0.095,0.08,0.085,0.055,0.0375,0.067,0.075,0.505,0.0355,0.043,0.286,0.365,10,0.085,0.0525,0.496,10072.759145299999,30086.243899,1,0
0.085,0.095,0.085,0.095,0.095,0.125,0.14,0.11,0.05,0.495,0.031,0.014,0.0315,0.031,6,0.085,0.11,0.4945,10072.6813004,4202.986,1,0
0.805,0.835,0.815,0.87,0.875,0.935,0.9635,0.954,0.958,0.97,0.9875,0.9865,0.933,0.365,3,0.825,0.9525,0.519,10075.664313933334,40902.891959,1,0
0.295,0.325,0.25,0.32,0.27,0.355,0.295,0.16,0.055,0.033,0.029,0.012,0.0115,0.01,0,0.305,0.215,0.0205,10075.542871633334,24328.087538,1,0
0.5,0.095,0.08,0.05,0.07,0.031,0.0305,0.0165,0.012,0.0065,0.005,0.002,0.002,0.0005,1,0.125,0.0165,0.0015,10077.38905,11933.115903,1,0
0.5,0.575,0.59,0.48,0.61,0.43,0.62,0.555,0.265,0.08,0.017,0.01,0.0095,0.0025,11,0.62,0.595,0.0095,10077.288316666667,66020.320763,1,0
0.5,0.235,0.23,0.225,0.145,0.12,0.027,0.016,0.0215,0.019,0.01,0.0075,0.006,0.004,3,0.26,0.019,0.005,10077.036316666667,23231.465507,1,0
0.5,0.05,0.085,0.5,0.09,0.09,0.075,0.0355,0.023,0.0645,0.0335,0.0385,0.0365,0.0365,7,0.065,0.0375,0.0365,10072.54821925,169.999,1,0
0.5,0.105,0.085,0.535,0.09,0.09,0.1,0.13,0.14,0.09,0.0215,0.033,0.0335,0.0005,5,0.095,0.135,0.0005,10072.413039300001,12990.02665,1,0
0.5,0.91,0.825,0.835,0.85,0.87,0.925,0.9695,0.9835,0.979,0.986,0.985,0.9825,0.9995,0,0.885,0.9605,0.983,10078.508292999999,287.291761,1,1
0.5,0.465,0.285,0.285,0.235,0.25,0.225,0.285,0.24,0.08,0.0215,0.0145,0.0345,0.0005,3,0.395,0.345,0.0005,10078.4897898,28563.658692,1,0
0.5,0.075,0.09,0.09,0.155,0.125,0.115,0.105,0.036,0.019,0.016,0.0135,0.013,0.0135,3,0.08,0.115,0.0135,10072.388479283334,279.0,1,0
0.5,0.12,0.12,0.12,0.105,0.125,0.135,0.13,0.18,0.215,0.285,0.16,0.015,0.031,1,0.12,0.125,0.032,10072.272574283334,10144.506421,1,0
0.5,0.12,0.08,0.085,0.0425,0.0395,0.0315,0.028,0.0255,0.0135,0.014,0.0045,0.0025,0.0045,5,0.12,0.03,0.0025,10072.152910083332,280.0,1,0
0.5,0.59,0.5,0.535,0.365,0.375,0.355,0.33,0.47,0.435,0.535,0.215,0.0195,0.0005,13,0.58,0.34,0.0185,10078.307772866667,32093.146569,1,0
0.5,0.12,0.08,0.09,0.0425,0.4995,0.0315,0.029,0.0255,0.042,0.016,0.0065,0.001,0.002,3,0.12,0.03,0.001,10078.225863583333,1354.902058,1,0
0.5,0.065,0.095,0.07,0.09,0.12,0.115,0.135,0.14,0.15,0.09,0.065,0.038,0.037,1,0.06,0.49,0.0515,10071.91058475,396.756511,1,0
0.5,0.105,0.085,0.095,0.095,0.07,0.07,0.06,0.0565,0.0465,0.0695,0.04,0.0435,0.0005,1,0.095,0.49,0.041,10071.792736666666,516.954,1,0
0.9,0.935,0.93,0.94,0.93,0.86,0.885,0.88,0.915,0.905,0.9775,0.9795,0.984,0.9845,0,0.925,0.91,0.985,10074.9333439,34466.574273,1,1
0.5,0.525,0.43,0.45,0.385,0.265,0.265,0.22,0.205,0.175,0.245,0.165,0.14,0.01,3,0.505,0.255,0.055,10074.854489683332,14819.158044,1,0
0.5,0.04,0.0255,0.0155,0.019,0.015,0.0165,0.0275,0.0235,0.019,0.0155,0.0155,0.0025,0.0005,1,0.05,0.015,0.0025,10072.415814883334,647.162289,1,0
0.5,0.125,0.125,0.125,0.14,0.15,0.155,0.155,0.185,0.195,0.225,0.22,0.33,0.55,6,0.115,0.16,0.46,10072.343812333333,28794.903354,1,1
0.5,0.967,0.9775,0.982,0.982,0.984,0.985,0.979,0.986,0.9885,0.989,0.9965,0.9975,0.9995,0,0.96,0.984,0.9975,10077.929257200001,252.792665,1,1
0.5,0.695,0.77,0.855,0.8,0.84,0.83,0.7,0.715,0.7,0.75,0.725,0.995,0.9705,0,0.635,0.84,0.9805,10077.950442533333,26898.889689,1,1
0.5,0.165,0.2,0.27,0.19,0.195,0.15,0.09,0.045,0.045,0.037,0.039,0.0105,0.004,1,0.145,0.16,0.005,10077.861955116667,11669.787906,1,0
0.5,0.125,0.14,0.11,0.08,0.05,0.065,0.06,0.07,0.125,0.135,0.135,0.49,0.05,3,0.13,0.065,0.06,10071.913166666667,219.330848,1,0
0.5,0.055,0.05,0.075,0.11,0.13,0.12,0.125,0.115,0.05,0.0265,0.019,0.4905,0.037,1,0.04,0.12,0.04,10071.848683333334,1569.144221,1,0
0.5,0.755,0.79,0.88,0.945,0.968,0.971,0.975,0.972,0.957,0.9645,0.9795,0.9805,0.9975,2,0.715,0.9735,0.986,10078.5731822,3035.791322,1,1
0.5,0.21,0.18,0.295,0.44,0.545,0.445,0.435,0.365,0.185,0.125,0.06,0.0325,0.0055,5,0.175,0.44,0.0415,10078.3602263,59074.339237,1,0
0.5,0.065,0.053,0.0355,0.029,0.015,0.0125,0.011,0.011,0.0105,0.01,0.0095,0.4985,0.0045,1,0.065,0.011,0.0015,10072.69145,505.01,1,0
0.5,0.115,0.115,0.125,0.16,0.15,0.115,0.075,0.115,0.135,0.155,0.285,0.505,0.93,4,0.11,0.07,0.51,10072.5146,19275.014059,1,1
0.5,0.885,0.93,0.96,0.969,0.981,0.9885,0.989,0.99,0.99,0.9905,0.997,0.9985,0.9995,0,0.875,0.9875,0.9985,10075.660170216666,274.746603,1,1
0.5,0.4,0.43,0.555,0.555,0.69,0.87,0.945,0.925,0.935,0.905,0.845,0.545,0.9555,8,0.38,0.94,0.545,10075.525931616667,33308.850747,1,1
0.5,0.11,0.1,0.09,0.0605,0.028,0.0205,0.011,0.0095,0.0045,0.0045,0.0085,0.4995,0.499,1,0.115,0.01,0.012,10072.546,5453.823216,1,0
0.5,0.12,0.12,0.135,0.145,0.155,0.185,0.135,0.0355,0.022,0.027,0.0265,0.0225,0.0005,1,0.12,0.155,0.0195,10072.490883333334,19455.112149,1,0
0.5,0.09,0.065,0.07,0.06,0.075,0.045,0.09,0.275,0.31,0.17,0.07,0.025,0.0015,1,0.095,0.095,0.02,10072.390233333334,78656.614627,1,0
0.5,0.53,0.49,0.53,0.54,0.72,0.74,0.885,0.9775,0.985,0.982,0.984,0.9865,0.988,4,0.52,0.85,0.996,10075.617422000001,26369.255968,1,1
0.5,0.09,0.065,0.07,0.055,0.08,0.0515,0.084,0.2715,0.292,0.1665,0.0735,0.0335,0.0085,1,0.095,0.0885,0.027,10075.4849248,54815.347431,1,0
0.5,0.725,0.61,0.69,0.58,0.48,0.265,0.085,0.045,0.017,0.015,0.0105,0.008,0.0025,3,0.685,0.23,0.0065,9707.902681783333,105641.665931,1,0
0.5,0.18,0.17,0.115,0.09,0.075,0.1,0.165,0.115,0.495,0.35,0.22,0.0415,0.0165,7,0.195,0.065,0.0255,9707.898451866668,165052.794323,1,0
0.5,0.07,0.045,0.045,0.0275,0.0305,0.0155,0.011,0.01,0.003,0.0035,0.01,0.0015,0.0005,1,0.065,0.012,0.0015,9707.842079816668,18724.062024,1,0
0.605,0.625,0.67,0.715,0.645,0.71,0.75,0.87,0.94,0.984,0.9845,0.9845,0.987,0.9985,0,0.62,0.825,0.987,10078.71338245,20497.086878,1,1
0.145,0.145,0.14,0.155,0.085,0.08,0.07,0.07,0.07,0.11,0.52,0.605,0.345,0.03,2,0.15,0.085,0.245,10078.642503566667,92562.493802,1,0
0.5,0.09,0.09,0.095,0.095,0.075,0.09,0.07,0.059,0.0205,0.017,0.014,0.017,0.0355,1,0.09,0.08,0.0355,10072.75265,1100.0,1,0
0.5,0.08,0.08,0.08,0.09,0.105,0.1,0.11,0.12,0.17,0.255,0.36,0.095,0.005,1,0.08,0.105,0.0405,10072.697783333333,12176.5751,1,0
0.5,0.79,0.79,0.81,0.84,0.905,0.89,0.925,0.9515,0.982,0.986,0.9885,0.9985,0.9995,0,0.785,0.9,0.9985,10075.527030733332,374.109143,1,1
0.5,0.71,0.705,0.73,0.75,0.835,0.8,0.865,0.89,0.963,0.9825,0.9875,0.998,0.998,0,0.695,0.825,0.998,10075.591302933333,18095.460255,1,1
0.5,0.815,0.795,0.815,0.84,0.88,0.885,0.925,0.905,0.966,0.987,0.9905,0.989,0.9995,0,0.81,0.9,0.9975,9824.594017466667,23359.220944,1,1
0.5,0.88,0.87,0.89,0.905,0.925,0.94,0.96,0.9535,0.9795,0.9865,0.9895,0.997,0.9995,0,0.87,0.955,0.9645,9824.241031466667,17096.688184,1,1
0.5,0.115,0.14,0.11,0.105,0.075,0.06,0.03,0.0355,0.022,0.0155,0.01,0.012,0.0005,1,0.11,0.055,0.004,9874.9885562,3006.607791,1,0
0.5,0.1,0.12,0.11,0.12,0.13,0.145,0.16,0.17,0.175,0.2,0.1,0.027,0.011,1,0.1,0.15,0.0245,9874.9246984,17350.48147,1,0
0.5,0.085,0.06,0.065,0.055,0.055,0.0385,0.031,0.02,0.0215,0.0165,0.0145,0.016,0.0125,1,0.095,0.035,0.0185,9874.723796566666,2600.10778,1,0
0.5,0.225,0.12,0.195,0.095,0.07,0.05,0.055,0.0395,0.0325,0.0145,0.0115,0.0045,0.003,1,0.18,0.055,0.0025,9714.0816911,13860.521956,1,0
0.5,0.305,0.19,0.285,0.16,0.13,0.115,0.115,0.09,0.075,0.025,0.022,0.009,0.013,1,0.26,0.11,0.0085,9713.986195183334,24336.363253,1,0
0.5,0.065,0.075,0.06,0.085,0.095,0.11,0.095,0.095,0.075,0.075,0.022,0.012,0.0235,1,0.065,0.095,0.038,9781.647134566667,8749.083085,1,0
0.5,0.1,0.115,0.105,0.135,0.14,0.155,0.165,0.165,0.19,0.24,0.235,0.33,0.005,1,0.095,0.15,0.36,9781.59838035,80614.975223,1,0
0.5,0.115,0.125,0.12,0.11,0.12,0.155,0.115,0.2,0.225,0.25,0.275,0.34,0.04,1,0.115,0.145,0.42,9771.706379483334,51541.468294,1,0
0.5,0.085,0.1,0.1,0.075,0.08,0.12,0.065,0.14,0.16,0.16,0.15,0.11,0.0235,1,0.08,0.12,0.1,9771.719958533333,9720.239902,1,0
0.5,0.865,0.825,0.865,0.92,0.915,0.895,0.94,0.9325,0.9535,0.961,0.9895,0.985,0.986,0,0.845,0.89,0.985,9877.161856766666,165623.763554,1,1
0.5,0.905,0.89,0.915,0.95,0.95,0.945,0.975,0.9745,0.9755,0.9795,0.9875,0.991,0.991,0,0.9,0.94,0.991,9876.524370950001,98963.424064,1,1
0.5,0.036,0.0345,0.0225,0.0115,0.034,0.008,0.008,0.01,0.003,0.003,0.003,0.0025,0.0005,1,0.0445,0.0095,0.002,9619.889690066666,21239.546596,1,0
0.5,0.15,0.11,0.13,0.09,0.0405,0.0445,0.073,0.0165,0.015,0.0105,0.006,0.0015,0.001,1,0.11,0.0915,0.0015,9621.1601635,51909.278126,1,0
0.5,0.745,0.66,0.73,0.6,0.345,0.41,0.6,0.225,0.44,0.435,0.355,0.21,0.0195,19,0.64,0.755,0.205,9621.472877666667,260233.739994,1,0
0.5,0.715,0.705,0.81,0.74,0.765,0.64,0.62,0.68,0.85,0.935,0.875,0.855,0.9395,0,0.715,0.765,0.885,9691.434184783335,113170.985935,1,1
0.5,0.81,0.795,0.885,0.84,0.86,0.765,0.75,0.815,0.925,0.973,0.9655,0.962,0.99,0,0.805,0.865,0.9795,9691.951221733332,73308.829447,1,1
0.5,0.07,0.085,0.05,0.05,0.065,0.09,0.075,0.075,0.07,0.018,0.029,0.026,0.0095,1,0.08,0.07,0.0195,9877.542744883334,7472.859267,1,0
0.5,0.055,0.06,0.0285,0.0305,0.039,0.064,0.0415,0.0435,0.032,0.012,0.0145,0.013,0.015,1,0.055,0.0395,0.063,9877.574528966668,4914.396222,1,0
0.5,0.09,0.145,0.225,0.215,0.14,0.165,0.065,0.08,0.0655,0.1445,0.045,0.0295,0.002,1,0.13,0.085,0.024,9934.675469966667,32175.183666,1,0
0.5,0.16,0.07,0.03,0.0245,0.022,0.0125,0.0185,0.0115,0.007,0.005,0.0065,0.005,0.0005,1,0.115,0.032,0.005,9934.44695975,486.824289,1,0
0.5,0.075,0.045,0.024,0.0175,0.0235,0.013,0.026,0.011,0.009,0.0055,0.003,0.0025,0.0005,1,0.055,0.0315,0.0025,9934.50959155,17054.027332,1,0
0.5,0.2,0.13,0.065,0.044,0.0435,0.025,0.041,0.025,0.0145,0.0065,0.0005,0.0025,0.005,1,0.16,0.054,0.0025,9989.73995,4268.269118,1,0
0.5,0.28,0.19,0.11,0.07,0.075,0.045,0.08,0.04,0.029,0.0135,0.014,0.005,0.005,1,0.23,0.115,0.0045,9990.0747,7351.634962,1,0
0.495,0.19,0.295,0.28,0.25,0.215,0.115,0.022,0.014,0.008,0.0075,0.0065,0.006,0.0005,0,0.18,0.09,0.005,9953.386343766668,31188.618743,1,0
0.5,0.435,0.51,0.6,0.62,0.625,0.44,0.24,0.245,0.255,0.185,0.495,0.18,0.005,7,0.375,0.47,0.085,10134.7403855,251073.879744,1,0
0.5,0.345,0.415,0.48,0.49,0.48,0.28,0.13,0.125,0.1,0.065,0.175,0.028,0.0005,11,0.295,0.31,0.01,10135.501159233334,125730.213559,1,0
0.5,0.32,0.365,0.56,0.565,0.315,0.435,0.165,0.095,0.029,0.0105,0.0175,0.008,0.003,9,0.56,0.215,0.007,9779.399650000001,97198.260185,1,0
0.5,0.24,0.25,0.42,0.395,0.19,0.27,0.07,0.0465,0.015,0.01,0.0025,0.003,0.058,3,0.43,0.1,0.004,9778.555086066666,75383.653419,1,0
0.5,0.19,0.23,0.22,0.195,0.205,0.14,0.16,0.275,0.28,0.225,0.37,0.09,0.005,1,0.185,0.15,0.07,10156.490178983333,42817.971047,1,0
0.5,0.125,0.135,0.155,0.245,0.065,0.0105,0.017,0.0215,0.0185,0.0075,0.0025,0.0005,0.0005,1,0.195,0.0175,0.0005,10156.291644533334,19530.292947,1,0
0.5,0.984,0.9865,0.987,0.988,0.9815,0.964,0.9635,0.9875,0.9945,0.9945,0.996,0.995,0.996,0,0.9855,0.96,0.996,10219.489344900001,51461.753178,1,1
0.5,0.18,0.195,0.195,0.0395,0.0315,0.0275,0.0265,0.0275,0.045,0.162,0.0595,0.0125,0.0035,1,0.16,0.028,0.0035,10360.408669783334,23976.91592,1,0
0.5,0.9635,0.9575,0.9655,0.9875,0.9895,0.9905,0.9925,0.982,0.991,0.988,0.9945,0.991,0.991,0,0.965,0.9905,0.9985,10407.878750833333,5692.131221,1,1
0.5,0.245,0.165,0.18,0.51,0.67,0.69,0.715,0.74,0.53,0.17,0.285,0.37,0.625,12,0.25,0.75,0.56,10408.2359425,549656.749596,1,1
0.5,0.09,0.095,0.095,0.125,0.14,0.13,0.175,0.0345,0.0355,0.0185,0.007,0.017,0.0055,1,0.1,0.14,0.0335,10114.627001983334,57258.047329,1,0
0.495,0.39,0.275,0.255,0.435,0.37,0.265,0.395,0.955,0.948,0.9795,0.99,0.9705,0.9865,1,0.455,0.305,0.9595,10246.693944133332,112376.580974,1,1
0.51,0.515,0.575,0.545,0.335,0.24,0.335,0.49,0.515,0.405,0.27,0.26,0.465,0.9995,14,0.65,0.21,0.385,9706.236299999999,54965.32048,1,1
0.51,0.165,0.23,0.575,0.335,0.17,0.175,0.19,0.175,0.0025,0.003,0.0025,0.0005,0.0025,3,0.2,0.165,0.0005,9705.288416666668,94801.925608,1,0
0.5,0.085,0.08,0.09,0.115,0.065,0.1,0.06,0.02,0.0195,0.056,0.0145,0.0065,0.4635,1,0.08,0.05,0.007,10147.73374465,138541.98439,1,1
0.5,0.295,0.23,0.255,0.3,0.115,0.14,0.06,0.0185,0.032,0.042,0.0035,0.0035,0.0975,1,0.245,0.085,0.003,10289.260199999999,318268.443408,1,0
0.5,0.095,0.085,0.105,0.065,0.07,0.075,0.1,0.1,0.025,0.0155,0.0055,0.003,0.005,1,0.105,0.07,0.0025,10151.935712,22079.928562,1,0
0.5,0.355,0.245,0.225,0.095,0.075,0.065,0.105,0.055,0.014,0.007,0.003,0.0025,0.0005,1,0.325,0.065,0.0025,10226.159266666666,60529.311686,1,0
0.5,0.725,0.56,0.16,0.085,0.075,0.11,0.095,0.0235,0.0515,0.067,0.023,0.0125,0.0165,1,0.575,0.105,0.012,9687.263866666668,183676.988464,1,0
0.5,0.105,0.065,0.035,0.0265,0.02,0.0395,0.022,0.0405,0.0335,0.0155,0.0045,0.0145,0.004,1,0.09,0.035,0.0445,10421.826386483333,31236.702299,1,0
0.5,0.525,0.715,0.88,0.9,0.95,0.865,0.93,0.84,0.85,0.895,0.9845,0.9445,0.985,0,0.565,0.885,0.824,10434.653964466668,660490.356467,1,1
0.495,0.115,0.085,0.085,0.09,0.075,0.08,0.055,0.006,0.003,0.002,0.002,0.0095,0.0065,0,0.115,0.065,0.0095,10153.593383333333,7825.564853,1,0
0.5,0.32,0.505,0.515,0.525,0.59,0.555,0.67,0.93,0.9805,0.9925,0.971,0.9905,0.993,12,0.3,0.635,0.994,10190.28864965,104800.015076,1,1
0.5,0.155,0.115,0.095,0.065,0.0295,0.022,0.0245,0.0135,0.0025,0.002,0.002,0.002,0.0025,1,0.14,0.0135,0.002,10346.796761716667,10942.535973,1,0
0.12,0.1,0.07,0.025,0.0225,0.023,0.0295,0.012,0.1125,0.1175,0.141,0.267,0.2615,0.9995,1,0.155,0.017,0.2495,9296.549883333333,226591.989966,1,1
0.505,0.535,0.685,0.75,0.51,0.42,0.115,0.05,0.04,0.0165,0.01,0.0025,0.003,0.003,7,0.515,0.06,0.003,9296.045600000001,45362.583115,1,0
0.07,0.0135,0.0165,0.0125,0.0085,0.0125,0.0035,0.003,0.003,0.003,0.0025,0.0025,0.0005,0.0005,0,0.0175,0.003,0.0005,9295.944333333335,3306.126991,1,0
0.5,0.495,0.42,0.34,0.42,0.47,0.735,0.855,0.96,0.989,0.99,0.9975,0.9925,0.9995,4,0.505,0.805,0.9925,10345.991022916665,52485.217335,1,1
0.5,0.14,0.15,0.12,0.14,0.165,0.15,0.18,0.215,0.22,0.18,0.025,0.0095,0.0005,1,0.14,0.15,0.0025,10362.0648737,44744.023522,1,0
0.5,0.105,0.125,0.135,0.16,0.14,0.115,0.125,0.15,0.22,0.24,0.335,0.38,0.92,4,0.125,0.12,0.535,10109.494152816666,253941.253578,1,1
0.5,0.085,0.055,0.07,0.05,0.0375,0.032,0.0165,0.0025,0.0035,0.0025,0.001,0.0015,0.0005,1,0.065,0.0175,0.001,9309.6382325,26226.288972,1,0
0.505,0.505,0.845,0.725,0.56,0.64,0.8,0.805,0.78,0.685,0.65,0.755,0.695,0.9995,0,0.505,0.805,0.655,9309.240388483333,2406.435113,1,1
0.52,0.31,0.28,0.24,0.23,0.15,0.23,0.47,0.65,0.77,0.91,0.825,0.785,0.085,5,0.285,0.355,0.83,10328.71818205,472995.56674,1,0
0.5,0.265,0.31,0.275,0.23,0.3,0.16,0.075,0.0145,0.0045,0.0015,0.005,0.0035,0.0005,1,0.27,0.105,0.001,10338.352828866666,133064.222466,1,0
0.495,0.43,0.41,0.47,0.555,0.625,0.475,0.62,0.48,0.4,0.53,0.63,0.15,0.003,16,0.4,0.42,0.07,10102.381715383333,211955.285751,1,0
0.5,0.125,0.155,0.15,0.16,0.16,0.175,0.155,0.135,0.09,0.185,0.08,0.14,0.0095,1,0.125,0.17,0.085,10416.120316666667,85156.325015,1,0
0.295,0.14,0.145,0.135,0.055,0.0425,0.0585,0.017,0.0115,0.0135,0.006,0.0035,0.005,0.0005,0,0.22,0.0485,0.003,9364.604574616667,46641.538302,1,0
0.42,0.63,0.455,0.395,0.57,0.51,0.27,0.63,0.415,0.115,0.09,0.0155,0.0015,0.0005,16,0.455,0.26,0.0015,9363.373366666667,101011.553266,1,0
0.525,0.1,0.11,0.125,0.08,0.065,0.135,0.115,0.16,0.21,0.21,0.31,0.4,0.295,3,0.095,0.125,0.34,10268.091288316667,392518.137417,1,1
0.5,0.13,0.135,0.13,0.1,0.1,0.1,0.16,0.135,0.18,0.235,0.25,0.14,0.1545,1,0.14,0.12,0.27,10135.75420975,220540.781233,1,0
0.38,0.2,0.14,0.05,0.05,0.04,0.0305,0.016,0.0085,0.003,0.0025,0.0005,0.0015,0.0005,0,0.18,0.025,0.0005,10258.673406116666,58341.854617,1,0
0.36,0.56,0.655,0.84,0.845,0.85,0.87,0.93,0.953,0.98,0.9885,0.991,0.9985,0.9995,1,0.585,0.895,0.9975,10273.724243050001,258822.276913,1,1
0.565,0.79,0.55,0.325,0.19,0.085,0.05,0.019,0.0195,0.012,0.0155,0.0055,0.0015,0.002,3,0.72,0.045,0.0015,9361.99455,15195.028803,1,0
0.45,0.11,0.13,0.16,0.135,0.08,0.08,0.024,0.0155,0.0095,0.009,0.0025,0.002,0.0005,0,0.115,0.027,0.0015,10241.2681169,28825.008461,1,0
0.5,0.15,0.16,0.16,0.145,0.12,0.16,0.175,0.13,0.036,0.004,0.0065,0.002,0.0005,1,0.14,0.17,0.001,10348.014659183333,39052.869863,1,0
0.5,0.11,0.105,0.027,0.025,0.0235,0.019,0.015,0.007,0.0035,0.0035,0.002,0.0005,0.0005,1,0.13,0.0135,0.0005,10305.0289667,20487.065453,1,0
0.5,0.78,0.79,0.94,0.95,0.948,0.952,0.9635,0.9805,0.993,0.9915,0.9935,0.988,0.9995,0,0.74,0.958,0.9885,10319.735118683333,64262.16631,1,1
0.5,0.22,0.26,0.295,0.4,0.655,0.77,0.91,0.96,0.9655,0.966,0.9825,0.9905,0.9995,2,0.22,0.895,0.9915,10398.12178815,123038.345764,1,1
0.5,0.23,0.16,0.14,0.175,0.265,0.25,0.25,0.2,0.175,0.245,0.2,0.0305,0.0035,1,0.21,0.27,0.006,11439.920833333334,144601.981661,1,0
0.5,0.235,0.235,0.255,0.245,0.26,0.275,0.33,0.36,0.475,0.175,0.105,0.037,0.105,1,0.21,0.29,0.0745,10054.97888495,789010.935256,1,1
0.165,0.125,0.125,0.155,0.195,0.14,0.2,0.185,0.19,0.175,0.215,0.37,0.31,0.011,0,0.135,0.205,0.335,9962.136983333334,193099.907944,1,0
0.22,0.48,0.53,0.4,0.23,0.105,0.115,0.075,0.044,0.0305,0.046,0.0805,0.02,0.0005,6,0.475,0.11,0.004,9999.150316666666,587671.281408,1,0
0.48,0.29,0.345,0.34,0.345,0.265,0.47,0.685,0.855,0.86,0.875,0.875,0.17,0.019,2,0.275,0.69,0.14,10146.070716666667,548542.126289,1,0
0.5,0.978,0.982,0.9825,0.9825,0.982,0.982,0.9895,0.99,0.983,0.983,0.998,0.9995,0.9995,0,0.555,0.99,0.9995,8719.335287883334,425.0,2,1
0.5,0.075,0.0305,0.046,0.043,0.0395,0.0395,0.0315,0.032,0.0155,0.009,0.001,0.0005,0.0005,5,0.065,0.0335,0.0005,9947.612415983334,32910.02840200008,2,0
0.015,0.01,0.015,0.0195,0.01,0.035,0.0345,0.0045,0.0055,0.0055,0.0005,0.0005,0.0005,0.0005,0,0.015,0.045,0.0005,10073.360601,1914.71825,2,0
0.19,0.44,0.26,0.31,0.25,0.245,0.185,0.185,0.185,0.385,0.325,0.7,0.96,0.9895,3,0.295,0.165,0.965,10073.981029333334,2656.561,2,1
0.015,0.0265,0.015,0.0195,0.007,0.0285,0.0285,0.0075,0.023,0.003,0.0005,0.0005,0.0005,0.0005,0,0.015,0.028,0.0005,10073.7999139,983.26125,2,0
0.015,0.015,0.015,0.0155,0.0155,0.018,0.018,0.0175,0.0135,0.0015,0.0015,0.0005,0.0005,0.0005,0,0.015,0.018,0.0005,10067.40337235,1140.124,2,0
0.5,0.5,0.985,0.984,0.992,0.9835,0.9845,0.9835,0.906,0.9895,0.9945,0.996,0.996,0.9985,0,0.5,0.9845,0.9975,10076.547948883333,3196.218100000001,2,1
0.25,0.24,0.015,0.019,0.2545,0.255,0.166,0.141,0.0485,0.0135,0.0035,0.003,0.0005,0.002,0,0.235,0.2495,0.0005,10055.524133883333,560.906,2,0
0.255,0.255,0.0145,0.0125,0.2555,0.2555,0.006,0.0065,0.006,0.003,0.0035,0.002,0.0015,0.0015,0,0.255,0.0055,0.001,10057.097188733334,1574.053726999999,2,0
0.5,0.5,0.5,0.9805,0.9805,0.978,0.968,0.982,0.982,0.9995,0.9995,0.997,0.9995,0.999,0,0.5,0.978,0.9995,10051.258018583332,837.2,2,1
0.5,0.015,0.0145,0.0145,0.0145,0.017,0.0145,0.005,0.004,0.002,0.0015,0.0005,0.0005,0.0005,1,0.015,0.006,0.0005,10074.030423049999,327.190625,2,0
0.5,0.9745,0.97,0.9735,0.981,0.9635,0.9805,0.9805,0.9855,0.9835,0.987,0.997,0.996,0.9995,0,0.9745,0.9805,0.9995,10076.051735616667,696.158982,2,1
0.5,0.815,0.785,0.81,0.825,0.605,0.74,0.765,0.805,0.855,0.88,0.91,0.911,0.265,1,0.805,0.665,0.854,10076.332846116666,8123.642014999998,2,0
0.235,0.095,0.235,0.08,0.0145,0.226,0.061,0.231,0.004,0.0055,0.004,0.0015,0.0035,0.0005,0,0.23,0.0115,0.003,10073.066578916665,2778.544208,2,0
0.245,0.22,0.2455,0.2435,0.0145,0.237,0.027,0.246,0.006,0.002,0.0015,0.0005,0.0005,0.0005,0,0.2405,0.0075,0.0005,10073.354813216667,696.845,2,0
0.255,0.255,0.2555,0.255,0.0195,0.2465,0.1745,0.0205,0.0115,0.0005,0.0005,0.0005,0.0005,0.0005,0,0.2555,0.014,0.0005,10072.339365349999,787.74,2,0
0.5,0.0245,0.0245,0.022,0.0215,0.0195,0.006,0.014,0.0125,0.0055,0.0055,0.0005,0.003,0.003,1,0.0245,0.0155,0.003,10075.5581784,274.96200000000005,2,0
0.5,0.0205,0.02,0.0205,0.0205,0.015,0.0215,0.015,0.014,0.0055,0.01,0.005,0.003,0.0115,1,0.0205,0.015,0.003,10039.3875076,351.890199,2,0
0.015,0.249,0.015,0.0195,0.0155,0.007,0.0035,0.0065,0.006,0.006,0.003,0.0005,0.0005,0.0005,0,0.0115,0.0035,0.0005,10074.50950245,1601.789,2,0
0.67,0.68,0.7,0.705,0.745,0.76,0.735,0.605,0.75,0.82,0.865,0.92,0.979,0.9555,2,0.675,0.575,0.986,10074.125127033332,13814.047755999996,2,1
0.015,0.265,0.265,0.0155,0.019,0.011,0.0105,0.006,0.006,0.006,0.003,0.0005,0.0005,0.0005,0,0.015,0.0195,0.0005,10073.58275925,608.0835999999999,2,0
0.86,0.88,0.895,0.83,0.815,0.825,0.755,0.635,0.76,0.795,0.89,0.92,0.981,0.9545,2,0.845,0.57,0.994,10076.733046566666,19388.877558,2,1
0.0195,0.0155,0.0155,0.019,0.0195,0.015,0.014,0.0075,0.0075,0.003,0.003,0.0005,0.0005,0.0005,0,0.0155,0.016,0.0005,10076.04627435,515.973166,2,0
0.235,0.2205,0.2355,0.011,0.0025,0.0065,0.0045,0.0035,0.0055,0.0055,0.0005,0.0005,0.0005,0.0005,0,0.2055,0.0055,0.0005,10070.412466416667,434.0,2,0
0.095,0.185,0.145,0.175,0.145,0.09,0.06,0.045,0.027,0.017,0.0165,0.0095,0.003,0.0005,0,0.175,0.045,0.003,10069.313016766666,23308.63604900002,2,0
0.755,0.885,0.865,0.9,0.9,0.855,0.83,0.85,0.785,0.62,0.805,0.63,0.9685,0.9935,0,0.87,0.84,0.992,10076.341808966668,11685.471091,2,1
0.245,0.0175,0.0155,0.014,0.0145,0.0155,0.011,0.0095,0.009,0.0055,0.003,0.0005,0.0005,0.0005,2,0.0155,0.011,0.0005,10076.773222983333,602.0,2,0
0.0155,0.261,0.0155,0.261,0.258,0.2605,0.0235,0.001,0.0015,0.0015,0.0025,0.0025,0.0005,0.0005,0,0.261,0.0105,0.0005,10069.5367709,611.0,2,0
0.21,0.235,0.16,0.075,0.095,0.17,0.065,0.125,0.065,0.065,0.0065,0.0175,0.0035,0.0005,0,0.245,0.09,0.0025,10068.871615016666,4512.297855,2,0
0.5,0.982,0.9845,0.978,0.9825,0.982,0.857,0.999,0.999,0.999,0.997,0.9855,0.9995,0.9995,0,0.982,0.9855,0.9995,10074.519055033334,479.0049999999999,2,1
0.245,0.28,0.17,0.105,0.105,0.18,0.075,0.145,0.06,0.076,0.0065,0.008,0.0025,0.0005,6,0.27,0.09,0.004,10071.704760883333,65312.664572000074,2,0
0.0155,0.018,0.0155,0.022,0.0175,0.018,0.1005,0.0115,0.0005,0.0005,0.0005,0.0005,0.0005,0.0005,2,0.018,0.014,0.0005,10075.2892006,636.572,2,0
0.5,0.875,0.91,0.91,0.855,0.71,0.93,0.94,0.925,0.945,0.9405,0.9695,0.988,0.9995,0,0.875,0.91,0.9935,10062.062846016666,15472.656729000004,2,1
0.5,0.015,0.0155,0.022,0.0155,0.018,0.0175,0.017,0.0095,0.0015,0.001,0.001,0.0005,0.0005,1,0.015,0.0175,0.0005,10065.061341283332,713.703,2,0
0.245,0.015,0.016,0.2465,0.008,0.1645,0.2135,0.2465,0.01,0.0145,0.005,0.004,0.003,0.0005,0,0.015,0.244,0.0005,10074.022969916667,23931.040754,2,0
0.255,0.015,0.0155,0.26,0.014,0.26,0.2315,0.2595,0.0135,0.0015,0.0015,0.0015,0.0005,0.0005,0,0.015,0.2575,0.0005,10073.825003583333,578.0,2,0
0.5,0.9845,0.9825,0.9805,0.978,0.978,0.9835,0.983,0.984,0.9845,0.9925,0.999,0.9995,0.9995,0,0.9845,0.9835,0.9995,10074.564895933332,541.0,2,1
0.5,0.0255,0.0275,0.022,0.0325,0.0295,0.0195,0.022,0.022,0.015,0.0075,0.001,0.001,0.0005,1,0.0255,0.024,0.0005,10076.698956999999,670.663233,2,0
0.26,0.26,0.515,0.68,0.655,0.725,0.82,0.445,0.845,0.845,0.935,0.95,0.9885,0.9815,9,0.46,0.835,0.9885,10065.1839915,7267.819508000002,2,1
0.24,0.0255,0.2405,0.0195,0.245,0.245,0.0085,0.2165,0.0015,0.0015,0.002,0.0015,0.0005,0.0005,0,0.0255,0.2165,0.0005,10068.314768233333,1096.1715000000002,2,0
0.015,0.015,0.015,0.015,0.2405,0.234,0.2405,0.2365,0.0065,0.0055,0.003,0.003,0.0005,0.0005,0,0.2405,0.2405,0.0005,10070.906307883333,1885.0790000000002,2,0
0.595,0.63,0.645,0.695,0.705,0.715,0.745,0.775,0.915,0.8,0.915,0.935,0.989,0.99,2,0.55,0.775,0.9855,10070.232878616667,8203.554598000002,2,1
0.015,0.015,0.015,0.0195,0.265,0.265,0.261,0.002,0.0045,0.0025,0.002,0.002,0.0005,0.0005,0,0.2605,0.2605,0.0005,10070.054109483333,910.013,2,0
0.5,0.984,0.985,0.98,0.9765,0.9815,0.9825,0.985,0.985,0.9785,0.975,0.9945,0.9985,0.9995,0,0.9745,0.9825,0.9995,10075.284787116667,407.97900000000004,2,1
0.02,0.015,0.015,0.0195,0.022,0.0225,0.0175,0.015,0.0145,0.012,0.001,0.001,0.0005,0.0005,0,0.0185,0.017,0.0005,10075.824999283333,404.921,2,0
0.5,0.014,0.0135,0.012,0.0175,0.0175,0.0125,0.01,0.006,0.0075,0.003,0.003,0.0025,0.0005,1,0.02,0.0125,0.0025,10074.3187102,265.09700000000004,2,0
0.5,0.0055,0.005,0.004,0.0035,0.0025,0.0025,0.0025,0.003,0.0005,0.0005,0.0005,0.0005,0.0005,1,0.02,0.0025,0.0005,10073.998244916667,344.98699999999997,2,0
0.5,0.0135,0.01,0.011,0.0125,0.01,0.0145,0.011,0.0105,0.008,0.0055,0.006,0.003,0.0005,1,0.02,0.016,0.003,10074.814446100001,675.519578,2,0
0.24,0.24,0.25,0.22,0.17,0.11,0.055,0.0355,0.027,0.0095,0.028,0.081,0.0055,0.0025,0,0.24,0.0415,0.005,9995.157780416666,105670.079461,2,0
0.245,0.245,0.2455,0.249,0.0195,0.0195,0.0195,0.0175,0.048,0.015,0.0055,0.0045,0.0005,0.0005,0,0.245,0.248,0.0005,9994.491657016666,1010.0115900000001,2,0
0.9945,0.615,0.965,0.969,0.9845,0.9845,0.9845,0.9845,0.982,0.9945,0.974,0.9765,0.9995,0.9995,0,0.9625,0.982,0.999,9998.810982266667,2996.4889589999993,2,1
0.38,0.382,0.0175,0.0185,0.016,0.016,0.0155,0.0155,0.014,0.0135,0.014,0.0035,0.0005,0.0005,2,0.382,0.0155,0.0005,10000.865972650001,867.63438,2,0
0.265,0.02,0.016,0.021,0.016,0.0155,0.015,0.015,0.0145,0.0045,0.004,0.0045,0.0025,0.0005,0,0.021,0.015,0.002,9983.913053583332,2553.9938899999997,2,0
0.26,0.0195,0.0155,0.26,0.0195,0.1895,0.0155,0.0155,0.0155,0.0005,0.0005,0.0005,0.0005,0.0005,0,0.0195,0.0155,0.0005,9983.580352266667,716.9399999999999,2,0
0.5,0.985,0.985,0.978,0.9805,0.982,0.985,0.983,0.9835,0.9835,0.983,0.9855,0.9975,0.9995,0,0.985,0.983,0.9995,9988.047137383333,318.0,2,1
0.5,0.0305,0.026,0.0365,0.021,0.032,0.02,0.0195,0.0195,0.3455,0.026,0.0065,0.0025,0.0005,1,0.028,0.0195,0.0015,9988.734505733333,1150.1505710000001,2,0
0.05,0.09,0.115,0.13,0.11,0.17,0.12,0.14,0.12,0.115,0.0245,0.012,0.0045,0.003,0,0.055,0.135,0.004,10003.1408252,82228.01215399998,2,0
0.0195,0.0195,0.0195,0.259,0.015,0.015,0.0145,0.014,0.0145,0.0035,0.0025,0.006,0.004,0.0005,0,0.0195,0.0145,0.0035,10002.531654983333,1222.9605000000001,2,0
0.0195,0.0195,0.0195,0.27,0.0195,0.0195,0.016,0.0155,0.0145,0.0145,0.0145,0.005,0.0035,0.0005,0,0.0195,0.016,0.003,10002.46404465,924.9860000000001,2,0
0.0195,0.0155,0.0155,0.0195,0.015,0.015,0.014,0.014,0.014,0.013,0.0005,0.0005,0.0005,0.0005,0,0.0155,0.0065,0.0005,10005.534773483332,11415.37,2,0
0.475,0.37,0.295,0.315,0.275,0.165,0.175,0.12,0.08,0.075,0.125,0.065,0.0385,0.0055,0,0.445,0.145,0.028,10005.732758883332,16368.846747,2,0
0.9805,0.7455,0.982,0.98,0.98,0.98,0.98,0.98,0.98,0.994,0.99,0.9975,0.9995,0.9995,0,0.9475,0.9795,0.9995,10072.599196766667,5955.25257,2,1
0.0195,0.015,0.0115,0.014,0.013,0.011,0.011,0.011,0.0085,0.0005,0.0005,0.0005,0.0005,0.0005,0,0.015,0.011,0.0005,10072.204072433333,510.0,2,0
0.0195,0.2455,0.0155,0.0195,0.0195,0.0195,0.0195,0.0195,0.0165,0.006,0.006,0.003,0.002,0.0005,0,0.0525,0.019,0.001,10074.240781616665,1571.00925,2,0
0.0245,0.026,0.02,0.0195,0.0195,0.0195,0.0195,0.0195,0.0195,0.0075,0.0065,0.002,0.0005,0.0005,0,0.0265,0.0195,0.0005,10073.151184999999,795.981333,2,0
0.025,0.025,0.022,0.0195,0.0195,0.0195,0.0195,0.0195,0.0245,0.0155,0.004,0.003,0.0005,0.0005,0,0.025,0.0195,0.0005,10074.567722633334,1586.646284,2,0
0.25,0.25,0.39,0.07,0.0335,0.024,0.0215,0.021,0.183,0.0105,0.004,0.002,0.002,0.002,0,0.255,0.021,0.001,10074.406477383334,2107.697312999999,2,0
0.98,0.987,0.987,0.9875,0.992,0.992,0.992,0.992,0.9925,0.9925,0.9965,0.9965,0.9995,0.9995,0,0.987,0.9925,0.9995,10070.428952433334,582.027,2,1
0.5,0.585,0.695,0.565,0.455,0.31,0.235,0.245,0.18,0.095,0.08,0.033,0.0065,0.0015,3,0.575,0.225,0.004,10075.253229716667,6303.5977589999975,2,0
0.5,0.02,0.02,0.0195,0.0155,0.0155,0.013,0.0135,0.006,0.002,0.0015,0.0005,0.0005,0.0005,1,0.02,0.013,0.0005,10076.043235483334,416.0,2,0
0.245,0.185,0.395,0.375,0.305,0.485,0.56,0.755,0.775,0.78,0.875,0.92,0.9755,0.9965,5,0.245,0.565,0.9905,10067.149199450001,13874.838824999999,2,1
0.035,0.25,0.029,0.0275,0.0195,0.032,0.0195,0.0125,0.015,0.0115,0.0025,0.0005,0.0005,0.0005,0,0.25,0.0195,0.0005,10065.280918516666,638.1303330000001,2,0
0.96,0.976,0.9425,0.976,0.9805,0.977,0.9805,0.9805,0.9845,0.9845,0.9925,0.9975,0.9995,0.9995,0,0.976,0.9805,0.9995,10066.709455116668,1354.775976,2,1
0.055,0.0235,0.015,0.023,0.017,0.021,0.015,0.0145,0.015,0.0035,0.0005,0.0005,0.0005,0.0005,2,0.0265,0.015,0.0005,10071.802380500001,2579.075111,2,0
0.2645,0.264,0.265,0.265,0.265,0.0195,0.0195,0.3945,0.0055,0.449,0.0145,0.0095,0.0025,0.0005,0,0.265,0.0195,0.0015,10069.130403483334,3655.1798479999998,2,0
0.2595,0.038,0.2595,0.2595,0.26,0.0195,0.02,0.3965,0.0195,0.3355,0.014,0.0095,0.0005,0.0005,0,0.065,0.0195,0.0005,10072.043661383334,439.34240000000005,2,0
0.5005,0.9845,0.982,0.982,0.5045,0.985,0.9855,0.656,0.985,0.9835,0.99,0.99,0.9995,0.9995,0,0.982,0.985,0.9995,10065.53875315,1511.77,2,1
0.4995,0.027,0.0345,0.0375,0.48,0.0195,0.0195,0.0245,0.0195,0.0115,0.0025,0.001,0.0005,0.0005,0,0.056,0.0195,0.0005,10068.881645899999,665.4210990000001,2,0
0.5,0.0145,0.013,0.005,0.005,0.0045,0.0005,0.0005,0.002,0.002,0.0005,0.0005,0.0005,0.0005,1,0.015,0.0005,0.0005,10073.536827633334,1051.0462500000003,2,0
0.5,0.09,0.057,0.0405,0.067,0.076,0.0225,0.0145,0.0155,0.019,0.001,0.0005,0.0005,0.0005,3,0.055,0.022,0.0005,10075.863149949999,44566.37535200001,2,0
0.5,0.0075,0.0055,0.006,0.0055,0.0055,0.0035,0.0035,0.004,0.0035,0.003,0.004,0.0045,0.0005,1,0.025,0.0035,0.0045,10074.704501983333,3664.660449000001,2,0
0.26,0.0265,0.261,0.018,0.265,0.2625,0.0145,0.0145,0.0145,0.15,0.0105,0.0095,0.0005,0.0005,0,0.0265,0.012,0.0005,10065.86997335,419.994,2,0
0.265,0.265,0.295,0.225,0.265,0.175,0.0345,0.0415,0.058,0.045,0.0445,0.002,0.0005,0.0005,0,0.265,0.0265,0.002,10056.066358083333,1471.6799999999998,2,0
0.505,0.9825,0.9825,0.981,0.978,0.997,0.997,0.9885,0.9995,0.9995,0.9995,0.9995,0.9995,0.9995,0,0.9825,0.9855,0.9995,10074.544221966667,354.68,2,1
0.5,0.845,0.91,0.885,0.815,0.835,0.565,0.57,0.705,0.66,0.385,0.045,0.0115,0.0035,3,0.6,0.485,0.0155,10073.893084583333,7612.503988999998,2,0
0.495,0.018,0.0175,0.0155,0.018,0.0095,0.0045,0.0115,0.0055,0.004,0.003,0.0005,0.0005,0.0005,0,0.018,0.011,0.0005,10074.30818765,485.96899999999994,2,0
0.505,0.9955,0.9815,0.9845,0.9955,0.9975,0.9975,0.9955,0.995,0.9955,0.9995,0.997,0.9995,0.9995,0,0.978,0.9955,0.9995,10050.984972283333,2033.19,2,1
0.505,0.56,0.63,0.85,0.925,0.84,0.815,0.825,0.615,0.62,0.68,0.365,0.28,0.0155,5,0.735,0.86,0.055,9845.789870800001,2072.9337029999997,2,0
0.24,0.23,0.235,0.236,0.231,0.23,0.2025,0.185,0.012,0.0115,0.0085,0.0095,0.0005,0.0005,0,0.235,0.1885,0.0005,10000.421818583332,1390.0,2,0
0.245,0.24,0.24,0.24,0.2445,0.2445,0.2445,0.018,0.026,0.025,0.0055,0.0055,0.004,0.0005,0,0.24,0.2295,0.003,9999.788245133333,69644.745,2,0
0.02,0.2445,0.245,0.24,0.2405,0.24,0.0145,0.014,0.0035,0.0025,0.0025,0.0025,0.0005,0.0005,0,0.2445,0.014,0.0005,10072.632744800001,501.0,2,0
0.035,0.265,0.2645,0.2645,0.265,0.2645,0.278,0.177,0.051,0.0805,0.0365,0.0215,0.0095,0.0005,0,0.2645,0.1995,0.0015,10072.832827483333,5008.231914999999,2,0
0.98,0.978,0.978,0.978,0.9785,0.997,0.997,0.9975,0.9975,0.979,0.985,0.9975,0.9995,0.9995,0,0.978,0.997,0.9995,10076.461833666666,269.9831,2,1
0.04,0.135,0.115,0.1,0.235,0.095,0.29,0.19,0.14,0.1,0.032,0.005,0.006,0.0005,0,0.085,0.19,0.0035,10074.794623483333,72684.88347599999,2,0
0.5,0.9895,0.9815,0.979,0.985,0.9955,0.9955,0.9955,0.9995,0.9975,0.998,0.9995,0.9995,0.9995,0,0.9895,0.9955,0.9995,10076.307066116666,1886.67,2,1
0.5,0.355,0.685,0.775,0.78,0.815,0.61,0.9,0.96,0.893,0.8915,0.8465,0.6795,0.9585,10,0.27,0.86,0.742,10075.9269212,11206.971931000002,2,1
0.5,0.497,0.3945,0.022,0.022,0.018,0.0175,0.01,0.003,0.003,0.0025,0.0005,0.0005,0.0005,1,0.0195,0.012,0.0005,10065.267194166667,514.57745,2,0
0.24,0.235,0.2405,0.2445,0.245,0.2405,0.24,0.015,0.0295,0.0275,0.03,0.003,0.0045,0.0005,0,0.24,0.24,0.0035,10073.760043783333,9939.267551,2,0
0.2555,0.2555,0.255,0.26,0.2595,0.2595,0.1545,0.015,0.0295,0.02,0.023,0.011,0.0005,0.0005,0,0.2535,0.0345,0.0005,10073.508938433333,517.5664730000001,2,0
0.0305,0.0305,0.0305,0.0305,0.0255,0.027,0.0225,0.006,0.006,0.0045,0.002,0.0005,0.0005,0.0005,0,0.0305,0.012,0.0005,10073.6297589,593.9525000000001,2,0
0.0305,0.0305,0.0145,0.0335,0.0305,0.0305,0.029,0.0305,0.021,0.031,0.03,0.0025,0.0005,0.0005,0,0.0305,0.029,0.0005,10073.35733515,6829.820784,2,0
0.9845,0.516,0.969,0.6565,0.5025,0.982,0.982,0.983,0.983,0.9885,0.999,0.9995,0.9995,0.9995,0,0.9825,0.994,0.9995,10076.660322133333,9688.8532,2,1
0.509,0.0235,0.0315,0.0225,0.026,0.025,0.023,0.0315,0.015,0.0045,0.014,0.0015,0.0005,0.0005,1,0.023,0.02,0.0005,10075.253409733334,1992.2583750000001,2,0
0.25,0.021,0.2505,0.0185,0.251,0.2505,0.251,0.1925,0.017,0.015,0.0055,0.002,0.0005,0.0005,0,0.021,0.251,0.0005,10072.708958916666,1015.992,2,0
0.245,0.25,0.255,0.26,0.24,0.245,0.475,0.465,0.475,0.485,0.855,0.925,0.975,0.958,15,0.25,0.53,0.9555,10072.637772166667,2181.636913,2,1
0.98,0.9845,0.5015,0.9865,0.5045,0.9975,0.9975,0.9885,0.9925,0.9955,0.997,0.9995,0.9995,0.9995,0,0.9845,0.9885,0.9995,10076.874343066667,32188.209713,2,1
0.19,0.305,0.415,0.445,0.66,0.345,0.735,0.83,0.845,0.875,0.957,0.9435,0.9955,0.99,15,0.245,0.82,0.987,10076.6146625,3363.908236,2,1
0.02,0.0175,0.475,0.0195,0.0025,0.003,0.003,0.0045,0.003,0.0005,0.0005,0.0005,0.0005,0.0005,0,0.0175,0.005,0.0005,10075.22341405,1004.696333,2,0
0.02,0.0165,0.015,0.019,0.0125,0.014,0.014,0.009,0.009,0.013,0.0105,0.004,0.0015,0.0005,0,0.022,0.0135,0.0015,9137.9690408,11574.822172999999,2,0
0.02,0.0045,0.004,0.0055,0.004,0.004,0.004,0.0035,0.003,0.004,0.0035,0.0005,0.0005,0.0005,2,0.008,0.003,0.0005,9138.06975025,640.9652500000001,2,0
0.745,0.9855,0.986,0.9825,0.9825,0.997,0.9975,0.9975,0.9975,0.99,0.994,0.9995,0.9995,0.9995,0,0.9945,0.9975,0.9995,10070.0885985,2334.9868,2,1
0.5,0.85,0.87,0.945,0.95,0.9595,0.9595,0.972,0.979,0.9825,0.9825,0.997,0.997,0.9995,2,0.795,0.9595,0.997,10070.0140018,1989.02935,2,1
0.5,0.449,0.022,0.023,0.0225,0.4795,0.4795,0.022,0.204,0.023,0.018,0.0025,0.002,0.0005,1,0.48,0.022,0.002,10072.527448583334,6078.808265999998,2,0
0.265,0.265,0.105,0.26,0.265,0.265,0.2645,0.2595,0.2645,0.2285,0.2265,0.002,0.002,0.0005,0,0.265,0.265,0.002,10070.907522733332,11171.701571999994,2,0
0.255,0.029,0.0325,0.2545,0.255,0.2545,0.2545,0.25,0.0055,0.006,0.005,0.0035,0.0025,0.0005,0,0.029,0.255,0.0005,10070.407832333332,6455.1759999999995,2,0
0.02,0.27,0.0325,0.2695,0.27,0.2655,0.015,0.266,0.0155,0.01,0.0035,0.001,0.0005,0.0005,0,0.02,0.0145,0.0005,10068.54906435,951.6870000000001,2,0
0.0195,0.26,0.2595,0.26,0.26,0.2595,0.0195,0.2595,0.26,0.0065,0.001,0.001,0.0005,0.0005,0,0.0195,0.0245,0.0005,10068.224216933333,1045.9300000000003,2,0
0.985,0.9825,0.9825,0.978,0.978,0.9825,0.856,0.851,0.853,0.9835,0.9785,0.997,0.9995,0.9995,0,0.985,0.856,0.9995,10065.90164045,415.99,2,1
0.0205,0.025,0.011,0.011,0.011,0.0055,0.0085,0.0105,0.099,0.058,0.029,0.019,0.0015,0.001,0,0.0155,0.01,0.002,10063.743119016666,50224.59167200001,2,0
0.51,0.985,0.9835,0.994,0.983,0.983,0.9855,0.983,0.9825,0.986,0.991,0.9995,0.9995,0.9995,0,0.985,0.983,0.9995,10076.557680283333,165.0,2,1
0.505,0.115,0.11,0.145,0.1,0.1,0.195,0.435,0.375,0.44,0.225,0.21,0.973,0.997,14,0.105,0.235,0.98,10076.595829566668,8179.9267830000035,2,1
0.26,0.0065,0.005,0.002,0.004,0.0045,0.002,0.0045,0.0015,0.003,0.0015,0.0025,0.0005,0.0005,0,0.011,0.002,0.0005,10073.865443733333,1753.29,2,0
0.24,0.48,0.47,0.48,0.78,0.485,0.475,0.47,0.48,0.41,0.72,0.67,0.055,0.002,28,0.71,0.465,0.035,10073.590427516667,9093.908647000004,2,0
0.235,0.01,0.01,0.0105,0.0095,0.01,0.0115,0.4655,0.467,0.4105,0.0055,0.006,0.0005,0.0005,0,0.011,0.4105,0.0005,10072.267138733332,296.1,2,0
0.26,0.26,0.26,0.475,0.47,0.48,0.46,0.47,0.405,0.452,0.1075,0.0315,0.005,0.0025,2,0.26,0.345,0.004,10072.973393683333,20706.865661,2,0
0.255,0.2545,0.25,0.2505,0.0285,0.4755,0.435,0.4745,0.0125,0.0145,0.0015,0.0015,0.0005,0.0005,0,0.2545,0.023,0.0005,10072.515783483334,545.11,2,0
0.48,0.981,0.982,0.978,0.978,0.997,0.997,0.983,0.985,0.9885,0.9925,0.998,0.9995,0.9995,1,0.981,0.997,0.9995,10077.173315233335,4538.2789999999995,2,1
0.48,0.0195,0.019,0.022,0.0215,0.0215,0.012,0.006,0.0045,0.006,0.0015,0.0005,0.0005,0.0005,0,0.0195,0.0055,0.0005,10077.136289016666,3210.7689579999997,2,0
0.26,0.255,0.2595,0.2595,0.015,0.0285,0.4165,0.4755,0.468,0.0265,0.01,0.002,0.0005,0.0005,0,0.26,0.015,0.0005,10073.670235933332,1885.26,2,0
0.265,0.26,0.2645,0.2645,0.2645,0.479,0.4785,0.48,0.4795,0.4635,0.0295,0.007,0.0055,0.002,0,0.255,0.0195,0.005,10073.3531532,3766.1791459999995,2,0
0.5,0.125,0.095,0.09,0.095,0.08,0.075,0.085,0.055,0.07,0.085,0.58,0.13,0.0065,7,0.11,0.13,0.28,10076.974128016667,24937.374784000007,2,0
0.5,0.9835,0.9955,0.9955,0.9955,0.9955,0.9955,0.9955,0.8515,0.99,0.9925,0.999,0.9995,0.9995,0,0.98,0.9955,0.9995,10076.028452216668,635.61,2,1
0.17,0.029,0.0155,0.255,0.02,0.147,0.1145,0.013,0.0025,0.006,0.004,0.0035,0.0005,0.0005,0,0.035,0.0065,0.0005,10073.061699916667,647.09,2,0
0.115,0.1,0.07,0.25,0.175,0.24,0.24,0.461,0.4755,0.477,0.0315,0.192,0.047,0.1405,0,0.17,0.245,0.0545,10072.733394283334,2233.123267,2,0
0.285,0.305,0.245,0.25,0.17,0.225,0.25,0.1,0.46,0.48,0.045,0.1905,0.0115,0.004,2,0.21,0.28,0.0015,10072.562925400001,2865.885499,2,0
0.5,0.986,0.9835,0.983,0.9905,0.9905,0.9955,0.9955,0.9905,0.9945,0.997,0.997,0.9995,0.9995,0,0.985,0.9955,0.9995,10074.59866595,1580.062875,2,1
0.685,0.675,0.76,0.81,0.83,0.875,0.89,0.885,0.93,0.9,0.965,0.9705,0.989,0.9985,4,0.695,0.865,0.998,10075.532767816667,573.3450509999999,2,1
0.5,0.9775,0.977,0.9805,0.982,0.9825,0.9825,0.9975,0.9975,0.9895,0.996,0.991,0.9995,0.9995,0,0.985,0.9825,0.9995,9890.708212683332,5122.59,2,1
0.505,0.012,0.012,0.012,0.012,0.005,0.0045,0.0025,0.0015,0.0005,0.0005,0.0005,0.0005,0.0005,1,0.015,0.0045,0.0005,9917.765192833333,501.391071,2,0
0.49,0.3495,0.0195,0.4985,0.499,0.4935,0.014,0.008,0.008,0.006,0.0035,0.0035,0.0005,0.001,0,0.0145,0.477,0.0005,9915.862167533334,427.0,2,0
0.49,0.555,0.625,0.635,0.49,0.495,0.47,0.47,0.55,0.485,0.505,0.505,0.956,0.995,31,0.665,0.47,0.96,9916.090195966668,330.644595,2,1
0.24,0.24,0.015,0.0195,0.02,0.214,0.0155,0.3455,0.0275,0.135,0.0095,0.0035,0.0035,0.0005,2,0.0155,0.3455,0.0035,10068.797944066666,3469.0450490000003,2,0
0.26,0.26,0.0145,0.0195,0.0195,0.1385,0.0195,0.3495,0.0255,0.0015,0.0015,0.0015,0.002,0.0005,0,0.015,0.3495,0.002,10062.075153799999,687.8100000000001,2,0
0.505,0.99,0.985,0.9815,0.982,0.9835,0.9835,0.9955,0.9955,0.9955,0.9965,0.996,0.9995,0.9995,0,0.985,0.9835,0.9995,10075.619105016667,524.465,2,1
0.4445,0.015,0.0145,0.0195,0.0195,0.022,0.0195,0.009,0.0045,0.003,0.003,0.002,0.0005,0.0005,0,0.015,0.018,0.0005,10073.200775783333,1592.1068249999998,2,0
0.4445,0.0175,0.0145,0.0195,0.0195,0.022,0.0195,0.022,0.017,0.002,0.0015,0.0005,0.0005,0.0005,0,0.015,0.022,0.0005,10075.164708883332,578.0,2,0
0.0195,0.0225,0.0145,0.014,0.0255,0.0165,0.0085,0.005,0.0005,0.0005,0.0005,0.0005,0.0005,0.0005,0,0.0145,0.005,0.0005,10075.347823266668,506.510571,2,0
0.015,0.022,0.022,0.015,0.019,0.0075,0.0045,0.0045,0.004,0.0035,0.0035,0.0035,0.0005,0.0005,0,0.0155,0.0045,0.0005,10074.957222466668,1911.26,2,0
0.5,0.985,0.985,0.978,0.9805,0.9835,0.986,0.987,0.988,0.9965,0.998,0.998,0.9975,0.9995,0,0.985,0.9855,0.9995,10072.509013283334,10659.154142,2,1
0.5,0.985,0.985,0.9775,0.9805,0.9835,0.983,0.9865,0.983,0.9975,0.9985,0.9985,0.997,0.9995,0,0.985,0.983,0.9995,10074.433233783335,6660.030142,2,1
0.5,0.23,0.135,0.1,0.09,0.105,0.04,0.037,0.038,0.0365,0.0095,0.0095,0.0065,0.0005,1,0.31,0.057,0.007,10076.438395250001,3111.194639999999,2,0
0.255,0.21,0.13,0.265,0.08,0.485,0.05,0.032,0.4705,0.0985,0.028,0.04,0.0155,0.0025,0,0.29,0.065,0.0065,10072.868485533334,18918.158497999997,2,0
0.235,0.13,0.17,0.255,0.175,0.495,0.2,0.165,0.475,0.065,0.035,0.0325,0.0215,0.0025,2,0.085,0.48,0.036,10072.159097616668,1930.8853000000001,2,0
0.235,0.015,0.465,0.0195,0.02,0.477,0.0145,0.4925,0.0155,0.0155,0.0145,0.004,0.0015,0.0005,2,0.235,0.0195,0.001,10073.414817283334,2228.990039,2,0
0.245,0.015,0.471,0.0195,0.0195,0.479,0.0195,0.499,0.006,0.006,0.002,0.0015,0.0005,0.0005,2,0.24,0.0195,0.0005,10073.446317216667,935.0,2,0
0.5,0.015,0.0175,0.0195,0.006,0.0055,0.0115,0.006,0.005,0.003,0.003,0.001,0.0005,0.0005,1,0.0175,0.0185,0.0005,10076.868428033335,963.5935140000001,2,0
0.5,0.875,0.9,0.87,0.815,0.83,0.84,0.92,0.825,0.84,0.91,0.966,0.985,0.996,2,0.855,0.885,0.9895,10075.9711378,1751.3098719999998,2,1
0.17,0.301,0.3015,0.348,0.246,0.265,0.0175,0.0195,0.0185,0.0195,0.012,0.0015,0.0005,0.0005,2,0.301,0.0185,0.0005,10069.000699283333,1575.343,2,0
0.17,0.365,0.365,0.48,0.71,0.71,0.755,0.77,0.82,0.91,0.5,0.91,0.9695,0.9845,9,0.36,0.77,0.9695,10069.2001165,303.438256,2,1
0.5,0.245,0.215,0.16,0.25,0.15,0.1,0.065,0.0485,0.0595,0.02,0.0085,0.006,0.001,3,0.25,0.09,0.0105,10076.3328341,17176.35947,2,0
0.15,0.021,0.0195,0.0235,0.023,0.022,0.0195,0.015,0.019,0.0025,0.003,0.004,0.0005,0.0005,0,0.021,0.015,0.0005,10075.431106233333,808.585,2,0
0.5,0.85,0.87,0.915,0.9,0.88,0.835,0.81,0.84,0.93,0.89,0.89,0.97,0.993,0,0.86,0.825,0.9765,10077.107082233333,13288.835481999999,2,1
0.023,0.0285,0.03,0.0325,0.0315,0.0325,0.0205,0.0125,0.0005,0.0005,0.0005,0.0005,0.0005,0.0005,0,0.0235,0.022,0.0005,10075.73202785,1522.0,2,0
0.5,0.9845,0.9875,0.994,0.9945,0.9825,0.9855,0.9835,0.9835,0.983,0.998,0.9995,0.9995,0.9995,0,0.985,0.986,0.9995,10075.899190066668,1492.31,2,1
0.016,0.245,0.0265,0.015,0.015,0.4795,0.0195,0.261,0.019,0.015,0.0195,0.0045,0.005,0.002,0,0.0155,0.0195,0.0035,10072.049091883333,2799.434953000001,2,0
0.155,0.24,0.1,0.31,0.275,0.48,0.055,0.325,0.0915,0.133,0.225,0.057,0.0335,0.016,4,0.145,0.0375,0.035,10071.968423266666,2078.445826,2,0
0.015,0.0155,0.0155,0.0155,0.4755,0.006,0.015,0.4705,0.015,0.0125,0.003,0.499,0.0005,0.0005,0,0.0155,0.015,0.0005,10066.89103685,364.9834,2,0
0.04,0.0265,0.023,0.022,0.48,0.475,0.468,0.472,0.0195,0.4665,0.0195,0.4995,0.003,0.0005,0,0.03,0.02,0.0015,10070.538742183333,5543.653800000001,2,0
0.6,0.985,0.992,0.9875,0.997,0.997,0.983,0.9825,0.9865,0.9835,0.9965,0.983,0.9995,0.9995,0,0.985,0.9855,0.9995,10076.021111616667,195.0,2,1
0.015,0.0145,0.0155,0.019,0.022,0.008,0.0105,0.016,0.0085,0.002,0.002,0.0035,0.0005,0.0005,0,0.015,0.0065,0.0005,10073.788908366667,922.29,2,0
0.0205,0.015,0.0145,0.019,0.006,0.006,0.0055,0.0055,0.0055,0.0045,0.0035,0.003,0.0005,0.0005,0,0.0205,0.0055,0.0005,10061.337883666665,379.996,2,0
0.495,0.105,0.075,0.12,0.125,0.48,0.47,0.465,0.48,0.4645,0.174,0.0275,0.011,0.017,2,0.27,0.475,0.01,10070.7264316,6092.5168859999985,2,0
0.0205,0.015,0.0145,0.0195,0.019,0.4785,0.4635,0.454,0.006,0.4675,0.0045,0.003,0.0005,0.0005,2,0.0205,0.4765,0.0005,10070.43372735,588.535,2,0
0.51,0.895,0.915,0.87,0.865,0.87,0.92,0.925,0.935,0.9735,0.976,0.9725,0.995,0.997,0,0.63,0.92,0.995,10076.01115325,3691.752163,2,1
0.4905,0.015,0.0145,0.019,0.006,0.006,0.0045,0.0045,0.002,0.0025,0.0025,0.0015,0.0005,0.003,0,0.0175,0.0045,0.0005,10074.920080216667,489.369,2,0
0.25,0.0165,0.4755,0.4795,0.0195,0.0195,0.0195,0.015,0.4725,0.0055,0.1665,0.004,0.003,0.0005,0,0.2505,0.457,0.0025,10068.210858183333,1696.997059,2,0
0.255,0.2505,0.015,0.4795,0.0195,0.0195,0.48,0.015,0.4495,0.4655,0.0035,0.0035,0.0045,0.0005,0,0.015,0.0195,0.003,10067.011628833334,454.98,2,0
0.9695,0.9835,0.9705,0.97,0.9805,0.9805,0.985,0.985,0.9825,0.9825,0.9825,0.996,0.996,0.9995,0,0.9665,0.9805,0.9965,10075.997350033334,321.64599999999996,2,1
0.0205,0.02,0.015,0.024,0.019,0.0195,0.0195,0.0175,0.017,0.017,0.0035,0.0035,0.0025,0.0005,0,0.02,0.022,0.001,10075.764164466667,649.688,2,0
0.495,0.0265,0.0185,0.0145,0.01,0.004,0.0035,0.004,0.0025,0.0025,0.002,0.0015,0.0005,0.0005,0,0.0245,0.004,0.0005,10075.93420385,508.39916200000005,2,0
0.0195,0.005,0.0005,0.0005,0.0005,0.0005,0.0005,0.0005,0.0005,0.0005,0.0005,0.0005,0.0005,0.0005,0,0.019,0.0005,0.0005,10076.7828696,586.6944999999998,2,0
0.495,0.026,0.024,0.0155,0.027,0.006,0.005,0.0045,0.0075,0.006,0.002,0.0015,0.0005,0.0005,0,0.026,0.0075,0.0005,10074.465533716666,1078.943,2,0
0.5,0.9845,0.9845,0.98,0.983,0.983,0.986,0.9855,0.988,0.9905,0.997,0.997,0.9995,0.9995,0,0.9795,0.985,0.9995,10068.44514755,751.7597499999999,2,1
0.77,0.83,0.82,0.825,0.91,0.94,0.915,0.955,0.93,0.978,0.9595,0.972,0.994,0.9995,0,0.8,0.915,0.9795,10075.018566883335,6984.704906000002,2,1
0.015,0.0145,0.0135,0.0145,0.4755,0.4755,0.009,0.0095,0.007,0.0005,0.0005,0.0005,0.0005,0.0005,0,0.015,0.007,0.0005,10066.633842849998,1405.0,2,0
0.015,0.015,0.0195,0.3495,0.4795,0.4485,0.019,0.0185,0.0005,0.0005,0.0005,0.0005,0.0005,0.0005,0,0.015,0.0195,0.0005,10069.928949316667,1300.0,2,0
0.5,0.9825,0.983,0.9805,0.9965,0.9965,0.986,0.9835,0.9835,0.985,0.9965,0.9965,0.9995,0.9995,0,0.9825,0.9835,0.9995,10075.565558833334,194.169,2,1
0.48,0.815,0.83,0.78,0.85,0.85,0.89,0.94,0.9565,0.9535,0.976,0.9785,0.9845,0.997,1,0.835,0.935,0.9845,10074.400537183334,1929.8725730000003,2,1
0.25,0.25,0.25,0.015,0.0145,0.474,0.4715,0.4705,0.008,0.0075,0.0005,0.0005,0.0005,0.0005,0,0.25,0.473,0.0005,10073.932354433335,3410.454175,2,0
0.24,0.24,0.24,0.545,0.63,0.48,0.475,0.58,0.74,0.87,0.915,0.95,0.9795,0.989,21,0.24,0.48,0.979,10073.691794016666,5663.961227,2,1
0.25,0.25,0.255,0.2565,0.0155,0.2555,0.016,0.0015,0.0015,0.0005,0.0005,0.0005,0.0005,0.0005,0,0.25,0.0015,0.0005,10073.239590300002,468.4103,2,0
0.045,0.075,0.11,0.175,0.155,0.27,0.125,0.455,0.43,0.26,0.025,0.0255,0.018,0.0045,0,0.07,0.12,0.0075,10074.02752415,2534.888679,2,0
0.015,0.015,0.015,0.0235,0.0195,0.0195,0.0145,0.015,0.4425,0.008,0.0025,0.002,0.0005,0.0005,0,0.015,0.015,0.0005,10073.47743495,578.818166,2,0
0.5,0.9845,0.9845,0.9785,0.979,0.97,0.9845,0.978,0.9775,0.9785,0.9945,0.996,0.9965,0.999,0,0.9845,0.9845,0.9965,10077.075762933333,1158.562528,2,1
0.015,0.015,0.015,0.0175,0.01,0.012,0.0045,0.0035,0.0035,0.002,0.0005,0.0005,0.0005,0.0005,0,0.015,0.0045,0.0005,10077.10523405,788.5318570000002,2,0
0.0155,0.015,0.0155,0.015,0.014,0.25,0.015,0.0145,0.013,0.0115,0.0045,0.003,0.0005,0.0005,0,0.0155,0.014,0.0005,10072.830968866667,399.078,2,0
0.042,0.051,0.038,0.0255,0.0225,0.2595,0.02,0.054,0.016,0.0245,0.0155,0.0015,0.0025,0.0005,0,0.2595,0.0265,0.0015,10072.399096500001,6047.740676,2,0
0.505,0.985,0.985,0.983,0.9845,0.9825,0.9855,0.9855,0.9855,0.9875,0.995,0.9965,0.9995,0.9995,0,0.985,0.985,0.9995,10076.503763966666,596.318,2,1
0.495,0.0385,0.0485,0.044,0.0365,0.0285,0.0235,0.017,0.0165,0.0145,0.012,0.0105,0.003,0.0005,0,0.056,0.024,0.0025,10075.454704233332,8054.078087000003,2,0
0.15,0.025,0.02,0.0155,0.015,0.015,0.014,0.008,0.0045,0.0055,0.0035,0.0005,0.0005,0.0005,0,0.48,0.014,0.0005,9613.8959901,1911.342478,2,0
0.515,0.9995,0.9995,0.9995,0.986,0.987,0.9835,0.9885,0.9885,0.9835,0.997,0.9995,0.9995,0.9995,0,0.9995,0.9855,0.9995,9667.132498633333,1331.9360000000001,2,1
0.495,0.02,0.0195,0.0195,0.0195,0.0155,0.015,0.015,0.0145,0.014,0.003,0.0005,0.0005,0.0005,0,0.48,0.014,0.0005,9621.63454355,825.200324,2,0
0.015,0.0165,0.0165,0.0195,0.0195,0.2495,0.0195,0.015,0.015,0.0155,0.0155,0.0035,0.003,0.0005,0,0.017,0.0195,0.0015,10071.82248715,15398.370450999997,2,0
0.015,0.015,0.015,0.0195,0.0195,0.0195,0.0195,0.26,0.016,0.0005,0.0005,0.0005,0.0005,0.0005,0,0.015,0.0195,0.0005,10072.14448135,1174.827666,2,0
0.985,0.9795,0.9805,0.9805,0.9855,0.9855,0.9845,0.9845,0.983,0.979,0.985,0.9995,0.9995,0.9995,0,0.985,0.9845,0.9995,10071.997557383333,681.256735,2,1
0.0145,0.0005,0.0005,0.0005,0.0005,0.0005,0.014,0.014,0.014,0.0155,0.0015,0.0005,0.0005,0.0005,0,0.0145,0.014,0.0005,10070.810556,995.2671750000001,2,0
0.0145,0.0155,0.0155,0.0195,0.015,0.0175,0.0145,0.0145,0.014,0.0135,0.0005,0.0005,0.0005,0.0005,0,0.015,0.014,0.0005,10069.280013466667,1351.834,2,0
0.17,0.225,0.15,0.09,0.04,0.037,0.0265,0.042,0.056,0.213,0.1325,0.041,0.022,0.0035,0,0.17,0.0305,0.022,10069.209086816667,5677.625690999999,2,0
0.51,0.9995,0.9995,0.9995,0.9995,0.9995,0.9995,0.9995,0.5055,0.9835,0.996,0.9995,0.9995,0.9995,0,0.9995,0.9995,0.9995,10075.813312866667,376.16151,2,1
0.265,0.235,0.11,0.15,0.15,0.145,0.415,0.375,0.395,0.25,0.12,0.105,0.033,0.005,6,0.23,0.3,0.0155,10070.40820695,5919.854914999999,2,0
0.24,0.014,0.0155,0.0195,0.0145,0.24,0.0145,0.0075,0.01,0.0045,0.004,0.0035,0.0005,0.0005,0,0.0145,0.0065,0.0005,10074.5948763,1966.038,2,0
0.5,0.765,0.66,0.785,0.74,0.755,0.6,0.635,0.65,0.52,0.68,0.865,0.8125,0.974,4,0.565,0.67,0.8125,10073.959219216666,4033.9362730000007,2,1
0.25,0.016,0.0125,0.015,0.019,0.0055,0.011,0.0055,0.005,0.006,0.0035,0.0005,0.0005,0.0005,0,0.026,0.0055,0.0005,10073.506527633332,2611.1954979999996,2,0
0.5,0.0155,0.022,0.017,0.017,0.0115,0.0125,0.0075,0.0065,0.0155,0.002,0.002,0.0005,0.0005,1,0.025,0.013,0.0005,10075.647217333335,23232.866832000007,2,0
0.495,0.0145,0.0055,0.0045,0.003,0.0005,0.0005,0.0005,0.0005,0.0005,0.002,0.001,0.003,0.0025,0,0.0245,0.0005,0.0015,10076.0130649,698.6511439999998,2,0
0.9805,0.9995,0.9995,0.9845,0.9925,0.9855,0.9845,0.9945,0.9995,0.9995,0.9995,0.9995,0.9995,0.9995,0,0.9995,0.9835,0.9995,10067.487901499999,7312.691610000001,2,1
0.62,0.68,0.77,0.85,0.85,0.795,0.92,0.92,0.9775,0.9855,0.98,0.9845,0.97,0.9855,0,0.625,0.92,0.9965,10060.54684975,15947.175840000005,2,1
0.0195,0.011,0.006,0.009,0.0045,0.009,0.0045,0.0015,0.0015,0.0005,0.0005,0.0005,0.0005,0.0005,0,0.013,0.004,0.0005,10073.559211516667,2328.9293749999997,2,0
0.375,0.355,0.325,0.125,0.145,0.265,0.15,0.07,0.034,0.0225,0.0125,0.0285,0.0115,0.0085,0,0.345,0.1,0.01,10068.174992366667,6924.257933999999,2,0
0.0195,0.2545,0.012,0.005,0.0005,0.0005,0.0005,0.0005,0.0005,0.0015,0.003,0.003,0.0005,0.0005,0,0.2545,0.0005,0.0005,10069.0403791,1163.4060000000002,2,0
0.505,0.975,0.98,0.9805,0.9815,0.9825,0.5625,0.9995,0.9995,0.9995,0.9995,0.9995,0.9995,0.9995,0,0.975,0.9895,0.9995,10075.949106933334,6190.639511999999,2,1
0.15,0.0195,0.0195,0.0145,0.014,0.01,0.01,0.0035,0.0035,0.0005,0.0005,0.001,0.0005,0.0005,0,0.02,0.0035,0.0005,10067.814232583334,18273.419589,2,0
0.05,0.255,0.025,0.02,0.0195,0.0195,0.0195,0.0195,0.0195,0.0135,0.004,0.004,0.0025,0.0005,0,0.06,0.0195,0.0025,10072.055380033333,3102.4542890000002,2,0
0.26,0.26,0.0195,0.015,0.0195,0.2645,0.0195,0.014,0.0155,0.0145,0.0035,0.0035,0.001,0.0005,0,0.26,0.015,0.001,10071.5477043,346.142,2,0
0.495,0.465,0.48,0.455,0.0195,0.0195,0.0195,0.019,0.0135,0.0145,0.0035,0.0015,0.0005,0.0005,0,0.47,0.0195,0.0005,10067.922754700001,3053.1471570000003,2,0
0.495,0.015,0.015,0.027,0.015,0.0165,0.016,0.006,0.006,0.003,0.0185,0.0055,0.0095,0.0005,0,0.479,0.016,0.0045,10067.524188533334,9069.301832,2,0
0.51,0.985,0.983,0.978,0.9835,0.983,0.9845,0.9845,0.9835,0.9835,0.9995,0.9995,0.9995,0.9995,0,0.985,0.9845,0.9995,10076.37938485,4739.59,2,1
0.495,0.165,0.145,0.105,0.09,0.07,0.205,0.17,0.065,0.05,0.075,0.059,0.203,0.5475,1,0.22,0.205,0.105,10076.466276133335,99793.93197000002,2,0
0.0195,0.0195,0.014,0.022,0.0195,0.0215,0.0005,0.0005,0.0005,0.0005,0.0005,0.0005,0.0005,0.0005,0,0.0195,0.0005,0.0005,10067.030996533334,10.0,2,0
0.235,0.27,0.175,0.2,0.0595,0.4455,0.35,0.3515,0.039,0.0365,0.108,0.079,0.012,0.0015,2,0.29,0.3355,0.011,10066.639104833333,5168.655616000002,2,0
0.0195,0.0195,0.0195,0.0195,0.0195,0.021,0.0195,0.349,0.0155,0.015,0.0035,0.0005,0.0005,0.0005,0,0.0195,0.0195,0.0005,10066.070358783332,1368.9672,2,0
0.5,0.986,0.991,0.9865,0.9865,0.9865,0.9865,0.9865,0.9835,0.9995,0.9995,0.9995,0.9995,0.9995,0,0.9855,0.9865,0.9995,10076.078764150001,3115.2654,2,1
0.5,0.0155,0.013,0.0165,0.0165,0.0165,0.0005,0.0005,0.0005,0.0005,0.0005,0.0005,0.0005,0.0005,1,0.016,0.0005,0.0005,10075.814682466667,100.005,2,0
0.5,0.995,0.995,0.995,0.981,0.9775,0.9805,0.978,0.985,0.983,0.9995,0.9975,0.9995,0.9995,0,0.935,0.9805,0.9995,10074.892553566666,12945.977231,2,1
0.15,0.022,0.0005,0.0005,0.0005,0.0005,0.0195,0.006,0.003,0.003,0.0015,0.0005,0.0005,0.0005,0,0.035,0.016,0.0005,10075.4690346,2557.496,2,0
0.235,0.26,0.0145,0.0195,0.0195,0.349,0.0195,0.4795,0.0195,0.005,0.0005,0.0005,0.0005,0.0005,0,0.165,0.0195,0.0005,10070.9803079,114.956333,2,0
0.26,0.0005,0.0005,0.0005,0.0005,0.0005,0.0145,0.0155,0.015,0.0145,0.007,0.003,0.0015,0.0005,0,0.0005,0.0145,0.0005,10070.163268583334,194.30816600000003,2,0
0.26,0.0245,0.0195,0.0195,0.016,0.016,0.016,0.3355,0.016,0.016,0.004,0.005,0.0055,0.0005,0,0.024,0.016,0.0055,10072.679003583333,1358.0231,2,0
0.26,0.031,0.021,0.02,0.0195,0.016,0.0155,0.016,0.0155,0.0155,0.0065,0.004,0.004,0.003,0,0.03,0.016,0.004,10071.94379255,5378.801838000001,2,0
0.505,0.9955,0.987,0.9875,0.987,0.987,0.987,0.987,0.987,0.986,0.9995,0.9995,0.9995,0.9995,0,0.9855,0.987,0.9995,10077.108744316667,2265.003285,2,1
0.5,0.78,0.695,0.67,0.8,0.735,0.89,0.86,0.91,0.745,0.74,0.8,0.985,0.995,4,0.765,0.845,0.995,10076.093262,3894.0680210000005,2,1
0.495,0.0155,0.017,0.005,0.005,0.005,0.0045,0.0035,0.0015,0.0005,0.0005,0.0005,0.0005,0.0005,0,0.0195,0.0035,0.0005,10076.926276150001,1795.034951,2,0
0.5,0.0155,0.015,0.0195,0.022,0.349,0.0195,0.0185,0.0185,0.015,0.0045,0.0045,0.0005,0.0005,1,0.0155,0.0195,0.0005,10075.764127283333,1866.03,2,0
0.955,0.961,0.9615,0.9795,0.978,0.984,0.975,0.979,0.981,0.9825,0.9825,0.989,0.996,0.998,0,0.961,0.979,0.998,10075.88545445,10927.15234,2,1
0.04,0.0445,0.0375,0.026,0.0275,0.028,0.019,0.016,0.016,0.015,0.015,0.0145,0.01,0.0055,0,0.0445,0.016,0.01,10072.6498038,4616.226,2,0
0.015,0.0155,0.002,0.0185,0.018,0.0445,0.0155,0.0135,0.014,0.014,0.006,0.0045,0.004,0.0005,0,0.015,0.013,0.0045,10072.08798,442.501375,2,0
0.5,0.0065,0.006,0.016,0.003,0.0005,0.0005,0.0005,0.0005,0.0005,0.0005,0.0005,0.0005,0.0005,1,0.0065,0.0005,0.0005,10075.451326949998,873.2582729999999,2,0
0.045,0.075,0.105,0.095,0.0415,0.0355,0.0555,0.0345,0.026,0.02,0.0085,0.0035,0.009,0.008,0,0.06,0.0345,0.009,10076.91870385,16340.240753000002,2,0
0.15,0.0015,0.001,0.0005,0.0005,0.0005,0.0005,0.0005,0.0005,0.0005,0.0005,0.0005,0.0005,0.0005,0,0.0045,0.0005,0.0005,10076.4865025,664.796881,2,0
0.05,0.0975,0.071,0.0235,0.047,0.398,0.0805,0.0505,0.3545,0.0415,0.0125,0.025,0.0075,0.0005,2,0.083,0.0425,0.0105,10068.564857933332,32262.978569,2,0
0.019,0.013,0.0105,0.0065,0.0065,0.009,0.009,0.009,0.005,0.001,0.0005,0.0005,0.0005,0.0005,0,0.013,0.009,0.0005,10068.811474033333,390.876309,2,0
0.05,0.0735,0.0565,0.038,0.041,0.122,0.063,0.048,0.068,0.038,0.0345,0.024,0.0165,0.0005,0,0.1025,0.0325,0.0065,10072.276803683333,14432.445464000028,2,0
0.9755,0.981,0.9855,0.981,0.9855,0.983,0.987,0.985,0.9855,0.9835,0.995,0.9975,0.9995,0.9995,0,0.981,0.9855,0.9995,10069.872594049999,405.473517,2,1
0.495,0.017,0.017,0.0105,0.0105,0.0105,0.0105,0.0105,0.0105,0.0105,0.004,0.0025,0.001,0.0005,0,0.017,0.0105,0.004,10075.605127416668,12025.627332999997,2,0
0.505,0.9835,0.9835,0.9895,0.9895,0.9895,0.9895,0.9875,0.9835,0.9835,0.996,0.9985,0.9995,0.9995,0,0.9835,0.985,0.9995,10071.453338233334,4783.904,2,1
0.0195,0.015,0.019,0.015,0.0145,0.0145,0.0045,0.0085,0.009,0.0035,0.0035,0.0005,0.0005,0.0005,0,0.015,0.0045,0.0005,10071.615293366665,1396.062665,2,0
0.25,0.0195,0.015,0.0185,0.011,0.007,0.0075,0.0055,0.0055,0.003,0.003,0.0005,0.0005,0.0005,0,0.0195,0.0055,0.0005,10071.2888257,417.85833099999996,2,0
0.25,0.0155,0.015,0.016,0.016,0.013,0.0125,0.2935,0.012,0.0095,0.007,0.0005,0.0005,0.0005,0,0.0155,0.011,0.0005,10071.4214469,692.957208,2,0
0.465,0.33,0.44,0.48,0.505,0.285,0.42,0.56,0.39,0.14,0.265,0.225,0.0695,0.012,12,0.465,0.535,0.0445,10070.549704083332,9510.809715999998,2,0
0.02,0.0195,0.0195,0.0195,0.0245,0.0195,0.019,0.0135,0.0025,0.002,0.002,0.002,0.0005,0.0005,0,0.0195,0.015,0.0005,10070.045628933332,758.9135999999999,2,0
0.98,0.985,0.9805,0.9805,0.9895,0.985,0.985,0.985,0.985,0.9855,0.9955,0.999,0.9995,0.9995,0,0.985,0.985,0.9995,10076.672736333334,2463.6113330000003,2,1
0.02,0.0165,0.016,0.019,0.019,0.0105,0.0105,0.0095,0.0145,0.0015,0.0015,0.0005,0.0005,0.0005,0,0.0165,0.0085,0.0005,10075.503054433333,2558.3526659999998,2,0
0.255,0.016,0.016,0.0195,0.0195,0.016,0.016,0.016,0.0155,0.0095,0.0145,0.005,0.0005,0.0005,0,0.016,0.0155,0.0005,10044.0280287,46214.886039000005,2,0
0.255,0.0565,0.0395,0.0395,0.037,0.0295,0.027,0.029,0.0295,0.0165,0.076,0.0415,0.0165,0.002,0,0.0585,0.0195,0.0135,10043.308462966666,23222.909581,2,0
0.505,0.985,0.985,0.982,0.995,0.995,0.9855,0.985,0.9865,0.9855,0.9955,0.9995,0.9995,0.9995,0,0.985,0.985,0.9995,10054.24437455,2313.384352,2,1
0.155,0.075,0.0415,0.03,0.039,0.0315,0.046,0.0535,0.0105,0.0235,0.0895,0.0325,0.0165,0.001,0,0.07,0.046,0.0145,10076.681867683334,12349.069734000004,2,0
0.255,0.48,0.5,0.355,0.49,0.5,0.445,0.515,0.43,0.235,0.54,0.66,0.032,0.019,16,0.475,0.45,0.014,10070.9699408,3547.250220000002,2,0
0.53,0.38,0.365,0.43,0.485,0.485,0.545,0.465,0.475,0.75,0.55,0.375,0.945,0.9775,12,0.46,0.53,0.9565,10071.153013766667,6489.913577000003,2,1
0.255,0.0195,0.0195,0.0195,0.0195,0.0195,0.0145,0.008,0.008,0.0015,0.001,0.0005,0.0005,0.0005,0,0.0195,0.0145,0.0005,10070.556538666666,2727.540358,2,0
0.972,0.926,0.9195,0.9335,0.972,0.975,0.9705,0.9705,0.9725,0.9725,0.986,0.9795,0.9945,0.9995,0,0.9315,0.9705,0.999,10077.2421919,16630.233998000007,2,1
0.0195,0.015,0.015,0.0195,0.0195,0.0195,0.0195,0.0195,0.0145,0.015,0.005,0.001,0.0005,0.0005,0,0.0065,0.019,0.0005,10075.7444757,1473.0320000000004,2,0
0.255,0.0245,0.0245,0.0155,0.015,0.0135,0.006,0.006,0.006,0.006,0.0055,0.0015,0.0005,0.0005,0,0.025,0.006,0.0005,10072.821365266665,5321.027,2,0
0.255,0.175,0.185,0.04,0.0395,0.207,0.0145,0.0145,0.0225,0.022,0.0155,0.013,0.004,0.0015,0,0.155,0.0145,0.004,10072.889056883334,3963.4486119999992,2,0
0.5,0.985,0.979,0.9945,0.984,0.98,0.9845,0.984,0.9835,0.9955,0.9955,0.9995,0.9995,0.9995,0,0.985,0.984,0.9995,10076.56147065,1116.4543330000001,2,1
0.5,0.73,0.76,0.445,0.43,0.33,0.545,0.545,0.585,0.485,0.76,0.845,0.4,0.125,7,0.695,0.53,0.41,10077.229525783334,3530.219904,2,0
0.495,0.02,0.015,0.0195,0.0145,0.015,0.0155,0.0025,0.0025,0.0025,0.0005,0.0005,0.0005,0.0005,0,0.02,0.0145,0.0005,10045.078205,776.6212,2,0
0.495,0.025,0.015,0.015,0.0205,0.0195,0.016,0.016,0.02,0.0185,0.004,0.003,0.0005,0.0005,0,0.04,0.016,0.0005,10047.478044233334,1464.071671,2,0
0.02,0.0275,0.0235,0.036,0.0395,0.035,0.039,0.006,0.016,0.0115,0.0105,0.0125,0.013,0.002,0,0.0255,0.015,0.013,10071.015964433334,10760.90269,2,0
0.0195,0.035,0.2535,0.0195,0.0195,0.0155,0.0155,0.0125,0.0065,0.0055,0.0035,0.004,0.0025,0.0005,0,0.0195,0.0125,0.0015,10071.115474049999,1850.3070000000002,2,0
0.2545,0.25,0.0195,0.0195,0.0195,0.015,0.0155,0.0135,0.0055,0.006,0.005,0.003,0.003,0.0005,0,0.0195,0.0145,0.0005,10071.277776516667,1943.891546,2,0
0.5,0.017,0.014,0.0155,0.0165,0.0075,0.0145,0.005,0.0075,0.0045,0.003,0.001,0.0015,0.0005,1,0.0155,0.0075,0.0015,10069.671870733333,17115.047611999988,2,0
0.445,0.0155,0.014,0.0155,0.018,0.02,0.007,0.0105,0.009,0.0135,0.0045,0.0015,0.001,0.001,0,0.0155,0.0025,0.001,10075.320266616667,10026.051957999991,2,0
0.5,0.9845,0.9805,0.9805,0.981,0.989,0.9955,0.9955,0.9985,0.9995,0.9995,0.9995,0.9995,0.9995,0,0.9845,0.9955,0.9995,10062.236169150001,1741.209122,2,1
0.75,0.735,0.7,0.71,0.665,0.775,0.71,0.425,0.4,0.48,0.535,0.595,0.74,0.42,7,0.68,0.44,0.715,10075.536885450001,15810.654458,2,0
0.5,0.02,0.0195,0.02,0.0225,0.016,0.011,0.014,0.0015,0.002,0.002,0.002,0.0015,0.0005,1,0.02,0.013,0.0005,10064.310659866667,4705.10575,2,0
0.0195,0.006,0.0155,0.0195,0.3445,0.0155,0.0125,0.009,0.0085,0.003,0.001,0.001,0.001,0.0005,0,0.0195,0.011,0.0005,10074.297560816667,3653.6059999999998,2,0
0.0195,0.0195,0.0195,0.0195,0.0195,0.0195,0.0125,0.012,0.0085,0.0015,0.0005,0.0005,0.0005,0.0005,0,0.0195,0.012,0.0005,10073.244154866667,1623.762757,2,0
0.04,0.033,0.036,0.0205,0.0155,0.0215,0.014,0.0285,0.0205,0.251,0.0185,0.021,0.0065,0.0005,0,0.031,0.0205,0.0065,10073.21807805,3959.5969360000004,2,0
0.02,0.0195,0.02,0.2495,0.019,0.349,0.349,0.3455,0.014,0.251,0.0005,0.0005,0.0005,0.0005,0,0.02,0.0185,0.0005,10073.020997983334,892.007036,2,0
0.5,0.985,0.984,0.9805,0.981,0.981,0.9845,0.985,0.9975,0.9965,0.999,0.9995,0.9995,0.9995,0,0.9805,0.9825,0.9995,10075.041807616666,2191.8067130000004,2,1
0.5,0.0275,0.026,0.0245,0.0015,0.0135,0.0165,0.016,0.0155,0.003,0.0005,0.0025,0.0005,0.001,1,0.0265,0.017,0.0005,10076.896689533334,14832.693912,2,0
0.0155,0.015,0.015,0.0155,0.0155,0.0155,0.015,0.015,0.015,0.0125,0.0045,0.002,0.0005,0.0005,0,0.015,0.015,0.0005,10074.667226283334,4814.92,2,0
0.033,0.025,0.026,0.012,0.023,0.024,0.0205,0.0195,0.013,0.0115,0.004,0.0045,0.0005,0.0005,0,0.0275,0.0205,0.0005,10074.43824195,4893.756665,2,0
0.9745,0.985,0.9875,0.9945,0.985,0.988,0.9855,0.9845,0.994,0.9995,0.9995,0.9995,0.9995,0.9995,0,0.9845,0.9845,0.9995,10075.322351550001,4401.5709400000005,2,1
0.195,0.17,0.18,0.14,0.105,0.15,0.1,0.05,0.056,0.061,0.0405,0.0185,0.0045,0.0005,0,0.18,0.1,0.0015,10076.88988815,18431.55675000001,2,0
0.49,0.0155,0.0015,0.0015,0.0015,0.0015,0.0015,0.0015,0.0015,0.001,0.001,0.001,0.0005,0.0005,0,0.015,0.0015,0.0005,10072.606041949999,1363.971,2,0
0.49,0.255,0.125,0.13,0.15,0.095,0.07,0.085,0.0665,0.03,0.0315,0.03,0.017,0.003,0,0.26,0.0865,0.0175,10072.222826883333,4828.56525,2,0
0.185,0.0255,0.043,0.0385,0.013,0.0145,0.0225,0.0165,0.0185,0.3485,0.0195,0.009,0.0055,0.0005,0,0.0235,0.0165,0.0015,10072.421128433334,4128.640639,2,0
0.5,0.775,0.63,0.68,0.72,0.675,0.63,0.81,0.77,0.54,0.8,0.865,0.7015,0.0945,1,0.795,0.745,0.3345,10076.96026805,26572.37463900001,2,0
0.5,0.0155,0.0155,0.022,0.0195,0.0155,0.0155,0.015,0.0095,0.001,0.001,0.0005,0.0005,0.0005,1,0.017,0.0155,0.0005,10076.747697149998,2577.355231,2,0
0.065,0.106,0.21,0.198,0.3255,0.2825,0.304,0.316,0.3345,0.1905,0.2205,0.4205,0.0705,0.006,0,0.065,0.2745,0.018,10064.798581633333,7086.140911000001,2,0
0.016,0.0155,0.0145,0.0195,0.0195,0.3325,0.0195,0.03,0.015,0.015,0.001,0.001,0.0005,0.0005,0,0.0155,0.349,0.0005,10064.1467817,2068.8962,2,0
0.9845,0.984,0.9845,0.9805,0.9805,0.9755,0.9805,0.9805,0.9845,0.9845,0.982,0.996,0.996,0.9995,0,0.984,0.9805,0.9995,10069.9701438,715.9040000000001,2,1
0.0335,0.025,0.021,0.0065,0.0175,0.018,0.016,0.016,0.0065,0.006,0.0015,0.001,0.0005,0.0005,0,0.029,0.0185,0.0005,10068.355183950001,2015.7388959999998,2,0
0.0145,0.014,0.016,0.0195,0.0065,0.0065,0.0155,0.0145,0.016,0.0065,0.0055,0.0005,0.001,0.0005,0,0.014,0.017,0.0005,10076.6827067,1682.6630000000002,2,0
0.86,0.925,0.935,0.89,0.78,0.79,0.7,0.73,0.735,0.73,0.705,0.915,0.9525,0.808,0,0.89,0.7,0.9765,10075.904573733333,14817.501323000006,2,1
0.13,0.0585,0.052,0.0865,0.208,0.208,0.301,0.2765,0.2605,0.2655,0.2905,0.0755,0.0525,0.0335,0,0.077,0.3065,0.039,10072.635076633333,6766.103576000004,2,0
0.0155,0.016,0.0155,0.0195,0.019,0.0195,0.0175,0.018,0.0095,0.0095,0.0005,0.0015,0.0005,0.0005,0,0.021,0.018,0.0005,10071.87841015,1264.426,2,0
0.0145,0.013,0.011,0.003,0.0185,0.0195,0.0155,0.0075,0.002,0.002,0.002,0.0015,0.001,0.0005,0,0.013,0.0195,0.0005,10071.17763535,797.4506,2,0
0.0325,0.025,0.0185,0.028,0.023,0.026,0.0195,0.3475,0.0125,0.011,0.0145,0.0075,0.0015,0.0005,0,0.0275,0.0195,0.0015,10044.711528016667,1067.7700000000002,2,0
0.0165,0.0155,0.015,0.02,0.0195,0.0175,0.018,0.0195,0.0015,0.0015,0.0015,0.001,0.001,0.0005,0,0.016,0.0195,0.001,10044.847226066666,1680.631,2,0
0.9805,0.981,0.986,0.994,0.9845,0.9845,0.9845,0.9845,0.9855,0.985,0.9945,0.995,0.9985,0.9995,0,0.981,0.9845,0.9995,10072.922553616667,1926.4655,2,1
0.5,0.0285,0.0245,0.0285,0.023,0.0205,0.0195,0.023,0.015,0.0135,0.0055,0.006,0.0005,0.0005,1,0.0345,0.0195,0.0005,10075.440597783334,1093.305,2,0
0.495,0.0125,0.003,0.003,0.003,0.003,0.0025,0.0025,0.0015,0.0005,0.0005,0.0005,0.0005,0.0005,0,0.01,0.0025,0.0005,10075.959114916668,1364.3924329999998,2,0
0.5,0.335,0.255,0.175,0.28,0.22,0.095,0.0435,0.018,0.0095,0.0095,0.0005,0.002,0.0005,3,0.52,0.04,0.0015,10075.893150466667,7890.982241,2,0
0.49,0.011,0.0105,0.0105,0.0085,0.0035,0.0035,0.003,0.0025,0.0025,0.002,0.0015,0.0005,0.0005,0,0.011,0.003,0.0005,10076.1082496,1972.1092500000002,2,0
0.485,0.015,0.0155,0.03,0.0195,0.0135,0.014,0.014,0.016,0.016,0.009,0.006,0.004,0.0005,0,0.175,0.015,0.002,10056.351380316666,2437.3989869999996,2,0
0.485,0.0615,0.1245,0.0685,0.0545,0.3465,0.075,0.028,0.0235,0.018,0.0015,0.007,0.0015,0.001,0,0.19,0.058,0.0015,10055.51615855,4854.548385,2,0
0.505,0.9805,0.9805,0.977,0.9805,0.9815,0.9805,0.9815,0.9845,0.999,0.999,0.999,0.9995,0.9995,0,0.975,0.981,0.9995,10076.664944783332,1032.7839,2,1
0.495,0.023,0.037,0.0335,0.0215,0.024,0.0205,0.0195,0.018,0.007,0.006,0.011,0.002,0.001,0,0.03,0.02,0.002,10076.059534383334,1739.4900000000002,2,0
0.955,0.9895,0.989,0.9855,0.9855,0.9965,0.997,0.997,0.9995,0.9995,0.9995,0.9995,0.9995,0.9995,0,0.985,0.997,0.9995,10076.246628266666,3446.238449,2,1
0.5,0.445,0.37,0.3,0.565,0.605,0.495,0.66,0.63,0.335,0.195,0.05,0.0065,0.0005,11,0.395,0.6,0.004,10075.615373899998,15347.051455999996,2,0
0.425,0.395,0.011,0.002,0.006,0.002,0.005,0.002,0.002,0.0015,0.0015,0.0015,0.0005,0.0005,0,0.395,0.002,0.0005,10066.988184866666,3846.525592,2,0
0.49,0.395,0.44,0.46,0.38,0.375,0.44,0.34,0.375,0.65,0.75,0.76,0.9,0.995,1,0.395,0.38,0.974,10066.554269533333,11801.009712000005,2,1
0.425,0.395,0.016,0.0165,0.02,0.0085,0.0065,0.0065,0.0065,0.006,0.0035,0.003,0.0005,0.0005,0,0.395,0.0065,0.0005,10066.018182266667,3350.0840000000003,2,0
0.405,0.016,0.0165,0.02,0.02,0.02,0.02,0.0195,0.0095,0.0125,0.01,0.001,0.0005,0.0005,0,0.405,0.019,0.0005,10064.149207316666,2319.3659999999995,2,0
0.405,0.0165,0.017,0.0205,0.0205,0.02,0.0205,0.02,0.008,0.009,0.004,0.003,0.0005,0.0005,0,0.405,0.0195,0.0005,10063.192501250001,0.0,2,0
0.25,0.49,0.485,0.41,0.345,0.3,0.59,0.625,0.52,0.7,0.645,0.275,0.1,0.0035,16,0.515,0.51,0.04,10077.14724235,7816.982152,2,0
0.495,0.021,0.0205,0.0205,0.0205,0.02,0.0205,0.006,0.0035,0.003,0.004,0.0015,0.0005,0.0005,0,0.03,0.02,0.0005,10076.519097216666,0.0,2,0
0.034,0.028,0.0245,0.026,0.023,0.0205,0.021,0.0205,0.022,0.016,0.011,0.0015,0.0005,0.0005,0,0.0415,0.021,0.0005,10065.82383055,0.0,2,0
0.145,0.017,0.017,0.1195,0.0205,0.0205,0.0205,0.4665,0.02,0.016,0.0025,0.0005,0.0005,0.0005,0,0.115,0.0205,0.0005,10065.65703205,0.0,2,0
0.865,0.9805,0.98,0.981,0.98,0.9855,0.9885,0.988,0.989,0.9975,0.998,0.999,0.9995,0.9995,0,0.98,0.9815,0.9995,10076.882413649999,0.0,2,1
0.06,0.0205,0.02,0.017,0.017,0.0165,0.0165,0.0165,0.016,0.006,0.0105,0.0005,0.0005,0.0005,0,0.028,0.016,0.0005,10076.819306899999,0.0,2,0
0.495,0.085,0.019,0.018,0.011,0.0115,0.0075,0.014,0.008,0.004,0.005,0.001,0.0005,0.0005,0,0.095,0.0085,0.0005,10058.977860633335,0.0,2,0
0.4,0.46,0.44,0.43,0.47,0.45,0.455,0.53,0.56,0.535,0.41,0.345,0.345,0.024,12,0.225,0.5,0.12,10058.4889391,0.0,2,0
0.023,0.0955,0.0175,0.017,0.016,0.016,0.0155,0.02,0.0135,0.013,0.0005,0.0005,0.0005,0.0005,0,0.0955,0.0145,0.0005,10057.973515583335,0.0,2,0
0.03,0.019,0.0205,0.0205,0.0205,0.0205,0.0205,0.0065,0.0065,0.0075,0.0045,0.003,0.0005,0.0005,0,0.0255,0.0205,0.0005,10073.835592016667,0.0,2,0
0.975,0.975,0.9805,0.9795,0.9795,0.9795,0.9795,0.979,0.979,0.9885,0.9865,0.9965,0.9995,0.9995,0,0.974,0.9795,0.9995,10074.058976316668,0.0,2,1
0.98,0.9735,0.982,0.9685,0.9785,0.9795,0.9835,0.984,0.984,0.9835,0.984,0.9905,0.9995,0.9995,0,0.9735,0.984,0.9995,10074.415389833333,0.0,2,1
0.025,0.0285,0.02,0.0195,0.02,0.0195,0.02,0.0195,0.017,0.016,0.0005,0.0005,0.0005,0.0005,0,0.032,0.0195,0.0005,10070.890783949999,0.0,2,0
0.02,0.038,0.0195,0.018,0.0215,0.0205,0.0165,0.0165,0.016,0.0175,0.0175,0.01,0.003,0.002,0,0.0415,0.0165,0.0005,10061.589985166667,0.0,2,0
0.045,0.085,0.025,0.0235,0.022,0.021,0.0215,0.021,0.0205,0.02,0.02,0.006,0.003,0.0005,0,0.045,0.0215,0.0005,10060.955851366665,0.0,2,0
0.49,0.29,0.235,0.245,0.445,0.465,0.485,0.54,0.475,0.505,0.665,0.71,0.88,0.059,22,0.235,0.55,0.93,10053.808689916668,0.0,2,0
0.49,0.425,0.455,0.46,0.38,0.375,0.375,0.405,0.455,0.465,0.26,0.245,0.105,0.9425,11,0.43,0.375,0.07,10053.707836433334,0.0,2,1
0.49,0.015,0.015,0.0175,0.015,0.015,0.0105,0.008,0.004,0.006,0.0055,0.005,0.0005,0.0005,0,0.0145,0.0105,0.0005,10053.286641783334,0.0,2,0
0.5,0.9845,0.9835,0.972,0.9775,0.976,0.9785,0.979,0.983,0.9825,0.9845,0.994,0.9975,0.999,0,0.9855,0.9045,0.9985,10051.381689833333,0.0,2,1
0.5,0.019,0.0195,0.022,0.019,0.399,0.0165,0.016,0.006,0.01,0.0025,0.002,0.0005,0.0005,1,0.0255,0.0155,0.0005,10052.310580149999,0.0,2,0
0.0165,0.0165,0.0165,0.017,0.006,0.025,0.0025,0.001,0.0015,0.0005,0.0005,0.0005,0.0005,0.0005,0,0.016,0.0015,0.0005,10074.472713966667,0.0,2,0
0.0215,0.015,0.017,0.018,0.0255,0.027,0.027,0.0205,0.02,0.0155,0.011,0.0035,0.0025,0.0005,0,0.0245,0.028,0.0025,10075.468974983332,0.0,2,0
0.016,0.0015,0.0015,0.0015,0.0015,0.0015,0.001,0.001,0.001,0.0005,0.0005,0.0005,0.0005,0.0005,0,0.0015,0.001,0.0005,10075.127969983332,0.0,2,0
0.535,0.945,0.95,0.956,0.968,0.961,0.9375,0.949,0.939,0.9685,0.977,0.987,0.98,0.999,0,0.91,0.9505,0.997,10075.700764899999,0.0,2,1
0.445,0.0165,0.016,0.02,0.019,0.02,0.016,0.006,0.0065,0.0015,0.0045,0.002,0.0005,0.0005,0,0.021,0.0155,0.0005,10075.704998683334,0.0,2,0
0.135,0.06,0.0345,0.0315,0.027,0.0375,0.069,0.041,0.043,0.0245,0.0165,0.0165,0.007,0.003,0,0.09,0.036,0.005,10068.249734383333,0.0,2,0
0.0255,0.044,0.03,0.039,0.0345,0.032,0.0215,0.021,0.0175,0.0175,0.015,0.009,0.0005,0.0005,0,0.0355,0.0185,0.001,10067.714283700001,0.0,2,0
0.495,0.0215,0.021,0.0205,0.0085,0.016,0.017,0.008,0.0055,0.006,0.0055,0.006,0.0005,0.0005,0,0.0315,0.0045,0.0005,10074.330177683332,4901.3408660000005,2,0
0.055,0.065,0.065,0.18,0.24,0.2,0.22,0.16,0.055,0.045,0.0305,0.0205,0.005,0.002,0,0.065,0.18,0.0045,10073.649487933335,3762.9153789999996,2,0
0.9755,0.9805,0.98,0.981,0.9935,0.9985,0.999,0.999,0.999,0.999,0.9995,0.9995,0.9995,0.9995,0,0.9815,0.999,0.9995,10075.580058649999,0.0,2,1
0.36,0.425,0.4,0.66,0.77,0.725,0.78,0.735,0.495,0.465,0.445,0.36,0.47,0.2,20,0.39,0.74,0.56,10076.950522533332,7970.129046000002,2,0
0.495,0.07,0.06,0.07,0.07,0.16,0.26,0.165,0.21,0.075,0.0325,0.023,0.0015,0.0005,0,0.08,0.175,0.0015,10072.693703766667,0.0,2,0
0.495,0.022,0.0175,0.02,0.02,0.0195,0.007,0.0065,0.006,0.001,0.001,0.0005,0.0005,0.0005,0,0.021,0.006,0.0005,10073.725029766667,0.0,2,0
0.5,0.405,0.36,0.42,0.4,0.64,0.815,0.725,0.81,0.71,0.505,0.325,0.415,0.105,11,0.4,0.72,0.35,10076.918856266666,0.0,2,0
0.5,0.983,0.984,0.983,0.981,0.995,0.9915,0.9915,0.9915,0.9945,0.9945,0.9955,0.9995,0.9995,0,0.9835,0.992,0.9995,10076.726656716666,0.0,2,1
0.5,0.0205,0.0125,0.0095,0.0075,0.005,0.0045,0.006,0.0035,0.0025,0.001,0.002,0.0005,0.0005,1,0.0215,0.008,0.0005,10076.770341283333,0.0,2,0
0.205,0.12,0.125,0.17,0.155,0.12,0.045,0.028,0.02,0.0215,0.03,0.027,0.006,0.0005,0,0.115,0.0275,0.0015,10073.969823083335,0.0,2,0
0.495,0.033,0.019,0.0225,0.0115,0.0145,0.012,0.013,0.0065,0.0115,0.0095,0.001,0.0005,0.0005,0,0.034,0.012,0.0005,10074.203925516666,0.0,2,0
0.43,0.022,0.0195,0.0195,0.0155,0.012,0.0115,0.011,0.01,0.0095,0.0015,0.001,0.0005,0.0005,0,0.022,0.0115,0.0005,10076.07706995,0.0,2,0
0.565,0.9745,0.9765,0.976,0.9885,0.9925,0.9925,0.9925,0.9925,0.9925,0.996,0.999,0.9995,0.9995,0,0.9745,0.9925,0.9995,10076.14681275,0.0,2,1
0.0155,0.007,0.0205,0.0205,0.0215,0.3455,0.021,0.468,0.0255,0.0165,0.003,0.004,0.0005,0.0005,0,0.007,0.021,0.0005,10072.487794033334,0.0,2,0
0.015,0.0055,0.021,0.0245,0.027,0.027,0.0045,0.0045,0.0035,0.0035,0.002,0.0005,0.0005,0.0005,0,0.0055,0.0045,0.0005,10072.144901016667,0.0,2,0
0.985,0.983,0.98,0.982,0.9805,0.9805,0.9965,0.9995,0.9975,0.999,0.9985,0.999,0.9995,0.9995,0,0.984,0.9965,0.9995,10075.129295216668,0.0,2,1
0.065,0.065,0.06,0.095,0.075,0.055,0.045,0.065,0.1235,0.142,0.183,0.0645,0.045,0.0005,0,0.075,0.05,0.032,10075.812529516666,0.0,2,0
0.985,0.9845,0.985,0.9845,0.9865,0.99,0.9905,0.998,0.998,0.9985,0.996,0.9985,0.9995,0.9995,0,0.9845,0.9905,0.9995,10075.2857018,0.0,2,1
0.015,0.016,0.0165,0.0055,0.017,0.016,0.016,0.006,0.0015,0.0005,0.0005,0.0005,0.0005,0.0005,0,0.0165,0.007,0.0005,10075.478572566668,0.0,2,0
0.015,0.0165,0.0165,0.0145,0.012,0.012,0.014,0.002,0.0055,0.002,0.0025,0.004,0.0005,0.0005,0,0.0165,0.0065,0.0005,10075.532860283332,8946.271223,2,0
0.015,0.01,0.0065,0.0065,0.008,0.007,0.0155,0.004,0.003,0.0025,0.005,0.0075,0.0005,0.0005,0,0.007,0.012,0.0005,10073.278976816666,0.0,2,0
0.015,0.0165,0.015,0.018,0.018,0.018,0.019,0.0175,0.0145,0.01,0.0015,0.0015,0.0005,0.0005,0,0.0165,0.019,0.0005,10072.282683383333,0.0,2,0
0.5,0.065,0.05,0.06,0.036,0.038,0.029,0.0365,0.0255,0.0035,0.0155,0.0045,0.0005,0.002,1,0.1,0.0325,0.002,8742.9163647,0.0,2,0
0.5,0.004,0.0035,0.0035,0.002,0.0015,0.0015,0.001,0.0005,0.0005,0.0005,0.0005,0.0005,0.0005,1,0.01,0.0015,0.0005,8742.864161983334,0.0,2,0
0.5,0.0035,0.0025,0.0015,0.0015,0.0015,0.0015,0.0005,0.0005,0.0005,0.003,0.0005,0.0005,0.0005,1,0.0075,0.001,0.0005,8742.859935416667,0.0,2,0
0.435,0.21,0.21,0.39,0.14,0.17,0.13,0.075,0.029,0.029,0.026,0.025,0.0065,0.0005,0,0.235,0.055,0.0005,10025.357603533334,0.0,2,0
0.435,0.015,0.016,0.0185,0.018,0.018,0.0155,0.0155,0.02,0.02,0.0005,0.0005,0.0005,0.0005,0,0.0155,0.0155,0.0005,10018.717843116667,0.0,2,0
0.5,0.785,0.79,0.785,0.86,0.82,0.86,0.945,0.9435,0.949,0.96,0.9745,0.9905,0.9995,0,0.75,0.93,0.998,10071.266806483332,0.0,2,1
0.435,0.013,0.0135,0.0145,0.0105,0.0135,0.004,0.0065,0.0035,0.0065,0.0005,0.0005,0.0005,0.0005,0,0.015,0.006,0.0015,10020.5930811,0.0,2,0
0.505,0.0295,0.0375,0.029,0.029,0.031,0.0235,0.024,0.01,0.0055,0.004,0.007,0.0005,0.0005,1,0.0385,0.02,0.0005,10007.318424766667,0.0,2,0
0.505,0.36,0.1,0.055,0.044,0.0345,0.355,0.323,0.028,0.0315,0.012,0.018,0.0045,0.0005,1,0.42,0.355,0.0005,10006.3252056,0.0,2,0
0.5,0.9785,0.9725,0.979,0.9845,0.9845,0.9855,0.9865,0.9995,0.9995,0.9945,0.998,0.9995,0.9995,0,0.9785,0.9865,0.9995,10011.6566465,0.0,2,1
0.5,0.175,0.15,0.205,0.3,0.33,0.275,0.26,0.265,0.27,0.465,0.71,0.15,0.0075,5,0.155,0.285,0.017,10009.6028024,0.0,2,0
0.49,0.015,0.344,0.0245,0.152,0.0155,0.014,0.0135,0.0025,0.0005,0.0075,0.0005,0.0005,0.0005,0,0.015,0.0135,0.0005,10011.788282316667,0.0,2,0
0.495,0.43,0.405,0.38,0.355,0.36,0.37,0.365,0.365,0.53,0.665,0.765,0.44,0.23,6,0.42,0.37,0.755,10011.175404183334,0.0,2,1
0.49,0.0155,0.344,0.0265,0.021,0.015,0.009,0.0085,0.004,0.0005,0.0015,0.0015,0.0005,0.0005,0,0.015,0.0085,0.0005,10010.587763316667,0.0,2,0
0.5,0.94,0.935,0.945,0.935,0.9635,0.9725,0.973,0.968,0.9645,0.973,0.9875,0.995,0.9995,0,0.935,0.9745,0.997,10016.516552183333,0.0,2,1
0.495,0.0155,0.0225,0.0235,0.0155,0.0105,0.0095,0.0095,0.0115,0.004,0.0015,0.003,0.0005,0.0005,0,0.0145,0.0095,0.0005,10016.427014466666,0.0,2,0
0.495,0.3505,0.3505,0.3505,0.18,0.2015,0.122,0.3505,0.03,0.018,0.018,0.0105,0.007,0.0005,0,0.4055,0.117,0.0005,10014.415276166666,0.0,2,0
0.495,0.3495,0.25,0.3495,0.0735,0.0285,0.028,0.3495,0.0145,0.014,0.0095,0.0015,0.001,0.0005,0,0.4055,0.0285,0.001,10013.743738366667,0.0,2,0
0.5,0.557,0.9735,0.971,0.9735,0.9755,0.655,0.978,0.9785,0.9965,0.9845,0.9975,0.999,0.9995,0,0.5055,0.9745,0.9995,10016.466096783332,0.0,2,1
0.5,0.4055,0.027,0.0255,0.0235,0.029,0.021,0.0185,0.009,0.009,0.0085,0.003,0.0005,0.0005,1,0.4055,0.0185,0.0005,10016.434673983335,0.0,2,0
0.495,0.0235,0.024,0.019,0.0195,0.02,0.0195,0.0185,0.0065,0.006,0.015,0.001,0.0015,0.0005,0,0.024,0.0185,0.001,10009.546792016667,0.0,2,0
0.495,0.13,0.085,0.085,0.045,0.032,0.0265,0.12,0.0115,0.012,0.0205,0.014,0.0005,0.0005,0,0.11,0.023,0.0005,10008.9497526,0.0,2,0
0.5,0.985,0.985,0.98,0.985,0.985,0.984,0.992,0.9895,0.9865,0.995,0.9995,0.9995,0.9995,0,0.9855,0.988,0.9995,10016.4343433,0.0,2,1
0.5,0.53,0.435,0.45,0.255,0.225,0.15,0.17,0.09,0.13,0.175,0.175,0.105,0.013,9,0.485,0.115,0.065,10016.06612215,0.0,2,0
0.5,0.0155,0.0155,0.02,0.0155,0.0155,0.0145,0.01,0.0015,0.0005,0.0005,0.0005,0.0005,0.0005,1,0.015,0.014,0.0005,10016.912883683333,0.0,2,0
0.255,0.245,0.065,0.09,0.09,0.12,0.22,0.225,0.275,0.285,0.3,0.09,0.035,0.002,0,0.18,0.24,0.0155,10013.740065683332,0.0,2,0
0.0155,0.0155,0.016,0.02,0.02,0.02,0.02,0.02,0.013,0.011,0.0015,0.001,0.0005,0.0005,0,0.0155,0.02,0.0005,10013.184693449999,0.0,2,0
0.715,0.74,0.92,0.895,0.885,0.865,0.755,0.765,0.715,0.71,0.695,0.915,0.9745,0.9995,0,0.8,0.745,0.9795,10016.26811965,0.0,2,1
0.01,0.0155,0.0145,0.0185,0.0195,0.0195,0.0195,0.018,0.0055,0.0045,0.0005,0.0005,0.0005,0.0005,0,0.015,0.0155,0.0005,10015.866072783334,0.0,2,0
0.015,0.016,0.0165,0.3355,0.017,0.3275,0.017,0.02,0.0165,0.0065,0.007,0.004,0.001,0.0005,0,0.0155,0.017,0.0005,9973.274675183335,0.0,2,0
0.03,0.0305,0.345,0.3455,0.016,0.0615,0.0165,0.02,0.0205,0.0145,0.011,0.011,0.0085,0.0025,0,0.0295,0.0115,0.0055,9972.611707583334,0.0,2,0
0.9845,0.9825,0.9855,0.9945,0.994,0.9945,0.994,0.995,0.995,0.9995,0.9995,0.9965,0.996,0.9995,0,0.982,0.994,0.9995,10016.0533646,0.0,2,1
0.085,0.075,0.075,0.105,0.19,0.14,0.07,0.0425,0.0285,0.0245,0.0115,0.0025,0.001,0.0015,0,0.075,0.055,0.001,9980.880008383334,0.0,2,0
0.5,0.0115,0.008,0.0055,0.002,0.0015,0.0015,0.0015,0.0015,0.0015,0.0005,0.0005,0.0005,0.0005,1,0.0115,0.0015,0.0005,10016.419539633333,0.0,2,0
0.5,0.185,0.125,0.09,0.21,0.395,0.23,0.11,0.05,0.0205,0.0135,0.0075,0.003,0.001,1,0.145,0.13,0.002,10016.076909366668,0.0,2,0
0.5,0.0135,0.0115,0.0075,0.006,0.0055,0.005,0.0035,0.0015,0.0015,0.0005,0.0005,0.0005,0.0005,1,0.0125,0.005,0.0005,10016.440074283333,0.0,2,0
0.2,0.17,0.3,0.4,0.205,0.395,0.51,0.41,0.37,0.255,0.09,0.032,0.0085,0.001,6,0.225,0.455,0.0015,10009.9428973,0.0,2,0
0.014,0.015,0.0155,0.336,0.0195,0.019,0.0135,0.13,0.015,0.0075,0.013,0.007,0.002,0.0005,0,0.0085,0.017,0.0005,10010.378191233332,0.0,2,0
0.9845,0.988,0.9875,0.9845,0.985,0.992,0.99,0.996,0.9995,0.9995,0.9995,0.9995,0.9995,0.9995,0,0.992,0.995,0.9995,10017.085028683334,0.0,2,1
0.014,0.0095,0.01,0.0115,0.0115,0.0115,0.016,0.017,0.013,0.001,0.001,0.0005,0.0005,0.0005,0,0.01,0.015,0.0005,10015.539893233334,0.0,2,0
0.045,0.048,0.0785,0.0685,0.039,0.0795,0.133,0.1225,0.0405,0.032,0.0175,0.006,0.0015,0.0005,0,0.0565,0.075,0.002,10016.088362116667,0.0,2,0
0.37,0.22,0.315,0.42,0.155,0.27,0.165,0.065,0.04,0.04,0.0325,0.0625,0.028,0.012,0,0.21,0.195,0.0465,10072.4526754,0.0,2,0
0.0065,0.007,0.006,0.242,0.006,0.006,0.006,0.006,0.0065,0.0255,0.005,0.001,0.0005,0.0005,0,0.0065,0.006,0.0005,10071.82636895,0.0,2,0
0.9775,0.9815,0.9845,0.9835,0.984,0.9845,0.9945,0.9945,0.989,0.9915,0.9925,0.9935,0.999,0.9995,0,0.983,0.992,0.9985,10077.02601705,0.0,2,1
0.022,0.026,0.022,0.0295,0.024,0.0215,0.0215,0.0225,0.0215,0.0235,0.0175,0.001,0.0005,0.0005,0,0.015,0.021,0.0005,10076.319030150002,0.0,2,0
0.135,0.08,0.135,0.32,0.155,0.185,0.335,0.165,0.295,0.395,0.445,0.535,0.28,0.005,6,0.14,0.245,0.29,10074.785467566666,0.0,2,0
0.08,0.185,0.065,0.3455,0.0585,0.039,0.0145,0.0225,0.0135,0.013,0.0095,0.01,0.0005,0.0005,0,0.07,0.022,0.0005,10075.005827149998,0.0,2,0
0.987,0.99,0.982,0.9765,0.9885,0.985,0.985,0.9875,0.9885,0.99,0.9995,0.9995,0.9995,0.9995,0,0.9865,0.9845,0.9995,10076.08773215,0.0,2,1
0.021,0.02,0.021,0.034,0.021,0.018,0.022,0.0205,0.0195,0.011,0.017,0.017,0.001,0.0005,0,0.021,0.02,0.0005,10076.554797516666,0.0,2,0
0.085,0.08,0.0755,0.076,0.016,0.016,0.0155,0.015,0.0195,0.0195,0.0145,0.0015,0.0005,0.0005,0,0.08,0.0145,0.0005,10071.531393433334,3157.9893,2,0
0.08,0.08,0.0285,0.0805,0.0365,0.0355,0.026,0.0265,0.031,0.023,0.013,0.03,0.0255,0.005,0,0.075,0.0285,0.0235,10070.345189183334,0.0,2,0
0.085,0.075,0.02,0.08,0.02,0.0195,0.005,0.0015,0.0015,0.0015,0.001,0.001,0.0005,0.0005,0,0.075,0.0045,0.0005,10070.245522433333,3367.103709,2,0
0.555,0.98,0.977,0.651,0.98,0.98,0.9885,0.991,0.9925,0.9985,0.9995,0.9995,0.9995,0.9995,0,0.9845,0.9945,0.9995,10077.020046316668,4083.386828,2,1
0.5,0.36,0.145,0.365,0.245,0.245,0.16,0.19,0.295,0.165,0.28,0.495,0.505,0.33,7,0.33,0.205,0.515,10077.161926750001,0.0,2,0
0.495,0.445,0.48,0.5,0.46,0.345,0.54,0.56,0.57,0.6,0.71,0.73,0.845,0.03,12,0.425,0.53,0.88,10069.698161283333,11660.460993000006,2,0
0.495,0.295,0.265,0.285,0.095,0.04,0.19,0.21,0.145,0.125,0.2,0.075,0.155,0.965,3,0.315,0.3,0.195,10069.6926903,14047.863056999999,2,1
0.5,0.986,0.984,0.987,0.991,0.9875,0.986,0.9805,0.995,0.9975,0.9975,0.9975,0.999,0.9995,0,0.9865,0.983,0.999,10073.877741100001,15592.828876,2,1
0.5,0.095,0.055,0.075,0.026,0.024,0.032,0.0325,0.02,0.021,0.0255,0.015,0.0035,0.0065,1,0.105,0.048,0.001,10072.563965033334,58989.85917899999,2,0
0.5,0.971,0.981,0.977,0.98,0.984,0.981,0.995,0.995,0.9925,0.995,0.997,0.9995,0.9995,0,0.971,0.9915,0.9995,10076.535478383334,128047.925325,2,1
0.5,0.9,0.979,0.9535,0.9615,0.9695,0.9525,0.9195,0.965,0.9775,0.9745,0.984,0.9945,0.9975,0,0.91,0.968,0.9855,10076.73134825,31116.799897,2,1
0.49,0.22,0.0155,0.019,0.019,0.0205,0.018,0.0165,0.0125,0.0055,0.0015,0.001,0.0005,0.0005,0,0.26,0.0155,0.0005,10073.011658816666,55683.626539,2,0
0.48,0.42,0.0055,0.349,0.0105,0.0155,0.0195,0.011,0.0105,0.022,0.0155,0.0115,0.0015,0.0005,0,0.4,0.02,0.001,10072.741592133334,10071.002616,2,0
0.49,0.43,0.11,0.35,0.185,0.155,0.405,0.52,0.205,0.175,0.165,0.225,0.0325,0.0255,4,0.43,0.375,0.0325,10072.543301466667,15246.106698,2,0
0.0155,0.006,0.0095,0.0055,0.004,0.0055,0.006,0.0055,0.0035,0.0005,0.0005,0.0005,0.0005,0.0005,0,0.0065,0.006,0.0005,9348.356916733332,5294.688925,2,0
0.0155,0.0055,0.0035,0.003,0.0025,0.0025,0.0015,0.0025,0.0005,0.0005,0.001,0.001,0.0005,0.0005,0,0.0075,0.0025,0.0005,9348.38935255,3210.003329,2,0
0.0155,0.005,0.0155,0.2805,0.011,0.019,0.019,0.0145,0.0035,0.0005,0.0005,0.0005,0.0005,0.0005,0,0.0155,0.006,0.0005,10065.927512666667,3150.731828,2,0
0.46,0.495,0.5,0.46,0.08,0.115,0.155,0.175,0.345,0.52,0.08,0.075,0.095,0.002,12,0.475,0.09,0.145,10065.501769983333,34479.544736,2,0
0.0155,0.005,0.0185,0.2845,0.0125,0.0165,0.0155,0.0165,0.0165,0.001,0.001,0.001,0.0015,0.0005,0,0.0155,0.0155,0.0005,10064.960962883333,3884.73235,2,0
0.495,0.345,0.016,0.3495,0.016,0.016,0.016,0.016,0.0155,0.0155,0.0145,0.015,0.0005,0.0005,0,0.435,0.016,0.0005,10068.76999115,1364.5,2,0
0.505,0.515,0.49,0.485,0.525,0.335,0.07,0.09,0.095,0.221,0.2455,0.354,0.013,0.008,13,0.605,0.065,0.013,10068.359999983333,18406.73081,2,0
0.5,0.522,0.9815,0.98,0.98,0.982,0.99,0.9935,0.9935,0.993,0.9995,0.999,0.999,0.9995,0,0.5605,0.993,0.9985,10076.105854133335,11807.080937,2,1
0.5,0.505,0.055,0.07,0.044,0.1215,0.423,0.3165,0.1845,0.049,0.0255,0.027,0.2555,0.0065,1,0.505,0.4125,0.0825,10076.309756983334,60577.151503,2,0
0.5,0.48,0.0155,0.1645,0.337,0.0195,0.015,0.0055,0.004,0.006,0.003,0.0005,0.0005,0.0005,1,0.48,0.0125,0.0005,10074.095237966667,2171.437345,2,0
0.5,0.5,0.025,0.02,0.021,0.021,0.012,0.012,0.0375,0.0175,0.0175,0.0125,0.0015,0.0005,3,0.5,0.0125,0.0005,10073.452674016668,2419.700825,2,0
0.5,0.9705,0.9815,0.9815,0.9815,0.982,0.9815,0.994,0.9945,0.9915,0.994,0.998,0.999,0.999,0,0.97,0.985,0.998,10076.196376583333,35602.719153,2,1
0.5,0.0245,0.012,0.013,0.011,0.0045,0.0015,0.0045,0.0045,0.004,0.004,0.003,0.0005,0.0005,1,0.025,0.0015,0.0005,10076.987193250001,2028.65025,2,0
0.495,0.42,0.385,0.215,0.005,0.0065,0.006,0.016,0.0055,0.0005,0.0005,0.0005,0.0005,0.0005,0,0.47,0.0055,0.0005,10074.368505516666,2781.035192,2,0
0.495,0.45,0.415,0.42,0.485,0.475,0.335,0.265,0.395,0.725,0.57,0.665,0.87,0.973,7,0.495,0.28,0.92,10073.757408366666,8528.844342,2,1
0.495,0.435,0.39,0.375,0.0055,0.4505,0.0055,0.0055,0.005,0.002,0.001,0.016,0.0005,0.0005,0,0.48,0.0055,0.0005,10073.165795500001,2105.86,2,0
0.92,0.94,0.9595,0.956,0.9465,0.898,0.8615,0.8245,0.921,0.9655,0.991,0.9785,0.9985,0.9995,0,0.945,0.818,0.9975,10076.821831750001,53053.040426,2,1
0.5,0.015,0.015,0.017,0.005,0.005,0.005,0.0045,0.0055,0.004,0.005,0.0035,0.0005,0.0005,1,0.0295,0.005,0.0005,10076.8130951,10276.295237,2,0
0.115,0.045,0.029,0.0695,0.0255,0.025,0.029,0.0615,0.07,0.089,0.0235,0.007,0.0005,0.0005,0,0.05,0.075,0.0005,10074.27539735,10551.762903,2,0
0.04,0.0175,0.008,0.0485,0.0105,0.006,0.0055,0.0005,0.005,0.005,0.0055,0.005,0.0045,0.0005,0,0.0185,0.0005,0.0025,10073.694283133334,101029.006957,2,0
0.875,0.95,0.9775,0.9775,0.9735,0.9685,0.9585,0.938,0.912,0.8755,0.97,0.9745,0.999,0.9995,0,0.93,0.5055,0.9995,10077.034368266666,53169.756932,2,1
0.0275,0.0145,0.016,0.0175,0.017,0.0135,0.009,0.01,0.0025,0.004,0.004,0.0005,0.0005,0.0005,0,0.0155,0.009,0.0005,10076.796014,5596.757363,2,0
0.0105,0.0085,0.008,0.0085,0.0055,0.0065,0.0055,0.0055,0.005,0.0065,0.006,0.0055,0.0055,0.0005,0,0.0085,0.0055,0.005,10071.7395481,1199.6451,2,0
0.14,0.145,0.135,0.315,0.185,0.185,0.215,0.175,0.095,0.026,0.0165,0.016,0.004,0.011,0,0.13,0.21,0.0055,10071.136019516667,6041.620665,2,0
0.985,0.994,0.994,0.9805,0.995,0.9955,0.997,0.997,0.998,0.9965,0.9965,0.9965,0.9995,0.9995,0,0.994,0.997,0.9995,10076.917748416667,5624.315,2,1
0.6,0.61,0.58,0.685,0.75,0.78,0.805,0.825,0.715,0.57,0.31,0.19,0.8,0.9925,6,0.585,0.8,0.83,10076.4630254,47303.389981,2,1
0.0205,0.0075,0.0055,0.0055,0.0055,0.0195,0.0175,0.0025,0.0025,0.0015,0.0005,0.0005,0.0005,0.0005,0,0.0075,0.0025,0.0005,10077.028140616667,8175.060856,2,0
0.185,0.215,0.1,0.115,0.11,0.155,0.16,0.17,0.17,0.115,0.018,0.016,0.0005,0.0005,0,0.195,0.16,0.0005,10071.263415,7221.1,2,0
0.0105,0.0055,0.0055,0.2765,0.007,0.006,0.0065,0.0945,0.0045,0.004,0.0035,0.0035,0.0035,0.001,0,0.0055,0.0065,0.0035,10071.781109950001,1598.077832,2,0
0.9825,0.982,0.9835,0.9695,0.989,0.994,0.9935,0.981,0.993,0.993,0.993,0.9875,0.998,0.9975,0,0.9825,0.994,0.996,10076.489702383335,61899.048028,2,1
0.0225,0.026,0.0195,0.025,0.0105,0.007,0.0085,0.013,0.0135,0.0065,0.0025,0.002,0.0005,0.0005,0,0.0245,0.0065,0.0005,10076.4601395,15263.878175,2,0
0.9845,0.994,0.995,0.995,0.995,0.982,0.9895,0.994,0.994,0.9835,0.9965,0.9975,0.9995,0.9995,0,0.994,0.9895,0.9965,10075.3932131,64625.708334,2,1
0.05,0.08,0.0405,0.0495,0.024,0.022,0.01,0.009,0.021,0.025,0.007,0.003,0.0015,0.0005,0,0.09,0.0095,0.0005,10074.306713966665,40345.505026,2,0
0.0155,0.0065,0.0065,0.0075,0.0065,0.0065,0.006,0.006,0.006,0.082,0.005,0.0025,0.0005,0.0005,0,0.0065,0.006,0.0005,10073.477437399999,2834.088452,2,0
0.205,0.25,0.21,0.225,0.085,0.08,0.0885,0.1285,0.087,0.1115,0.105,0.0455,0.015,0.0005,0,0.245,0.09,0.0145,10073.00088725,7163.602729,2,0
0.038,0.003,0.003,0.003,0.0025,0.0025,0.002,0.0015,0.001,0.0015,0.0005,0.0005,0.0005,0.0005,0,0.0035,0.002,0.0005,10076.921122900001,4704.618732,2,0
0.03,0.034,0.073,0.032,0.0195,0.0145,0.0145,0.022,0.008,0.0115,0.0125,0.0025,0.0005,0.0005,0,0.0305,0.0095,0.0005,10076.953738433334,16761.256464,2,0
0.5,0.01,0.0195,0.007,0.0025,0.0165,0.017,0.0185,0.017,0.0015,0.0015,0.0025,0.0005,0.001,1,0.01,0.0145,0.0005,10076.691628866665,31773.97779,2,0
0.495,0.0135,0.007,0.0075,0.0065,0.0065,0.0065,0.0065,0.0055,0.004,0.0035,0.0035,0.003,0.0005,0,0.007,0.0065,0.0005,10067.712591833335,2181.042174,2,0
0.25,0.22,0.21,0.3,0.22,0.225,0.06,0.045,0.0435,0.0545,0.041,0.0465,0.015,0.003,0,0.235,0.06,0.0045,10067.078562516666,13691.645638,2,0
0.94,0.993,0.9845,0.981,0.9895,0.9955,0.9955,0.996,0.994,0.9965,0.997,0.997,0.9995,0.9995,0,0.9925,0.9955,0.9995,10077.342769983334,4307.5725,2,1
0.34,0.27,0.255,0.35,0.24,0.26,0.08,0.06,0.0585,0.0585,0.037,0.0415,0.0215,0.0005,0,0.31,0.07,0.0075,10076.311962033333,6616.390002,2,0
0.04,0.0145,0.0165,0.019,0.0105,0.012,0.005,0.004,0.004,0.0005,0.0005,0.0005,0.0005,0.0005,0,0.012,0.005,0.0005,10076.608948016667,4037.6229,2,0
0.04,0.0175,0.0055,0.005,0.005,0.005,0.005,0.0035,0.003,0.003,0.003,0.0015,0.0005,0.0005,0,0.019,0.005,0.0005,10069.38133795,3360.094,2,0
0.045,0.0395,0.042,0.0375,0.023,0.0225,0.011,0.0105,0.0025,0.0025,0.0025,0.002,0.0005,0.0005,0,0.03,0.0105,0.0005,10069.581795633334,3081.0,2,0
0.945,0.9655,0.96,0.963,0.96,0.971,0.9835,0.985,0.9815,0.9725,0.9875,0.982,0.997,0.991,0,0.9665,0.9855,0.9995,10076.497209583333,14648.180277,2,1
0.04,0.0305,0.029,0.0265,0.011,0.011,0.0075,0.004,0.004,0.0035,0.0025,0.0005,0.0005,0.0005,0,0.0205,0.004,0.0005,10075.980510083335,11832.176131,2,0
0.485,0.245,0.0155,0.0145,0.0065,0.006,0.006,0.007,0.007,0.007,0.0095,0.007,0.0015,0.0005,0,0.475,0.006,0.0015,10075.553740700001,19138.212026,2,0
0.065,0.05,0.168,0.2805,0.015,0.012,0.0115,0.021,0.008,0.005,0.005,0.005,0.0005,0.0025,0,0.05,0.0115,0.0005,10074.878647966667,8909.815547,2,0
0.5,0.988,0.99,0.99,0.9915,0.9945,0.995,0.9955,0.9955,0.9965,0.995,0.996,0.9995,0.9995,0,0.9705,0.9955,0.9995,10076.813535916668,6127.181225,2,1
0.275,0.285,0.395,0.535,0.3,0.305,0.28,0.235,0.22,0.115,0.0345,0.0245,0.0085,0.0015,6,0.29,0.305,0.007,10076.671799066668,35090.700119,2,0
0.0195,0.02,0.0075,0.006,0.006,0.0055,0.0035,0.0035,0.0025,0.003,0.002,0.0015,0.0005,0.0005,0,0.02,0.0035,0.0005,10072.942770433332,2774.091,2,0
0.4,0.4,0.24,0.22,0.15,0.245,0.19,0.185,0.15,0.205,0.19,0.27,0.26,0.19,0,0.405,0.205,0.26,10072.350594733334,3236.078504,2,0
0.0195,0.009,0.012,0.2795,0.0135,0.0135,0.0135,0.0125,0.003,0.0075,0.0015,0.001,0.0005,0.0005,0,0.0105,0.0135,0.0005,10071.751721133332,16975.98,2,0
0.981,0.981,0.9915,0.981,0.982,0.982,0.992,0.9915,0.993,0.993,0.9955,0.997,0.9995,0.9995,0,0.981,0.992,0.9995,10076.608998833333,18200.358979,2,1
0.0305,0.0205,0.04,0.3495,0.079,0.1375,0.0455,0.037,0.0335,0.0135,0.009,0.0065,0.003,0.0005,0,0.02,0.0315,0.003,10077.03744285,36253.026857,2,0
0.0355,0.025,0.028,0.3485,0.0215,0.02,0.0075,0.003,0.003,0.003,0.003,0.003,0.0025,0.0005,0,0.0305,0.0035,0.0005,10071.0446238,3752.481577,2,0
0.035,0.0365,0.0265,0.3485,0.0405,0.0455,0.0615,0.0675,0.02,0.02,0.0235,0.0195,0.0035,0.0005,0,0.0405,0.065,0.0015,10070.3679764,11784.47343,2,0
0.0195,0.0095,0.0205,0.0235,0.0115,0.0115,0.007,0.0065,0.0035,0.0035,0.0025,0.002,0.0005,0.0005,0,0.0125,0.0065,0.0005,10077.070299516667,10229.669221,2,0
0.825,0.865,0.81,0.86,0.963,0.973,0.9775,0.974,0.9855,0.9885,0.9885,0.9865,0.995,0.9985,0,0.855,0.988,0.9945,10076.525095416668,14465.796573,2,1
0.9865,0.9925,0.9925,0.993,0.9895,0.987,0.9845,0.9925,0.9945,0.9885,0.997,0.9995,0.9995,0.9995,0,0.9915,0.9895,0.9995,10077.081967150001,14291.498086,2,1
0.0305,0.0235,0.022,0.0265,0.0155,0.0205,0.0215,0.017,0.018,0.0255,0.0115,0.001,0.006,0.0015,0,0.0395,0.0165,0.0005,10076.8201843,20154.836345,2,0
0.019,0.0115,0.013,0.2045,0.014,0.014,0.0075,0.0075,0.005,0.0035,0.0035,0.002,0.0005,0.0005,0,0.478,0.0075,0.0005,10075.21651095,6539.754478,2,0
0.029,0.0235,0.027,0.205,0.0085,0.0045,0.0045,0.0045,0.0045,0.0045,0.003,0.0015,0.0005,0.0005,0,0.475,0.0045,0.0005,10074.436277266668,9954.6509,2,0
0.0215,0.021,0.0205,0.205,0.016,0.007,0.008,0.0095,0.0065,0.003,0.003,0.002,0.0005,0.0005,0,0.476,0.008,0.0005,10074.315147333335,7504.31343,2,0
0.495,0.49,0.315,0.225,0.425,0.375,0.53,0.435,0.175,0.075,0.05,0.2065,0.0285,0.0275,2,0.49,0.53,0.05,10070.19549295,12643.840576,2,0
0.495,0.49,0.025,0.0105,0.02,0.018,0.003,0.002,0.0025,0.0015,0.002,0.0025,0.0025,0.0005,0,0.485,0.002,0.003,10069.679272583333,54449.758853,2,0
0.62,0.685,0.63,0.555,0.485,0.58,0.375,0.52,0.815,0.915,0.96,0.936,0.9675,0.979,8,0.755,0.4,0.964,10076.638738500002,28663.73154,2,1
0.505,0.06,0.0245,0.028,0.0215,0.019,0.0185,0.0195,0.0195,0.0195,0.0085,0.031,0.001,0.0005,1,0.065,0.0195,0.001,10076.543648616667,43148.117381,2,0
0.5,0.115,0.2,0.19,0.25,0.245,0.12,0.245,0.1,0.0185,0.017,0.014,0.0105,0.007,1,0.235,0.23,0.0035,10076.7446576,52470.595862,2,0
0.5,0.005,0.0045,0.0035,0.0015,0.0015,0.0015,0.0015,0.002,0.0025,0.002,0.0025,0.0025,0.0005,1,0.008,0.0025,0.0025,10076.37826445,38753.858393,2,0
0.5,0.285,0.19,0.1,0.075,0.048,0.0385,0.014,0.0205,0.034,0.0365,0.0155,0.033,0.006,1,0.195,0.016,0.012,10076.674219383334,32075.899327,2,0
0.455,0.0115,0.0155,0.012,0.012,0.012,0.012,0.0025,0.0065,0.0075,0.004,0.0015,0.0005,0.0005,2,0.485,0.012,0.0005,10073.096952599999,6957.424067,2,0
0.49,0.045,0.028,0.3505,0.012,0.012,0.011,0.0105,0.004,0.0035,0.0035,0.0025,0.0025,0.0005,2,0.485,0.0105,0.004,10072.15545185,104821.183104,2,0
0.495,0.988,0.9825,0.9785,0.979,0.983,0.9635,0.9735,0.98,0.9805,0.994,0.9975,0.9995,0.9995,1,0.955,0.9735,0.9985,10077.0633793,36568.21691,2,1
0.5,0.04,0.0305,0.0425,0.014,0.012,0.0115,0.0115,0.011,0.011,0.009,0.0045,0.0005,0.0005,1,0.06,0.0115,0.0035,10076.473206883333,11592.008935,2,0
0.0165,0.0215,0.021,0.3485,0.0215,0.0215,0.01,0.011,0.011,0.004,0.004,0.0035,0.0005,0.0005,0,0.0215,0.017,0.0005,10072.961175566666,4013.482,2,0
0.04,0.05,0.0365,0.349,0.0225,0.0255,0.015,0.012,0.009,0.0085,0.003,0.0015,0.0015,0.0005,0,0.055,0.0125,0.0005,10072.25157985,5886.207455,2,0
0.9805,0.9805,0.9805,0.979,0.989,0.9785,0.9905,0.9925,0.993,0.9985,0.997,0.9975,0.9995,0.9995,0,0.9805,0.994,0.9995,10076.97429305,30193.46795,2,1
0.39,0.395,0.435,0.35,0.39,0.275,0.195,0.11,0.06,0.06,0.032,0.026,0.032,0.0345,0,0.415,0.17,0.005,10076.158485133334,53700.903839,2,0
0.0195,0.0205,0.0095,0.011,0.0085,0.021,0.0135,0.0065,0.003,0.003,0.003,0.001,0.0005,0.0005,0,0.0205,0.021,0.0005,10076.193774866666,8686.405557,2,0
0.495,0.475,0.135,0.35,0.355,0.07,0.09,0.05,0.024,0.014,0.013,0.0065,0.002,0.0005,0,0.47,0.075,0.0005,10071.583914966666,12729.974056,2,0
0.495,0.17,0.0255,0.3385,0.0215,0.0185,0.022,0.0115,0.0075,0.003,0.003,0.0025,0.0005,0.0005,2,0.48,0.0085,0.0005,10071.38506035,9186.9752,2,0
0.87,0.9,0.92,0.935,0.94,0.92,0.9685,0.951,0.9245,0.9185,0.932,0.965,0.9685,0.9975,0,0.885,0.969,0.9885,10076.935390783334,61594.937106,2,1
0.495,0.055,0.0275,0.0325,0.025,0.02,0.0225,0.0065,0.007,0.0065,0.003,0.001,0.0005,0.0005,2,0.055,0.008,0.0005,10076.438293383333,15144.297164,2,0
0.036,0.453,0.013,0.013,0.0145,0.0145,0.0145,0.0135,0.013,0.0105,0.012,0.0035,0.003,0.0005,0,0.4785,0.013,0.0015,10073.489954266666,90374.549657,2,0
0.06,0.075,0.085,0.09,0.11,0.085,0.065,0.041,0.0455,0.023,0.0125,0.006,0.0025,0.0005,0,0.115,0.075,0.001,10072.945645866666,13295.515059,2,0
0.974,0.956,0.959,0.9635,0.976,0.978,0.9765,0.9805,0.9855,0.982,0.997,0.998,0.9995,0.9995,0,0.954,0.978,0.9995,10076.9128747,54844.436497,2,1
0.08,0.1,0.13,0.11,0.15,0.12,0.1,0.035,0.0455,0.0205,0.0215,0.0055,0.002,0.001,0,0.15,0.095,0.0015,10076.670822433334,27163.871802,2,0
0.5,0.49,0.022,0.474,0.0215,0.012,0.012,0.0105,0.0105,0.0055,0.004,0.0035,0.0005,0.0005,3,0.5,0.0105,0.0005,10072.914029266665,106041.0271,2,0
0.495,0.505,0.32,0.315,0.205,0.265,0.165,0.19,0.18,0.29,0.11,0.175,0.18,0.595,5,0.5,0.195,0.405,10072.58995205,14073.19608,2,1
0.495,0.476,0.009,0.0105,0.009,0.009,0.009,0.0085,0.0085,0.005,0.0025,0.002,0.0005,0.0005,0,0.476,0.0085,0.0005,10071.984938833333,19223.050122,2,0
0.47,0.84,0.565,0.47,0.76,0.705,0.815,0.8,0.815,0.71,0.9,0.815,0.85,0.405,6,0.855,0.795,0.59,10076.952606483334,44801.716583,2,0
0.48,0.0305,0.008,0.009,0.011,0.0105,0.011,0.0095,0.012,0.002,0.002,0.002,0.0005,0.0005,0,0.0305,0.0105,0.0005,10076.847076900001,13130.41357,2,0
0.115,0.1,0.043,0.344,0.3495,0.025,0.0285,0.012,0.0225,0.007,0.0065,0.002,0.0015,0.0005,0,0.105,0.016,0.0015,10073.864458833334,11946.85941,2,0
0.0205,0.0105,0.012,0.026,0.175,0.173,0.031,0.0365,0.024,0.0225,0.0215,0.0275,0.0125,0.0005,0,0.0105,0.0345,0.0115,10074.420777683332,31489.180371,2,0
0.961,0.9655,0.891,0.852,0.4005,0.4895,0.792,0.679,0.805,0.8355,0.8275,0.728,0.946,0.9735,2,0.967,0.7745,0.918,10076.488785716667,63983.366253,2,1
0.018,0.0185,0.015,0.012,0.0085,0.0085,0.006,0.006,0.0045,0.0045,0.004,0.0025,0.0005,0.0005,0,0.0195,0.0065,0.0005,10076.741608033333,22494.40596,2,0
0.0165,0.008,0.008,0.0085,0.0085,0.0085,0.3485,0.022,0.014,0.0135,0.012,0.0085,0.0025,0.0005,0,0.019,0.4795,0.0025,10071.825685966667,9245.447003,2,0
0.39,0.395,0.34,0.435,0.175,0.155,0.015,0.025,0.0525,0.042,0.032,0.032,0.015,0.001,2,0.395,0.025,0.005,10071.383194383332,14141.069294,2,0
0.94,0.978,0.991,0.992,0.9795,0.9875,0.9765,0.971,0.979,0.9975,0.995,0.9885,0.9995,0.9995,0,0.976,0.948,0.9995,10076.563768966667,59969.101196,2,1
0.5,0.095,0.0255,0.038,0.0225,0.012,0.007,0.014,0.009,0.0035,0.0035,0.002,0.0025,0.0005,1,0.105,0.0185,0.002,10076.4616422,69118.444807,2,0
0.5,0.285,0.11,0.11,0.0525,0.0335,0.017,0.0265,0.0285,0.02,0.021,0.01,0.0015,0.0005,1,0.3,0.028,0.0005,10076.705353199999,65382.581896,2,0
0.5,0.008,0.004,0.003,0.003,0.003,0.003,0.0375,0.0405,0.0085,0.003,0.0025,0.0025,0.0005,1,0.017,0.0105,0.001,10076.8284651,6736.005418,2,0
0.5,0.0615,0.064,0.0295,0.0195,0.0335,0.035,0.0125,0.0125,0.0135,0.003,0.003,0.0005,0.0005,1,0.035,0.023,0.0005,10076.4324633,17381.447675,2,0
0.0195,0.344,0.025,0.122,0.0235,0.012,0.0115,0.0115,0.046,0.018,0.031,0.0185,0.015,0.0025,0,0.0085,0.0115,0.0055,10069.655025466667,22731.491694,2,0
0.02,0.007,0.007,0.0075,0.0075,0.004,0.004,0.0045,0.0085,0.0045,0.0005,0.0005,0.0005,0.0005,0,0.0085,0.0045,0.0005,10068.802911533334,5028.53,2,0
0.33,0.5,0.295,0.31,0.39,0.49,0.435,0.425,0.095,0.115,0.265,0.175,0.135,0.032,4,0.335,0.44,0.245,10069.252026816666,5132.726708,2,0
0.9,0.55,0.92,0.93,0.865,0.81,0.525,0.495,0.125,0.14,0.285,0.155,0.14,0.03,5,0.885,0.545,0.105,10076.58974005,21521.158914,2,0
0.0225,0.3485,0.0215,0.0345,0.0195,0.003,0.003,0.003,0.0045,0.0075,0.001,0.001,0.0005,0.0005,0,0.022,0.003,0.0005,10076.4929374,4279.247141,2,0
0.46,0.49,0.02,0.4605,0.0195,0.019,0.0085,0.007,0.0065,0.003,0.003,0.002,0.0005,0.0005,0,0.49,0.009,0.0005,10072.729295950001,11212.062,2,0
0.46,0.49,0.175,0.415,0.195,0.19,0.085,0.05,0.0235,0.016,0.022,0.007,0.0025,0.001,0,0.49,0.065,0.0025,10072.9664397,11280.792544,2,0
0.41,0.043,0.007,0.0065,0.0065,0.005,0.005,0.0045,0.002,0.0015,0.0005,0.002,0.0005,0.0005,0,0.037,0.005,0.0005,10077.028400300002,7969.54059,2,0
0.29,0.33,0.215,0.495,0.245,0.22,0.095,0.07,0.0345,0.0255,0.016,0.003,0.002,0.0015,0,0.33,0.08,0.002,10076.474740216667,17483.488061,2,0
0.21,0.145,0.305,0.345,0.355,0.5,0.45,0.45,0.3,0.255,0.115,0.05,0.0025,0.002,6,0.16,0.46,0.0025,10073.017113966667,33298.281909,2,0
0.016,0.016,0.0095,0.0075,0.0075,0.0075,0.006,0.006,0.006,0.003,0.0025,0.0025,0.0005,0.0005,0,0.0155,0.006,0.0005,10072.474852866666,6368.0112,2,0
0.9845,0.995,0.9855,0.98,0.989,0.9825,0.988,0.9865,0.9855,0.993,0.984,0.985,0.8205,0.999,0,0.985,0.9925,0.9505,10076.872916666667,169076.56319,2,1
0.36,0.45,0.065,0.095,0.0415,0.054,0.0585,0.029,0.0155,0.006,0.0045,0.0025,0.002,0.002,0,0.425,0.0515,0.002,10076.622622716668,28714.159804,2,0
0.0195,0.0065,0.0065,0.006,0.006,0.006,0.0035,0.0035,0.0025,0.001,0.0005,0.0005,0.0005,0.0005,0,0.0065,0.0035,0.0005,10076.523323316667,7527.937057,2,0
0.49,0.0225,0.0245,0.024,0.0105,0.011,0.0115,0.441,0.013,0.005,0.004,0.0025,0.0005,0.0005,0,0.022,0.007,0.0005,10073.040265933332,7273.61,2,0
0.475,0.0165,0.008,0.0235,0.017,0.475,0.0065,0.0035,0.0035,0.0035,0.002,0.0015,0.0015,0.0005,0,0.0165,0.0035,0.0005,10072.940011416667,3284.24439,2,0
0.97,0.995,0.9945,0.988,0.9665,0.965,0.9715,0.964,0.977,0.978,0.9785,0.9795,0.976,0.9425,0,0.9945,0.956,0.981,10076.8875754,83959.679388,2,1
0.24,0.0165,0.018,0.008,0.007,0.008,0.008,0.007,0.0085,0.005,0.0045,0.0025,0.0005,0.0005,0,0.0165,0.0065,0.0005,10075.474547783333,8113.421249,2,0
0.5,0.9725,0.982,0.9625,0.972,0.9625,0.727,0.71,0.619,0.727,0.6755,0.57,0.415,0.0035,11,0.974,0.7575,0.2385,9697.99958265,201185.377572,2,0
0.5,0.025,0.0135,0.0145,0.0175,0.018,0.0145,0.02,0.0025,0.0025,0.0015,0.001,0.0015,0.0005,1,0.025,0.02,0.0005,9669.133732499999,4777.083,2,0
0.5,0.021,0.0175,0.005,0.005,0.0055,0.035,0.043,0.0405,0.033,0.0235,0.0375,0.0305,0.0455,1,0.02,0.042,0.0225,9781.260936833334,39870.420219,2,0
0.5,0.175,0.085,0.0565,0.063,0.043,0.012,0.0235,0.0075,0.0135,0.0055,0.003,0.0005,0.0005,1,0.19,0.0245,0.0005,9780.94293725,8919.671562,2,0
0.979,0.981,0.98,0.9745,0.976,0.9655,0.98,0.9725,0.7725,0.657,0.6415,0.7475,0.773,0.941,6,0.995,0.967,0.918,10065.440426533334,91641.505358,2,1
0.26,0.39,0.31,0.195,0.0505,0.035,0.0345,0.0245,0.0135,0.07,0.0165,0.004,0.0005,0.001,0,0.37,0.0455,0.0005,10065.367858533335,37344.422324,2,0
0.0195,0.0055,0.0055,0.006,0.006,0.007,0.004,0.004,0.004,0.004,0.002,0.0005,0.0005,0.0005,0,0.0055,0.004,0.0005,10065.3050042,4252.2125,2,0
0.285,0.17,0.21,0.25,0.475,0.49,0.515,0.535,0.215,0.195,0.085,0.097,0.0335,0.008,12,0.18,0.485,0.0485,10065.106182216667,27118.501729,2,0
0.02,0.004,0.004,0.0045,0.0045,0.005,0.0045,0.004,0.007,0.004,0.002,0.0015,0.0005,0.0005,0,0.004,0.006,0.0005,10064.965044449998,4313.70075,2,0
0.5,0.07,0.0355,0.0345,0.027,0.0495,0.1185,0.177,0.068,0.1485,0.5085,0.6865,0.5535,0.946,12,0.065,0.1925,0.574,10065.788261766666,63583.177271,2,1
0.5,0.0235,0.0225,0.028,0.011,0.017,0.0055,0.0055,0.006,0.0025,0.003,0.002,0.0005,0.0005,1,0.0205,0.0055,0.0005,10065.660931516666,10036.128,2,0
0.545,0.9815,0.9945,0.995,0.9895,0.986,0.995,0.994,0.9835,0.983,0.9685,0.932,0.9715,0.995,0,0.981,0.995,0.9335,10068.548103216666,59373.952579,2,1
0.5,0.075,0.07,0.085,0.045,0.0335,0.0075,0.0145,0.0115,0.008,0.007,0.005,0.002,0.0015,1,0.075,0.007,0.0015,10068.443965316666,64249.97062,2,0
0.495,0.0055,0.0055,0.0055,0.005,0.003,0.003,0.003,0.002,0.0005,0.0005,0.0005,0.0025,0.0005,2,0.495,0.003,0.001,10066.257397450001,8139.711203,2,0
0.54,0.55,0.495,0.595,0.685,0.495,0.24,0.0625,0.069,0.043,0.0255,0.004,0.006,0.0005,15,0.55,0.06,0.004,10066.196436066668,75804.281136,2,0
0.495,0.0055,0.0055,0.007,0.0065,0.0055,0.0065,0.0125,0.0025,0.0055,0.002,0.003,0.002,0.0005,2,0.495,0.006,0.004,10066.129291783333,57123.400385,2,0
0.495,0.022,0.0195,0.0165,0.008,0.0075,0.008,0.017,0.0075,0.022,0.0095,0.0035,0.075,0.3255,0,0.022,0.0075,0.3395,10061.696820383333,96592.252188,2,0
0.495,0.0385,0.051,0.0495,0.0635,0.0565,0.027,0.0245,0.017,0.017,0.0165,0.005,0.001,0.0005,0,0.0395,0.018,0.001,10061.613418416668,9270.244056,2,0
0.5,0.61,0.685,0.7,0.81,0.83,0.81,0.715,0.35,0.235,0.29,0.045,0.0235,0.0005,3,0.6,0.73,0.0145,10078.098472816666,18608.796484,2,0
0.455,0.0175,0.018,0.006,0.006,0.0065,0.006,0.0175,0.0035,0.0005,0.002,0.0005,0.002,0.0005,0,0.017,0.006,0.002,10078.011785966666,6188.2505,2,0
0.495,0.0055,0.005,0.0045,0.003,0.003,0.003,0.0025,0.0025,0.0025,0.0005,0.003,0.001,0.003,0,0.0065,0.0025,0.001,10067.318650916666,72453.309638,2,0
0.495,0.42,0.325,0.435,0.455,0.49,0.485,0.515,0.635,0.64,0.17,0.145,0.2,0.003,4,0.415,0.51,0.04,10067.2563815,26181.876979,2,0
0.495,0.004,0.0035,0.0035,0.0035,0.004,0.003,0.0025,0.0025,0.0025,0.0005,0.0005,0.0005,0.0005,0,0.017,0.0025,0.0005,10067.17536335,7749.103714,2,0
0.5,0.085,0.0235,0.0275,0.04,0.03,0.0485,0.0425,0.0165,0.019,0.0055,0.005,0.0035,0.0025,1,0.09,0.0415,0.0025,10067.70029715,66841.713809,2,0
0.5,0.9755,0.807,0.916,0.955,0.963,0.981,0.982,0.9885,0.978,0.8345,0.911,0.988,0.114,1,0.965,0.9785,0.996,10067.696060249998,78834.719899,2,0
0.029,0.033,0.032,0.481,0.15,0.058,0.031,0.028,0.02,0.015,0.01,0.0175,0.1565,0.007,0,0.034,0.027,0.0555,10071.002508816666,38267.461771,2,0
0.028,0.025,0.024,0.4785,0.0195,0.015,0.0055,0.0055,0.0065,0.006,0.006,0.006,0.0005,0.0035,0,0.0235,0.0055,0.0005,10070.920685366667,8004.827179,2,0
0.98,0.992,0.9915,0.9925,0.978,0.987,0.9855,0.9865,0.986,0.9865,0.9895,0.9855,0.993,0.9985,0,0.992,0.986,0.996,10073.191002666666,28758.237995,2,1
0.0285,0.026,0.024,0.027,0.019,0.015,0.0075,0.0075,0.0075,0.006,0.0055,0.0005,0.0005,0.0035,0,0.026,0.0075,0.0005,10073.172515516666,8949.746167,2,0
0.4495,0.005,0.005,0.006,0.006,0.006,0.012,0.0125,0.0125,0.0065,0.0015,0.0015,0.0005,0.0005,0,0.005,0.019,0.0005,10068.8599532,9611.07675,2,0
0.305,0.29,0.32,0.29,0.3,0.28,0.065,0.125,0.17,0.135,0.27,0.265,0.005,0.002,0,0.32,0.145,0.0045,10068.809223049999,22429.733273,2,0
0.5505,0.995,0.995,0.994,0.994,0.994,0.9805,0.984,0.984,0.9955,0.9955,0.9965,0.9995,0.9995,0,0.995,0.98,0.9995,10073.252195899999,28437.354861,2,1
0.43,0.395,0.4,0.37,0.365,0.33,0.07,0.135,0.185,0.14,0.28,0.275,0.0105,0.003,0,0.45,0.155,0.006,10069.522689966667,33196.008099,2,0
0.4495,0.005,0.005,0.0205,0.02,0.006,0.0135,0.0055,0.0015,0.0005,0.0005,0.0005,0.0005,0.0005,0,0.005,0.009,0.0005,10069.4814813,2866.865,2,0
0.215,0.13,0.14,0.165,0.155,0.15,0.115,0.13,0.47,0.295,0.16,0.21,0.0125,0.005,2,0.125,0.135,0.007,10070.763589983333,67674.732842,2,0
0.0205,0.008,0.007,0.0125,0.02,0.02,0.02,0.0155,0.0095,0.0045,0.0025,0.002,0.0005,0.0005,0,0.008,0.018,0.0005,10070.666583616667,12086.517444,2,0
0.016,0.0195,0.0165,0.428,0.02,0.02,0.02,0.0115,0.016,0.0045,0.0045,0.002,0.0005,0.0005,0,0.0185,0.0185,0.0005,10072.825617299999,6111.444141,2,0
0.9795,0.9895,0.986,0.979,0.984,0.9795,0.98,0.9805,0.9845,0.9855,0.9905,0.9905,0.9995,0.997,0,0.9895,0.9805,0.9995,10072.754696016667,13641.321576,2,1
0.017,0.006,0.0065,0.0065,0.013,0.0105,0.016,0.0175,0.0175,0.006,0.0165,0.005,0.002,0.0005,0,0.007,0.0105,0.001,10069.89532635,28940.617265,2,0
0.08,0.115,0.145,0.12,0.09,0.06,0.045,0.04,0.028,0.0225,0.0145,0.0095,0.0025,0.0005,0,0.085,0.045,0.002,10069.76199375,37693.751431,2,0
0.9805,0.9895,0.995,0.994,0.995,0.989,0.981,0.98,0.9835,0.995,0.9975,0.998,0.9995,0.9995,0,0.995,0.9895,0.9995,10070.35120875,2891.88675,2,1
0.105,0.11,0.18,0.15,0.075,0.045,0.042,0.0335,0.0255,0.02,0.0125,0.007,0.0045,0.0005,0,0.11,0.0455,0.003,10070.304120633335,156277.504484,2,0
0.495,0.003,0.004,0.004,0.005,0.005,0.0065,0.004,0.004,0.004,0.002,0.01,0.0025,0.0005,0,0.0035,0.0045,0.002,10068.17956165,11026.651813,2,0
0.495,0.37,0.28,0.21,0.395,0.395,0.36,0.305,0.28,0.265,0.235,0.205,0.0075,0.003,0,0.39,0.385,0.0045,10068.15871225,32055.52604,2,0
0.495,0.002,0.0025,0.0015,0.0015,0.0015,0.0015,0.0015,0.0015,0.001,0.0005,0.0005,0.0005,0.0005,0,0.005,0.0015,0.0005,10068.07474295,3998.29775,2,0
0.5,0.895,0.785,0.65,0.92,0.915,0.89,0.875,0.93,0.925,0.95,0.94,0.745,0.9865,2,0.91,0.91,0.84,10078.467902616667,59701.238307,2,1
0.505,0.0065,0.004,0.0035,0.0035,0.0035,0.0035,0.0015,0.0025,0.003,0.001,0.002,0.0005,0.0005,1,0.011,0.0025,0.0005,10076.4934033,3034.22975,2,0
0.5,0.017,0.008,0.003,0.0025,0.02,0.002,0.006,0.0015,0.0005,0.0005,0.0005,0.0005,0.0005,1,0.0295,0.0105,0.0005,10072.925516566667,8266.275396,2,0
0.5,0.0135,0.044,0.0515,0.042,0.019,0.018,0.019,0.0165,0.0035,0.0095,0.008,0.0085,0.004,1,0.05,0.0195,0.097,10073.7551976,73852.920882,2,0
0.019,0.004,0.0015,0.001,0.001,0.001,0.0005,0.0005,0.0005,0.0005,0.0005,0.0005,0.0005,0.0005,0,0.006,0.0005,0.0005,10073.678668283334,6160.5982,2,0
0.5,0.64,0.7,0.53,0.395,0.365,0.535,0.51,0.385,0.285,0.215,0.125,0.06,0.0005,13,0.65,0.52,0.02,10069.246608099998,70077.569184,2,0
0.5,0.005,0.0055,0.0025,0.002,0.002,0.0005,0.0005,0.0005,0.0005,0.0005,0.0005,0.0005,0.0005,1,0.005,0.0005,0.0005,10069.221074266667,2311.09075,2,0
0.06,0.075,0.07,0.295,0.26,0.415,0.485,0.48,0.475,0.445,0.565,0.76,0.87,0.989,3,0.075,0.46,0.945,10067.820295433334,24889.87769,2,1
0.0225,0.0215,0.0205,0.0105,0.0105,0.003,0.004,0.0035,0.003,0.0025,0.001,0.0005,0.0005,0.0005,0,0.0215,0.004,0.0005,10067.7692637,8920.9835,2,0
0.985,0.9845,0.983,0.9715,0.9875,0.991,0.9685,0.9825,0.9845,0.9835,0.9845,0.9845,0.9975,0.9975,0,0.9845,0.981,0.9995,10072.5115694,8398.823733,2,1
0.06,0.05,0.05,0.0125,0.0075,0.007,0.017,0.006,0.0015,0.0015,0.0025,0.0025,0.0005,0.0005,0,0.045,0.006,0.0005,10072.484540833333,2374.725666,2,0
0.02,0.0035,0.0035,0.004,0.004,0.004,0.003,0.0025,0.024,0.011,0.0035,0.0055,0.001,0.0035,0,0.0035,0.0015,0.001,10069.876656983333,72773.210837,2,0
0.165,0.205,0.215,0.195,0.18,0.023,0.021,0.008,0.0055,0.0055,0.005,0.005,0.002,0.001,0,0.23,0.0195,0.002,10069.791575649999,1481.1,2,0
0.915,0.93,0.945,0.92,0.915,0.685,0.67,0.435,0.28,0.33,0.52,0.445,0.27,0.019,11,0.945,0.685,0.21,10070.42380615,81030.057799,2,0
0.985,0.9955,0.985,0.98,0.98,0.988,0.98,0.995,0.9845,0.9895,0.9955,0.9955,0.9995,0.9995,0,0.991,0.985,0.9995,10070.419595399999,12196.932166,2,1
0.0195,0.004,0.0065,0.0065,0.005,0.005,0.003,0.0005,0.0005,0.0005,0.0005,0.0005,0.0005,0.0005,0,0.004,0.0005,0.0005,10070.358397716665,4501.06,2,0
0.495,0.285,0.27,0.26,0.25,0.32,0.29,0.515,0.55,0.41,0.29,0.275,0.475,0.015,14,0.3,0.505,0.49,10067.804043783333,10663.232027,2,0
0.495,0.017,0.0165,0.013,0.0065,0.0065,0.0055,0.005,0.0045,0.004,0.001,0.001,0.0005,0.0005,0,0.017,0.005,0.0005,10067.787310066666,7966.921895,2,0
0.505,0.976,0.994,0.5965,0.9795,0.9795,0.973,0.967,0.973,0.9345,0.9155,0.9195,0.996,0.9965,0,0.975,0.964,0.996,10072.58658475,24020.24901,2,1
0.5,0.024,0.0025,0.0035,0.003,0.003,0.003,0.003,0.003,0.002,0.0005,0.0005,0.0005,0.0005,1,0.0235,0.003,0.0005,10072.608292883333,4658.624284,2,0
0.023,0.0235,0.0245,0.028,0.007,0.005,0.016,0.02,0.0185,0.024,0.003,0.033,0.0265,0.001,0,0.02,0.02,0.004,10063.1177274,44510.593214,2,0
0.085,0.07,0.028,0.035,0.026,0.023,0.0165,0.0135,0.016,0.0075,0.003,0.0015,0.0015,0.0005,0,0.075,0.014,0.001,10063.070556483332,82141.557803,2,0
0.935,0.9,0.89,0.925,0.965,0.9715,0.979,0.97,0.897,0.7455,0.7835,0.376,0.1875,0.6875,2,0.915,0.968,0.1445,10075.709322566667,24841.043539,2,0
0.021,0.0205,0.0175,0.0755,0.015,0.0165,0.005,0.005,0.0055,0.002,0.002,0.0015,0.0005,0.0005,0,0.0205,0.005,0.0005,10075.681191366666,2589.903,2,0
0.0195,0.0165,0.005,0.01,0.0095,0.0055,0.0025,0.0025,0.0025,0.002,0.002,0.002,0.0005,0.0005,0,0.0165,0.0025,0.0005,10070.049003416667,20289.954111,2,0
0.345,0.355,0.385,0.38,0.4,0.47,0.55,0.58,0.6,0.585,0.12,0.1,0.048,0.001,2,0.345,0.55,0.004,10069.975864133334,39490.147184,2,0
0.02,0.017,0.017,0.005,0.005,0.005,0.004,0.004,0.0045,0.0005,0.0005,0.0005,0.0005,0.0005,0,0.017,0.004,0.0005,10069.93315575,3872.0,2,0
0.89,0.92,0.9465,0.9405,0.916,0.962,0.9855,0.9845,0.9795,0.9845,0.766,0.8105,0.8985,0.04,1,0.935,0.985,0.3645,10070.410993216667,43851.469629,2,0
0.02,0.0205,0.0205,0.024,0.014,0.013,0.0125,0.0125,0.005,0.005,0.002,0.002,0.0005,0.0005,0,0.021,0.0125,0.0005,10070.3537012,5219.764,2,0
0.115,0.135,0.07,0.066,0.031,0.034,0.0395,0.019,0.0105,0.011,0.0105,0.0105,0.1035,0.0035,0,0.16,0.042,0.069,10067.416578733333,28923.425548,2,0
0.0235,0.0225,0.024,0.0305,0.0255,0.0225,0.006,0.011,0.018,0.0045,0.003,0.002,0.0005,0.0005,0,0.022,0.006,0.001,10067.312060483333,30288.575946,2,0
0.984,0.9835,0.984,0.6045,0.9955,0.9955,0.9965,0.995,0.997,0.9975,0.9975,0.9975,0.995,0.9995,0,0.9835,0.988,0.9995,10070.679919116666,5428.863,2,1
0.06,0.047,0.0695,0.0955,0.0955,0.061,0.0255,0.0235,0.0055,0.005,0.005,0.003,0.0015,0.0005,0,0.0345,0.024,0.001,10070.57124135,47107.778528,2,0
0.0265,0.004,0.0025,0.002,0.0015,0.003,0.002,0.0015,0.0015,0.001,0.0005,0.0005,0.0005,0.0005,0,0.006,0.0015,0.0005,10063.585232633333,18419.917384,2,0
0.46,0.375,0.3,0.53,0.56,0.695,0.55,0.265,0.255,0.19,0.14,0.022,0.012,0.0025,12,0.31,0.37,0.006,10063.555903933333,99451.484953,2,0
0.0265,0.0035,0.0035,0.004,0.003,0.003,0.003,0.0025,0.002,0.001,0.001,0.001,0.0005,0.0005,0,0.003,0.0025,0.0005,10063.522472499999,1968.074,2,0
0.465,0.012,0.012,0.012,0.0055,0.012,0.012,0.0125,0.005,0.005,0.0015,0.0005,0.0005,0.0005,0,0.0245,0.012,0.0005,10068.124983233334,6148.1178,2,0
0.465,0.0185,0.0235,0.015,0.0065,0.009,0.003,0.003,0.003,0.003,0.001,0.0005,0.0005,0.0025,0,0.05,0.003,0.0005,10068.210126483335,9471.638263,2,0
0.5,0.0465,0.04,0.0295,0.0465,0.066,0.0625,0.0345,0.013,0.008,0.0035,0.0015,0.0015,0.0005,1,0.0595,0.033,0.001,10078.597435266665,12210.233997,2,0
0.515,0.9845,0.9845,0.984,0.985,0.9845,0.997,0.998,0.9975,0.998,0.998,0.998,0.999,0.9995,0,0.9845,0.9975,0.999,10078.486125916668,2999.49,2,1
0.0195,0.014,0.0125,0.0115,0.0105,0.01,0.009,0.0065,0.0045,0.004,0.004,0.003,0.0005,0.0005,0,0.0175,0.0065,0.0005,10068.754970016666,10447.272,2,0
0.395,0.405,0.375,0.35,0.375,0.34,0.18,0.235,0.15,0.2,0.285,0.21,0.0095,0.005,2,0.4,0.235,0.0045,10068.716477483333,45212.095454,2,0
0.0195,0.0135,0.0135,0.0135,0.0125,0.012,0.0085,0.006,0.0145,0.0045,0.004,0.003,0.0005,0.0005,0,0.0155,0.0075,0.0005,10068.645259433333,10390.08,2,0
0.08,0.095,0.145,0.195,0.16,0.195,0.35,0.26,0.315,0.2,0.08,0.05,0.0095,0.0035,0,0.095,0.28,0.0075,10069.1808812,56971.17672,2,0
0.984,0.9865,0.987,0.987,0.987,0.9865,0.9865,0.9865,0.998,0.998,0.998,0.998,0.9995,0.9995,0,0.979,0.9865,0.9995,10069.185112833333,2681.86,2,1
0.5,0.745,0.76,0.78,0.84,0.88,0.865,0.94,0.972,0.98,0.9835,0.9845,0.9975,0.9965,0,0.74,0.865,0.9985,10069.678182466665,25216.739364,2,1
0.495,0.005,0.005,0.006,0.006,0.006,0.0025,0.0025,0.0025,0.0025,0.002,0.0005,0.0005,0.0005,0,0.005,0.0025,0.0005,10069.618229633334,14517.061111,2,0
0.495,0.26,0.26,0.24,0.32,0.35,0.345,0.415,0.465,0.52,0.605,0.67,0.745,0.802,1,0.255,0.35,0.83,10069.25252695,8812.800227,2,1
0.495,0.026,0.0235,0.0295,0.0325,0.0325,0.0255,0.0295,0.0445,0.0315,0.0185,0.011,0.0005,0.0005,0,0.0265,0.034,0.0005,10069.230445566667,4573.035092,2,0
0.505,0.9835,0.9835,0.6045,0.9845,0.982,0.983,0.9825,0.9845,0.9845,0.9955,0.999,0.9995,0.9995,0,0.9825,0.984,0.9995,10059.318664516666,12048.725,2,1
0.505,0.056,0.0245,0.029,0.0215,0.0285,0.03,0.0305,0.017,0.023,0.032,0.01,0.0045,0.001,1,0.0525,0.03,0.0045,10059.284519833334,61770.850415,2,0
0.495,0.0125,0.006,0.01,0.0085,0.011,0.0025,0.0025,0.0025,0.0025,0.0025,0.001,0.0005,0.0005,0,0.0145,0.0025,0.0005,10058.7289414,6739.666221,2,0
0.495,0.31,0.25,0.26,0.255,0.28,0.33,0.36,0.375,0.48,0.565,0.66,0.825,0.9755,3,0.27,0.455,0.91,10058.7162558,10467.318515,2,1
0.9745,0.985,0.995,0.989,0.995,0.9885,0.9945,0.99,0.9845,0.9955,0.996,0.9965,0.9995,0.9995,0,0.985,0.99,0.9995,10069.713437116667,14447.867,2,1
0.335,0.315,0.4,0.49,0.3,0.34,0.27,0.31,0.48,0.49,0.41,0.7,0.934,0.9965,13,0.385,0.295,0.962,10069.672411883334,66612.829493,2,1
0.0255,0.015,0.003,0.003,0.003,0.003,0.003,0.003,0.0025,0.0005,0.0005,0.001,0.0005,0.0005,0,0.016,0.0025,0.0005,10069.640270033333,21060.045,2,0
0.245,0.24,0.185,0.125,0.2,0.15,0.19,0.165,0.09,0.066,0.0475,0.014,0.0015,0.0015,0,0.2,0.175,0.001,10069.093756766666,32708.47399,2,0
0.02,0.02,0.021,0.022,0.0155,0.016,0.0155,0.006,0.006,0.0005,0.0025,0.0015,0.001,0.0005,0,0.019,0.016,0.0005,10069.0393803,13156.9388,2,0
0.49,0.055,0.06,0.042,0.0395,0.0355,0.015,0.0285,0.0105,0.014,0.0025,0.003,0.0005,0.0005,0,0.055,0.0235,0.0005,10068.834628983333,10317.272013,2,0
0.495,0.05,0.021,0.0205,0.0155,0.0335,0.0095,0.0065,0.002,0.002,0.0045,0.001,0.0005,0.001,0,0.055,0.018,0.0005,10068.793050683333,22234.932369,2,0
0.505,0.97,0.994,0.989,0.985,0.9845,0.985,0.984,0.9845,0.9895,0.989,0.99,0.9995,0.999,0,0.97,0.9935,0.995,10069.60135025,105309.538061,2,1
0.495,0.065,0.0275,0.436,0.027,0.0275,0.006,0.0055,0.005,0.012,0.0125,0.002,0.001,0.0005,0,0.07,0.0155,0.001,10069.569858966666,42474.625218,2,0
0.02,0.0165,0.005,0.005,0.005,0.0025,0.0025,0.0025,0.0025,0.0025,0.0025,0.002,0.0005,0.0005,0,0.016,0.0025,0.002,10067.036849383332,67981.141,2,0
0.25,0.28,0.275,0.3,0.24,0.215,0.34,0.36,0.19,0.245,0.175,0.23,0.77,0.975,5,0.275,0.36,0.64,10066.970870183333,29428.434685,2,1
0.98,0.987,0.9945,0.9845,0.988,0.9845,0.9845,0.985,0.985,0.9845,0.996,0.998,0.9995,0.9995,0,0.987,0.985,0.9995,10072.084317866666,8475.34,2,1
0.36,0.46,0.4,0.48,0.32,0.27,0.44,0.43,0.215,0.255,0.2,0.25,0.82,0.98,19,0.4,0.49,0.685,10072.048582983332,31574.075802,2,1
0.015,0.0145,0.011,0.0165,0.005,0.0025,0.0025,0.0025,0.0025,0.002,0.0005,0.0005,0.0005,0.0005,0,0.0125,0.0025,0.0005,10071.964579966667,10065.423,2,0
0.51,0.0205,0.021,0.013,0.0135,0.0175,0.005,0.005,0.0045,0.004,0.0015,0.0005,0.0005,0.0005,1,0.03,0.0035,0.0005,10068.764012833333,20171.758962,2,0
0.51,0.0125,0.02,0.0135,0.0055,0.01,0.0085,0.0045,0.004,0.0035,0.0015,0.002,0.003,0.002,1,0.06,0.0055,0.002,10068.653074166667,25690.41283,2,0
0.495,0.006,0.0055,0.0055,0.005,0.0045,0.0045,0.003,0.003,0.003,0.002,0.0005,0.0005,0.0005,0,0.0075,0.003,0.0005,10068.240986499999,10524.504641,2,0
0.495,0.4,0.385,0.62,0.395,0.425,0.465,0.5,0.485,0.565,0.83,0.865,0.9765,0.978,17,0.385,0.465,0.9905,10068.175251600002,144977.093993,2,0
0.495,0.0055,0.005,0.005,0.006,0.0055,0.0025,0.0025,0.0025,0.0025,0.0025,0.0005,0.0005,0.0005,0,0.0055,0.0025,0.0005,10068.127444683334,6838.137,2,0
0.5,0.715,0.805,0.81,0.84,0.79,0.8,0.755,0.905,0.93,0.964,0.975,0.9865,0.9975,0,0.745,0.84,0.996,10078.087608783333,18607.589358,2,1
0.49,0.015,0.017,0.0205,0.012,0.01,0.002,0.002,0.0015,0.002,0.002,0.0015,0.0005,0.0005,0,0.015,0.002,0.0005,10078.013703733333,13328.573,2,0
0.49,0.09,0.085,0.06,0.0345,0.0295,0.0215,0.027,0.0205,0.0255,0.003,0.0155,0.0025,0.0025,0,0.09,0.025,0.003,10065.638946416668,47824.966,2,0
0.49,0.0305,0.0235,0.031,0.0265,0.0325,0.0265,0.022,0.0065,0.0045,0.0015,0.003,0.0005,0.0005,0,0.03,0.025,0.0005,10065.540456983332,10022.752441,2,0
0.52,0.985,0.9865,0.9845,0.9895,0.9845,0.985,0.9955,0.99,0.985,0.9955,0.998,0.9995,0.9995,0,0.9805,0.985,0.9995,10078.203415166667,10369.457,2,1
0.5,0.095,0.065,0.095,0.12,0.11,0.13,0.085,0.0445,0.029,0.028,0.022,0.0055,0.0015,1,0.095,0.105,0.003,10078.0397337,17260.106057,2,0
0.485,0.023,0.0225,0.0225,0.007,0.007,0.0025,0.0025,0.0025,0.002,0.0025,0.0015,0.0005,0.0005,0,0.023,0.0025,0.0005,10069.1677983,18241.035,2,0
0.495,0.14,0.155,0.205,0.2,0.24,0.335,0.29,0.41,0.31,0.27,0.125,0.38,0.149,4,0.17,0.31,0.46,10069.071399733333,18440.770014,2,0
0.515,0.985,0.985,0.9845,0.9895,0.9845,0.9845,0.9855,0.999,0.999,0.999,0.9985,0.9995,0.9995,0,0.985,0.9855,0.9995,10069.866090433332,10234.118,2,1
0.5,0.53,0.58,0.65,0.67,0.76,0.855,0.84,0.93,0.875,0.89,0.82,0.9855,0.9965,0,0.59,0.84,0.9965,10069.827456500001,107535.224368,2,1
0.485,0.0165,0.01,0.01,0.005,0.0055,0.0025,0.002,0.002,0.0015,0.001,0.001,0.0005,0.0005,0,0.0165,0.002,0.0005,10069.763620366666,36342.090242,2,0
0.94,0.9635,0.984,0.983,0.983,0.994,0.994,0.981,0.9845,0.9835,0.996,0.9955,0.999,0.9985,0,0.953,0.9835,0.9985,10068.52976735,32605.359722,2,1
0.0215,0.017,0.021,0.026,0.023,0.024,0.024,0.0245,0.021,0.0215,0.015,0.007,0.0005,0.001,0,0.0175,0.0245,0.002,10068.511863533333,63017.8798,2,0
0.055,0.0345,0.028,0.0225,0.021,0.0205,0.0175,0.005,0.005,0.0055,0.0025,0.0015,0.0005,0.0005,0,0.0395,0.0145,0.0005,10067.8806623,6017.684,2,0
0.027,0.0295,0.0365,0.0325,0.031,0.0475,0.039,0.05,0.0675,0.074,0.0465,0.0165,0.005,0.0015,0,0.0285,0.056,0.0025,10067.748652600001,7223.833,2,0
0.0255,0.0205,0.014,0.014,0.0105,0.0175,0.0165,0.003,0.0035,0.001,0.0005,0.0005,0.0005,0.0005,0,0.02,0.0075,0.0005,10069.75226775,3045.206266,2,0
0.07,0.05,0.0495,0.07,0.128,0.1145,0.151,0.197,0.177,0.207,0.3045,0.4105,0.484,0.0085,6,0.05,0.2065,0.4105,10069.621493766666,17760.824488,2,0
0.9755,0.994,0.9925,0.993,0.994,0.9835,0.9845,0.996,0.9985,0.999,0.999,0.999,0.9995,0.9995,0,0.9935,0.985,0.9995,10072.2908291,6475.089,2,1
0.29,0.285,0.3,0.36,0.545,0.545,0.665,0.74,0.72,0.795,0.915,0.954,0.9775,0.997,1,0.285,0.71,0.9855,10072.278094216666,61354.720594,2,1
0.02,0.017,0.0105,0.01,0.0075,0.0065,0.0045,0.0045,0.0045,0.004,0.001,0.0005,0.0005,0.0005,0,0.017,0.002,0.0005,10069.6361963,9579.964,2,0
0.395,0.42,0.45,0.47,0.49,0.455,0.325,0.405,0.285,0.225,0.11,0.205,0.019,0.0015,2,0.41,0.34,0.0055,10069.607155416667,26287.873865,2,0
0.02,0.0165,0.0075,0.0075,0.0025,0.0025,0.0025,0.0025,0.0055,0.0045,0.009,0.005,0.0025,0.0005,0,0.0165,0.0025,0.0025,10069.537716616667,10218.1495,2,0
0.68,0.725,0.705,0.71,0.765,0.91,0.97,0.9525,0.9825,0.9695,0.993,0.9945,0.997,0.9985,0,0.71,0.968,0.999,10069.8835229,13866.063157,2,1
0.02,0.0165,0.0075,0.0075,0.005,0.0055,0.006,0.005,0.005,0.0025,0.0025,0.001,0.001,0.001,0,0.0165,0.005,0.001,10069.8791717,47478.930795,2,0
0.085,0.07,0.055,0.48,0.031,0.03,0.0225,0.0135,0.0175,0.0195,0.0135,0.003,0.0005,0.0005,0,0.08,0.0205,0.0005,10069.9904354,10707.242221,2,0
0.455,0.027,0.012,0.0115,0.017,0.0155,0.008,0.007,0.0065,0.0065,0.0055,0.016,0.0045,0.001,0,0.027,0.007,0.003,10069.8871347,20990.276551,2,0
0.9895,0.9855,0.991,0.5655,0.987,0.993,0.995,0.995,0.9945,0.985,0.994,0.998,0.999,0.9995,0,0.9805,0.995,0.999,10078.708779533334,3375.3705,2,1
0.07,0.06,0.055,0.48,0.032,0.0315,0.03,0.065,0.083,0.041,0.121,0.136,0.212,0.004,0,0.06,0.038,0.0855,10078.642630499999,62814.015943,2,0
0.5,0.005,0.0045,0.0045,0.0045,0.006,0.0015,0.0005,0.001,0.0015,0.0005,0.001,0.0005,0.0005,1,0.0055,0.0015,0.0005,10074.240668433335,43848.649275,2,0
0.515,0.085,0.085,0.065,0.075,0.0355,0.0405,0.032,0.0695,0.131,0.0425,0.1575,0.142,0.0355,3,0.105,0.0295,0.029,10074.21062785,112459.861299,2,0
0.5,0.0055,0.0475,0.0085,0.007,0.01,0.0075,0.0035,0.0025,0.0025,0.001,0.001,0.001,0.0005,1,0.0055,0.004,0.001,10074.139923983334,15559.635303,2,0
0.49,0.019,0.012,0.012,0.0115,0.0165,0.012,0.007,0.0025,0.0025,0.0005,0.0005,0.0005,0.0005,0,0.495,0.007,0.0005,10069.225066466666,17747.513306,2,0
0.495,0.105,0.05,0.47,0.045,0.05,0.0155,0.021,0.0075,0.0165,0.063,0.0315,0.0335,0.0015,6,0.5,0.02,0.0065,10069.187642183333,37887.354827,2,0
0.955,0.985,0.9845,0.773,0.9845,0.9845,0.995,0.994,0.9955,0.9955,0.9995,0.9995,0.9995,0.9995,0,0.964,0.994,0.9995,10069.699885616667,7371.178,2,1
0.5,0.39,0.21,0.505,0.21,0.295,0.19,0.195,0.28,0.365,0.765,0.67,0.93,0.994,12,0.53,0.185,0.9405,10069.680246233333,32677.744494,2,1
0.989,0.985,0.986,0.9555,0.9945,0.7745,0.984,0.995,0.995,0.999,0.999,0.9985,0.9995,0.9995,0,0.985,0.995,0.9995,10072.5350333,5022.712571,2,1
0.635,0.7,0.65,0.8,0.645,0.515,0.76,0.86,0.825,0.865,0.93,0.985,0.993,0.9975,2,0.7,0.815,0.994,10072.53079555,26554.911597,2,1
0.011,0.043,0.0185,0.2295,0.0055,0.2265,0.0045,0.015,0.0045,0.0005,0.0005,0.0005,0.0005,0.0005,0,0.0175,0.01,0.0005,10070.51449645,5655.355857,2,0
0.305,0.28,0.295,0.515,0.315,0.51,0.235,0.135,0.17,0.13,0.075,0.0245,0.008,0.0015,10,0.285,0.17,0.0025,10070.045120766667,6899.506622,2,0
0.007,0.008,0.011,0.007,0.0065,0.0055,0.0045,0.006,0.0025,0.0015,0.0005,0.0005,0.0005,0.0005,0,0.008,0.0045,0.0005,10069.996298666667,5965.9872,2,0
0.495,0.055,0.05,0.045,0.0395,0.0245,0.0225,0.0235,0.0105,0.0205,0.009,0.0035,0.0025,0.0005,0,0.085,0.0235,0.0025,10070.352128633333,14987.931499,2,0
0.495,0.0185,0.0175,0.2295,0.0165,0.225,0.015,0.4795,0.0085,0.008,0.0075,0.0005,0.001,0.0005,0,0.018,0.016,0.0005,10070.2790777,9489.3314,2,0
0.505,0.9845,0.9835,0.5205,0.98,0.5565,0.9835,0.5545,0.9915,0.993,0.998,0.999,0.9995,0.9995,0,0.9845,0.983,0.9995,10078.462154766667,18281.915365,2,1
0.5,0.0355,0.0385,0.4835,0.038,0.4805,0.0285,0.481,0.031,0.03,0.007,0.002,0.0015,0.002,3,0.0335,0.0365,0.0035,10078.478247283334,90319.587508,2,0
0.45,0.02,0.016,0.4795,0.0105,0.4795,0.0075,0.003,0.003,0.003,0.017,0.003,0.0015,0.0005,0,0.02,0.003,0.0005,10069.667633833333,8171.5071,2,0
0.455,0.19,0.135,0.095,0.165,0.095,0.175,0.185,0.15,0.475,0.15,0.145,0.028,0.0015,0,0.14,0.345,0.0105,10069.621083900001,56248.584392,2,0
0.9795,0.991,0.987,0.982,0.9965,0.997,0.9945,0.9855,0.9985,0.9985,0.999,0.9985,0.9995,0.9995,0,0.992,0.992,0.9995,10070.703161016667,15932.94,2,1
0.575,0.61,0.65,0.64,0.635,0.69,0.745,0.78,0.805,0.75,0.76,0.855,0.98,0.9945,2,0.615,0.765,0.985,10070.707399416666,20811.599764,2,1
0.0205,0.004,0.0035,0.003,0.003,0.003,0.0035,0.0025,0.0025,0.0025,0.0005,0.0005,0.0005,0.0005,0,0.004,0.0025,0.0005,10070.639267883333,9801.5716,2,0
0.315,0.3,0.285,0.635,0.325,0.29,0.24,0.22,0.175,0.225,0.245,0.125,0.025,0.003,10,0.29,0.225,0.012,10070.101408716668,18960.083037,2,0
0.021,0.0215,0.0165,0.016,0.013,0.0205,0.0075,0.005,0.0025,0.0025,0.0025,0.0015,0.001,0.001,0,0.0215,0.005,0.0005,10070.03830175,12902.1152,2,0
0.095,0.1,0.075,0.07,0.044,0.0295,0.025,0.0335,0.0215,0.0225,0.013,0.0035,0.0105,0.001,0,0.075,0.46,0.0035,10045.363720016667,57420.35749,2,0
0.0195,0.02,0.0215,0.025,0.007,0.009,0.017,0.018,0.0175,0.0045,0.0045,0.0015,0.001,0.0005,0,0.0215,0.449,0.0015,10045.312180216666,4816.404276,2,0
0.9835,0.9835,0.983,0.5205,0.985,0.992,0.9905,0.984,0.9855,0.984,0.995,0.999,0.9995,0.9995,0,0.984,0.989,0.9995,10057.5332819,22508.386809,2,1
0.065,0.045,0.06,0.05,0.031,0.0225,0.015,0.0275,0.015,0.0265,0.0375,0.0185,0.001,0.001,0,0.065,0.3545,0.0015,10057.487670066668,48299.947207,2,0
0.0155,0.0165,0.013,0.007,0.0045,0.0045,0.004,0.004,0.004,0.0025,0.0005,0.0005,0.0005,0.0005,0,0.0165,0.004,0.0005,10070.5362081,13338.2354,2,0
0.255,0.215,0.2,0.14,0.16,0.125,0.135,0.135,0.065,0.415,0.085,0.08,0.355,0.0045,0,0.25,0.14,0.255,10070.4735998,27946.325918,2,0
0.984,0.9845,0.9935,0.9895,0.994,0.985,0.9925,0.994,0.9955,0.985,0.9995,0.9995,0.9995,0.9995,0,0.9845,0.994,0.9995,10077.077103433334,9299.91,2,1
0.37,0.29,0.255,0.18,0.205,0.155,0.13,0.165,0.07,0.075,0.06,0.09,0.35,0.005,0,0.35,0.155,0.25,10076.999873516666,39349.448869,2,0
0.016,0.016,0.008,0.0035,0.0035,0.003,0.0035,0.003,0.0025,0.0015,0.0005,0.0005,0.0005,0.0005,0,0.016,0.0035,0.0005,10076.99564345,3791.0678,2,0
0.5,0.0185,0.014,0.0095,0.0105,0.0065,0.0055,0.003,0.003,0.003,0.0015,0.001,0.0015,0.0005,1,0.0185,0.0045,0.001,10066.943525883335,13528.443166,2,0
0.5,0.021,0.0345,0.0325,0.0225,0.0155,0.0125,0.0125,0.0125,0.005,0.0055,0.0025,0.0015,0.001,1,0.0185,0.013,0.0015,10066.900823850001,69796.644002,2,0
0.5,0.988,0.984,0.9845,0.993,0.989,0.9895,0.9855,0.995,0.9975,0.999,0.999,0.9995,0.9995,0,0.9905,0.994,0.9995,10070.790217133333,3646.2565,2,1
0.5,0.335,0.29,0.26,0.26,0.155,0.185,0.095,0.055,0.115,0.0195,0.03,0.0215,0.0045,3,0.345,0.155,0.0145,10070.723309983332,57330.073072,2,0
0.04,0.015,0.012,0.01,0.0085,0.0055,0.004,0.0025,0.0025,0.0025,0.001,0.0005,0.0005,0.0005,0,0.017,0.0025,0.0005,10070.669657583332,13898.427483,2,0
0.5,0.24,0.24,0.245,0.22,0.345,0.27,0.36,0.445,0.19,0.205,0.13,0.0165,0.0025,3,0.235,0.3,0.003,10069.980573233333,27335.133679,2,0
0.5,0.0175,0.0125,0.006,0.007,0.0105,0.0075,0.003,0.0035,0.0025,0.001,0.001,0.0005,0.0005,1,0.0165,0.0075,0.0005,10069.914951416666,4048.2998,2,0
0.5,0.08,0.07,0.205,0.0385,0.041,0.026,0.037,0.014,0.016,0.0205,0.0045,0.003,0.0005,1,0.075,0.036,0.003,10069.182458166668,13971.353667,2,0
0.5,0.0045,0.0045,0.005,0.005,0.0035,0.0035,0.0035,0.0035,0.002,0.0015,0.0005,0.0005,0.0005,1,0.02,0.0035,0.0005,10069.082211983334,18559.293982,2,0
0.5,0.9715,0.9725,0.98,0.9715,0.9915,0.992,0.991,0.9925,0.994,0.995,0.9855,0.999,0.9995,0,0.9715,0.985,0.9995,10069.948072583333,7097.035214,2,1
0.5,0.0285,0.026,0.48,0.032,0.011,0.0105,0.004,0.004,0.0045,0.003,0.003,0.001,0.0005,1,0.028,0.0105,0.001,10069.9194125,18863.433,2,0
0.5,0.475,0.012,0.011,0.0205,0.007,0.0065,0.007,0.007,0.0015,0.0005,0.0005,0.0005,0.0005,1,0.465,0.0065,0.0005,10063.8777943,18653.3012,2,0
0.5,0.5,0.245,0.3,0.255,0.26,0.245,0.195,0.145,0.07,0.0455,0.03,0.0365,0.0035,1,0.5,0.245,0.0225,10063.834503133334,15480.699099,2,0
0.5,0.555,0.988,0.988,0.9895,0.994,0.9945,0.9945,0.9985,0.9985,0.999,0.9985,0.9995,0.9995,0,0.54,0.995,0.9995,10068.305784816668,5598.248564,2,1
0.5,0.51,0.335,0.51,0.305,0.33,0.29,0.23,0.165,0.115,0.055,0.0305,0.039,0.002,5,0.5,0.27,0.0195,10068.245725433333,86762.79491,2,0
0.5,0.25,0.017,0.004,0.004,0.004,0.004,0.003,0.0015,0.001,0.001,0.0005,0.0005,0.0005,1,0.255,0.0035,0.0005,10068.2372497,3074.4498,2,0
0.285,0.265,0.21,0.18,0.205,0.205,0.205,0.165,0.175,0.205,0.23,0.305,0.08,0.01,0,0.335,0.165,0.095,10070.091435233333,12578.417607,2,0
0.025,0.01,0.006,0.0055,0.007,0.0065,0.0035,0.0035,0.0035,0.0035,0.001,0.001,0.0005,0.0005,0,0.0075,0.0035,0.0005,10070.040343516668,21234.231833,2,0
0.855,0.865,0.94,0.52,0.965,0.9695,0.9595,0.9785,0.975,0.986,0.9885,0.991,0.9955,0.9995,0,0.77,0.979,0.9975,10070.630460066666,32576.208531,2,1
0.018,0.007,0.0075,0.0065,0.0075,0.005,0.0055,0.0025,0.0025,0.0025,0.001,0.001,0.0005,0.001,0,0.018,0.0025,0.0005,10070.608438449999,15679.674,2,0
0.025,0.0325,0.032,0.019,0.013,0.013,0.012,0.012,0.012,0.008,0.0045,0.0015,0.001,0.001,0,0.0305,0.012,0.001,10070.94871565,51914.1402,2,0
0.065,0.075,0.0265,0.0615,0.0695,0.057,0.045,0.04,0.0305,0.0315,0.011,0.0035,0.001,0.0005,2,0.075,0.032,0.001,10070.923952766667,9732.467597,2,0
0.9795,0.994,0.9935,0.9895,0.9935,0.9875,0.993,0.9935,0.993,0.994,0.9985,0.999,0.9995,0.9995,0,0.994,0.9935,0.9995,10071.219259483334,9297.772652,2,1
0.265,0.25,0.125,0.32,0.37,0.33,0.315,0.295,0.295,0.32,0.235,0.07,0.027,0.002,8,0.275,0.27,0.006,10071.223488016667,20187.201526,2,0
0.016,0.017,0.0185,0.4715,0.017,0.013,0.0175,0.0175,0.0035,0.0035,0.0035,0.001,0.0005,0.0005,0,0.017,0.018,0.0005,10055.669869866666,10605.547597,2,0
0.33,0.335,0.32,0.415,0.3,0.425,0.455,0.5,0.54,0.555,0.6,0.635,0.85,0.979,5,0.32,0.49,0.885,10055.509363916666,19525.159478,2,1
0.0165,0.018,0.0185,0.0115,0.0035,0.003,0.003,0.003,0.003,0.003,0.0005,0.0005,0.0005,0.0005,0,0.018,0.003,0.0005,10055.468504216667,14460.267333,2,0
0.725,0.765,0.6,0.51,0.4,0.71,0.825,0.815,0.815,0.805,0.87,0.91,0.966,0.971,10,0.795,0.8,0.9115,10065.398944533334,26495.965236,2,1
0.0055,0.0075,0.018,0.0105,0.007,0.007,0.007,0.007,0.0065,0.0055,0.0015,0.0015,0.0005,0.0005,0,0.008,0.007,0.0005,10065.433738483332,19819.585332,2,0
0.08,0.06,0.035,0.0285,0.0755,0.0795,0.1185,0.0295,0.014,0.0135,0.013,0.01,0.0055,0.0005,0,0.065,0.0645,0.0015,10070.84085045,45169.915519,2,0
0.028,0.033,0.0215,0.021,0.0155,0.013,0.0115,0.0125,0.012,0.0145,0.003,0.003,0.001,0.0005,0,0.033,0.0125,0.001,10070.809589366667,55676.98425,2,0
0.5,0.96,0.984,0.9825,0.956,0.984,0.9715,0.983,0.9855,0.986,0.986,0.992,0.9985,0.9995,0,0.96,0.9785,0.999,10071.143085116666,32517.038024,2,1
0.5,0.06,0.0415,0.052,0.026,0.012,0.008,0.0075,0.008,0.003,0.0025,0.0025,0.0015,0.0005,1,0.06,0.008,0.0005,10071.104966199999,59654.413657,2,0
0.018,0.021,0.019,0.0105,0.0105,0.4795,0.0155,0.013,0.0075,0.0045,0.001,0.001,0.0005,0.0005,0,0.0185,0.016,0.0005,8734.89780065,14052.0215,2,0
0.25,0.265,0.265,0.325,0.285,0.19,0.205,0.09,0.195,0.215,0.17,0.125,0.04,0.01,4,0.255,0.295,0.0275,8734.8572783,16960.280228,2,0
0.982,0.9895,0.9895,0.9895,0.9895,0.5245,0.9845,0.9935,0.984,0.994,0.999,0.999,0.9995,0.9995,0,0.984,0.9935,0.9995,8742.972139416666,8139.7163,2,1
0.935,0.925,0.96,0.97,0.97,0.9155,0.935,0.901,0.9795,0.9915,0.9905,0.9915,0.994,0.9985,0,0.93,0.9745,0.9985,8738.982553633334,33779.005841,2,1
0.018,0.0075,0.0025,0.0025,0.0025,0.0025,0.0025,0.0025,0.0025,0.0025,0.0005,0.0005,0.0005,0.0005,0,0.007,0.0025,0.0005,8734.9593456,15818.809,2,0
0.023,0.026,0.021,0.015,0.0145,0.01,0.008,0.0035,0.0095,0.0095,0.0175,0.002,0.001,0.0005,0,0.027,0.005,0.001,9482.876521233333,9718.606088,2,0
0.03,0.0425,0.036,0.041,0.0295,0.035,0.0335,0.0435,0.023,0.0095,0.0035,0.006,0.0065,0.001,0,0.0485,0.0545,0.0015,9482.8465738,77808.603285,2,0
0.5,0.03,0.036,0.0335,0.055,0.041,0.024,0.0245,0.43,0.0375,0.094,0.012,0.011,0.001,1,0.03,0.0225,0.0015,10070.913558183332,27497.34655,2,0
0.5,0.06,0.042,0.0515,0.033,0.029,0.0265,0.017,0.4795,0.007,0.0025,0.0025,0.0005,0.0005,1,0.065,0.0275,0.0015,10070.861192216666,19273.423957,2,0
0.5,0.035,0.02,0.0215,0.014,0.016,0.0105,0.0105,0.4795,0.003,0.019,0.003,0.0015,0.0005,1,0.04,0.0105,0.001,10070.90933045,79063.773119,2,0
0.86,0.89,0.84,0.895,0.705,0.735,0.845,0.8,0.55,0.72,0.39,0.885,0.992,0.9945,2,0.89,0.825,0.944,10071.19131045,24706.989198,2,1
0.018,0.014,0.019,0.014,0.0115,0.0145,0.008,0.008,0.4765,0.0025,0.0015,0.001,0.0005,0.001,0,0.0195,0.008,0.0005,10071.170171400001,6464.103869,2,0
0.105,0.095,0.08,0.055,0.12,0.07,0.19,0.145,0.115,0.115,0.255,0.12,0.565,0.011,4,0.105,0.205,0.09,10070.924242833333,41757.39723,2,0
0.04,0.0135,0.0135,0.014,0.011,0.015,0.013,0.0105,0.0105,0.008,0.0045,0.0005,0.0005,0.001,0,0.0245,0.012,0.0005,10070.868913666667,26952.994,2,0
0.97,0.9815,0.9825,0.974,0.9945,0.9945,0.9725,0.9745,0.5545,0.9745,0.989,0.995,0.987,0.999,0,0.982,0.974,0.9965,10078.661981366666,30602.488513,2,1
0.09,0.065,0.06,0.065,0.0335,0.04,0.0275,0.021,0.0205,0.0055,0.015,0.0015,0.001,0.001,0,0.065,0.0255,0.001,10078.67048145,46435.948978,2,0
0.0205,0.0045,0.005,0.0055,0.005,0.0035,0.0035,0.003,0.003,0.0245,0.0205,0.007,0.0015,0.001,0,0.005,0.003,0.0075,10027.431498533335,54510.624773,2,0
0.21,0.28,0.155,0.215,0.185,0.185,0.125,0.155,0.045,0.062,0.0475,0.0955,0.0005,0.0055,0,0.25,0.155,0.001,10027.435720799998,69380.274151,2,0
0.98,0.9915,0.992,0.992,0.9925,0.984,0.9925,0.993,0.99,0.994,0.999,0.9945,0.9855,0.9995,0,0.992,0.985,0.9805,10027.60461405,81014.720776,2,1
0.62,0.8,0.545,0.66,0.6,0.605,0.505,0.615,0.325,0.425,0.44,0.685,0.075,0.063,7,0.735,0.59,0.0355,10027.638440216666,33814.02199,2,0
0.02,0.01,0.0085,0.0115,0.0115,0.0115,0.0115,0.007,0.007,0.0015,0.0005,0.0005,0.0005,0.0005,0,0.009,0.007,0.0005,10027.579271183333,18055.825403,2,0
0.22,0.305,0.265,0.105,0.325,0.28,0.3,0.335,0.42,0.315,0.55,0.59,0.57,0.94,5,0.28,0.31,0.7,10071.14587135,11497.062015,2,1
0.023,0.0215,0.019,0.0105,0.009,0.008,0.0085,0.0085,0.003,0.003,0.0015,0.0005,0.0005,0.0005,0,0.0215,0.008,0.0005,10071.127365116667,3874.748166,2,0
0.9,0.805,0.895,0.958,0.8895,0.9345,0.93,0.919,0.881,0.9585,0.839,0.9005,0.9795,0.985,0,0.865,0.9315,0.977,10071.50600745,28874.157232,2,1
0.024,0.023,0.023,0.026,0.0125,0.0115,0.0115,0.0125,0.0115,0.0045,0.004,0.0005,0.0005,0.0005,0,0.0235,0.0115,0.0005,10071.477974016667,4650.169133,2,0
0.04,0.07,0.065,0.505,0.05,0.0255,0.067,0.0255,0.0285,0.0375,0.049,0.0145,0.048,0.0035,4,0.47,0.061,0.0685,10071.402597466666,14530.175799,2,0
0.08,0.07,0.045,0.4355,0.0245,0.0185,0.0235,0.013,0.0125,0.012,0.012,0.003,0.0005,0.0005,0,0.47,0.0215,0.0005,10071.281493833334,25658.627,2,0
0.982,0.9805,0.9805,0.555,0.978,0.991,0.993,0.992,0.992,0.992,0.992,0.9985,0.995,0.9995,0,0.516,0.984,0.9995,10071.398373166665,42997.965898,2,1
0.29,0.195,0.165,0.46,0.1,0.11,0.0445,0.03,0.0265,0.02,0.0195,0.0135,0.001,0.0005,4,0.5,0.042,0.0005,10071.497386033332,17316.143571,2,0
0.02,0.0235,0.023,0.0295,0.0235,0.0215,0.0205,0.02,0.0225,0.007,0.001,0.001,0.0005,0.0005,0,0.0235,0.023,0.0005,8654.177320916666,6317.961434,2,0
0.33,0.33,0.34,0.34,0.37,0.42,0.405,0.51,0.53,0.56,0.745,0.725,0.845,0.805,5,0.325,0.435,0.94,8654.1984232,34365.688995,2,1
0.018,0.023,0.0225,0.0255,0.023,0.0125,0.003,0.003,0.0015,0.0015,0.001,0.001,0.0005,0.0005,0,0.023,0.003,0.0005,8654.1900057,7518.12425,2,0
0.5,0.125,0.037,0.0505,0.0415,0.11,0.0295,0.026,0.021,0.0195,0.0195,0.0205,0.0215,0.013,1,0.105,0.0285,0.0095,10103.535755883333,46594.856821,2,0
0.5,0.175,0.29,0.27,0.285,0.145,0.28,0.33,0.09,0.085,0.1,0.06,0.0345,0.013,1,0.19,0.285,0.0205,10103.4926699,24794.199272,2,0
0.5,0.962,0.984,0.972,0.984,0.9745,0.9835,0.986,0.99,0.991,0.9915,0.9995,0.9915,0.9995,0,0.961,0.9835,0.9995,10113.210447616668,24880.169105,2,1
0.5,0.022,0.0335,0.0355,0.024,0.0225,0.022,0.0225,0.02,0.0025,0.0025,0.0015,0.0015,0.0005,1,0.0225,0.0225,0.001,10113.17294375,8496.531765,2,0
0.5,0.01,0.011,0.024,0.0135,0.0105,0.003,0.003,0.0025,0.0025,0.001,0.0005,0.0015,0.001,1,0.0135,0.003,0.001,9400.911556116665,11657.106481,2,0
0.5,0.715,0.805,0.83,0.8,0.28,0.535,0.515,0.455,0.545,0.575,0.44,0.73,0.9995,8,0.78,0.535,0.9995,9400.838066166667,83232.331142,2,1
0.5,0.0135,0.0055,0.0055,0.0025,0.013,0.008,0.0025,0.017,0.0025,0.0005,0.0005,0.0005,0.001,1,0.0135,0.0075,0.0005,9400.512717900001,8091.039267,2,0
0.125,0.12,0.085,0.455,0.08,0.105,0.0395,0.0455,0.031,0.0655,0.0165,0.0145,0.004,0.001,2,0.13,0.0265,0.003,10069.930277116666,10628.079212,2,0
0.0285,0.021,0.0365,0.45,0.0205,0.022,0.0285,0.0235,0.0245,0.021,0.006,0.004,0.001,0.0005,2,0.0405,0.0265,0.0005,10069.8949742,8618.016857,2,0
0.981,0.984,0.984,0.9795,0.9805,0.98,0.9875,0.9875,0.988,0.988,0.993,0.999,0.999,0.9995,0,0.984,0.9845,0.9995,10072.265537616668,5460.155027,2,1
0.09,0.125,0.155,0.565,0.1,0.07,0.17,0.12,0.08,0.0345,0.037,0.034,0.0015,0.0005,4,0.11,0.17,0.0005,10072.261320316667,65553.998805,2,0
0.0235,0.0205,0.0205,0.0295,0.023,0.023,0.023,0.023,0.02,0.02,0.0055,0.0025,0.001,0.0005,0,0.0205,0.023,0.0005,10070.4241927,30260.912991,2,0
0.175,0.185,0.17,0.45,0.235,0.275,0.2,0.185,0.305,0.315,0.14,0.08,0.24,0.0125,0,0.195,0.18,0.395,10070.36779075,19347.078974,2,0
0.982,0.984,0.984,0.9795,0.9795,0.9795,0.992,0.987,0.984,0.9815,0.9985,0.9945,0.9995,0.9995,0,0.984,0.992,0.9995,10070.663501883333,18611.865,2,1
0.555,0.58,0.555,0.515,0.69,0.765,0.64,0.61,0.805,0.835,0.665,0.585,0.9505,0.9815,4,0.6,0.61,0.975,10070.707405033334,79102.390499,2,1
0.0185,0.017,0.017,0.0205,0.0205,0.0205,0.0205,0.02,0.02,0.02,0.0015,0.001,0.001,0.0005,0,0.017,0.02,0.0005,10070.638161233333,9399.216,2,0
0.495,0.76,0.585,0.62,0.595,0.575,0.555,0.83,0.65,0.655,0.855,0.87,0.552,0.88,5,0.78,0.7,0.5505,10070.299991200001,46284.174842,2,1
0.5,0.0215,0.02,0.02,0.0125,0.0125,0.0125,0.0125,0.012,0.009,0.014,0.002,0.001,0.0005,1,0.022,0.0125,0.001,10070.308433466667,9179.345962,2,0
0.5,0.17,0.28,0.27,0.29,0.3,0.325,0.145,0.28,0.295,0.115,0.105,0.4265,0.13,3,0.155,0.23,0.353,10070.0984186,43051.329156,2,0
0.495,0.0225,0.022,0.0245,0.023,0.022,0.021,0.0235,0.0215,0.02,0.018,0.0035,0.001,0.001,0,0.025,0.021,0.001,10070.080956616666,4616.088,2,0
0.055,0.021,0.0375,0.0465,0.0935,0.083,0.069,0.097,0.073,0.0275,0.0295,0.031,0.001,0.002,0,0.033,0.0945,0.0005,10070.6757833,18569.620341,2,0
0.07,0.08,0.055,0.065,0.0245,0.025,0.0235,0.019,0.023,0.024,0.012,0.009,0.001,0.003,4,0.095,0.023,0.0015,10070.571800950001,25249.311007,2,0
0.9775,0.992,0.983,0.9765,0.9875,0.9875,0.9875,0.9875,0.9875,0.992,0.9925,0.9925,0.999,0.9955,0,0.987,0.9875,0.999,10070.803676716667,23575.457792,2,1
0.275,0.31,0.2,0.21,0.07,0.055,0.05,0.045,0.035,0.0635,0.0185,0.018,0.025,0.0095,6,0.325,0.05,0.067,10070.7796327,37347.24115,2,0
0.5,0.0175,0.012,0.0245,0.0165,0.0165,0.0195,0.0125,0.0125,0.0025,0.0025,0.002,0.0005,0.0005,1,0.0135,0.0125,0.0005,10070.636396283335,17536.706333,2,0
0.5,0.28,0.295,0.51,0.315,0.385,0.425,0.455,0.465,0.5,0.545,0.55,0.74,0.838,12,0.295,0.45,0.815,10070.56306685,31409.840388,2,0
0.495,0.0195,0.017,0.0245,0.0195,0.0195,0.0125,0.0125,0.0125,0.008,0.008,0.0005,0.0005,0.0005,2,0.0195,0.0125,0.0005,10070.527333433332,9270.5209,2,0
0.5,0.835,0.81,0.54,0.83,0.75,0.62,0.635,0.62,0.66,0.7,0.92,0.775,0.98,2,0.73,0.65,0.825,10072.8386006,33216.268768,2,1
0.5,0.0245,0.017,0.0285,0.0195,0.019,0.012,0.012,0.012,0.0075,0.001,0.0005,0.0005,0.0005,1,0.0195,0.012,0.0005,10070.87460235,3055.329583,2,0
0.95,0.983,0.989,0.9875,0.9875,0.985,0.988,0.988,0.988,0.9925,0.993,0.9985,0.997,0.999,0,0.98,0.988,0.9955,10078.697816416667,113783.560334,2,1
0.06,0.075,0.235,0.485,0.225,0.49,0.14,0.085,0.03,0.016,0.0145,0.0155,0.012,0.001,6,0.065,0.12,0.001,10078.637194666666,46293.95697,2,0
0.045,0.026,0.021,0.4555,0.023,0.4995,0.0205,0.009,0.009,0.0085,0.005,0.003,0.0005,0.0005,6,0.028,0.0205,0.0005,10070.748130416667,5457.175388,2,0
0.09,0.12,0.27,0.5,0.305,0.495,0.34,0.32,0.13,0.105,0.08,0.065,0.074,0.0305,10,0.115,0.315,0.084,10070.712663683335,28603.92096,2,0
0.495,0.008,0.009,0.0095,0.0085,0.01,0.0185,0.019,0.0055,0.004,0.0015,0.001,0.001,0.001,4,0.0205,0.019,0.001,10070.848300000001,7377.84682,2,0
0.51,0.735,0.575,0.105,0.0475,0.0345,0.0295,0.0455,0.049,0.046,0.033,0.0155,0.0885,0.0005,3,0.505,0.0295,0.035,10070.778450000002,93828.693009,2,0
0.495,0.0095,0.0175,0.013,0.006,0.003,0.003,0.003,0.0015,0.0005,0.0005,0.0005,0.0005,0.0005,4,0.0205,0.003,0.0005,10070.852516666666,5505.295016,2,0
0.023,0.076,0.1125,0.5,0.0245,0.0225,0.0225,0.4495,0.009,0.004,0.003,0.003,0.0005,0.001,10,0.064,0.019,0.0005,10069.7799,7644.030022,2,0
0.13,0.055,0.0335,0.455,0.1215,0.172,0.2195,0.1895,0.0695,0.039,0.0175,0.0055,0.001,0.001,8,0.06,0.2035,0.001,10069.751758833332,9821.836333,2,0
0.55,0.545,0.966,0.5,0.976,0.9765,0.976,0.5005,0.9905,0.9845,0.993,0.9995,0.9995,0.9995,0,0.545,0.976,0.9995,10076.073042850001,18925.761924,2,1
0.5,0.27,0.04,0.255,0.16,0.24,0.285,0.245,0.085,0.055,0.022,0.004,0.0015,0.0005,3,0.27,0.26,0.001,10076.09425935,26970.036033,2,0
0.5,0.0225,0.0085,0.02,0.013,0.0125,0.0125,0.0085,0.0095,0.003,0.001,0.0005,0.001,0.0005,3,0.0225,0.012,0.0005,10070.922417533333,37919.4461,2,0
0.495,0.315,0.315,0.5,0.205,0.245,0.335,0.345,0.26,0.305,0.445,0.655,0.91,0.974,13,0.315,0.31,0.925,10070.863898983334,29229.215711,2,1
0.5,0.023,0.0205,0.4555,0.023,0.019,0.023,0.0225,0.0225,0.02,0.0025,0.0005,0.0005,0.0005,1,0.023,0.0225,0.0005,10070.824279016666,2073.3,2,0
0.5,0.685,0.72,0.495,0.32,0.37,0.81,0.885,0.94,0.925,0.935,0.8695,0.9025,0.969,8,0.68,0.88,0.9245,10071.085469916667,30653.018578,2,1
0.495,0.023,0.017,0.02,0.0125,0.012,0.0125,0.012,0.012,0.0195,0.004,0.0005,0.0005,0.0005,4,0.023,0.0125,0.0005,10071.064369383334,14021.7403,2,0
0.075,0.06,0.075,0.065,0.055,0.18,0.2,0.17,0.0215,0.019,0.007,0.0025,0.001,0.0005,0,0.06,0.195,0.001,10070.7531349,67524.601978,2,0
0.05,0.0345,0.024,0.025,0.0355,0.019,0.024,0.013,0.03,0.03,0.0295,0.0165,0.001,0.0005,0,0.035,0.0215,0.0005,10070.680560366665,14727.396749,2,0
0.96,0.97,0.979,0.975,0.9755,0.928,0.9225,0.95,0.9775,0.982,0.9915,0.9985,0.9995,0.999,0,0.97,0.9265,0.9995,10078.727831416667,33857.911909,2,1
0.065,0.05,0.036,0.04,0.0425,0.0245,0.025,0.0125,0.0355,0.0365,0.0355,0.0255,0.001,0.0005,0,0.055,0.0255,0.001,10078.688296433333,18836.526556,2,0
0.495,0.0225,0.022,0.022,0.021,0.021,0.0235,0.0505,0.0425,0.0185,0.0075,0.002,0.0075,0.0015,0,0.0235,0.0635,0.001,10071.308737199999,65258.906341,2,0
0.5,0.15,0.12,0.13,0.095,0.1,0.095,0.0245,0.0245,0.0245,0.0655,0.0895,0.1685,0.0035,1,0.14,0.0245,0.0425,10071.278455583333,13702.239011,2,0
0.495,0.982,0.9815,0.978,0.983,0.9835,0.9825,0.982,0.982,0.9835,0.993,0.999,0.9995,0.9995,1,0.982,0.982,0.9995,10071.423666183335,38255.165998,2,1
0.495,0.485,0.42,0.41,0.36,0.38,0.405,0.09,0.11,0.075,0.43,0.635,0.885,0.9645,9,0.47,0.11,0.84,10071.43218405,29773.264947,2,1
0.5,0.018,0.0175,0.0205,0.02,0.0205,0.009,0.0165,0.008,0.002,0.0025,0.002,0.002,0.0005,1,0.018,0.0085,0.002,10071.390374716666,23234.047513,2,0
0.5,0.11,0.115,0.15,0.175,0.215,0.2,0.18,0.27,0.425,0.485,0.41,0.03,0.0035,3,0.115,0.195,0.0035,10070.909547016667,51620.769984,2,0
0.5,0.037,0.032,0.023,0.0235,0.0205,0.019,0.019,0.018,0.0155,0.0025,0.0005,0.001,0.0005,1,0.0345,0.0175,0.001,10070.855616733334,14967.177,2,0
0.5,0.945,0.95,0.92,0.9515,0.9515,0.949,0.961,0.9445,0.779,0.83,0.95,0.9985,0.9995,0,0.945,0.9575,0.999,10076.739117333334,32435.76733,2,1
0.495,0.05,0.034,0.0275,0.024,0.023,0.0215,0.019,0.019,0.003,0.0025,0.001,0.0015,0.0015,0,0.05,0.022,0.0015,10076.726406016667,3482.593378,2,0
0.48,0.0235,0.0225,0.028,0.023,0.0265,0.0225,0.023,0.0215,0.021,0.0235,0.0345,0.001,0.0005,0,0.024,0.0225,0.001,10069.93651765,6384.926869,2,0
0.48,0.145,0.21,0.2,0.185,0.155,0.09,0.06,0.045,0.05,0.015,0.0035,0.002,0.0015,0,0.15,0.07,0.002,10069.91397055,12934.180472,2,0
0.505,0.9805,0.9805,0.9765,0.98,0.9785,0.979,0.9795,0.9795,0.9925,0.9925,0.9915,0.997,0.9995,0,0.9815,0.979,0.997,10078.860761166667,12630.780739,2,1
0.49,0.225,0.32,0.31,0.26,0.22,0.095,0.065,0.05,0.06,0.016,0.003,0.001,0.003,0,0.24,0.08,0.0005,10078.818386383333,13029.803574,2,0
0.018,0.0185,0.0185,0.024,0.021,0.0205,0.0205,0.0105,0.004,0.0035,0.0035,0.003,0.0025,0.0005,0,0.0185,0.0125,0.001,10070.7813709,2065.528,2,0
0.255,0.28,0.3,0.3,0.27,0.295,0.335,0.305,0.515,0.59,0.645,0.515,0.305,0.0045,4,0.27,0.355,0.155,10070.743103816667,23253.763919,2,0
0.021,0.021,0.019,0.028,0.023,0.0225,0.021,0.022,0.017,0.016,0.0075,0.007,0.0025,0.0005,0,0.021,0.0205,0.0005,10070.713790166667,9370.934351,2,0
0.495,0.9815,0.981,0.979,0.98,0.9795,0.9795,0.988,0.998,0.998,0.998,0.9985,0.9995,0.992,1,0.9815,0.9875,0.999,10071.103127766666,27606.145915,2,1
0.495,0.9695,0.98,0.9695,0.9775,0.9795,0.9795,0.979,0.984,0.9845,0.9915,0.9925,0.9965,0.998,1,0.9695,0.9795,0.998,10071.107376833334,6991.686233,2,1
0.49,0.05,0.045,0.032,0.032,0.039,0.034,0.025,0.013,0.0045,0.001,0.001,0.0005,0.0005,0,0.04,0.033,0.0005,10070.372228683333,18480.260071,2,0
0.25,0.08,0.05,0.047,0.03,0.033,0.0115,0.0205,0.013,0.0035,0.0035,0.003,0.001,0.0025,0,0.21,0.022,0.001,10070.2951934,32956.491453,2,0
0.5,0.0195,0.0205,0.0025,0.002,0.0025,0.0025,0.0025,0.015,0.001,0.0005,0.0005,0.0005,0.001,1,0.021,0.0025,0.0005,10070.273936683334,14548.50874,2,0
0.235,0.255,0.285,0.3,0.325,0.36,0.28,0.31,0.375,0.4,0.66,0.735,0.935,0.966,1,0.25,0.29,0.945,10070.711445016666,36328.427376,2,1
0.04,0.033,0.048,0.0395,0.0405,0.0305,0.0495,0.0385,0.027,0.026,0.009,0.007,0.0025,0.0025,0,0.036,0.042,0.0015,10070.686294866668,6461.56795,2,0
0.9775,0.976,0.976,0.979,0.9785,0.987,0.998,0.998,0.998,0.998,0.998,0.999,0.9995,0.9995,0,0.9765,0.998,0.9995,10076.690780516667,27693.788107,2,1
0.51,0.525,0.695,0.7,0.75,0.735,0.905,0.905,0.925,0.95,0.9515,0.951,0.98,0.9995,2,0.535,0.905,0.98,10076.724610633333,15257.206477,2,1
0.485,0.0265,0.0215,0.034,0.023,0.023,0.023,0.023,0.008,0.0075,0.004,0.002,0.001,0.001,0,0.029,0.023,0.001,10070.878469316667,3643.82,2,0
0.485,0.14,0.175,0.16,0.275,0.24,0.3,0.275,0.44,0.445,0.4,0.65,0.125,0.0095,4,0.145,0.29,0.1,10070.849126983334,28603.786978,2,0
0.5,0.98,0.9805,0.5,0.978,0.9775,0.977,0.9775,0.991,0.9915,0.998,0.9995,0.999,0.9995,0,0.98,0.9775,0.9995,10071.208206316665,16912.825,2,1
0.5,0.245,0.305,0.26,0.465,0.37,0.46,0.385,0.65,0.565,0.43,0.72,0.135,0.0155,11,0.25,0.685,0.12,10071.178484,11181.566077,2,0
0.018,0.0185,0.0175,0.0225,0.021,0.021,0.022,0.0155,0.017,0.0025,0.0025,0.002,0.0005,0.0005,0,0.0185,0.0205,0.0005,10070.9078318,13448.238,2,0
0.24,0.265,0.28,0.28,0.26,0.31,0.15,0.205,0.12,0.215,0.032,0.021,0.009,0.0035,0,0.26,0.16,0.0065,10070.890846683333,10629.873994,2,0
0.0255,0.022,0.0215,0.028,0.0265,0.01,0.0105,0.0085,0.0085,0.0085,0.0085,0.007,0.0015,0.001,0,0.0235,0.0105,0.001,10070.868689216668,40579.943,2,0
0.7,0.705,0.705,0.76,0.825,0.775,0.945,0.93,0.955,0.9585,0.9805,0.984,0.9975,0.9985,0,0.74,0.95,0.999,10071.231631316668,37196.775809,2,1
0.0255,0.022,0.021,0.028,0.0265,0.024,0.0255,0.0235,0.0105,0.0065,0.0035,0.0045,0.0025,0.001,0,0.0235,0.0255,0.0015,10071.203670199999,19099.383693,2,0
0.16,0.145,0.175,0.175,0.19,0.15,0.11,0.15,0.031,0.032,0.0195,0.0165,0.0015,0.0015,0,0.115,0.12,0.0015,10068.420261,7133.9535,2,0
0.04,0.035,0.0285,0.0345,0.025,0.0275,0.0295,0.013,0.019,0.012,0.0115,0.007,0.0015,0.0005,0,0.044,0.0255,0.003,10068.386304766667,7840.556621,2,0
0.978,0.9685,0.965,0.959,0.969,0.9745,0.9765,0.976,0.977,0.98,0.9805,0.9985,0.9995,0.9995,0,0.974,0.976,0.9995,10068.758739583334,21828.9295,2,1
0.13,0.12,0.09,0.09,0.055,0.08,0.095,0.05,0.135,0.07,0.0935,0.0335,0.0685,0.0025,0,0.165,0.065,0.052,10068.7367441,24811.111999,2,0
0.5,0.021,0.04,0.0725,0.0785,0.0685,0.046,0.036,0.0285,0.028,0.0055,0.005,0.0015,0.0015,1,0.0345,0.034,0.0005,10069.810202466668,4159.615,2,0
0.5,0.165,0.085,0.07,0.042,0.04,0.04,0.044,0.0405,0.03,0.068,0.0275,0.0115,0.0015,1,0.135,0.038,0.0035,10069.805963083334,21783.117477,2,0
0.495,0.03,0.0225,0.013,0.013,0.0125,0.009,0.009,0.009,0.0025,0.002,0.0015,0.0005,0.0005,0,0.028,0.0085,0.0005,10070.26867895,32669.420106,2,0
0.495,0.925,0.845,0.735,0.715,0.725,0.78,0.825,0.865,0.85,0.9735,0.9745,0.9975,0.999,1,0.885,0.84,0.9985,10070.260222100002,67922.290034,2,1
0.495,0.315,0.135,0.085,0.05,0.05,0.0435,0.05,0.043,0.033,0.083,0.044,0.0175,0.0005,0,0.27,0.0605,0.0055,10070.19997265,94727.042599,2,0
0.255,0.255,0.25,0.22,0.305,0.23,0.24,0.25,0.295,0.365,0.415,0.41,0.61,0.95,3,0.26,0.26,0.635,10071.003079266666,12747.989741,2,1
0.0215,0.021,0.016,0.0295,0.0225,0.021,0.02,0.02,0.02,0.02,0.0075,0.001,0.001,0.0005,0,0.014,0.02,0.0005,10070.982250266667,7160.039,2,0
0.92,0.9,0.8,0.94,0.87,0.67,0.705,0.73,0.8,0.89,0.92,0.92,0.984,0.997,0,0.915,0.745,0.9955,10075.059886516667,75926.551316,2,1
0.044,0.0495,0.032,0.0705,0.029,0.0145,0.02,0.019,0.0035,0.003,0.011,0.001,0.0005,0.0005,0,0.052,0.019,0.0005,10075.076799266668,40701.829521,2,0
0.02,0.0195,0.018,0.025,0.0235,0.0205,0.0225,0.0265,0.028,0.0075,0.0075,0.003,0.002,0.001,2,0.0195,0.0225,0.0005,10068.584089933334,8442.1315,2,0
0.07,0.115,0.17,0.155,0.07,0.16,0.08,0.0295,0.034,0.025,0.0155,0.0135,0.001,0.0005,2,0.07,0.05,0.003,10068.514142233333,25157.903488,2,0
0.98,0.9805,0.982,0.5005,0.9765,0.9775,0.973,0.9735,0.976,0.9755,0.9905,0.9975,0.9975,0.9995,0,0.98,0.9725,0.9975,10069.094892683333,23703.944178,2,1
0.1,0.175,0.285,0.265,0.125,0.275,0.125,0.037,0.045,0.0245,0.015,0.0155,0.005,0.0005,0,0.105,0.07,0.001,10069.0672199,36288.711023,2,0
0.5,0.006,0.0035,0.006,0.003,0.005,0.0035,0.0025,0.0025,0.0025,0.002,0.002,0.002,0.0005,3,0.5,0.0025,0.001,10067.600849433333,10453.546125,2,0
0.495,0.065,0.17,0.2,0.165,0.09,0.165,0.0545,0.0225,0.025,0.003,0.012,0.005,0.0045,2,0.185,0.05,0.005,10067.547382716666,25348.114187,2,0
0.5,0.031,0.037,0.026,0.0235,0.024,0.0235,0.023,0.055,0.0285,0.015,0.0205,0.0155,0.0005,1,0.045,0.0235,0.012,10067.498870183334,51572.403716,2,0
0.495,0.982,0.982,0.5,0.9775,0.9775,0.9775,0.9775,0.9825,0.983,0.9975,0.9985,0.9995,0.9995,1,0.982,0.9775,0.9995,10071.2243347,12333.56873,2,1
0.5,0.285,0.08,0.215,0.265,0.21,0.145,0.24,0.07,0.03,0.027,0.0135,0.0025,0.0005,1,0.24,0.325,0.0025,10071.258284133333,64582.607774,2,0
0.5,0.018,0.018,0.018,0.02,0.02,0.0215,0.0225,0.0145,0.0075,0.0075,0.007,0.002,0.0005,3,0.018,0.02,0.0005,10070.99028265,24967.503133,2,0
0.5,0.265,0.27,0.28,0.28,0.31,0.335,0.29,0.385,0.27,0.4,0.21,0.5,0.965,12,0.29,0.245,0.52,10070.945772216666,27302.927769,2,1
0.5,0.022,0.018,0.0255,0.0235,0.023,0.0225,0.0225,0.02,0.02,0.0195,0.002,0.002,0.0005,3,0.02,0.0235,0.0005,10070.912804716667,6218.700099,2,0
0.495,0.27,0.295,0.285,0.285,0.29,0.295,0.33,0.345,0.31,0.475,0.315,0.29,0.014,4,0.265,0.325,0.575,10070.585165433333,26452.611393,2,0
0.495,0.0225,0.0185,0.0165,0.0185,0.0195,0.0235,0.022,0.0225,0.02,0.0085,0.0175,0.002,0.0005,0,0.021,0.022,0.0005,10070.550730783334,108117.171328,2,0
0.495,0.93,0.885,0.945,0.79,0.91,0.945,0.9495,0.9225,0.985,0.947,0.8455,0.9585,0.9925,1,0.905,0.945,0.9615,10072.990715333332,119626.666697,2,1
0.495,0.045,0.031,0.0335,0.024,0.0285,0.03,0.0245,0.025,0.025,0.007,0.0025,0.0005,0.0005,2,0.0385,0.025,0.0005,10073.0035383,11036.964077,2,0
0.07,0.05,0.05,0.04,0.0835,0.035,0.1315,0.5015,0.034,0.0335,0.0325,0.0125,0.017,0.0245,2,0.05,0.079,0.4865,10070.835340916667,38375.886021,2,0
0.08,0.085,0.075,0.065,0.0405,0.0615,0.0245,0.46,0.044,0.0235,0.0325,0.016,0.002,0.001,0,0.08,0.028,0.0025,10070.799564083334,79608.6725,2,0
0.975,0.981,0.981,0.9755,0.9805,0.9815,0.9805,0.5,0.9785,0.9775,0.991,0.9985,0.9975,0.9995,0,0.982,0.9815,0.9965,10071.078832783332,75116.351992,2,1
0.285,0.325,0.295,0.3,0.175,0.26,0.075,0.195,0.21,0.16,0.145,0.125,0.0025,0.0005,0,0.295,0.145,0.0035,10071.032875416666,154034.659789,2,0
0.02,0.022,0.0215,0.0215,0.0215,0.02,0.0215,0.02,0.0235,0.023,0.0185,0.008,0.0025,0.0005,4,0.023,0.0195,0.002,10310.856756583333,47857.170787,2,0
0.21,0.18,0.19,0.165,0.14,0.18,0.11,0.11,0.0425,0.124,0.103,0.0185,0.0785,0.0005,0,0.185,0.15,0.0295,10310.825978966666,19110.765021,2,0
0.0185,0.018,0.0165,0.0175,0.0175,0.0165,0.016,0.0155,0.017,0.022,0.0025,0.0025,0.0005,0.0005,4,0.018,0.016,0.0005,10310.791148466667,4227.252,2,0
0.665,0.585,0.585,0.59,0.505,0.595,0.395,0.585,0.2,0.46,0.54,0.365,0.75,0.135,21,0.595,0.515,0.83,10078.662606983333,205739.263518,2,0
0.0215,0.0195,0.019,0.0215,0.019,0.0185,0.018,0.018,0.0155,0.0205,0.0075,0.0015,0.0005,0.001,2,0.02,0.0175,0.0005,10078.675361,41058.312957,2,0
0.978,0.9825,0.9755,0.969,0.9795,0.9805,0.9805,0.9825,0.979,0.979,0.9865,0.9825,0.998,0.9995,2,0.9825,0.981,0.992,10071.11775025,57557.903312,2,1
0.06,0.085,0.0245,0.0275,0.0205,0.021,0.0205,0.022,0.0175,0.018,0.003,0.0025,0.0005,0.0005,0,0.055,0.019,0.0005,10071.081876866667,19787.3318,2,0
0.045,0.03,0.135,0.127,0.135,0.131,0.147,0.149,0.139,0.159,0.194,0.0605,0.028,0.0005,0,0.04,0.111,0.0075,10310.711501933334,39254.890289,2,0
0.1,0.115,0.0375,0.033,0.0275,0.0265,0.0225,0.0225,0.0195,0.019,0.008,0.0075,0.001,0.0005,0,0.085,0.0225,0.0005,10310.654113016668,8147.846129,2,0
0.5,0.085,0.055,0.075,0.022,0.0195,0.0195,0.0175,0.0175,0.0175,0.008,0.008,0.0005,0.001,1,0.085,0.018,0.0005,10075.221116266668,29220.584,2,0
0.5,0.925,0.945,0.956,0.8315,0.832,0.8375,0.8605,0.859,0.8785,0.8725,0.894,0.6765,0.9985,2,0.92,0.8805,0.8915,10075.170053016665,102423.153258,2,1
0.5,0.0095,0.023,0.0185,0.052,0.0425,0.0425,0.0265,0.025,0.025,0.0195,0.021,0.012,0.0005,1,0.0205,0.0235,0.0075,10310.982340216666,22665.553225,2,0
0.5,0.2,0.19,0.22,0.085,0.06,0.0345,0.039,0.03,0.024,0.013,0.0095,0.001,0.0005,1,0.195,0.035,0.001,10310.943553033334,14971.772295,2,0
0.5,0.0085,0.018,0.018,0.0165,0.0165,0.018,0.016,0.016,0.002,0.001,0.001,0.0005,0.0005,1,0.0175,0.0165,0.0005,10310.952041083334,4944.542998,2,0
0.495,0.2,0.275,0.28,0.3,0.33,0.21,0.105,0.175,0.135,0.11,0.022,0.0185,0.0005,2,0.18,0.205,0.0175,10309.423937000001,17439.865448,2,0
0.5,0.028,0.022,0.0165,0.0195,0.019,0.0175,0.019,0.019,0.0175,0.008,0.003,0.001,0.0005,1,0.038,0.0175,0.0005,10309.3890093,51219.910585,2,0
0.495,0.83,0.71,0.65,0.62,0.665,0.32,0.225,0.135,0.155,0.09,0.08,0.041,0.0005,2,0.86,0.215,0.0425,10069.636897283333,94935.090108,2,0
0.5,0.04,0.0235,0.0235,0.0175,0.019,0.0175,0.009,0.018,0.0055,0.0025,0.0015,0.0005,0.0005,1,0.06,0.02,0.0005,10069.605305966666,23333.489267,2,0
0.5,0.011,0.02,0.008,0.002,0.0065,0.0065,0.0055,0.0025,0.0025,0.001,0.001,0.001,0.0005,1,0.025,0.0065,0.0005,10071.946173116668,14943.782666,2,0
0.5,0.5,0.505,0.705,0.65,0.625,0.525,0.72,0.79,0.82,0.9995,0.9995,0.9995,0.9995,0,0.5,0.525,0.994,10071.907861816666,30472.916263,2,1
0.5,0.008,0.02,0.0075,0.0085,0.0145,0.0115,0.02,0.022,0.0205,0.0125,0.0095,0.0045,0.0025,1,0.015,0.0135,0.004,10071.912122683334,97024.130537,2,0
0.155,0.09,0.085,0.105,0.19,0.14,0.265,0.26,0.39,0.42,0.545,0.685,0.695,0.0145,14,0.09,0.18,0.885,10310.832928766667,69091.610693,2,0
0.045,0.06,0.06,0.041,0.012,0.023,0.0195,0.0195,0.018,0.0175,0.0085,0.009,0.001,0.0005,0,0.06,0.02,0.001,10310.7720886,14309.401696,2,0
0.972,0.9805,0.9815,0.9745,0.9715,0.975,0.979,0.976,0.927,0.825,0.9625,0.976,0.977,0.974,0,0.9785,0.988,0.9945,10071.002235033335,54044.978527,2,1
0.145,0.225,0.22,0.16,0.055,0.055,0.0275,0.024,0.0165,0.0085,0.008,0.0035,0.0005,0.0005,0,0.22,0.026,0.0005,10071.006468833333,17705.527,2,0
0.0195,0.0185,0.014,0.0155,0.003,0.003,0.0025,0.0025,0.007,0.0045,0.0025,0.009,0.0055,0.001,0,0.0195,0.003,0.0025,10070.831959183333,9422.487655,2,0
0.205,0.215,0.25,0.27,0.29,0.29,0.245,0.31,0.2,0.225,0.027,0.0185,0.0035,0.0005,0,0.225,0.22,0.0595,10070.807590783334,47836.695071,2,0
0.9885,0.993,0.9935,0.994,0.991,0.99,0.99,0.994,0.9885,0.9965,0.9965,0.994,0.998,0.9995,0,0.993,0.99,0.998,10071.2042803,42089.885525,2,1
0.435,0.455,0.66,0.69,0.72,0.62,0.4,0.505,0.255,0.34,0.045,0.0195,0.002,0.0005,4,0.46,0.33,0.0025,10071.174615733333,58841.319067,2,0
0.5,0.0065,0.0075,0.007,0.006,0.005,0.004,0.007,0.005,0.0045,0.004,0.004,0.002,0.0035,1,0.011,0.007,0.0035,10056.914183333334,41637.86162,2,0
0.5,0.23,0.255,0.28,0.215,0.165,0.185,0.26,0.36,0.35,0.455,0.55,0.175,0.024,3,0.22,0.2,0.25,10056.909816666668,16940.764375,2,0
0.495,0.0295,0.015,0.0215,0.018,0.028,0.0185,0.023,0.017,0.0025,0.0025,0.002,0.0015,0.0005,0,0.029,0.026,0.0005,10056.869666666667,23462.11,2,0
0.5,0.755,0.695,0.755,0.865,0.925,0.91,0.875,0.67,0.84,0.635,0.725,0.185,0.0125,1,0.78,0.905,0.09,10057.65039895,79424.090163,2,0
0.5,0.0295,0.022,0.027,0.021,0.024,0.017,0.017,0.0165,0.0075,0.0035,0.0015,0.0005,0.0005,1,0.0365,0.0175,0.0005,10057.646169399999,27231.508944,2,0
0.1,0.09,0.04,0.065,0.075,0.065,0.0265,0.0165,0.0135,0.023,0.049,0.0115,0.014,0.0045,0,0.105,0.0195,0.0075,10069.37855,14786.755695,2,0
0.06,0.06,0.0975,0.073,0.0455,0.0485,0.0955,0.1335,0.1015,0.05,0.022,0.01,0.003,0.001,0,0.06,0.1215,0.0015,10069.353850000001,20314.905608,2,0
0.955,0.95,0.9615,0.9575,0.9605,0.976,0.969,0.982,0.984,0.9855,0.9825,0.9805,0.995,0.999,0,0.945,0.97,0.998,10069.765853283334,96406.828418,2,1
0.095,0.1,0.17,0.125,0.075,0.07,0.145,0.185,0.14,0.065,0.0195,0.0155,0.001,0.0005,0,0.095,0.185,0.0015,10069.753154600001,55910.777937,2,0
0.5,0.0235,0.019,0.0035,0.008,0.0065,0.0135,0.0015,0.0015,0.001,0.0015,0.001,0.001,0.0005,1,0.025,0.0035,0.0005,9156.40363325,32591.144867,2,0
0.5,0.245,0.145,0.185,0.245,0.11,0.0725,0.064,0.0625,0.041,0.012,0.0035,0.01,0.01,1,0.355,0.048,0.0315,9156.45745145,74280.63113,2,0
0.5,0.034,0.0295,0.0465,0.022,0.021,0.021,0.0225,0.009,0.0075,0.003,0.0075,0.002,0.0005,1,0.0235,0.021,0.0005,9156.470186233335,91037.915669,2,0
0.035,0.0285,0.0305,0.025,0.0315,0.074,0.19,0.29,0.249,0.332,0.3345,0.4675,0.601,0.847,1,0.03,0.172,0.6965,10071.166919966667,22808.412946,2,1
0.115,0.125,0.11,0.135,0.09,0.0305,0.026,0.021,0.021,0.0165,0.0025,0.0025,0.002,0.002,0,0.135,0.0275,0.002,10071.110874866667,13182.600348,2,0
0.975,0.9805,0.981,0.978,0.9745,0.957,0.8945,0.777,0.64,0.759,0.886,0.92,0.8955,0.9775,2,0.9805,0.8685,0.935,10131.4186943,79070.292592,2,1
0.195,0.205,0.175,0.2,0.135,0.055,0.029,0.0235,0.0115,0.003,0.008,0.002,0.0015,0.0005,2,0.215,0.0285,0.0015,10131.410225166668,35897.407523,2,0
0.495,0.008,0.005,0.0145,0.008,0.0165,0.0165,0.017,0.0265,0.034,0.119,0.0275,0.0085,0.003,0,0.0095,0.0205,0.0055,10070.999138583335,27600.114917,2,0
0.5,0.23,0.26,0.275,0.295,0.305,0.32,0.225,0.065,0.059,0.022,0.014,0.0045,0.0035,1,0.23,0.28,0.0045,10070.986426866666,23927.614048,2,0
0.495,0.017,0.0115,0.01,0.01,0.0085,0.0195,0.0185,0.019,0.003,0.003,0.0025,0.002,0.002,0,0.0195,0.017,0.002,10070.94405625,25110.757,2,0
0.5,0.64,0.66,0.67,0.695,0.72,0.685,0.305,0.115,0.056,0.022,0.0205,0.005,0.0015,3,0.64,0.435,0.0015,10131.2669763,53641.234467,2,0
0.5,0.027,0.019,0.022,0.0185,0.021,0.021,0.018,0.017,0.0005,0.0015,0.0005,0.0005,0.0005,3,0.0265,0.0195,0.0015,10131.24072355,58346.051,2,0
0.5,0.12,0.225,0.205,0.185,0.21,0.22,0.22,0.24,0.405,0.27,0.145,0.0225,0.0045,1,0.115,0.235,0.026,10071.020801566667,7643.775938,2,0
0.495,0.055,0.02,0.0195,0.0185,0.017,0.011,0.011,0.0185,0.0155,0.007,0.0025,0.002,0.0015,4,0.05,0.01,0.0015,10070.992346666666,8183.478,2,0
0.5,0.974,0.9035,0.9545,0.978,0.9785,0.978,0.9735,0.9755,0.952,0.7875,0.5585,0.2855,0.56,6,0.963,0.9815,0.2765,10138.629687216666,187407.151266,2,1
0.5,0.62,0.31,0.39,0.455,0.385,0.355,0.33,0.41,0.07,0.0295,0.009,0.0005,0.0005,1,0.6,0.345,0.0005,10138.615121483333,48030.318353,2,0
0.9665,0.9685,0.972,0.9765,0.911,0.9685,0.977,0.9785,0.9765,0.974,0.9715,0.97,0.89,0.8255,2,0.9675,0.9785,0.3045,10130.149280783335,111369.250338,2,0
0.3,0.21,0.18,0.205,0.0345,0.0535,0.039,0.0295,0.0275,0.028,0.028,0.017,0.0025,0.0005,0,0.2,0.032,0.0005,10130.076863816666,12549.00965,2,0
0.026,0.018,0.02,0.016,0.0315,0.0085,0.015,0.0165,0.0025,0.0025,0.0165,0.012,0.3915,0.0155,0,0.0205,0.016,0.079,10069.981209516667,14878.233189,2,0
0.21,0.23,0.235,0.255,0.13,0.23,0.265,0.245,0.26,0.255,0.275,0.0255,0.005,0.002,0,0.21,0.27,0.0025,10069.906439516666,11824.42804,2,0
0.15,0.115,0.1,0.1,0.0305,0.034,0.027,0.0245,0.0155,0.016,0.024,0.003,0.0025,0.002,0,0.105,0.03,0.002,10069.888049966667,2437.758,2,0
0.495,0.2,0.215,0.2,0.185,0.22,0.055,0.08,0.075,0.04,0.0265,0.0225,0.013,0.0035,2,0.2,0.08,0.0075,10067.505143866667,30773.751049,2,0
0.5,0.023,0.0215,0.0195,0.015,0.018,0.0105,0.012,0.0145,0.013,0.0065,0.016,0.0025,0.0005,7,0.0245,0.013,0.002,10067.528098266666,4022.001,2,0
0.974,0.9835,0.9805,0.517,0.982,0.983,0.977,0.9825,0.9845,0.9845,0.9985,0.9985,0.9985,0.992,0,0.9825,0.9825,0.96,10137.3880292,41011.131192,2,1
0.35,0.27,0.28,0.21,0.14,0.16,0.0375,0.0395,0.0215,0.02,0.0185,0.0145,0.0015,0.0005,0,0.285,0.0405,0.0015,10137.32780345,10712.090878,2,0
0.5,0.035,0.0335,0.025,0.0225,0.023,0.014,0.006,0.006,0.0055,0.001,0.0005,0.0015,0.0005,1,0.045,0.007,0.0015,10128.7467127,29961.895253,2,0
0.5,0.545,0.535,0.565,0.505,0.435,0.525,0.535,0.78,0.755,0.785,0.645,0.9995,0.9995,16,0.445,0.57,0.9995,10128.710649316667,13830.517798,2,1
0.495,0.024,0.0225,0.0185,0.0205,0.011,0.0175,0.0105,0.0085,0.016,0.007,0.003,0.004,0.004,2,0.0255,0.014,0.004,10128.693588133332,7539.805554,2,0
0.45,0.06,0.055,0.055,0.0925,0.102,0.076,0.0965,0.2705,0.1435,0.11,0.105,0.065,0.0515,0,0.06,0.064,0.021,10071.166545049999,9188.162814,2,0
0.495,0.115,0.085,0.065,0.035,0.041,0.032,0.03,0.0125,0.004,0.004,0.018,0.003,0.002,0,0.11,0.0315,0.0025,10071.114904583334,9484.127664,2,0
0.495,0.964,0.962,0.968,0.948,0.9475,0.964,0.954,0.912,0.967,0.9825,0.983,0.9945,0.999,3,0.9605,0.9695,0.9985,10131.386948933334,22275.812948,2,1
0.5,0.2,0.145,0.155,0.065,0.055,0.065,0.042,0.018,0.0195,0.0195,0.018,0.0015,0.0005,1,0.185,0.065,0.002,10131.338200233333,15891.726835,2,0
0.495,0.033,0.0135,0.0225,0.0235,0.018,0.0045,0.0035,0.003,0.0035,0.007,0.0065,0.003,0.002,8,0.0245,0.0045,0.002,10070.148572533333,4572.41118,2,0
0.5,0.17,0.23,0.255,0.235,0.28,0.2,0.2,0.23,0.16,0.0435,0.032,0.0075,0.0005,3,0.18,0.2,0.01,10070.152807783334,22330.006461,2,0
0.5,0.52,0.9835,0.9745,0.9745,0.9845,0.9835,0.9845,0.984,0.9845,0.978,0.9795,0.9985,0.9995,0,0.974,0.9845,0.9995,10070.737700433332,15300.109812,2,1
0.495,0.36,0.475,0.625,0.495,0.595,0.335,0.345,0.35,0.235,0.057,0.043,0.0085,0.0005,22,0.37,0.335,0.0065,10070.692775900001,64060.614528,2,0
0.965,0.974,0.52,0.974,0.9835,0.9745,0.9845,0.984,0.9835,0.9745,0.989,0.9895,0.998,0.9995,0,0.976,0.9845,0.9985,10070.977012033334,32228.642689,2,1
0.51,0.605,0.61,0.595,0.745,0.8,0.775,0.855,0.665,0.83,0.68,0.4,0.25,0.27,5,0.56,0.83,0.165,10070.89534635,81124.862745,2,0
0.035,0.0345,0.503,0.03,0.0265,0.0215,0.0195,0.017,0.014,0.013,0.013,0.003,0.0005,0.0005,2,0.0325,0.0175,0.0005,10070.912504450002,15529.330041,2,0
0.16,0.125,0.1,0.11,0.075,0.037,0.051,0.027,0.0775,0.042,0.0615,0.163,0.1125,0.029,6,0.14,0.0385,0.0965,10070.4178436,18060.040117,2,0
0.05,0.05,0.046,0.048,0.0565,0.0645,0.0405,0.0715,0.034,0.045,0.0125,0.016,0.0025,0.002,6,0.05,0.06,0.002,10070.422083033334,9003.946,2,0
0.5,0.115,0.15,0.13,0.115,0.5,0.055,0.045,0.044,0.0265,0.0675,0.024,0.0245,0.0345,9,0.13,0.0305,0.0265,10070.235642183334,6486.790465,2,0
0.495,0.046,0.038,0.0405,0.0415,0.501,0.0445,0.0455,0.032,0.03,0.0105,0.038,0.0075,0.002,8,0.039,0.085,0.0025,10070.2058777,8832.539104,2,0
0.5,0.9615,0.97,0.9785,0.9785,0.5055,0.982,0.9825,0.9745,0.984,0.984,0.9845,0.989,0.9995,4,0.96,0.9745,0.99,10070.588477316667,15730.918,2,1
0.5,0.175,0.135,0.165,0.16,0.495,0.2,0.21,0.155,0.165,0.065,0.17,0.011,0.0005,3,0.18,0.335,0.003,10070.513504883333,41582.297951,2,0
0.0335,0.0255,0.0225,0.011,0.0195,0.02,0.019,0.503,0.019,0.0185,0.0165,0.0025,0.0025,0.0025,4,0.041,0.5035,0.0025,10070.642711666667,2431.005,2,0
0.165,0.17,0.215,0.24,0.27,0.295,0.315,0.65,0.315,0.365,0.42,0.42,0.61,0.445,4,0.15,0.315,0.725,10070.608841833333,14620.795879,2,1
0.974,0.9735,0.9745,0.9745,0.984,0.984,0.984,0.52,0.9825,0.9745,0.9845,0.9905,0.998,0.999,0,0.981,0.52,0.9995,10071.187565316668,33774.849824,2,1
0.59,0.605,0.755,0.805,0.835,0.88,0.88,0.5,0.965,0.972,0.976,0.992,0.9825,0.9995,2,0.52,0.5,0.997,10071.14122655,31426.064407,2,1
0.04,0.0325,0.04,0.039,0.033,0.0275,0.0295,0.5035,0.03,0.028,0.021,0.0185,0.003,0.0005,12,0.032,0.5035,0.0025,10071.109714116667,55420.534989,2,0
0.5,0.185,0.16,0.195,0.25,0.27,0.33,0.34,0.39,0.2,0.3,0.445,0.39,0.605,10,0.185,0.325,0.42,10063.477166566667,8531.341427,2,1
0.5,0.03,0.033,0.0285,0.012,0.008,0.015,0.017,0.014,0.4425,0.0135,0.015,0.011,0.0005,1,0.032,0.015,0.011,10063.5027101,15799.163597,2,0
0.5,0.205,0.145,0.235,0.295,0.315,0.3,0.25,0.3,0.275,0.65,0.475,0.62,0.385,15,0.23,0.295,0.585,10066.466068683334,21510.61194,2,0
0.5,0.795,0.745,0.85,0.91,0.955,0.9605,0.97,0.9755,0.5,0.983,0.9865,0.987,0.998,0,0.82,0.9615,0.998,10066.457424966668,102512.5479,2,1
0.5,0.135,0.06,0.115,0.165,0.085,0.064,0.022,0.016,0.0225,0.0145,0.006,0.004,0.0025,1,0.085,0.0345,0.0035,10065.227695516665,31961.632332,2,0
0.5,0.055,0.12,0.045,0.0345,0.0495,0.056,0.061,0.05,0.0425,0.024,0.0605,0.158,0.007,1,0.07,0.0595,0.125,10065.2057664,11064.285668,2,0
0.5,0.9525,0.9765,0.968,0.964,0.9795,0.982,0.9885,0.9885,0.9835,0.9895,0.9485,0.998,0.9995,0,0.962,0.9885,0.9995,10076.157888516667,22466.744366,2,1
0.5,0.215,0.37,0.205,0.1,0.22,0.21,0.25,0.26,0.21,0.205,0.56,0.83,0.225,7,0.28,0.245,0.875,10076.097959616665,22381.289312,2,1
0.5,0.0285,0.0055,0.0155,0.0165,0.0035,0.0035,0.019,0.0115,0.0115,0.0015,0.002,0.0025,0.0005,1,0.0435,0.003,0.002,10071.058936466667,29539.116407,2,0
0.5,0.0145,0.004,0.0035,0.0035,0.022,0.02,0.009,0.0035,0.0035,0.0015,0.001,0.002,0.0005,1,0.0145,0.013,0.002,10071.054695750001,15763.090715,2,0
0.5,0.25,0.16,0.37,0.13,0.055,0.135,0.105,0.1,0.065,0.047,0.0165,0.03,0.0105,1,0.415,0.175,0.0195,10071.015346350001,81612.623593,2,0
0.495,0.16,0.14,0.105,0.195,0.1,0.045,0.125,0.14,0.15,0.125,0.135,0.025,0.133,0,0.12,0.075,0.019,10070.749699766666,15544.464903,2,0
0.495,0.0285,0.0275,0.019,0.0095,0.026,0.0185,0.014,0.0155,0.0085,0.022,0.0155,0.0065,0.0005,0,0.0385,0.0185,0.006,10070.77170155,46340.230877,2,0
0.5,0.755,0.695,0.615,0.825,0.63,0.45,0.775,0.84,0.915,0.974,0.987,0.9925,0.9995,4,0.625,0.595,0.9975,10071.190395816666,22790.481225,2,1
0.5,0.06,0.034,0.018,0.0295,0.0265,0.0195,0.023,0.0175,0.0125,0.013,0.0045,0.003,0.0005,1,0.04,0.026,0.0005,10071.149360183334,8069.92843,2,0
0.5,0.029,0.017,0.012,0.009,0.0105,0.017,0.0185,0.015,0.0125,0.003,0.0015,0.003,0.0005,1,0.031,0.016,0.002,10071.066396416667,48995.016222,2,0
0.495,0.175,0.16,0.13,0.17,0.225,0.145,0.25,0.32,0.17,0.055,0.0405,0.025,0.002,2,0.19,0.23,0.025,10070.102267566666,9493.655287,2,0
0.495,0.5,0.0425,0.05,0.0275,0.02,0.0275,0.0175,0.0125,0.021,0.023,0.0065,0.007,0.0045,4,0.025,0.0165,0.005,10070.065041116666,6164.983716,2,0
0.5,0.805,0.87,0.915,0.9,0.845,0.934,0.873,0.775,0.9435,0.974,0.9835,0.981,0.9995,0,0.81,0.8835,0.9925,10076.519585083333,21026.946537,2,1
0.5,0.065,0.07,0.09,0.045,0.0185,0.048,0.024,0.0155,0.0225,0.02,0.0125,0.001,0.0005,1,0.065,0.023,0.001,10076.469608116666,48260.828,2,0
0.5,0.125,0.12,0.115,0.09,0.055,0.06,0.1,0.0525,0.0755,0.115,0.0205,0.0225,0.003,1,0.135,0.09,0.0225,10070.552206533333,3934.063427,2,0
0.5,0.065,0.065,0.065,0.07,0.095,0.06,0.0275,0.0515,0.027,0.0185,0.013,0.0225,0.0025,1,0.06,0.031,0.0245,10070.509641816667,7510.279678,2,0
0.5,0.976,0.978,0.986,0.989,0.99,0.9925,0.991,0.9955,0.9945,0.9945,0.9955,0.9985,0.9995,0,0.977,0.9935,0.9995,10070.95533315,32592.222333,2,1
0.5,0.39,0.405,0.405,0.475,0.58,0.47,0.33,0.455,0.33,0.175,0.465,0.71,0.54,18,0.37,0.375,0.785,10070.877458516667,65013.029412,2,0
0.495,0.07,0.065,0.055,0.05,0.0445,0.023,0.022,0.0185,0.019,0.013,0.0165,0.024,0.0025,2,0.07,0.0245,0.024,10070.66737865,5666.151399,2,0
0.5,0.1,0.105,0.12,0.12,0.105,0.14,0.18,0.15,0.085,0.06,0.0465,0.026,0.0165,1,0.105,0.17,0.02,10070.624022216665,22613.81945,2,0
0.495,0.036,0.0375,0.0255,0.0215,0.0175,0.013,0.0115,0.0125,0.0125,0.0065,0.0045,0.005,0.001,2,0.0355,0.013,0.005,10070.663059133334,1252.71325,2,0
0.5,0.62,0.565,0.635,0.64,0.61,0.735,0.835,0.82,0.73,0.73,0.76,0.62,0.975,6,0.6,0.79,0.93,10070.9649408,37785.423489,2,1
0.495,0.026,0.0265,0.016,0.0185,0.0135,0.013,0.011,0.0105,0.0065,0.006,0.002,0.0005,0.0005,4,0.027,0.0135,0.0005,10070.990132483334,27035.093049,2,0
0.5,0.185,0.185,0.17,0.165,0.2,0.22,0.23,0.275,0.32,0.335,0.28,0.265,0.027,3,0.18,0.22,0.11,10070.714400883333,5355.679875,2,0
0.495,0.06,0.038,0.0345,0.024,0.0235,0.0185,0.0195,0.0195,0.0195,0.0115,0.0025,0.0045,0.002,2,0.06,0.018,0.003,10070.672827033333,4539.197707,2,0
0.5,0.88,0.845,0.74,0.77,0.855,0.88,0.895,0.935,0.958,0.972,0.9555,0.9735,0.9745,0,0.88,0.88,0.9755,10074.7663181,31388.782642,2,1
0.5,0.11,0.075,0.05,0.0355,0.0385,0.024,0.0215,0.022,0.031,0.0145,0.0025,0.0015,0.0005,1,0.13,0.022,0.001,10074.7791916,28629.20751,2,0
0.5,0.13,0.175,0.19,0.23,0.18,0.265,0.29,0.305,0.32,0.385,0.32,0.615,0.075,3,0.14,0.275,0.74,10070.4511109,12766.347208,2,0
0.495,0.042,0.023,0.018,0.0205,0.0215,0.016,0.0115,0.0125,0.0135,0.0145,0.0025,0.0005,0.001,0,0.042,0.01,0.0015,10070.404221050001,130206.00125,2,0
0.5,0.987,0.982,0.9835,0.969,0.9385,0.9795,0.983,0.9895,0.9935,0.991,0.998,0.9975,0.9995,0,0.985,0.981,0.998,10078.392080766667,19332.603565,2,1
0.5,0.575,0.455,0.395,0.205,0.1,0.165,0.16,0.17,0.185,0.095,0.185,0.02,0.022,3,0.555,0.155,0.0055,10078.36257,21923.42355,2,0
0.5,0.04,0.022,0.0175,0.0205,0.018,0.0105,0.0125,0.0105,0.0035,0.0035,0.001,0.0005,0.0005,1,0.045,0.0115,0.0005,10070.542524716668,110776.80292,2,0
0.5,0.155,0.15,0.13,0.185,0.215,0.27,0.23,0.32,0.37,0.415,0.425,0.59,0.16,3,0.095,0.28,0.19,10058.597929916667,8098.936903,2,1
0.5,0.055,0.054,0.0565,0.034,0.0205,0.015,0.017,0.012,0.012,0.012,0.0035,0.0015,0.002,1,0.085,0.0145,0.001,10058.5884721,241622.113897,2,0
0.5,0.835,0.87,0.9,0.8,0.78,0.63,0.42,0.64,0.715,0.755,0.865,0.835,0.996,4,0.9,0.68,0.975,10059.113551816667,44283.23457,2,1
0.5,0.11,0.105,0.11,0.055,0.0305,0.023,0.0185,0.011,0.01,0.012,0.0025,0.0015,0.002,1,0.2,0.0185,0.002,10059.016074783334,446694.026834,2,0
0.5,0.135,0.07,0.0845,0.1025,0.041,0.022,0.022,0.0125,0.0045,0.0035,0.0025,0.0005,0.0005,1,0.09,0.027,0.0005,10069.5691676,11132.428629,2,0
0.5,0.52,0.18,0.2,0.405,0.225,0.2,0.185,0.285,0.345,0.375,0.51,0.655,0.9995,6,0.515,0.18,0.6,10069.514232233334,72419.338139,2,1
0.5,0.028,0.033,0.0255,0.0185,0.014,0.0045,0.0045,0.0045,0.0115,0.003,0.0035,0.0005,0.0005,1,0.03,0.0045,0.0005,10069.488529083332,11708.599952,2,0
0.5,0.165,0.175,0.165,0.235,0.19,0.26,0.285,0.205,0.155,0.17,0.25,0.155,0.89,2,0.17,0.255,0.095,10070.885294766666,12630.995266,2,1
0.5,0.07,0.0755,0.045,0.047,0.0525,0.021,0.017,0.0175,0.019,0.017,0.0035,0.001,0.0005,1,0.075,0.0155,0.001,10070.838185016668,2931.336793,2,0
0.5,0.765,0.895,0.795,0.86,0.93,0.8,0.84,0.635,0.545,0.615,0.81,0.89,0.984,6,0.76,0.835,0.935,10071.207627333333,43188.369267,2,1
0.5,0.07,0.075,0.055,0.0495,0.0525,0.027,0.0175,0.015,0.02,0.0065,0.0035,0.0015,0.0005,1,0.075,0.0195,0.0005,10071.241628733334,338919.072219,2,0
0.5,0.055,0.031,0.0195,0.02,0.02,0.0205,0.013,0.011,0.0185,0.0275,0.027,0.0025,0.0005,3,0.085,0.0175,0.0025,10070.49474,10526.657549,2,0
0.5,0.135,0.165,0.175,0.175,0.235,0.235,0.195,0.28,0.325,0.225,0.115,0.15,0.0355,1,0.11,0.225,0.175,10070.462056266666,9502.718442,2,0
0.5,0.9725,0.981,0.99,0.989,0.9905,0.981,0.9935,0.991,0.9925,0.978,0.984,0.995,0.9995,0,0.966,0.99,0.9995,10070.808993833334,49087.37777,2,1
0.5,0.525,0.715,0.78,0.92,0.84,0.9,0.945,0.845,0.905,0.725,0.51,0.815,0.9785,8,0.4,0.92,0.94,10070.787863716667,25124.95277,2,1
0.5,0.05,0.094,0.103,0.1245,0.05,0.06,0.087,0.02,0.018,0.007,0.003,0.0025,0.0005,1,0.0435,0.065,0.0025,10070.7528318,250331.566614,2,0
0.09,0.0285,0.0275,0.025,0.053,0.0485,0.056,0.03,0.0345,0.0325,0.01,0.0185,0.0035,0.0005,0,0.0425,0.049,0.0035,10070.26698535,3511.344225,2,0
0.045,0.176,0.1885,0.178,0.123,0.101,0.0425,0.0995,0.066,0.0265,0.083,0.048,0.1925,0.752,3,0.2165,0.042,0.4,10070.300445716666,20056.142708,2,0
0.9,0.39,0.36,0.36,0.585,0.655,0.86,0.63,0.78,0.83,0.65,0.77,0.25,0.003,5,0.445,0.84,0.075,10072.556776233334,92425.827628,2,0
0.08,0.0415,0.0325,0.0315,0.0325,0.041,0.048,0.0265,0.038,0.0225,0.008,0.0035,0.0015,0.0005,0,0.182,0.0685,0.0005,10072.505351,290294.095558,2,0
0.495,0.0275,0.082,0.2085,0.2015,0.2075,0.1625,0.1665,0.091,0.211,0.1015,0.0805,0.2215,0.062,0,0.032,0.1665,0.163,10070.718292200001,12455.852998,2,1
0.495,0.15,0.065,0.0365,0.02,0.022,0.039,0.042,0.0535,0.033,0.0245,0.0125,0.008,0.009,0,0.135,0.0415,0.005,10070.724492833333,14897.070869,2,0
0.5,0.9745,0.9525,0.591,0.4595,0.5355,0.789,0.8195,0.966,0.896,0.962,0.9725,0.9375,0.9945,4,0.9725,0.806,0.979,10071.134563333333,54092.55413,2,1
0.5,0.895,0.69,0.21,0.135,0.185,0.4,0.435,0.72,0.355,0.63,0.62,0.23,0.05,7,0.88,0.39,0.21,10071.103148033335,46001.201136,2,0
0.495,0.155,0.225,0.245,0.205,0.083,0.034,0.0575,0.128,0.078,0.287,0.041,0.1645,0.028,4,0.165,0.0335,0.168,10063.693886683333,36253.263739,2,0
0.495,0.015,0.0195,0.0135,0.054,0.1995,0.5615,0.4645,0.163,0.176,0.0245,0.0825,0.0265,0.0025,8,0.0145,0.5845,0.013,10063.75683445,15878.670131,2,0
0.5,0.13,0.065,0.08,0.0265,0.025,0.021,0.012,0.0165,0.0135,0.0165,0.0125,0.0055,0.0005,5,0.125,0.012,0.0025,10063.6270821,4910.358037,2,0
0.5,0.44,0.255,0.275,0.06,0.5055,0.0235,0.0285,0.046,0.0305,0.0555,0.0275,0.015,0.0005,3,0.45,0.03,0.006,10064.1113742,55602.842221,2,0
0.5,0.07,0.0315,0.031,0.013,0.4965,0.0215,0.013,0.017,0.017,0.017,0.0025,0.007,0.0005,1,0.08,0.0175,0.0005,10064.066705683334,155500.4927,2,0
0.12,0.075,0.145,0.12,0.06,0.07,0.503,0.0245,0.0205,0.02,0.0155,0.0125,0.007,0.0025,2,0.09,0.036,0.0055,10069.25334835,8808.783189,2,0
0.125,0.16,0.08,0.095,0.18,0.16,0.495,0.107,0.0625,0.069,0.2405,0.168,0.4865,0.0445,2,0.15,0.081,0.2115,10069.3677644,39023.851135,2,1
0.955,0.952,0.979,0.9785,0.955,0.976,0.584,0.3495,0.21,0.255,0.7165,0.5725,0.975,0.968,2,0.9635,0.388,0.785,10070.334054550001,42653.918564,2,1
0.21,0.13,0.26,0.225,0.095,0.09,0.142,0.023,0.022,0.0185,0.0075,0.0135,0.0075,0.0005,0,0.155,0.0355,0.0055,10070.257308883332,5133.72038,2,0
0.5,0.028,0.057,0.058,0.03,0.0575,0.057,0.0455,0.143,0.217,0.066,0.1485,0.4125,0.922,2,0.031,0.044,0.583,10065.464030433333,41695.484995,2,1
0.5,0.155,0.085,0.065,0.145,0.06,0.065,0.044,0.092,0.022,0.0145,0.0105,0.011,0.0045,1,0.15,0.065,0.033,10065.29802235,38679.459151,2,0
0.5,0.9825,0.9755,0.955,0.9855,0.9805,0.981,0.985,0.4805,0.3015,0.089,0.2035,0.8695,0.897,2,0.984,0.983,0.874,10075.395042466667,71703.472156,2,1
0.5,0.375,0.145,0.115,0.25,0.105,0.09,0.05,0.1645,0.0235,0.015,0.0155,0.0085,0.002,1,0.35,0.1,0.0085,10075.43241325,63405.498215,2,0
0.5,0.024,0.013,0.0125,0.015,0.012,0.0125,0.0075,0.0065,0.0065,0.0055,0.0035,0.0025,0.0005,1,0.021,0.012,0.0025,10075.293630566668,1084586.168389,2,0
0.405,0.27,0.13,0.04,0.0335,0.0715,0.026,0.0205,0.0105,0.144,0.0035,0.0025,0.0015,0.0015,0,0.26,0.02,0.0025,10076.057283333334,41036.498763,2,0
0.495,0.08,0.06,0.095,0.15,0.155,0.145,0.045,0.085,0.065,0.15,0.08,0.027,0.9995,3,0.11,0.145,0.2665,10075.958149999999,59828.246775,2,1
0.04,0.0175,0.0195,0.0125,0.018,0.0295,0.0115,0.0135,0.0175,0.011,0.5045,0.7685,0.9685,0.5035,3,0.026,0.0135,0.966,10066.119421566666,115388.563138,2,0
0.18,0.19,0.215,0.21,0.175,0.17,0.235,0.17,0.155,0.135,0.047,0.033,0.0075,0.0025,0,0.175,0.22,0.0045,10066.044589316667,34209.587683,2,0
0.035,0.0355,0.046,0.03,0.0135,0.0115,0.018,0.011,0.011,0.0115,0.0065,0.006,0.003,0.0005,0,0.0325,0.014,0.001,10065.983157266666,13277.896038,2,0
0.675,0.735,0.815,0.73,0.555,0.55,0.755,0.57,0.545,0.56,0.1695,0.033,0.0025,0.0025,9,0.66,0.69,0.0025,10075.713428933332,17884.444157,2,0
0.05,0.0585,0.079,0.0405,0.0165,0.0125,0.027,0.015,0.014,0.014,0.007,0.007,0.003,0.0005,0,0.0475,0.021,0.0025,10075.583242249999,612850.984,2,0
0.495,0.075,0.095,0.06,0.055,0.07,0.12,0.135,0.045,0.085,0.09,0.0315,0.506,0.4765,4,0.11,0.175,0.5055,10069.566985583333,38806.205213,2,0
0.495,0.11,0.08,0.105,0.115,0.065,0.0225,0.0175,0.044,0.0125,0.016,0.0075,0.0035,0.0015,2,0.075,0.018,0.003,10069.498479183332,14658.0,2,0
0.5,0.98,0.979,0.9855,0.9845,0.9855,0.986,0.9795,0.988,0.9865,0.9825,0.9845,0.4795,0.151,1,0.9705,0.98,0.423,10072.133966566667,20169.563363,2,0
0.5,0.39,0.29,0.365,0.39,0.27,0.12,0.08,0.17,0.07,0.0425,0.014,0.003,0.0025,1,0.27,0.06,0.003,10071.992479383334,36364.260288,2,0
0.5,0.095,0.12,0.065,0.1,0.055,0.047,0.05,0.1155,0.1245,0.025,0.027,0.043,0.0335,1,0.08,0.045,0.038,10067.026498116667,23506.5658,2,0
0.5,0.0305,0.0185,0.031,0.014,0.018,0.0175,0.0135,0.0105,0.0105,0.009,0.011,0.006,0.0005,1,0.035,0.0145,0.003,10066.8782293,32702.785,2,0
0.5,0.69,0.62,0.78,0.65,0.805,0.82,0.775,0.58,0.545,0.825,0.8,0.575,0.5265,10,0.735,0.82,0.455,10076.449518883333,77181.09014,2,0
0.5,0.555,0.255,0.405,0.245,0.35,0.35,0.255,0.085,0.055,0.13,0.0405,0.017,0.005,3,0.35,0.34,0.0065,10068.725919166667,41885.907153,2,0
0.5,0.185,0.14,0.235,0.125,0.18,0.17,0.095,0.0325,0.022,0.033,0.0195,0.0045,0.002,1,0.22,0.16,0.003,10068.685950933334,48541.374572,2,0
0.495,0.14,0.14,0.155,0.185,0.115,0.18,0.125,0.095,0.15,0.33,0.325,0.09,0.255,2,0.125,0.135,0.075,10069.492052,24026.080104,2,1
0.495,0.05,0.0555,0.0535,0.043,0.0575,0.027,0.035,0.0295,0.021,0.0105,0.0085,0.008,0.0005,0,0.06,0.046,0.009,10069.426702666668,32572.091,2,0
0.5,0.845,0.89,0.86,0.835,0.93,0.885,0.95,0.963,0.965,0.89,0.9305,0.994,0.99,0,0.855,0.925,0.994,10077.731606533334,10158.154343,2,1
0.5,0.105,0.105,0.075,0.06,0.09,0.045,0.0555,0.0475,0.017,0.0105,0.011,0.005,0.0285,1,0.115,0.0605,0.005,10077.676128616667,4599.942514,2,0
0.105,0.075,0.0275,0.0395,0.024,0.034,0.0245,0.013,0.021,0.012,0.011,0.01,0.0355,0.008,0,0.095,0.0195,0.008,10069.944928633333,5080.535438,2,0
0.085,0.1,0.16,0.135,0.16,0.14,0.125,0.18,0.125,0.185,0.17,0.115,0.006,0.0045,0,0.08,0.16,0.0045,10069.875130216667,6759.714357,2,0
0.95,0.9785,0.9825,0.9895,0.989,0.9895,0.9895,0.9895,0.9895,0.989,0.99,0.9895,0.9895,0.995,0,0.974,0.9895,0.991,10070.5500735,149726.194,2,1
0.29,0.385,0.555,0.49,0.565,0.47,0.425,0.59,0.445,0.595,0.6,0.57,0.095,0.0125,14,0.31,0.525,0.036,10070.437956833333,21238.984274,2,0
0.495,0.0135,0.0115,0.011,0.011,0.011,0.0115,0.0105,0.011,0.0115,0.0105,0.0105,0.0025,0.0005,0,0.016,0.011,0.0005,10058.419237966667,189342.407014,2,0
0.495,0.225,0.165,0.12,0.07,0.07,0.048,0.069,0.065,0.027,0.0335,0.0125,0.0025,0.001,0,0.23,0.0675,0.0025,10058.27784955,824.969,2,0
0.495,0.0385,0.079,0.107,0.1775,0.142,0.1405,0.084,0.0625,0.1055,0.04,0.0565,0.028,0.001,0,0.0405,0.1015,0.0245,10058.207224549999,3586.887173,2,0
0.5,0.705,0.855,0.915,0.968,0.9705,0.981,0.973,0.975,0.9815,0.9885,0.9895,0.9975,0.9975,0,0.67,0.968,0.9975,10064.656916866667,0.0,2,1
0.5,0.0435,0.078,0.1085,0.1765,0.1425,0.1405,0.093,0.0635,0.1065,0.035,0.056,0.02,0.004,1,0.0355,0.1025,0.005,10064.56176515,13468.747057,2,0
0.175,0.15,0.165,0.17,0.08,0.047,0.015,0.0135,0.0155,0.0115,0.0115,0.012,0.0085,0.01,0,0.135,0.0195,0.0105,10069.032580083333,26852.821987,2,0
0.055,0.04,0.0285,0.0335,0.0655,0.099,0.1645,0.159,0.1855,0.1205,0.0795,0.1405,0.0745,0.03,2,0.045,0.1705,0.114,10068.955155266665,21635.640064,2,0
0.94,0.9525,0.9335,0.942,0.979,0.986,0.989,0.989,0.989,0.989,0.9895,0.989,0.991,0.975,0,0.96,0.9885,0.99,10077.849652300001,0.0,2,1
0.155,0.15,0.11,0.12,0.275,0.375,0.575,0.525,0.62,0.48,0.36,0.56,0.59,0.945,9,0.165,0.56,0.8,10077.739965816667,19737.76416,2,1
0.495,0.022,0.0225,0.0175,0.0175,0.0255,0.032,0.035,0.0185,0.016,0.0025,0.0025,0.0005,0.0005,0,0.0215,0.019,0.0005,10077.657283333334,1095067.650933,2,0
0.495,0.55,0.57,0.615,0.72,0.61,0.535,0.43,0.375,0.535,0.55,0.465,0.84,0.9995,13,0.57,0.435,0.92,10077.561816666666,14084.239994,2,1
0.495,0.023,0.02,0.0185,0.018,0.0095,0.0035,0.0035,0.0115,0.002,0.001,0.001,0.001,0.0005,0,0.0235,0.004,0.0005,10077.506966666666,10354.203163,2,0
0.495,0.03,0.025,0.0245,0.0355,0.032,0.015,0.013,0.011,0.011,0.0155,0.0135,0.0025,0.03,2,0.0365,0.011,0.01,10069.3400999,46.581,2,0
0.5,0.14,0.155,0.15,0.14,0.2,0.24,0.29,0.26,0.33,0.335,0.51,0.715,0.44,5,0.145,0.265,0.075,10069.229080183333,98793.731507,2,0
0.495,0.971,0.979,0.9875,0.9825,0.982,0.989,0.9885,0.9895,0.989,0.9895,0.9865,0.9975,0.99,1,0.9775,0.989,0.99,10070.385034333332,0.0,2,1
0.5,0.14,0.15,0.12,0.1,0.21,0.225,0.365,0.6,0.535,0.6,0.39,0.29,0.5465,10,0.145,0.335,0.905,10070.318315133334,145160.29875,2,1
0.98,0.9855,0.987,0.988,0.9885,0.989,0.9885,0.9885,0.9905,0.9905,0.9955,0.9855,0.991,0.9995,2,0.986,0.9885,0.99,10069.972738066666,14.0,2,1
0.5,0.53,0.65,0.695,0.805,0.72,0.775,0.905,0.93,0.98,0.989,0.9945,0.992,0.9995,2,0.57,0.725,0.992,10069.910296983335,1338.0,2,1
0.0205,0.0215,0.02,0.025,0.0295,0.014,0.0225,0.0265,0.031,0.0395,0.0585,0.0115,0.012,0.0025,2,0.02,0.018,0.0065,10069.814301733333,7614.657322,2,0
0.02,0.0185,0.0165,0.014,0.014,0.011,0.0115,0.011,0.0105,0.011,0.01,0.0155,0.009,0.0005,0,0.0185,0.0105,0.01,10069.156213866667,1021.0,2,0
0.23,0.23,0.245,0.24,0.23,0.285,0.285,0.185,0.16,0.075,0.014,0.008,0.007,0.0005,2,0.23,0.315,0.007,10068.9616179,6206.344,2,0
0.88,0.905,0.915,0.925,0.96,0.965,0.977,0.9775,0.9715,0.9855,0.9895,0.9895,0.9975,0.9975,0,0.92,0.9805,0.9975,10070.20592455,6262.0,2,1
0.06,0.08,0.055,0.0435,0.076,0.0875,0.133,0.044,0.0565,0.1615,0.1785,0.3765,0.564,0.598,5,0.085,0.087,0.4595,10070.139620116668,98952.966074,2,1
0.045,0.021,0.014,0.0145,0.015,0.0165,0.013,0.011,0.0145,0.0115,0.0105,0.01,0.0025,0.002,0,0.0175,0.01,0.0025,10069.232776383335,31.0,2,0
0.145,0.16,0.165,0.17,0.205,0.23,0.28,0.23,0.275,0.35,0.335,0.195,0.04,0.014,0,0.17,0.275,0.062,10069.1489185,58240.85995,2,0
0.96,0.9485,0.9795,0.9825,0.9845,0.9855,0.9875,0.9875,0.989,0.989,0.989,0.9885,0.9955,0.9975,0,0.9505,0.9875,0.9975,10068.636346433334,10.01,2,1
0.29,0.22,0.3,0.315,0.285,0.265,0.405,0.435,0.635,0.38,0.385,0.855,0.9795,0.9955,13,0.235,0.5,0.989,10068.547026983335,8163.446733,2,1
0.04,0.0545,0.02,0.0175,0.0155,0.0145,0.0115,0.0115,0.0105,0.007,0.0105,0.0005,0.0095,0.0025,0,0.057,0.012,0.0025,10067.650940483332,1357.263,2,0
0.175,0.165,0.235,0.245,0.275,0.285,0.305,0.31,0.255,0.39,0.43,0.11,0.04,0.0045,0,0.155,0.275,0.039,10067.552285566666,9886.493666,2,0
0.04,0.0195,0.0135,0.0155,0.013,0.0115,0.0125,0.014,0.0125,0.011,0.011,0.012,0.011,0.0025,0,0.022,0.0145,0.004,10067.503080666667,115.986,2,0
0.5,0.21,0.195,0.18,0.255,0.27,0.345,0.32,0.325,0.365,0.345,0.5,0.445,0.0045,9,0.22,0.315,0.585,10069.657339883333,10904.622932,2,0
0.5,0.0215,0.014,0.0145,0.0125,0.0125,0.0115,0.013,0.012,0.012,0.0105,0.011,0.008,0.005,1,0.0385,0.012,0.0055,10069.589178716667,39.0,2,0
0.5,0.8,0.705,0.625,0.78,0.785,0.885,0.835,0.955,0.9605,0.986,0.977,0.9905,0.99,0,0.86,0.84,0.99,10070.429293033334,344.327618,2,1
0.5,0.07,0.0385,0.02,0.018,0.0185,0.0165,0.012,0.019,0.0145,0.011,0.011,0.0095,0.01,3,0.11,0.0115,0.01,10070.393078316667,26.0,2,0
0.5,0.09,0.06,0.105,0.16,0.185,0.11,0.115,0.055,0.1,0.016,0.0355,0.0105,0.0105,1,0.07,0.08,0.0025,10068.62702675,12431.006,2,0
0.5,0.095,0.105,0.07,0.026,0.0235,0.0255,0.0205,0.019,0.0145,0.0225,0.0165,0.0245,0.01,1,0.115,0.0285,0.0035,10068.497922683333,610.7645,2,0
0.5,0.925,0.96,0.9,0.85,0.875,0.95,0.9515,0.9785,0.971,0.989,0.9885,0.99,0.99,0,0.95,0.963,0.9975,10069.6055514,1552.37,2,1
0.5,0.175,0.215,0.095,0.061,0.0205,0.0305,0.0305,0.0225,0.017,0.027,0.0175,0.0305,0.03,1,0.225,0.0375,0.0025,10069.543150783335,4468.052961,2,0
0.06,0.0505,0.0445,0.0595,0.039,0.0775,0.141,0.1095,0.0235,0.0165,0.0145,0.0145,0.0375,0.01,0,0.035,0.1325,0.036,10069.005517733334,4158.477994,2,0
0.155,0.15,0.17,0.145,0.17,0.105,0.045,0.0275,0.053,0.0225,0.0225,0.0085,0.0465,0.036,0,0.145,0.0385,0.0345,10068.910582433333,3346.513176,2,0
0.05,0.0415,0.014,0.0185,0.0205,0.014,0.0135,0.0135,0.0115,0.0105,0.0055,0.005,0.0305,0.0305,0,0.0415,0.013,0.0305,10068.843667633333,367.991,2,0
0.65,0.625,0.62,0.515,0.565,0.37,0.18,0.09,0.25,0.15,0.15,0.04,0.4375,0.9385,6,0.665,0.165,0.315,10074.164339516667,61445.142384,2,1
0.07,0.05,0.027,0.029,0.027,0.0185,0.0155,0.015,0.0115,0.0105,0.0055,0.005,0.0305,0.0305,0,0.065,0.015,0.0305,10074.098096933334,250.0,2,0
0.505,0.075,0.07,0.024,0.0225,0.013,0.012,0.0105,0.01,0.0095,0.0085,0.007,0.006,0.0045,1,0.08,0.003,0.005,10077.377933333333,4860.627368,2,0
0.505,0.58,0.6,0.62,0.755,0.66,0.84,0.66,0.63,0.635,0.715,0.745,0.835,0.9995,0,0.575,0.785,0.8,10077.237216666666,9627.326693,2,1
0.505,0.029,0.029,0.025,0.007,0.0045,0.0115,0.0235,0.0145,0.013,0.013,0.012,0.012,0.012,1,0.0255,0.0175,0.012,10077.143266666668,5314.395377,2,0
0.615,0.41,0.315,0.31,0.205,0.135,0.125,0.035,0.019,0.0115,0.013,0.0295,0.0005,0.0295,1,0.535,0.09,0.0005,10070.700442166668,10420.09,2,0
0.055,0.0245,0.0215,0.026,0.012,0.0155,0.015,0.012,0.011,0.012,0.011,0.006,0.0025,0.0025,0,0.0395,0.0135,0.0025,10070.6350893,254.9635,2,0
0.115,0.18,0.2,0.21,0.22,0.21,0.23,0.175,0.08,0.03,0.1755,0.0505,0.0415,0.003,0,0.145,0.225,0.0245,10069.668161666666,16494.743102,2,0
0.08,0.035,0.0295,0.027,0.017,0.014,0.0135,0.0125,0.0125,0.0125,0.0165,0.0065,0.003,0.0025,0,0.06,0.0135,0.003,10069.527095366668,369.987,2,0
0.095,0.095,0.105,0.185,0.21,0.205,0.24,0.245,0.29,0.175,0.055,0.012,0.042,0.026,0,0.105,0.22,0.04,10069.9625738,9472.295924,2,0
0.095,0.095,0.08,0.0345,0.0245,0.019,0.0205,0.017,0.012,0.0115,0.0175,0.017,0.0315,0.0025,0,0.1,0.019,0.003,10069.878759666666,249.991,2,0
0.945,0.9695,0.9735,0.9,0.8185,0.883,0.846,0.7625,0.8135,0.5575,0.332,0.3285,0.9045,0.976,4,0.9695,0.7215,0.816,10077.825431816666,61471.910339,2,1
0.335,0.335,0.29,0.105,0.075,0.065,0.0375,0.0325,0.0275,0.0115,0.017,0.017,0.0305,0.0025,0,0.34,0.0255,0.0025,10077.792129183334,152.0,2,0
0.5,0.015,0.015,0.0125,0.0115,0.0565,0.046,0.0395,0.057,0.055,0.039,0.1885,0.1955,0.0375,1,0.016,0.071,0.143,10070.063447983333,22114.658083,2,0
0.5,0.195,0.215,0.22,0.225,0.16,0.15,0.14,0.105,0.07,0.047,0.014,0.0375,0.039,1,0.195,0.135,0.039,10069.978319816666,9924.221783,2,0
0.5,0.056,0.0465,0.044,0.0265,0.0235,0.02,0.018,0.0095,0.006,0.0055,0.0045,0.0055,0.0005,1,0.046,0.02,0.0055,10069.92771145,375.2,2,0
0.5,0.675,0.665,0.705,0.665,0.33,0.315,0.24,0.155,0.1,0.06,0.014,0.029,0.0295,1,0.68,0.245,0.0295,10070.626951033333,7107.552757,2,0
0.5,0.056,0.0465,0.0475,0.0245,0.0225,0.019,0.0175,0.0115,0.0155,0.0135,0.0115,0.013,0.0005,1,0.046,0.023,0.0005,10070.573086816667,389.992,2,0
0.5,0.115,0.185,0.165,0.165,0.15,0.175,0.24,0.215,0.275,0.21,0.165,0.065,0.0045,5,0.115,0.23,0.03,10068.530168516667,4924.468452,2,0
0.5,0.08,0.033,0.041,0.0385,0.0375,0.037,0.0175,0.0135,0.0145,0.013,0.012,0.01,0.01,3,0.08,0.0185,0.0305,10068.457777433334,534.0,2,0
0.5,0.9,0.83,0.855,0.86,0.87,0.86,0.53,0.485,0.485,0.285,0.22,0.055,0.0145,11,0.92,0.8,0.016,10073.221325733333,18416.585916,2,0
0.5,0.155,0.06,0.075,0.06,0.06,0.04,0.0185,0.0145,0.014,0.012,0.012,0.03,0.029,1,0.18,0.0305,0.03,10073.172462033333,255.0,2,0
0.04,0.015,0.011,0.012,0.0135,0.016,0.016,0.012,0.011,0.0455,0.033,0.0255,0.028,0.032,0,0.0185,0.0125,0.053,10068.462128133333,15741.670793,2,0
0.14,0.21,0.2,0.205,0.195,0.2,0.225,0.225,0.23,0.061,0.0455,0.02,0.031,0.0045,0,0.175,0.235,0.0045,10068.39694175,411.0,2,0
0.9845,0.989,0.989,0.989,0.989,0.989,0.9885,0.988,0.9885,0.9875,0.988,0.9885,0.988,0.9695,2,0.988,0.9885,0.988,10071.630014016668,222.425781,2,1
0.56,0.775,0.855,0.775,0.645,0.7,0.745,0.74,0.73,0.275,0.205,0.145,0.04,0.0065,1,0.76,0.785,0.0015,10069.8300333,20401.080359,2,0
0.065,0.09,0.1,0.045,0.0215,0.023,0.0235,0.0185,0.014,0.013,0.0125,0.0115,0.011,0.01,0,0.09,0.0225,0.01,10069.62191785,206.963,2,0
0.5,0.175,0.195,0.13,0.09,0.11,0.185,0.195,0.145,0.18,0.27,0.385,0.265,0.1,3,0.175,0.185,0.5,10070.40729705,24460.568069,2,0
0.5,0.04,0.0335,0.059,0.0785,0.049,0.0245,0.025,0.0235,0.022,0.0045,0.0035,0.003,0.0025,1,0.045,0.022,0.0025,10070.20547895,3497.98,2,0
0.81,0.775,0.75,0.905,0.95,0.935,0.895,0.91,0.94,0.945,0.866,0.6255,0.2925,0.084,11,0.79,0.905,0.5,10075.069842083332,51077.931693,2,0
0.12,0.09,0.07,0.115,0.14,0.075,0.0355,0.031,0.0285,0.022,0.012,0.0125,0.0025,0.003,2,0.1,0.0475,0.0025,10075.002860883335,848.977,2,0
0.08,0.065,0.06,0.05,0.0365,0.02,0.016,0.017,0.0195,0.016,0.0055,0.0045,0.003,0.025,0,0.075,0.018,0.0725,10070.5192717,6946.331568,2,0
0.09,0.12,0.125,0.11,0.13,0.175,0.2,0.19,0.125,0.115,0.14,0.085,0.045,0.009,0,0.09,0.2,0.0265,10070.442397883333,14936.911162,2,0
0.965,0.9815,0.9815,0.9825,0.987,0.989,0.989,0.989,0.989,0.989,0.9945,0.989,0.9895,0.9645,4,0.9815,0.989,0.99,10075.221714349998,89.994,2,1
0.35,0.43,0.45,0.42,0.465,0.655,0.69,0.59,0.455,0.43,0.525,0.47,0.215,0.025,8,0.38,0.635,0.075,10075.136827866667,20047.42753,2,0
0.5,0.021,0.021,0.007,0.0065,0.0105,0.0055,0.006,0.0035,0.003,0.0005,0.0005,0.0005,0.0005,1,0.025,0.0055,0.005,10076.521233333333,10152.154322,2,0
0.5,0.225,0.275,0.275,0.255,0.27,0.45,0.37,0.11,0.0615,0.0235,0.003,0.0025,0.001,3,0.315,0.44,0.0015,10076.557083333335,106282.583047,2,0
0.5,0.1,0.085,0.05,0.045,0.07,0.005,0.007,0.0145,0.0225,0.018,0.0085,0.0055,0.027,1,0.115,0.005,0.006,10076.35605,21108.856932,2,0
0.5,0.042,0.071,0.046,0.047,0.0435,0.0205,0.014,0.0145,0.0185,0.0175,0.0165,0.0015,0.0025,1,0.036,0.014,0.004,10070.52797055,970.955964,2,0
0.5,0.13,0.09,0.11,0.13,0.12,0.145,0.205,0.225,0.165,0.08,0.045,0.0415,0.014,1,0.12,0.205,0.0125,10070.427078733333,18665.038222,2,0
0.5,0.9825,0.9815,0.982,0.9835,0.9835,0.9885,0.989,0.989,0.989,0.9945,0.985,0.9975,0.977,4,0.983,0.989,0.9975,10075.150614999999,66.988,2,1
0.5,0.565,0.365,0.41,0.45,0.405,0.495,0.685,0.715,0.54,0.48,0.355,0.515,0.1,13,0.51,0.695,0.56,10075.0536394,80292.009361,2,0
0.5,0.05,0.026,0.0265,0.0265,0.022,0.025,0.02,0.017,0.012,0.006,0.016,0.0025,0.003,5,0.045,0.029,0.0025,10074.952979516667,134.7785,2,0
0.5,0.115,0.125,0.145,0.215,0.21,0.175,0.22,0.085,0.065,0.0375,0.0715,0.037,0.0335,5,0.13,0.21,0.0345,10070.031752300001,4672.896606,2,0
0.5,0.075,0.07,0.055,0.025,0.0325,0.0245,0.015,0.046,0.015,0.031,0.0175,0.0025,0.0155,1,0.065,0.015,0.0025,10069.960274916666,12578.0,2,0
0.5,0.9,0.895,0.85,0.78,0.845,0.89,0.86,0.96,0.5,0.979,0.9825,0.9645,0.9895,0,0.855,0.83,0.9645,10077.961298633334,9615.979,2,1
0.5,0.19,0.145,0.095,0.052,0.0615,0.0475,0.044,0.0725,0.067,0.0375,0.016,0.0025,0.0155,1,0.135,0.0445,0.0025,10077.867646466668,9597.00772,2,0
0.5,0.046,0.057,0.024,0.0255,0.053,0.044,0.0335,0.019,0.012,0.012,0.0115,0.033,0.005,1,0.0455,0.046,0.033,10069.663918783333,9924.403,2,0
0.5,0.13,0.125,0.155,0.15,0.095,0.1,0.105,0.135,0.065,0.21,0.25,0.315,0.49,3,0.13,0.095,0.1,10069.57164735,8844.122629,2,0
0.5,0.972,0.966,0.9835,0.9755,0.9645,0.9805,0.9805,0.986,0.978,0.9885,0.995,0.9975,0.9995,0,0.969,0.5045,0.997,10074.54532585,218.988,2,1
0.5,0.365,0.305,0.44,0.355,0.175,0.18,0.165,0.2,0.105,0.29,0.325,0.33,0.04,7,0.385,0.5,0.105,10074.48258025,95524.434833,2,0
0.5,0.0115,0.013,0.0115,0.014,0.0135,0.01,0.013,0.012,0.011,0.0105,0.0105,0.0025,0.0005,1,0.021,0.0115,0.0025,10070.241788633333,6978.57,2,0
0.5,0.15,0.15,0.14,0.165,0.115,0.13,0.22,0.25,0.225,0.225,0.255,0.04,0.0345,1,0.17,0.14,0.038,10070.174674233333,1900.0,2,0
0.5,0.125,0.11,0.115,0.075,0.125,0.09,0.0335,0.02,0.019,0.014,0.011,0.036,0.0355,1,0.085,0.075,0.0355,10069.990333266667,1685.0,2,0
0.5,0.795,0.85,0.87,0.84,0.93,0.93,0.865,0.865,0.91,0.9485,0.9475,0.9645,0.989,2,0.735,0.93,0.9635,10077.596884300001,11841.913141,2,1
0.5,0.12,0.12,0.115,0.075,0.13,0.09,0.0335,0.02,0.019,0.014,0.011,0.0415,0.0415,3,0.085,0.075,0.0415,10077.577498333332,3288.0,2,0
0.5,0.14,0.12,0.055,0.0355,0.024,0.031,0.0135,0.015,0.014,0.0165,0.0125,0.0145,0.036,1,0.12,0.015,0.0355,10069.099883333334,34.169013,2,0
0.5,0.06,0.07,0.12,0.145,0.16,0.155,0.205,0.185,0.115,0.05,0.05,0.5,0.0365,7,0.065,0.19,0.039,10068.98715,10264.901062,2,0
0.5,0.9465,0.9655,0.986,0.989,0.9885,0.989,0.989,0.989,0.9885,0.9895,0.9895,0.75,0.9645,0,0.965,0.989,0.9645,10078.07843245,0.0,2,1
0.5,0.21,0.27,0.46,0.51,0.565,0.495,0.695,0.585,0.385,0.28,0.295,0.3,0.05,17,0.5,0.66,0.22,10078.006812883334,7176.349128,2,0
0.5,0.019,0.0155,0.016,0.014,0.014,0.014,0.014,0.0385,0.013,0.013,0.0135,0.0025,0.0015,3,0.03,0.0135,0.0015,10070.434766666667,224.983166,2,0
0.5,0.18,0.19,0.195,0.205,0.18,0.16,0.1,0.115,0.075,0.12,0.22,0.245,0.16,1,0.16,0.125,0.16,10070.280183333332,2185.256959,2,0
0.5,0.987,0.9875,0.9885,0.9885,0.989,0.989,0.989,0.989,0.989,0.9895,0.9895,0.9975,0.9985,0,0.985,0.989,0.9985,10075.199945683333,356.37229,2,1
0.5,0.675,0.85,0.78,0.815,0.96,0.96,0.9725,0.979,0.9845,0.9855,0.9865,0.9875,0.9875,0,0.61,0.966,0.9875,10075.090064683334,410.0,2,1
0.5,0.0465,0.061,0.0585,0.071,0.1375,0.148,0.1455,0.118,0.1585,0.06,0.0185,0.02,0.0245,1,0.0445,0.176,0.015,10075.022537016666,6929.218967,2,0
0.5,0.18,0.185,0.17,0.14,0.135,0.1,0.0205,0.0215,0.02,0.01,0.01,0.035,0.035,1,0.2,0.065,0.035,10070.557316666667,1057.798756,2,0
0.5,0.035,0.031,0.0435,0.048,0.0565,0.048,0.1375,0.163,0.1725,0.1775,0.2375,0.0525,0.0215,1,0.0345,0.114,0.065,10070.510199999999,29358.388975,2,0
0.5,0.77,0.815,0.86,0.895,0.915,0.95,0.9845,0.9865,0.988,0.9895,0.9895,0.9655,0.9995,0,0.76,0.9815,0.9585,10075.11822595,5063.07125,2,1
0.5,0.07,0.07,0.075,0.085,0.085,0.1,0.23,0.25,0.24,0.265,0.29,0.11,0.007,5,0.05,0.2,0.075,10075.081897483333,20153.438779,2,0
0.5,0.495,0.435,0.57,0.51,0.455,0.545,0.565,0.69,0.715,0.615,0.835,0.795,0.9995,8,0.5,0.515,0.8,9687.4319249,150153.660653,2,1
0.5,0.013,0.01,0.0085,0.012,0.0115,0.011,0.0165,0.026,0.016,0.0135,0.009,0.006,0.005,1,0.017,0.0105,0.0055,9687.674390116666,29866.303647,2,0
0.5,0.0445,0.042,0.037,0.027,0.026,0.0215,0.022,0.015,0.015,0.014,0.0095,0.0015,0.0005,1,0.0395,0.021,0.0015,9687.4952569,32485.404301,2,0
0.74,0.795,0.925,0.94,0.945,0.962,0.9735,0.982,0.9885,0.989,0.9865,0.986,0.983,0.964,0,0.775,0.978,0.983,10078.333545416668,270.0,2,1
0.075,0.08,0.13,0.145,0.1,0.165,0.16,0.165,0.215,0.47,0.655,0.655,0.88,0.9475,13,0.075,0.17,0.941,10078.280100366666,26795.67833,2,1
0.5,0.06,0.08,0.04,0.015,0.0225,0.0135,0.014,0.0135,0.0125,0.0185,0.0165,0.0155,0.0355,1,0.095,0.012,0.036,10070.524316666668,1520.973,2,0
0.5,0.1,0.1,0.13,0.175,0.2,0.195,0.245,0.275,0.31,0.28,0.085,0.0195,0.02,1,0.095,0.235,0.02,10070.486166666667,7330.5,2,0
0.5,0.9765,0.979,0.9845,0.9875,0.9885,0.9885,0.989,0.989,0.989,0.9825,0.9875,0.986,0.9995,0,0.9725,0.9885,0.9655,10075.240754066666,1778.499427,2,1
0.5,0.365,0.345,0.43,0.625,0.7,0.655,0.76,0.875,0.89,0.9715,0.987,0.9835,0.9665,2,0.335,0.74,0.967,10075.1521582,3751.473683,2,1
0.5,0.978,0.979,0.983,0.985,0.988,0.987,0.982,0.9885,0.989,0.989,0.9895,0.99,0.9995,2,0.9785,0.988,0.9655,9824.5338213,4623.8731,2,1
0.5,0.9865,0.9875,0.9885,0.988,0.9885,0.989,0.9885,0.989,0.989,0.989,0.989,0.9825,0.9965,0,0.9855,0.989,0.9655,9824.364320216668,14193.516,2,1
0.5,0.0395,0.021,0.0225,0.0265,0.0465,0.034,0.0375,0.026,0.0405,0.017,0.04,0.0265,0.042,5,0.0325,0.031,0.054,9824.070934066667,19415.689098,2,0
0.5,0.08,0.085,0.065,0.06,0.017,0.0175,0.0185,0.016,0.016,0.0145,0.014,0.032,0.004,3,0.075,0.0165,0.032,9874.691166866665,5687.202875,2,0
0.5,0.105,0.085,0.1,0.115,0.17,0.18,0.215,0.235,0.315,0.36,0.4,0.335,0.0385,5,0.105,0.19,0.07,9874.52859265,12749.056674,2,0
0.57,0.45,0.36,0.47,0.36,0.32,0.285,0.325,0.41,0.59,0.625,0.775,0.915,0.96,2,0.43,0.31,0.94,9660.267683333333,18231.64151,2,1
0.5,0.64,0.535,0.685,0.585,0.555,0.53,0.59,0.695,0.875,0.92,0.9765,0.975,0.983,4,0.625,0.58,0.974,9660.417983333335,10812.203696,2,1
0.5,0.165,0.175,0.18,0.22,0.225,0.26,0.235,0.22,0.11,0.075,0.013,0.0215,0.0005,1,0.17,0.245,0.021,9781.19480325,4799.982487,2,0
0.5,0.11,0.13,0.12,0.13,0.145,0.155,0.12,0.095,0.018,0.015,0.015,0.012,0.0005,1,0.115,0.135,0.012,9781.186369000001,50229.163036,2,0
0.5,0.035,0.0175,0.0165,0.0175,0.0225,0.0295,0.0195,0.0205,0.019,0.012,0.0125,0.012,0.0005,1,0.03,0.024,0.012,9728.77350245,6819.9835,2,0
0.5,0.0175,0.013,0.012,0.014,0.016,0.0165,0.014,0.013,0.0135,0.0135,0.013,0.0125,0.0005,1,0.022,0.015,0.0105,9728.777731033333,13209.9812,2,0
0.5,0.9845,0.9855,0.987,0.988,0.989,0.9875,0.989,0.9885,0.9885,0.989,0.989,0.9355,0.9995,0,0.981,0.9885,0.9745,9866.629695799998,10626.826,2,1
0.5,0.0405,0.045,0.045,0.04,0.032,0.024,0.019,0.015,0.012,0.012,0.012,0.011,0.0005,3,0.04,0.023,0.0105,9866.883378916666,13199.698,2,0
0.5,0.08,0.085,0.075,0.07,0.06,0.053,0.037,0.0215,0.018,0.012,0.012,0.0105,0.009,3,0.07,0.047,0.01,9867.151740866666,13388.861,2,0
0.54,0.695,0.665,0.295,0.215,0.225,0.285,0.37,0.13,0.155,0.155,0.08,0.0135,0.0055,9,0.7,0.42,0.015,9598.802416666667,74180.174568,2,0
0.5,0.8,0.64,0.47,0.54,0.7,0.735,0.73,0.685,0.79,0.655,0.815,0.94,0.9995,2,0.5,0.71,0.985,9597.075783333334,8832.889639,2,1
0.5,0.85,0.9,0.89,0.88,0.88,0.865,0.89,0.9635,0.9785,0.981,0.992,0.966,0.998,0,0.87,0.94,0.9985,9683.53117885,37021.651671,2,1
0.5,0.94,0.96,0.961,0.961,0.951,0.9555,0.965,0.9835,0.984,0.988,0.988,0.9945,0.995,0,0.955,0.9685,0.9945,9684.407031033334,8137.896,2,1
0.5,0.0125,0.027,0.017,0.014,0.0125,0.015,0.015,0.0115,0.0135,0.0115,0.0025,0.0025,0.0005,1,0.0195,0.0145,0.0025,9863.859166666667,3303.527,2,0
0.5,0.0135,0.0135,0.014,0.0145,0.014,0.0135,0.0125,0.0115,0.0115,0.012,0.001,0.001,0.0005,1,0.017,0.013,0.001,9863.89345,3993.807331,2,0
0.5,0.075,0.06,0.065,0.065,0.038,0.0175,0.025,0.025,0.018,0.019,0.012,0.012,0.002,1,0.1,0.0285,0.012,9863.594733333333,8363.7415,2,0
0.5,0.29,0.3,0.255,0.13,0.14,0.095,0.105,0.085,0.0435,0.022,0.031,0.0295,0.0085,1,0.21,0.12,0.0165,9981.849078333333,17973.282023,2,0
0.5,0.355,0.36,0.32,0.175,0.19,0.135,0.165,0.13,0.065,0.0325,0.0555,0.082,0.011,1,0.275,0.175,0.029,9981.223098366667,18981.937682,2,0
0.5,0.165,0.2,0.2,0.175,0.145,0.13,0.19,0.22,0.35,0.24,0.32,0.395,0.44,5,0.16,0.095,0.585,9917.344093566668,144031.64474,2,1
0.485,0.44,0.545,0.72,0.84,0.86,0.88,0.88,0.855,0.905,0.92,0.935,0.964,0.9975,3,0.43,0.915,0.971,10122.113937549999,137057.75701,2,1
0.5,0.115,0.14,0.22,0.29,0.355,0.365,0.245,0.125,0.075,0.054,0.033,0.016,0.03,1,0.115,0.435,0.0145,10122.83648635,53887.494516,2,0
0.5,0.5,0.335,0.17,0.08,0.095,0.0235,0.0245,0.025,0.0175,0.0185,0.0045,0.0045,0.0025,3,0.21,0.0295,0.004,9762.18135,15826.008756,2,0
0.09,0.0235,0.0465,0.03,0.0195,0.0435,0.0945,0.0735,0.033,0.0175,0.015,0.0115,0.0105,0.013,0,0.04,0.379,0.005,10153.506735933333,5930.309,2,0
0.175,0.195,0.2,0.18,0.16,0.21,0.2,0.215,0.275,0.235,0.285,0.095,0.066,0.0275,2,0.195,0.145,0.046,10153.43139335,26546.441847,2,0
0.5,0.285,0.365,0.455,0.505,0.275,0.105,0.115,0.195,0.335,0.245,0.6,0.66,0.19,15,0.5,0.11,0.66,10212.187914983333,199449.462507,2,0
0.5,0.1,0.12,0.13,0.055,0.0215,0.0245,0.0135,0.0195,0.028,0.0445,0.012,0.0055,0.0035,1,0.105,0.0225,0.0035,10360.509684783332,8532.469043,2,0
0.5,0.17,0.1,0.085,0.205,0.43,0.36,0.41,0.22,0.225,0.0355,0.021,0.037,0.082,5,0.16,0.44,0.1195,10360.475264566667,24629.141555,2,0
0.5,0.44,0.355,0.335,0.56,0.8,0.8,0.84,0.81,0.74,0.39,0.505,0.84,0.996,6,0.44,0.835,0.9785,10403.918541516667,85698.389466,2,1
0.21,0.23,0.235,0.245,0.23,0.215,0.26,0.25,0.07,0.0315,0.022,0.02,0.0115,0.0035,2,0.335,0.25,0.011,10186.922783333333,26556.188237,2,0
0.495,0.935,0.885,0.885,0.93,0.946,0.924,0.963,0.9955,0.991,0.996,0.9855,0.9935,0.987,3,0.925,0.921,0.9865,10239.944561633334,42541.2369,2,1
0.5,0.5,0.54,0.49,0.375,0.395,0.41,0.535,0.7,0.525,0.335,0.32,0.365,0.9995,16,0.53,0.39,0.33,9689.981883333332,130733.377095,2,1
0.52,0.495,0.315,0.26,0.32,0.145,0.175,0.265,0.23,0.0075,0.0025,0.0025,0.0025,0.007,3,0.305,0.255,0.0025,9690.528116666666,44237.414694,2,0
0.5,0.205,0.21,0.21,0.23,0.275,0.265,0.25,0.29,0.31,0.39,0.445,0.505,0.305,7,0.205,0.305,0.62,10150.950985483332,103886.294959,2,0
0.5,0.29,0.285,0.335,0.35,0.15,0.175,0.1,0.075,0.07,0.12,0.045,0.0045,0.039,1,0.225,0.155,0.0075,10285.927016666667,53600.281658,2,0
0.5,0.105,0.185,0.175,0.235,0.255,0.275,0.255,0.26,0.295,0.37,0.415,0.41,0.775,6,0.145,0.255,0.57,10147.322347783334,127715.42164,2,1
0.5,0.61,0.4,0.395,0.21,0.225,0.23,0.32,0.255,0.075,0.08,0.031,0.0035,0.003,3,0.51,0.28,0.0135,10223.39365,71522.706981,2,0
0.5,0.54,0.225,0.175,0.15,0.15,0.13,0.13,0.185,0.385,0.59,0.62,0.94,0.9955,4,0.495,0.145,0.9,9683.38385,13260.575167,2,1
0.5,0.155,0.15,0.0265,0.0225,0.0125,0.023,0.0175,0.0205,0.0165,0.0155,0.0065,0.0035,0.0025,3,0.145,0.0575,0.0035,10419.162643966667,1615.949654,2,0
0.5,0.375,0.44,0.84,0.835,0.945,0.81,0.865,0.66,0.73,0.84,0.935,0.892,0.945,4,0.41,0.795,0.6815,10431.792439949999,495631.102955,2,1
0.5,0.195,0.155,0.15,0.14,0.135,0.215,0.24,0.0215,0.0135,0.0115,0.003,0.011,0.0015,1,0.195,0.225,0.0255,10148.863266666665,9632.746776,2,0
0.5,0.095,0.13,0.15,0.15,0.185,0.06,0.045,0.2895,0.547,0.5555,0.3295,0.1905,0.0045,5,0.12,0.0555,0.3305,10175.4977,175343.049315,2,0
0.5,0.215,0.27,0.285,0.325,0.27,0.295,0.32,0.29,0.285,0.455,0.475,0.012,0.0025,5,0.22,0.26,0.003,10343.742618716667,31177.811149,2,0
0.14,0.165,0.1,0.07,0.105,0.075,0.075,0.165,0.095,0.12,0.165,0.305,0.096,0.0305,0,0.17,0.145,0.0725,9294.824833333334,78066.243154,2,0
0.35,0.335,0.465,0.55,0.275,0.26,0.175,0.045,0.015,0.0215,0.016,0.0075,0.012,0.0115,8,0.34,0.055,0.003,9294.592316666667,20316.623554,2,0
0.5,0.175,0.195,0.25,0.195,0.175,0.135,0.055,0.02,0.0135,0.007,0.0025,0.0005,0.0005,1,0.19,0.07,0.0005,10336.505034733333,2516.7341,2,0
0.5,0.48,0.435,0.29,0.425,0.455,0.485,0.76,0.805,0.92,0.915,0.9205,0.988,0.9905,6,0.425,0.655,0.994,10361.730746233334,28984.028295,2,1
0.5,0.155,0.15,0.105,0.12,0.1,0.14,0.095,0.045,0.03,0.0865,0.169,0.162,0.023,1,0.15,0.18,0.1155,10359.433091183333,76458.566544,2,0
0.5,0.15,0.115,0.06,0.0345,0.028,0.013,0.0155,0.015,0.0135,0.0195,0.0065,0.0025,0.0005,1,0.125,0.015,0.0025,10105.260831033334,6169.862339,2,0
0.5,0.255,0.16,0.12,0.07,0.086,0.121,0.0375,0.026,0.0195,0.02,0.006,0.0035,0.0005,1,0.2,0.0945,0.0025,9307.404293333333,18240.002742,2,0
0.5,0.5,0.67,0.55,0.545,0.625,0.67,0.735,0.71,0.7,0.685,0.86,0.77,0.9995,0,0.5,0.665,0.745,9306.906759516665,4569.48857,2,1
0.5,0.085,0.07,0.075,0.065,0.0725,0.0515,0.019,0.011,0.011,0.005,0.0025,0.0025,0.0005,1,0.11,0.0245,0.0025,10325.876330033332,9898.312332,2,0
0.495,0.19,0.19,0.185,0.175,0.14,0.23,0.225,0.28,0.365,0.425,0.435,0.41,0.3395,8,0.185,0.255,0.43,10099.874916916666,115593.127036,2,0
0.5,0.195,0.205,0.205,0.22,0.27,0.29,0.28,0.305,0.275,0.395,0.46,0.515,0.525,10,0.205,0.28,0.565,10413.483983333334,25213.173883,2,0
0.5,0.265,0.45,0.335,0.14,0.09,0.07,0.026,0.0275,0.0275,0.027,0.0265,0.003,0.0005,1,0.32,0.055,0.003,9362.0712502,30903.001559,2,0
0.5,0.665,0.53,0.63,0.565,0.38,0.335,0.35,0.31,0.34,0.43,0.78,0.805,0.594,6,0.65,0.345,0.735,9361.670143483332,22535.039478,2,1
0.53,0.145,0.135,0.145,0.235,0.22,0.265,0.25,0.36,0.37,0.46,0.49,0.54,0.945,10,0.175,0.27,0.195,10263.868539149998,173142.413666,2,1
0.5,0.11,0.115,0.125,0.16,0.22,0.235,0.235,0.255,0.31,0.295,0.25,0.135,0.002,3,0.125,0.225,0.0245,10128.666938166667,54947.418349,2,0
0.5,0.285,0.22,0.075,0.105,0.11,0.1,0.05,0.035,0.0025,0.002,0.0025,0.0025,0.003,1,0.2,0.085,0.003,10174.647930500001,11658.572,2,0
0.5,0.49,0.495,0.44,0.16,0.145,0.135,0.0475,0.089,0.047,0.0315,0.0205,0.0115,0.0005,9,0.435,0.05,0.0145,10241.183992183333,28318.081725,2,0
0.5,0.12,0.1,0.12,0.33,0.325,0.295,0.465,0.335,0.375,0.34,0.605,0.51,0.999,10,0.145,0.52,0.955,10249.157777299999,409269.490433,2,1
0.5,0.135,0.09,0.105,0.095,0.185,0.105,0.045,0.05,0.105,0.245,0.345,0.54,0.18,11,0.135,0.065,0.74,10345.258711516666,188706.546953,2,0
0.5,0.305,0.315,0.23,0.265,0.285,0.32,0.295,0.325,0.175,0.315,0.435,0.19,0.0035,3,0.3,0.305,0.185,10299.9514377,24019.636699,2,0
0.5,0.085,0.0325,0.039,0.0275,0.025,0.0215,0.028,0.029,0.022,0.013,0.007,0.0065,0.0005,1,0.11,0.0215,0.0005,10051.66703485,10766.842475,2,0
0.395,0.155,0.145,0.15,0.1,0.14,0.075,0.04,0.0265,0.0155,0.021,0.014,0.254,0.016,0,0.175,0.05,0.1775,10145.973202666668,73170.151677,2,0
0.5,0.255,0.175,0.165,0.14,0.115,0.085,0.036,0.0265,0.027,0.2935,0.0025,0.0025,0.0005,1,0.115,0.0245,0.0005,8719.9961921,8089.602900999998,3,0
0.5,0.9805,0.9845,0.9845,0.9775,0.9845,0.9775,0.978,0.884,0.983,0.979,0.999,0.9955,0.9995,0,0.655,0.979,0.9525,8717.995364316666,11738.9125,3,1
0.25,0.25,0.015,0.026,0.25,0.202,0.21,0.4375,0.0135,0.004,0.0045,0.0025,0.002,0.0015,0,0.25,0.157,0.002,9933.280678433333,3875.548790000001,3,0
0.24,0.24,0.475,0.62,0.615,0.625,0.665,0.525,0.465,0.2,0.05,0.185,0.0165,0.003,6,0.24,0.625,0.0045,9932.969884716667,6679.137953000004,3,0
0.255,0.255,0.015,0.2595,0.26,0.227,0.4445,0.4515,0.0605,0.0035,0.003,0.002,0.0005,0.0025,0,0.255,0.4425,0.0005,9932.859193183334,4012.6043450000006,3,0
0.015,0.2605,0.015,0.0195,0.2605,0.026,0.01,0.008,0.01,0.0365,0.004,0.003,0.0005,0.0005,0,0.015,0.008,0.0005,10067.445630666665,470.39399999999995,3,0
0.16,0.255,0.165,0.115,0.105,0.125,0.155,0.09,0.075,0.0295,0.0395,0.001,0.001,0.003,0,0.11,0.135,0.001,10066.912211383335,230.43,3,0
0.195,0.425,0.185,0.12,0.095,0.135,0.16,0.1,0.085,0.035,0.0285,0.0015,0.0015,0.001,0,0.12,0.14,0.0015,10075.481713483334,50492.13647699992,3,0
0.5,0.5,0.985,0.9805,0.9855,0.9855,0.986,0.986,0.993,0.9785,0.9975,0.9975,0.9955,0.999,0,0.5,0.986,0.999,10072.938096116668,64854.66240100001,3,1
0.5,0.5,0.5,0.9785,0.9805,0.967,0.9855,0.988,0.989,0.9865,0.9915,0.9945,0.997,0.9985,0,0.5,0.987,0.9975,10061.293471216666,2701.762882,3,1
0.5,0.02,0.0145,0.0145,0.0145,0.0225,0.014,0.0145,0.0035,0.002,0.0015,0.0005,0.0005,0.0005,1,0.02,0.013,0.0005,10071.823778766668,322.190625,3,0
0.245,0.245,0.0145,0.0155,0.25,0.25,0.2465,0.011,0.017,0.123,0.006,0.002,0.0005,0.0005,0,0.245,0.011,0.0005,10061.89503965,924.5443720000001,3,0
0.095,0.095,0.095,0.016,0.0165,0.26,0.0345,0.016,0.0255,0.2075,0.016,0.0035,0.001,0.002,0,0.105,0.0105,0.001,10061.396819466667,1515.621539,3,0
0.25,0.25,0.25,0.245,0.015,0.015,0.015,0.02,0.01,0.037,0.019,0.0005,0.0025,0.0015,0,0.24,0.015,0.002,10055.937357616667,601.8199999999999,3,0
0.435,0.465,0.245,0.4,0.485,0.38,0.555,0.6,0.645,0.775,0.815,0.865,0.51,0.035,8,0.46,0.535,0.795,10055.645856449999,2080.864767,3,0
0.245,0.245,0.245,0.245,0.0195,0.0155,0.016,0.0205,0.246,0.2325,0.0045,0.003,0.0025,0.0015,0,0.24,0.016,0.002,10055.378504116667,423.2,3,0
0.5,0.0205,0.022,0.022,0.019,0.015,0.015,0.015,0.005,0.005,0.003,0.0005,0.0015,0.0005,1,0.0205,0.0155,0.0005,10074.95823925,736.755625,3,0
0.5,0.02,0.4755,0.0235,0.016,0.015,0.015,0.015,0.0065,0.0175,0.005,0.0005,0.0005,0.0005,1,0.02,0.015,0.0005,10055.919471066667,480.096625,3,0
0.5,0.0405,0.0385,0.0465,0.0475,0.016,0.046,0.016,0.0155,0.0215,0.008,0.0005,0.0005,0.003,1,0.0355,0.016,0.0035,10073.4144483,1251.048877,3,0
0.5,0.04,0.04,0.042,0.037,0.0195,0.038,0.0195,0.0155,0.027,0.0255,0.016,0.003,0.003,1,0.04,0.0195,0.003,10075.949155233333,574.08025,3,0
0.5,0.0245,0.024,0.0235,0.0235,0.0155,0.0235,0.0145,0.014,0.0235,0.027,0.005,0.027,0.1655,1,0.0255,0.0145,0.028,10075.773422333334,428.012,3,0
0.23,0.205,0.195,0.225,0.28,0.265,0.375,0.485,0.36,0.285,0.08,0.085,0.0125,0.007,4,0.225,0.575,0.008,10073.463675250001,9492.690392999997,3,0
0.015,0.015,0.015,0.267,0.013,0.0195,0.0195,0.2575,0.015,0.0195,0.0015,0.0005,0.0005,0.0005,0,0.015,0.0195,0.0005,10072.317507716665,569.1872,3,0
0.5,0.985,0.985,0.9805,0.9805,0.9805,0.9805,0.972,0.9845,0.9845,0.9675,0.997,0.9995,0.9995,0,0.985,0.9805,0.9995,10075.033256533332,475.06474999999995,3,1
0.021,0.0215,0.0205,0.02,0.0195,0.0195,0.0175,0.019,0.0195,0.016,0.004,0.001,0.001,0.0005,0,0.021,0.0175,0.001,10077.525856216667,5604.235625,3,0
0.475,0.455,0.415,0.475,0.5,0.51,0.53,0.565,0.51,0.36,0.645,0.53,0.94,0.9845,3,0.455,0.545,0.974,10072.85657635,1202.530712,3,1
0.245,0.235,0.25,0.0195,0.0145,0.016,0.0065,0.0065,0.006,0.015,0.003,0.0025,0.0005,0.0005,0,0.245,0.008,0.0005,10070.263722566666,459.34950000000003,3,0
0.5,0.9775,0.9775,0.9805,0.985,0.985,0.98,0.979,0.985,0.9855,0.996,0.9975,0.9995,0.9995,0,0.9775,0.985,0.9995,10074.878688866667,1885.0,3,1
0.5,0.3,0.25,0.295,0.27,0.185,0.15,0.125,0.055,0.036,0.0265,0.0145,0.0065,0.0055,1,0.305,0.12,0.0065,10074.061187616666,7125.072742,3,0
0.0155,0.241,0.0155,0.1955,0.243,0.241,0.241,0.2025,0.004,0.004,0.0015,0.0005,0.0005,0.0005,0,0.241,0.007,0.0005,10073.199050866668,2654.4605,3,0
0.42,0.445,0.48,0.515,0.595,0.52,0.59,0.595,0.645,0.67,0.71,0.795,0.53,0.615,11,0.44,0.58,0.285,10071.903267916667,1816.3414950000001,3,1
0.0155,0.256,0.0155,0.2355,0.2585,0.2085,0.245,0.009,0.008,0.0035,0.0015,0.0025,0.0005,0.0005,0,0.256,0.0045,0.0005,10072.388407133334,668.91,3,0
0.76,0.805,0.75,0.695,0.77,0.815,0.745,0.825,0.83,0.865,0.785,0.825,0.555,0.61,2,0.795,0.78,0.295,10077.0824715,2155.6468409999993,3,1
0.0155,0.0235,0.0155,0.0265,0.022,0.0225,0.4395,0.022,0.0145,0.0155,0.0095,0.0065,0.0005,0.0005,2,0.0235,0.0135,0.0005,10074.544328299999,534.0,3,0
0.5,0.9735,0.976,0.952,0.972,0.9265,0.9625,0.959,0.979,0.9845,0.9845,0.9945,0.9955,0.998,0,0.9715,0.9615,0.996,10072.540209416667,8053.280133000002,3,1
0.5,0.015,0.0155,0.029,0.0195,0.0265,0.0265,0.0225,0.016,0.0155,0.0115,0.0015,0.0005,0.0005,1,0.015,0.027,0.0005,10062.208341033334,643.999,3,0
0.245,0.015,0.016,0.25,0.007,0.2455,0.2405,0.245,0.0155,0.0065,0.0045,0.003,0.0005,0.0005,0,0.015,0.235,0.0005,10073.430396766666,662.0025,3,0
0.26,0.07,0.0405,0.05,0.0175,0.2645,0.2635,0.039,0.041,0.031,0.004,0.004,0.0025,0.0005,0,0.07,0.2635,0.0025,10067.138828333333,4866.474144999999,3,0
0.245,0.245,0.245,0.0195,0.25,0.25,0.0085,0.1795,0.2335,0.246,0.0045,0.0035,0.0005,0.0025,0,0.245,0.1795,0.0005,10064.1429564,514.991,3,0
0.255,0.255,0.285,0.29,0.325,0.225,0.145,0.07,0.165,0.195,0.13,0.125,0.0115,0.003,0,0.255,0.115,0.0115,10063.706129016668,7177.175360000002,3,0
0.5,0.9795,0.978,0.9805,0.9735,0.9735,0.9805,0.978,0.978,0.978,0.987,0.9965,0.9995,0.997,0,0.9795,0.978,0.9995,10063.623007483335,1548.764,3,1
0.5,0.265,0.345,0.35,0.39,0.275,0.16,0.075,0.175,0.22,0.125,0.12,0.0095,0.0135,3,0.315,0.145,0.0205,10067.650485516668,6690.217912999999,3,0
0.5,0.0205,0.022,0.0195,0.023,0.023,0.015,0.022,0.0215,0.0215,0.0125,0.001,0.0005,0.0005,1,0.0205,0.022,0.0005,10071.5030963,551.0844659999999,3,0
0.17,0.16,0.205,0.17,0.125,0.095,0.105,0.125,0.16,0.215,0.05,0.045,0.011,0.0025,0,0.14,0.105,0.0105,10068.3672066,6291.576712999998,3,0
0.02,0.016,0.0155,0.0195,0.27,0.268,0.27,0.014,0.0125,0.1675,0.0035,0.004,0.0025,0.0005,0,0.016,0.27,0.0005,10068.124588350001,571.1487999999999,3,0
0.02,0.0155,0.015,0.0195,0.023,0.0265,0.0235,0.0145,0.0145,0.0225,0.0145,0.0145,0.0005,0.0005,0,0.0155,0.022,0.0005,10074.014172233332,494.97573600000004,3,0
0.81,0.825,0.78,0.82,0.84,0.88,0.87,0.865,0.825,0.735,0.91,0.935,0.9875,0.997,2,0.85,0.87,0.992,10075.939164333333,8908.664784000002,3,1
0.5,0.013,0.014,0.013,0.0185,0.0115,0.01,0.01,0.007,0.008,0.005,0.0005,0.0005,0.0005,1,0.0235,0.01,0.0005,10073.490396283334,270.992,3,0
0.5,0.35,0.32,0.405,0.37,0.32,0.22,0.215,0.22,0.375,0.405,0.08,0.08,0.0145,3,0.295,0.325,0.05,10074.182686966667,5738.005605,3,0
0.5,0.0075,0.0075,0.006,0.006,0.005,0.0045,0.0045,0.0045,0.005,0.0005,0.0005,0.0005,0.0005,1,0.025,0.0045,0.0005,10073.377164333333,616.9654999999998,3,0
0.26,0.26,0.26,0.22,0.19,0.14,0.125,0.115,0.075,0.035,0.1035,0.1495,0.0295,0.0035,0,0.26,0.085,0.0095,9996.569612666666,8853.886126,3,0
0.245,0.245,0.2445,0.232,0.0195,0.0195,0.0195,0.0155,0.246,0.2395,0.014,0.0045,0.0005,0.0005,0,0.245,0.246,0.0005,9995.642078750001,1728.7549999999999,3,0
0.5,0.9695,0.9675,0.9665,0.9805,0.981,0.9805,0.984,0.9775,0.9845,0.967,0.996,0.9995,0.9995,0,0.9695,0.9715,0.9995,9998.877979683333,690.3631780000001,3,1
0.05,0.041,0.0345,0.0385,0.02,0.0195,0.0195,0.0165,0.0225,0.0155,0.0065,0.0025,0.002,0.0005,0,0.0405,0.027,0.002,10000.51330465,5664.956000000001,3,0
0.5,0.895,0.895,0.845,0.87,0.86,0.815,0.86,0.88,0.885,0.935,0.99,0.9455,0.9775,0,0.87,0.8,0.9915,9984.810938350001,21702.489331999986,3,1
0.5,0.585,0.575,0.455,0.425,0.41,0.275,0.315,0.26,0.225,0.215,0.365,0.0025,0.001,1,0.53,0.245,0.0015,9984.743404800001,61082.842713000005,3,0
0.255,0.255,0.251,0.255,0.0195,0.0195,0.0195,0.2545,0.016,0.25,0.0405,0.0145,0.0005,0.0005,0,0.255,0.0195,0.0005,9986.467428116668,421.972,3,0
0.25,0.255,0.255,0.28,0.45,0.455,0.485,0.485,0.64,0.675,0.725,0.605,0.977,0.9505,3,0.255,0.485,0.969,9986.933031966668,3900.124989000001,3,1
0.25,0.25,0.246,0.25,0.0195,0.0195,0.0195,0.2455,0.0145,0.245,0.045,0.004,0.0005,0.0005,0,0.25,0.0195,0.0005,9986.552561366667,422.963,3,0
0.26,0.26,0.285,0.28,0.305,0.445,0.45,0.49,0.62,0.625,0.66,0.795,0.625,0.983,15,0.26,0.475,0.5,10001.764360483334,1233.7233589999998,3,1
0.245,0.245,0.225,0.245,0.2445,0.0195,0.0195,0.0195,0.0155,0.016,0.0145,0.0145,0.0055,0.0045,0,0.245,0.0195,0.005,10001.649178266667,432.9728,3,0
0.979,0.957,0.958,0.957,0.9595,0.977,0.9795,0.978,0.98,0.985,0.985,0.9955,0.997,0.9995,0,0.96,0.979,0.999,10004.6771345,586.3,3,1
0.02,0.0305,0.0245,0.0385,0.0275,0.0195,0.0195,0.0195,0.016,0.005,0.003,0.003,0.0005,0.0035,0,0.0305,0.019,0.0005,10004.742936866667,788.7019,3,0
0.02,0.2595,0.02,0.2595,0.2505,0.24,0.02,0.0165,0.0155,0.0125,0.007,0.0045,0.004,0.0005,0,0.0585,0.0205,0.004,10070.972949916668,473.09299999999996,3,0
0.085,0.125,0.015,0.015,0.015,0.015,0.026,0.0165,0.0165,0.012,0.0115,0.003,0.002,0.0005,0,0.14,0.021,0.002,10070.328989866666,15635.309777,3,0
0.9805,0.656,0.981,0.971,0.973,0.974,0.9845,0.9845,0.9845,0.99,0.9955,0.997,0.9995,0.998,0,0.73,0.9845,0.9995,10073.134762183334,9024.023000000001,3,1
0.105,0.125,0.045,0.043,0.0435,0.0445,0.026,0.0165,0.016,0.016,0.0155,0.003,0.003,0.0005,0,0.155,0.021,0.0005,10076.8382817,24338.344662,3,0
0.2645,0.26,0.0245,0.0195,0.0195,0.0195,0.335,0.021,0.022,0.016,0.0035,0.003,0.0005,0.0005,0,0.18,0.0195,0.0005,10070.011836916667,1381.9838690000001,3,0
0.385,0.39,0.415,0.425,0.47,0.45,0.5,0.51,0.51,0.4,0.42,0.285,0.06,0.0165,18,0.385,0.465,0.093,10071.103401383332,3125.571333,3,0
0.255,0.25,0.4795,0.0195,0.0195,0.0195,0.454,0.333,0.108,0.0085,0.002,0.001,0.0005,0.0005,0,0.255,0.0195,0.0005,10069.694610416665,588.837,3,0
0.625,0.925,0.965,0.9665,0.955,0.9405,0.9295,0.9355,0.9365,0.945,0.967,0.9635,0.972,0.998,0,0.91,0.949,0.992,10076.475781149999,16855.872353000006,3,1
0.3495,0.026,0.036,0.0205,0.02,0.0185,0.0245,0.023,0.02,0.014,0.003,0.003,0.0005,0.0005,0,0.028,0.018,0.0005,10075.98822085,1153.5830780000001,3,0
0.255,0.25,0.0625,0.053,0.021,0.3945,0.029,0.048,0.0405,0.0365,0.0315,0.0125,0.0085,0.0035,0,0.25,0.04,0.013,10065.950357283333,13244.326792000002,3,0
0.265,0.265,0.2615,0.265,0.028,0.477,0.0195,0.016,0.0595,0.428,0.013,0.0025,0.0005,0.0005,0,0.265,0.271,0.0005,10067.153423500002,421.92,3,0
0.495,0.305,0.185,0.215,0.57,0.36,0.165,0.095,0.08,0.08,0.029,0.0215,0.005,0.0005,8,0.255,0.175,0.0015,10066.947900333333,11701.025329,3,0
0.495,0.085,0.0475,0.0495,0.156,0.065,0.0235,0.0205,0.033,0.03,0.0195,0.003,0.0005,0.0005,2,0.085,0.039,0.0005,10069.543982933334,1993.72888,3,0
0.495,0.095,0.065,0.0765,0.062,0.063,0.083,0.049,0.0205,0.031,0.0205,0.022,0.0025,0.0015,2,0.115,0.0685,0.001,10074.624441633332,4257.123433000001,3,0
0.505,0.978,0.9775,0.973,0.5,0.9815,0.9865,0.9785,0.986,0.983,0.9915,0.993,0.998,0.9995,0,0.978,0.9865,0.9995,10057.13054495,2514.77,3,1
0.245,0.0225,0.245,0.245,0.245,0.2445,0.0215,0.471,0.0195,0.4165,0.014,0.0095,0.0015,0.0005,0,0.245,0.0205,0.0005,10062.987585133333,618.010266,3,0
0.255,0.255,0.275,0.195,0.345,0.22,0.078,0.0695,0.2265,0.3485,0.376,0.1925,0.569,0.9685,1,0.255,0.092,0.7905,10057.760837783333,1455.4289520000007,3,1
0.255,0.0425,0.255,0.255,0.255,0.2545,0.0195,0.4725,0.0195,0.4545,0.0125,0.0095,0.0005,0.0005,0,0.255,0.0195,0.0005,10062.469295133335,1528.9857,3,0
0.5,0.071,0.0215,0.0185,0.0185,0.015,0.0135,0.0195,0.0145,0.0145,0.0095,0.0045,0.002,0.0005,1,0.06,0.0135,0.002,9993.096280133333,14848.687295999982,3,0
0.5,0.0365,0.0195,0.015,0.019,0.022,0.021,0.013,0.011,0.007,0.001,0.001,0.001,0.001,1,0.03,0.0125,0.001,10058.519443033332,15015.707301999984,3,0
0.9805,0.978,0.978,0.9805,0.9735,0.983,0.9855,0.9785,0.9875,0.9785,0.9915,0.9915,0.9995,0.998,0,0.9735,0.9855,0.9995,10074.75981555,10725.702664999999,3,1
0.79,0.745,0.8,0.775,0.705,0.81,0.62,0.675,0.935,0.865,0.825,0.645,0.58,0.925,0,0.755,0.63,0.815,10074.7016946,2959.862079000002,3,1
0.0195,0.0275,0.0265,0.0145,0.023,0.0205,0.0145,0.022,0.014,0.0215,0.011,0.007,0.0005,0.0005,0,0.0315,0.015,0.0005,10072.819577133334,1370.4955,3,0
0.19,0.27,0.27,0.21,0.28,0.145,0.35,0.265,0.065,0.095,0.145,0.335,0.41,0.08,0,0.185,0.335,0.18,10069.842433983335,871.8740359999999,3,0
0.0195,0.255,0.2545,0.0195,0.255,0.2545,0.0195,0.251,0.015,0.4395,0.0115,0.0095,0.0005,0.0005,0,0.255,0.0195,0.0005,10068.284299116667,445.76450000000006,3,0
0.505,0.655,0.95,0.946,0.958,0.97,0.9505,0.9575,0.9585,0.9785,0.9845,0.9755,0.9965,0.9965,0,0.92,0.9565,0.9965,9832.869254133335,83144.02793299999,3,1
0.5,0.033,0.044,0.034,0.039,0.02,0.029,0.03,0.0225,0.016,0.025,0.0035,0.0005,0.0005,3,0.033,0.0295,0.0005,9948.475979216666,1243.1430629999998,3,0
0.25,0.245,0.25,0.245,0.246,0.016,0.246,0.246,0.03,0.0155,0.0125,0.009,0.0005,0.0005,0,0.245,0.246,0.0005,9848.865801150001,319.993,3,0
0.255,0.26,0.26,0.31,0.26,0.48,0.305,0.495,0.495,0.615,0.565,0.795,0.925,0.61,11,0.26,0.495,0.92,9848.5436391,792.7390719999999,3,1
0.025,0.2495,0.25,0.2455,0.2455,0.245,0.015,0.015,0.04,0.0395,0.0305,0.003,0.002,0.001,0,0.2495,0.015,0.002,10073.523891183335,1567.9859999999999,3,0
0.02,0.25,0.25,0.2495,0.25,0.2495,0.02,0.0195,0.0295,0.242,0.0165,0.003,0.0035,0.002,0,0.046,0.02,0.002,10073.338996733333,1590.3055870000003,3,0
0.98,0.9775,0.978,0.9735,0.974,0.9785,0.985,0.986,0.981,0.9965,0.9835,0.9975,0.9995,0.9995,0,0.9775,0.9855,0.9995,10076.281978,636.6675730000002,3,1
0.605,0.9625,0.961,0.964,0.9675,0.9715,0.985,0.985,0.973,0.978,0.9765,0.998,0.9975,0.9975,0,0.9625,0.985,0.997,10074.559196866667,9382.267835,3,1
0.39,0.0225,0.5,0.0265,0.0315,0.0235,0.015,0.013,0.0205,0.0075,0.004,0.002,0.0005,0.002,8,0.0225,0.015,0.0005,10075.133151566666,8862.086500000001,3,0
0.265,0.225,0.26,0.265,0.265,0.265,0.27,0.019,0.042,0.0405,0.2645,0.2635,0.0055,0.002,0,0.26,0.265,0.004,10071.22243205,7041.129583,3,0
0.2555,0.2555,0.255,0.26,0.26,0.2595,0.2595,0.015,0.04,0.02,0.0275,0.003,0.0005,0.001,0,0.2555,0.2595,0.0005,10071.020697383334,175.374,3,0
0.5,0.966,0.6535,0.966,0.965,0.968,0.651,0.986,0.997,0.997,0.983,0.997,0.998,0.9995,0,0.846,0.973,0.9995,10075.6567681,10186.003,3,1
0.5,0.025,0.025,0.031,0.0295,0.02,0.0315,0.015,0.0265,0.02,0.0215,0.003,0.003,0.001,1,0.025,0.0315,0.0005,10076.323836933332,15345.065,3,0
0.0145,0.0305,0.0305,0.0345,0.0345,0.0305,0.0305,0.0305,0.0155,0.009,0.0215,0.0025,0.0005,0.0005,0,0.0305,0.0305,0.0005,10072.850493033333,2419.4095,3,0
0.13,0.0525,0.24,0.245,0.245,0.2445,0.2445,0.2445,0.035,0.045,0.057,0.0015,0.005,0.0005,0,0.0445,0.2445,0.005,10072.383969016666,62214.04267799999,3,0
0.9795,0.9775,0.977,0.973,0.5,0.987,0.987,0.9855,0.9895,0.99,0.9965,0.998,0.9995,0.9995,0,0.9775,0.981,0.9995,10076.259952966668,1184.938,3,1
0.33,0.135,0.085,0.06,0.115,0.115,0.105,0.105,0.515,0.205,0.245,0.14,0.022,0.005,8,0.5,0.09,0.047,10074.171791883333,3059.493158,3,0
0.245,0.241,0.24,0.23,0.2445,0.237,0.238,0.2405,0.2305,0.2295,0.023,0.002,0.0005,0.0005,0,0.245,0.183,0.0005,10071.129845833335,354.712,3,0
0.27,0.275,0.31,0.27,0.27,0.255,0.47,0.41,0.48,0.53,0.715,0.57,0.83,0.94,13,0.275,0.405,0.915,10070.567178450001,288.42791,3,1
0.25,0.241,0.246,0.25,0.22,0.245,0.246,0.2455,0.2455,0.224,0.0135,0.002,0.0005,0.0005,0,0.04,0.246,0.0005,10070.135231866667,389.13800000000003,3,0
0.9,0.92,0.93,0.935,0.895,0.91,0.955,0.9555,0.9605,0.965,0.9705,0.968,0.9985,0.999,4,0.905,0.9585,0.9985,10071.7732337,1014.2062920000001,3,1
0.025,0.0245,0.0565,0.024,0.0235,0.394,0.4755,0.0235,0.0035,0.0025,0.0145,0.0025,0.001,0.0005,0,0.024,0.023,0.0005,10076.212029266666,9447.832666,3,0
0.0155,0.0155,0.0125,0.0075,0.0065,0.0025,0.0025,0.0045,0.0045,0.0045,0.0045,0.0005,0.0005,0.0005,0,0.0275,0.0015,0.0005,9137.6981246,1797.0940699999999,3,0
0.175,0.145,0.09,0.085,0.065,0.05,0.07,0.122,0.036,0.02,0.0205,0.0135,0.0075,0.0005,2,0.16,0.078,0.002,9132.771210283334,12160.848421000002,3,0
0.02,0.007,0.0055,0.004,0.003,0.003,0.009,0.006,0.0015,0.002,0.002,0.0005,0.0025,0.0005,0,0.025,0.007,0.002,9137.5967754,8971.188021,3,0
0.5,0.88,0.92,0.925,0.5555,0.5425,0.5425,0.929,0.968,0.974,0.974,0.975,0.996,0.9995,0,0.88,0.914,0.997,10050.269272700001,1647.9135090000002,3,1
0.255,0.2495,0.0235,0.027,0.027,0.25,0.0565,0.214,0.174,0.018,0.015,0.007,0.0015,0.0005,0,0.015,0.026,0.0005,10074.49062345,5878.203117999999,3,0
0.255,0.153,0.137,0.2425,0.2515,0.246,0.235,0.191,0.251,0.248,0.0755,0.003,0.0025,0.0005,0,0.255,0.246,0.002,10058.127385783333,6431.844,3,0
0.25,0.25,0.0545,0.2495,0.25,0.2495,0.2495,0.2495,0.2495,0.249,0.032,0.003,0.0065,0.0015,0,0.25,0.25,0.01,10058.034328566666,6363.828110000001,3,0
0.225,0.255,0.2545,0.251,0.2515,0.251,0.016,0.251,0.2515,0.25,0.0175,0.0025,0.003,0.0005,0,0.022,0.251,0.0005,10065.549757033334,23633.11699999999,3,0
0.24,0.24,0.235,0.235,0.24,0.24,0.09,0.24,0.055,0.2335,0.067,0.054,0.0125,0.003,0,0.065,0.24,0.011,10065.435436966665,6579.308239999999,3,0
0.75,0.977,0.9775,0.978,0.9785,0.9785,0.9845,0.504,0.9845,0.535,0.992,0.9975,0.9995,0.9995,0,0.9805,0.9805,0.9995,10063.540047216666,2108.481,3,1
0.5,0.13,0.105,0.11,0.105,0.185,0.105,0.065,0.08,0.0395,0.057,0.044,0.004,0.002,1,0.08,0.075,0.004,10070.837745366667,5099.258525000001,3,0
0.25,0.475,0.4665,0.476,0.015,0.475,0.0145,0.4705,0.4745,0.422,0.01,0.0045,0.0005,0.0005,0,0.0195,0.4725,0.0005,10071.776195366667,1183.754,3,0
0.245,0.475,0.47,0.48,0.49,0.705,0.53,0.485,0.485,0.36,0.61,0.68,0.07,0.0405,16,0.45,0.54,0.055,10072.299921316668,2994.978843,3,0
0.265,0.475,0.459,0.476,0.015,0.475,0.0145,0.4725,0.4755,0.4585,0.009,0.0085,0.0005,0.0005,0,0.0195,0.4755,0.0005,10067.843569666667,3449.814,3,0
0.505,0.0115,0.0115,0.0115,0.0115,0.0115,0.019,0.02,0.0075,0.006,0.0025,0.002,0.0005,0.0005,1,0.013,0.0125,0.0005,10069.596109733333,701.6308329999998,3,0
0.51,0.87,0.895,0.925,0.935,0.93,0.951,0.957,0.9735,0.9345,0.947,0.9795,0.995,0.9995,2,0.89,0.952,0.9975,10073.764087883332,1188.856904,3,1
0.25,0.245,0.245,0.47,0.46,0.48,0.4795,0.4475,0.035,0.451,0.04,0.025,0.0095,0.0015,0,0.245,0.3495,0.005,10074.056123499999,4348.817911,3,0
0.25,0.25,0.2495,0.479,0.475,0.48,0.479,0.476,0.4385,0.473,0.019,0.003,0.0005,0.0005,0,0.25,0.0215,0.0005,10073.5877701,863.3,3,0
0.48,0.9655,0.9655,0.9655,0.9655,0.9655,0.971,0.9725,0.975,0.978,0.978,0.997,0.9965,0.9995,1,0.9655,0.9705,0.9995,10076.407246433335,434.7540000000001,3,1
0.48,0.0235,0.0235,0.0265,0.023,0.023,0.021,0.022,0.0155,0.0195,0.004,0.0015,0.0005,0.0005,0,0.0235,0.0025,0.0005,10076.772220133334,664.1028749999998,3,0
0.245,0.24,0.244,0.2445,0.2445,0.4455,0.45,0.4765,0.4715,0.474,0.0155,0.0025,0.0005,0.0005,0,0.245,0.016,0.0005,10070.2733265,884.488,3,0
0.245,0.25,0.28,0.25,0.245,0.475,0.485,0.48,0.495,0.48,0.4,0.56,0.775,0.16,18,0.245,0.52,0.695,10069.703174783333,7695.614873000004,3,0
0.5,0.973,0.973,0.973,0.9735,0.9785,0.9785,0.9785,0.9785,0.9975,0.9975,0.9975,0.9995,0.9995,0,0.975,0.986,0.9995,10076.906389916667,273.1621,3,1
0.5,0.385,0.47,0.435,0.475,0.43,0.445,0.645,0.465,0.585,0.635,0.92,0.755,0.12,27,0.355,0.59,0.785,10075.897392016666,897.5090260000002,3,0
0.5,0.0265,0.0265,0.0265,0.0265,0.0225,0.0225,0.0225,0.0045,0.0045,0.0025,0.0015,0.0005,0.0005,3,0.025,0.0155,0.0005,10076.293414549998,1009.9315,3,0
0.17,0.21,0.16,0.265,0.27,0.2695,0.2695,0.4745,0.027,0.48,0.055,0.0355,0.016,0.0005,0,0.175,0.2695,0.0005,10073.562400883333,948.4534999999998,3,0
0.17,0.1745,0.0195,0.039,0.245,0.2405,0.241,0.345,0.0155,0.4765,0.013,0.0035,0.0005,0.0005,0,0.1745,0.033,0.0005,10073.296001183333,350.0,3,0
0.495,0.951,0.9765,0.9605,0.837,0.97,0.985,0.985,0.985,0.985,0.977,0.9985,0.9995,0.9955,1,0.956,0.985,0.9975,10076.0974266,428.521125,3,1
0.495,0.026,0.0185,0.026,0.026,0.026,0.026,0.006,0.002,0.002,0.0005,0.0005,0.0005,0.0005,0,0.026,0.02,0.0005,10075.834864283333,2150.2805,3,0
0.5,0.971,0.9695,0.9805,0.976,0.976,0.5045,0.978,0.9885,0.9885,0.99,0.9905,0.9965,0.9985,0,0.505,0.9775,0.9955,9895.412983483335,18.61,3,1
0.02,0.04,0.0325,0.02,0.0315,0.03,0.0295,0.0285,0.019,0.019,0.015,0.005,0.001,0.0005,0,0.0205,0.028,0.001,9892.907511116668,1584.6141409999998,3,0
0.49,0.615,0.23,0.285,0.51,0.51,0.475,0.475,0.44,0.47,0.37,0.47,0.455,0.935,25,0.315,0.51,0.535,9948.231764099999,313.607935,3,1
0.49,0.499,0.0195,0.3225,0.48,0.037,0.032,0.0015,0.0015,0.002,0.0025,0.002,0.0005,0.0005,0,0.0145,0.005,0.0005,9917.44435935,1277.317,3,0
0.5,0.115,0.105,0.08,0.029,0.064,0.0395,0.0475,0.0435,0.0385,0.032,0.0115,0.0095,0.0085,3,0.125,0.0475,0.0265,10074.41611595,3820.301302,3,0
0.5,0.985,0.9785,0.9805,0.9855,0.979,0.9855,0.9785,0.9785,0.9975,0.9985,0.9965,0.9995,0.9995,0,0.985,0.9785,0.9995,10073.663902516668,95.030142,3,1
0.5,0.465,0.41,0.45,0.225,0.34,0.285,0.325,0.385,0.355,0.375,0.46,0.6,0.885,16,0.485,0.33,0.695,10076.3676133,1949.2288609999998,3,0
0.2475,0.0195,0.0265,0.0205,0.02,0.0535,0.016,0.4755,0.458,0.036,0.023,0.0015,0.0055,0.0005,4,0.0185,0.474,0.003,10065.464089966667,2356.31,3,0
0.24,0.015,0.0145,0.0195,0.0195,0.311,0.0195,0.037,0.475,0.399,0.0115,0.004,0.0035,0.0005,4,0.0155,0.477,0.004,10061.87277345,21431.185999999994,3,0
0.5,0.04,0.0235,0.0265,0.028,0.0015,0.0085,0.0065,0.0065,0.0045,0.0045,0.0025,0.0015,0.0005,1,0.045,0.0075,0.0005,10076.45180915,16109.112296,3,0
0.5,0.0285,0.021,0.007,0.033,0.0145,0.0105,0.0285,0.0005,0.0005,0.0005,0.0005,0.0005,0.0005,1,0.03,0.0285,0.0005,10073.245794966668,8482.785425,3,0
0.5,0.028,0.015,0.014,0.019,0.0055,0.008,0.008,0.0005,0.0005,0.0005,0.0005,0.0005,0.0005,1,0.026,0.008,0.0005,10075.239380283334,509.35450000000003,3,0
0.245,0.0175,0.018,0.25,0.021,0.3045,0.0295,0.0195,0.299,0.011,0.006,0.0025,0.001,0.001,0,0.0165,0.028,0.001,10069.095574283334,599.489,3,0
0.255,0.016,0.015,0.26,0.0195,0.3045,0.029,0.0195,0.301,0.007,0.029,0.0055,0.0005,0.0005,0,0.0175,0.3045,0.0005,10068.103544016667,505.0,3,0
0.5,0.905,0.885,0.875,0.89,0.9,0.865,0.915,0.9,0.9695,0.9695,0.9685,0.9985,0.9975,0,0.93,0.875,0.9985,10074.959232316667,6537.997525999999,3,1
0.5,0.195,0.11,0.1,0.06,0.075,0.0465,0.0255,0.035,0.03,0.0385,0.0015,0.0145,0.0005,3,0.255,0.046,0.004,10076.373786633334,6344.433553999999,3,0
0.245,0.015,0.468,0.0195,0.0055,0.0055,0.0195,0.4985,0.015,0.002,0.002,0.002,0.0005,0.0005,0,0.245,0.0195,0.0005,10072.51004505,715.3240000000001,3,0
0.25,0.04,0.0465,0.0305,0.022,0.4795,0.015,0.499,0.0195,0.016,0.0035,0.0015,0.001,0.0005,2,0.25,0.0195,0.001,10072.9129393,13667.258585000001,3,0
0.755,0.985,0.976,0.9805,0.986,0.978,0.9815,0.9765,0.981,0.998,0.9985,0.9985,0.9995,0.9995,0,0.9745,0.981,0.9995,10075.527801416667,2227.672,3,1
0.5,0.23,0.24,0.17,0.09,0.09,0.042,0.0425,0.0245,0.0225,0.021,0.026,0.021,0.0015,1,0.215,0.0375,0.0025,10075.732761633333,4626.938308000001,3,0
0.15,0.028,0.0265,0.03,0.0285,0.025,0.0165,0.017,0.0185,0.019,0.0055,0.0005,0.0005,0.0005,0,0.028,0.0165,0.0005,10075.1577878,455.015,3,0
0.5,0.645,0.605,0.635,0.655,0.605,0.435,0.42,0.35,0.45,0.33,0.21,0.085,0.2295,13,0.645,0.445,0.09,10072.968511616667,21251.475513,3,0
0.5,0.0225,0.022,0.0265,0.0265,0.0265,0.006,0.0055,0.019,0.0125,0.01,0.005,0.0005,0.0005,3,0.0225,0.0055,0.0005,10076.036898966668,683.992,3,0
0.17,0.485,0.235,0.275,0.385,0.295,0.475,0.495,0.59,0.535,0.53,0.78,0.92,0.685,15,0.485,0.48,0.9,10072.094227466667,9431.003572999996,3,1
0.17,0.3005,0.3015,0.178,0.395,0.474,0.0195,0.0195,0.0195,0.0145,0.0065,0.001,0.0005,0.0005,2,0.3005,0.0195,0.0005,10071.912397666667,402.004,3,0
0.0185,0.26,0.047,0.305,0.477,0.4655,0.0195,0.257,0.0195,0.0155,0.0085,0.0035,0.003,0.0005,2,0.019,0.0195,0.0025,10072.97858165,644.28,3,0
0.185,0.235,0.165,0.305,0.3,0.42,0.15,0.34,0.041,0.037,0.117,0.0135,0.006,0.002,2,0.205,0.195,0.017,10073.007855816666,17357.499004000005,3,0
0.5,0.9745,0.973,0.9665,0.968,0.969,0.9805,0.987,0.985,0.9845,0.9875,0.991,0.9995,0.9995,0,0.985,0.9875,0.9995,10075.928139733333,191.87099999999998,3,1
0.055,0.065,0.065,0.05,0.04,0.047,0.026,0.038,0.0195,0.0195,0.027,0.001,0.0045,0.0015,0,0.065,0.0285,0.008,10074.136240349999,46843.031390000004,3,0
0.018,0.02,0.018,0.021,0.3495,0.4445,0.429,0.4765,0.016,0.2355,0.016,0.5,0.0045,0.001,2,0.019,0.0195,0.0045,10069.938235533333,6035.136,3,0
0.225,0.16,0.185,0.18,0.475,0.445,0.435,0.475,0.1,0.08,0.0265,0.5,0.015,0.0045,2,0.18,0.115,0.3925,10068.179514183334,1523.5736999999997,3,0
0.5,0.985,0.985,0.9805,0.977,0.978,0.978,0.978,0.986,0.9805,0.9965,0.979,0.9995,0.9995,0,0.985,0.985,0.9995,10069.218814433332,245.24,3,1
0.295,0.205,0.235,0.22,0.235,0.2,0.15,0.115,0.11,0.08,0.0375,0.026,0.0115,0.005,0,0.24,0.13,0.0035,10075.721400966666,1312.005796,3,0
0.0155,0.015,0.015,0.0195,0.03,0.0285,0.027,0.027,0.0195,0.0135,0.003,0.0195,0.0005,0.0005,0,0.015,0.0195,0.0005,10071.91464355,3067.015,3,0
0.5,0.455,0.265,0.33,0.31,0.285,0.365,0.27,0.245,0.38,0.175,0.39,0.54,0.975,8,0.485,0.48,0.625,10067.899819316666,328.714184,3,1
0.49,0.435,0.0195,0.0195,0.02,0.2575,0.361,0.0285,0.302,0.261,0.004,0.0035,0.0005,0.0005,0,0.435,0.174,0.0005,10062.207165266667,464.28,3,0
0.1505,0.015,0.015,0.0195,0.0195,0.0265,0.014,0.0205,0.015,0.0225,0.0045,0.003,0.0005,0.002,0,0.023,0.014,0.0005,10071.900879783332,697.6169999999998,3,0
0.135,0.085,0.065,0.0365,0.033,0.052,0.0475,0.0405,0.0365,0.035,0.03,0.0155,0.0005,0.0025,2,0.075,0.042,0.0025,10075.410215749998,4874.294989,3,0
0.255,0.017,0.475,0.4795,0.02,0.02,0.4315,0.015,0.4735,0.45,0.1515,0.0015,0.0045,0.0005,0,0.0175,0.4455,0.003,10073.103040866667,1449.969,3,0
0.255,0.25,0.346,0.045,0.038,0.4775,0.473,0.418,0.4775,0.4615,0.035,0.0035,0.0035,0.0005,0,0.045,0.3495,0.009,10066.594469383333,18339.721999999998,3,0
0.9795,0.977,0.985,0.9735,0.986,0.9855,0.9785,0.987,0.9785,0.979,0.9965,0.997,0.999,0.9995,0,0.985,0.9785,0.999,10075.137064683333,5649.499999999999,3,1
0.635,0.665,0.425,0.73,0.67,0.585,0.67,0.705,0.73,0.735,0.695,0.755,0.93,0.76,2,0.62,0.66,0.785,10075.23994665,2388.424189,3,0
0.5,0.0285,0.0155,0.015,0.015,0.014,0.0115,0.01,0.0085,0.0005,0.0005,0.0135,0.0125,0.0005,1,0.026,0.0115,0.005,10076.309778166667,1887.0419530000004,3,0
0.495,0.115,0.085,0.065,0.13,0.06,0.0255,0.0215,0.051,0.042,0.033,0.009,0.01,0.0005,0,0.115,0.031,0.01,10071.534089366667,1556.860198,3,0
0.495,0.033,0.015,0.0155,0.0315,0.0195,0.0325,0.0155,0.028,0.026,0.0265,0.0265,0.0265,0.0005,0,0.0305,0.0195,0.021,10075.554858399999,621.6622489999999,3,0
0.5,0.985,0.985,0.9805,0.9875,0.9875,0.9875,0.9875,0.9875,0.9865,0.9965,0.9995,0.9995,0.9995,0,0.9795,0.9875,0.9995,10075.778740016665,253.196,3,1
0.185,0.21,0.205,0.235,0.335,0.31,0.15,0.1,0.15,0.09,0.085,0.06,0.009,0.006,0,0.205,0.135,0.0065,10074.344936916666,4134.937220000001,3,0
0.015,0.015,0.0195,0.3495,0.4765,0.4795,0.0195,0.0195,0.0055,0.004,0.0005,0.0005,0.0005,0.0005,0,0.015,0.463,0.0005,10069.685905116667,345.0,3,0
0.24,0.015,0.2445,0.0195,0.0195,0.0195,0.0195,0.015,0.015,0.007,0.0035,0.0025,0.003,0.0005,0,0.015,0.0195,0.003,10071.714003783332,500.0,3,0
0.0165,0.017,0.0205,0.3485,0.4795,0.48,0.0195,0.0195,0.0195,0.3345,0.04,0.003,0.0005,0.0005,0,0.017,0.479,0.0005,10071.20799485,1251.964,3,0
0.24,0.245,0.25,0.355,0.31,0.4,0.42,0.23,0.265,0.37,0.155,0.18,0.08,0.005,0,0.235,0.42,0.08,10072.358937433333,2031.4501090000003,3,0
0.24,0.24,0.24,0.0195,0.0195,0.25,0.3465,0.4795,0.014,0.015,0.004,0.004,0.0005,0.0005,0,0.24,0.4795,0.0005,10072.069890733334,444.97450000000003,3,0
0.5,0.9595,0.9585,0.9575,0.9795,0.965,0.9895,0.973,0.9755,0.9845,0.9845,0.9995,0.9995,0.9995,0,0.9595,0.97,0.9995,10075.569806583333,537.1400709999999,3,1
0.5,0.0305,0.033,0.02,0.0115,0.012,0.0285,0.0275,0.019,0.019,0.019,0.0045,0.0035,0.0005,1,0.0305,0.0265,0.0035,10070.91840085,4012.6839550000004,3,0
0.015,0.016,0.0175,0.022,0.265,0.2645,0.0165,0.475,0.475,0.475,0.014,0.0035,0.0005,0.0005,0,0.016,0.0155,0.0005,10072.944563383333,2674.615,3,0
0.13,0.09,0.04,0.0435,0.2645,0.2645,0.0295,0.48,0.479,0.4795,0.0195,0.0055,0.002,0.0005,0,0.1,0.0265,0.0015,10072.605717833332,1932.7513850000003,3,0
0.5,0.985,0.985,0.9805,0.9645,0.985,0.986,0.976,0.977,0.9785,0.9965,0.9995,0.997,0.9995,0,0.5,0.9855,0.997,10077.173511383333,5238.04,3,1
0.165,0.095,0.055,0.045,0.061,0.0495,0.032,0.032,0.032,0.032,0.0205,0.0015,0.004,0.0005,0,0.12,0.032,0.0015,10076.82795335,18266.066921,3,0
0.985,0.985,0.985,0.973,0.986,0.978,0.985,0.985,0.986,0.987,0.997,0.997,0.9995,0.9995,0,0.9795,0.53,0.9995,10075.569103383334,1746.8285,3,1
0.983,0.985,0.9845,0.964,0.9795,0.9585,0.9795,0.985,0.9855,0.9775,0.9855,0.9965,0.997,0.9995,0,0.9665,0.9665,0.9955,10076.648738266667,2296.080047,3,1
0.016,0.018,0.017,0.0325,0.02,0.028,0.02,0.027,0.0195,0.014,0.004,0.003,0.0005,0.0005,0,0.0295,0.027,0.0005,10076.135548966668,813.6120999999998,3,0
0.045,0.042,0.0885,0.2695,0.0375,0.032,0.27,0.025,0.024,0.0265,0.029,0.0025,0.0035,0.0005,0,0.2695,0.025,0.0065,10070.8881709,18210.973500000004,3,0
0.26,0.315,0.185,0.2,0.27,0.265,0.265,0.265,0.31,0.225,0.31,0.14,0.185,0.022,6,0.28,0.385,0.48,10070.9506885,1410.504212,3,0
0.505,0.96,0.9835,0.98,0.984,0.984,0.984,0.973,0.9675,0.9735,0.976,0.9965,0.9965,0.9995,0,0.5,0.984,0.9945,9618.67176755,74792.70775000002,3,1
0.495,0.03,0.0215,0.0225,0.0235,0.032,0.02,0.016,0.014,0.014,0.007,0.0015,0.0005,0.0005,0,0.495,0.019,0.0005,9668.439470599998,2018.036399000001,3,0
0.015,0.015,0.0195,0.2495,0.0195,0.0195,0.034,0.2455,0.015,0.015,0.0035,0.002,0.0005,0.0005,0,0.015,0.0145,0.0005,10073.467599783333,369.98,3,0
0.105,0.13,0.215,0.33,0.345,0.205,0.32,0.305,0.085,0.095,0.08,0.055,0.0155,0.0215,0,0.13,0.13,0.035,10073.125126766668,1380.1185189999997,3,0
0.5055,0.5095,0.978,0.98,0.9825,0.9825,0.9825,0.984,0.9845,0.991,0.9965,0.9995,0.9995,0.9995,0,0.5055,0.983,0.9995,10068.042767733334,825.79675,3,1
0.06,0.075,0.075,0.145,0.32,0.245,0.39,0.225,0.15,0.115,0.092,0.0285,0.0275,0.006,0,0.085,0.345,0.024,10074.340785233333,7350.345798000001,3,0
0.0145,0.0145,0.015,0.0195,0.0195,0.0195,0.0195,0.02,0.009,0.0165,0.007,0.0005,0.0005,0.0005,0,0.0145,0.255,0.0005,10074.015932283333,1823.8801,3,0
0.45,0.44,0.435,0.415,0.27,0.28,0.105,0.27,0.27,0.27,0.42,0.315,0.22,0.0225,0,0.45,0.17,0.09,10073.781765733333,3149.1765480000004,3,0
0.017,0.0055,0.005,0.0195,0.0195,0.0195,0.0195,0.0195,0.0155,0.015,0.015,0.0005,0.0005,0.0005,0,0.017,0.2595,0.0005,10073.377743466666,1294.998,3,0
0.27,0.195,0.19,0.225,0.095,0.265,0.034,0.0235,0.02,0.022,0.2385,0.0285,0.0285,0.005,0,0.23,0.27,0.005,10064.293464766666,5370.062384000001,3,0
0.019,0.0105,0.0195,0.0195,0.0195,0.0195,0.0195,0.0195,0.0195,0.255,0.01,0.003,0.0005,0.0005,0,0.0105,0.0195,0.0005,10065.045302916667,1168.09,3,0
0.971,0.972,0.976,0.9795,0.9795,0.9795,0.9795,0.9795,0.9795,0.9955,0.994,0.995,0.9995,0.9995,0,0.971,0.9795,0.9995,10070.91091125,1814.3412999999998,3,1
0.014,0.014,0.0215,0.021,0.0225,0.0225,0.0265,0.0245,0.038,0.023,0.0215,0.0275,0.0055,0.0045,0,0.014,0.022,0.004,10065.693976866667,3696.9825299999993,3,0
0.49,0.015,0.0315,0.003,0.003,0.0025,0.003,0.0055,0.0045,0.0085,0.008,0.008,0.005,0.0005,0,0.49,0.0055,0.005,10075.581881483335,11376.081662,3,0
0.505,0.105,0.044,0.0415,0.0455,0.0245,0.021,0.018,0.017,0.017,0.016,0.006,0.0055,0.0055,3,0.165,0.0175,0.0055,10076.081035316667,26362.621544,3,0
0.5,0.01,0.003,0.003,0.0025,0.002,0.002,0.0015,0.0015,0.0015,0.0015,0.002,0.002,0.001,1,0.024,0.0015,0.002,10073.500280966666,856.458658,3,0
0.9805,0.9895,0.9705,0.6215,0.9955,0.995,0.9985,0.9985,0.9985,0.9955,0.9985,0.9985,0.9995,0.9995,0,0.9895,0.9985,0.9995,10075.969011633333,7742.166,3,1
0.04,0.0445,0.0325,0.0445,0.0525,0.037,0.0365,0.072,0.0975,0.088,0.3,0.2115,0.0235,0.003,2,0.06,0.065,0.015,10076.475436949999,19055.586086000007,3,0
0.0215,0.26,0.0155,0.2645,0.0105,0.0105,0.006,0.0155,0.0155,0.0155,0.003,0.003,0.0005,0.0005,0,0.0205,0.0155,0.0005,10070.936113283333,661.3983999999999,3,0
0.045,0.0355,0.027,0.03,0.029,0.021,0.0255,0.0735,0.096,0.0835,0.312,0.218,0.0285,0.0075,0,0.039,0.057,0.012,10070.633189716667,8235.898709999998,3,0
0.975,0.973,0.9785,0.979,0.5075,0.979,0.556,0.979,0.984,0.988,0.9995,0.9995,0.9995,0.9995,0,0.975,0.556,0.9995,10067.718543733332,2195.76,3,1
0.49,0.195,0.185,0.2,0.245,0.305,0.305,0.26,0.415,0.54,0.825,0.9775,0.993,0.995,1,0.315,0.26,0.993,10076.211119816668,10689.905529999998,3,1
0.26,0.26,0.0195,0.2595,0.0195,0.019,0.0195,0.258,0.011,0.0105,0.0025,0.0025,0.0005,0.0005,0,0.26,0.018,0.0005,10073.576778716666,522.6996,3,0
0.26,0.26,0.42,0.445,0.475,0.495,0.555,0.615,0.515,0.425,0.17,0.085,0.008,0.0075,8,0.265,0.58,0.005,10073.184887816666,7832.9500950000065,3,0
0.25,0.24,0.0195,0.015,0.0195,0.0195,0.015,0.0145,0.0145,0.0155,0.004,0.004,0.001,0.0005,0,0.24,0.0145,0.001,10072.954117216666,16099.029757,3,0
0.5,0.49,0.455,0.485,0.295,0.205,0.19,0.1,0.145,0.0355,0.0275,0.013,0.006,0.0005,1,0.485,0.19,0.0055,10070.91571105,4810.712208,3,0
0.5,0.45,0.445,0.465,0.0195,0.0195,0.0195,0.0195,0.0105,0.0105,0.004,0.0045,0.0035,0.0005,1,0.48,0.0195,0.0005,10070.87669785,1293.5070070000002,3,0
0.5,0.96,0.9575,0.956,0.966,0.9705,0.98,0.978,0.9785,0.98,0.9965,0.9995,0.9995,0.9995,0,0.96,0.983,0.9995,10076.383607116668,648.8914329999999,3,1
0.49,0.035,0.0365,0.0375,0.02,0.016,0.006,0.005,0.005,0.016,0.0055,0.0035,0.0055,0.0015,2,0.485,0.006,0.005,10076.428542066666,6756.0796550000005,3,0
0.505,0.9705,0.97,0.985,0.985,0.97,0.985,0.9855,0.985,0.985,0.9965,0.9965,0.9995,0.9995,0,0.9705,0.9855,0.9995,10075.881870050001,224.36,3,1
0.022,0.0215,0.0205,0.0205,0.02,0.017,0.0165,0.0275,0.0165,0.346,0.017,0.016,0.005,0.001,0,0.0215,0.0165,0.005,10076.417701733333,10078.227339000001,3,0
0.0205,0.0205,0.0195,0.0105,0.019,0.4795,0.0195,0.349,0.0155,0.0005,0.003,0.003,0.0005,0.0005,0,0.0205,0.0195,0.0005,10071.772755,36.1,3,0
0.22,0.205,0.245,0.215,0.24,0.15,0.14,0.13,0.13,0.29,0.29,0.245,0.2,0.345,0,0.185,0.13,0.2,10071.536285600001,1088.70044,3,1
0.26,0.25,0.0195,0.0195,0.0195,0.0195,0.0195,0.0145,0.0145,0.0155,0.0145,0.003,0.003,0.0005,0,0.26,0.0195,0.0005,10067.782157016665,128.916,3,0
0.26,0.26,0.44,0.46,0.5,0.515,0.555,0.54,0.57,0.695,0.725,0.735,0.89,0.9845,3,0.26,0.53,0.93,10067.216900583333,12350.822759000002,3,1
0.235,0.25,0.0195,0.0195,0.0195,0.0195,0.0195,0.0195,0.015,0.0145,0.008,0.0005,0.0005,0.0005,0,0.18,0.0195,0.0005,10066.75968275,126.454,3,0
0.5,0.655,0.76,0.7,0.775,0.745,0.82,0.685,0.675,0.68,0.887,0.941,0.9615,0.9975,0,0.54,0.68,0.9675,10075.70527095,20584.66743499998,3,1
0.495,0.032,0.0145,0.0155,0.0155,0.023,0.0155,0.0225,0.016,0.0145,0.0025,0.0025,0.0005,0.0005,0,0.05,0.0155,0.0005,10076.750435,194.312666,3,0
0.26,0.025,0.025,0.024,0.019,0.016,0.016,0.039,0.016,0.016,0.0105,0.011,0.004,0.0035,0,0.025,0.016,0.004,10073.806727683334,6521.277400000001,3,0
0.26,0.0695,0.027,0.037,0.0385,0.027,0.0305,0.0245,0.0245,0.034,0.02,0.003,0.009,0.0005,0,0.076,0.026,0.0035,10073.45499005,4320.542530000001,3,0
0.5,0.976,0.986,0.986,0.9945,0.985,0.985,0.9785,0.995,0.995,0.9965,0.995,0.9995,0.9995,0,0.9855,0.985,0.9995,10075.944875866668,1113.77,3,1
0.5,0.0825,0.042,0.0375,0.0455,0.0315,0.0415,0.0245,0.021,0.0225,0.015,0.015,0.0145,0.0015,1,0.1,0.028,0.0045,10076.536953166667,2311.565817,3,0
0.265,0.0195,0.0155,0.0195,0.011,0.011,0.016,0.016,0.016,0.016,0.0035,0.005,0.0005,0.0005,0,0.0195,0.016,0.0045,10069.363197183333,7341.560165999999,3,0
0.28,0.385,0.37,0.165,0.265,0.325,0.325,0.245,0.18,0.18,0.055,0.08,0.255,0.125,2,0.385,0.245,0.255,10069.010286416666,4774.776129000002,3,0
0.9805,0.9805,0.9855,0.9805,0.9865,0.9865,0.986,0.9855,0.9855,0.9795,0.9955,0.9955,0.996,0.9995,0,0.9805,0.9855,0.997,10075.815228633333,342.03285,3,1
0.255,0.145,0.125,0.395,0.27,0.175,0.18,0.19,0.2,0.165,0.17,0.11,0.03,0.007,0,0.145,0.19,0.03,10075.911031183332,5297.683908999998,3,0
0.5,0.016,0.015,0.026,0.019,0.0265,0.005,0.0055,0.0015,0.0025,0.0005,0.0005,0.0005,0.0005,1,0.015,0.005,0.0005,10077.100237383333,478.11735,3,0
0.045,0.0315,0.0275,0.0375,0.0315,0.021,0.02,0.02,0.0195,0.0155,0.0295,0.017,0.0175,0.0005,0,0.0355,0.0195,0.0005,10070.304958366667,5944.775314,3,0
0.5,0.007,0.02,0.0215,0.018,0.0205,0.0175,0.0175,0.001,0.0015,0.0015,0.0015,0.0005,0.0005,1,0.0065,0.0175,0.0005,10074.901488366666,5271.916194000001,3,0
0.0245,0.016,0.016,0.0155,0.015,0.016,0.016,0.0145,0.0145,0.0145,0.015,0.019,0.0045,0.0005,0,0.0245,0.016,0.0005,10068.211740233333,9622.9747,3,0
0.25,0.29,0.355,0.435,0.175,0.21,0.305,0.31,0.18,0.195,0.05,0.065,0.006,0.042,4,0.29,0.51,0.006,10067.7858401,5688.906389,3,0
0.0245,0.0165,0.0165,0.02,0.0195,0.3495,0.0165,0.008,0.0085,0.016,0.014,0.006,0.0045,0.0005,0,0.0245,0.0085,0.0005,10067.551101816667,1633.2525,3,0
0.48,0.67,0.67,0.55,0.565,0.87,0.77,0.725,0.845,0.795,0.93,0.935,0.9915,0.9875,5,0.64,0.685,0.949,10069.6590552,2513.256018,3,1
0.0195,0.007,0.0105,0.0105,0.019,0.019,0.0015,0.0015,0.001,0.0015,0.0015,0.001,0.0005,0.0005,0,0.024,0.002,0.0005,10071.940198233333,1560.6789179999998,3,0
0.255,0.115,0.11,0.083,0.0415,0.057,0.039,0.0255,0.027,0.022,0.015,0.0155,0.003,0.003,0,0.1,0.0305,0.003,10071.186696516666,3002.153505,3,0
0.25,0.02,0.02,0.32,0.025,0.0245,0.02,0.0205,0.015,0.0155,0.0145,0.01,0.004,0.0005,0,0.0205,0.0205,0.004,10072.6636245,25721.445777,3,0
0.9845,0.9845,0.98,0.98,0.98,0.9845,0.9845,0.9845,0.9845,0.9845,0.9965,0.995,0.9995,0.9995,0,0.9845,0.977,0.9995,10076.743293833333,959.816933,3,1
0.495,0.0325,0.0275,0.0485,0.0445,0.026,0.024,0.0575,0.024,0.3495,0.0205,0.0055,0.003,0.0045,0,0.0325,0.06,0.003,10075.485391216667,31652.642375,3,0
0.02,0.0195,0.0195,0.0195,0.0195,0.0195,0.0155,0.0155,0.0155,0.0155,0.01,0.0065,0.002,0.0005,0,0.0195,0.0155,0.001,10073.305939583333,70799.90187500001,3,0
0.17,0.12,0.12,0.14,0.08,0.165,0.165,0.06,0.167,0.3385,0.106,0.0425,0.0345,0.01,0,0.15,0.075,0.0345,10072.230971216666,3577.218133,3,0
0.98,0.9805,0.9805,0.9805,0.9805,0.9805,0.985,0.985,0.985,0.9785,0.9995,0.9995,0.9995,0.9995,0,0.9805,0.985,0.9995,10075.707497016667,644.3190000000001,3,1
0.59,0.575,0.59,0.51,0.515,0.74,0.745,0.625,0.855,0.925,0.825,0.755,0.918,0.977,8,0.575,0.6,0.9565,10076.608118983333,8510.100579,3,1
0.02,0.0195,0.028,0.0195,0.0195,0.027,0.0155,0.015,0.015,0.0145,0.004,0.0035,0.0005,0.0005,0,0.0195,0.0155,0.0005,10076.534422066667,759.957516,3,0
0.255,0.085,0.055,0.055,0.045,0.065,0.045,0.0235,0.031,0.016,0.036,0.02,0.007,0.0015,0,0.095,0.0295,0.002,10051.5270586,2354.0378619999997,3,0
0.255,0.021,0.0205,0.02,0.02,0.0195,0.0195,0.0195,0.0195,0.0195,0.0145,0.01,0.0035,0.0005,0,0.021,0.0195,0.0035,10050.9601248,13338.926963,3,0
0.5,0.9775,0.98,0.985,0.985,0.96,0.994,0.9845,0.9945,0.9845,0.988,0.996,0.9965,0.997,0,0.978,0.9845,0.9965,10061.278893083334,4851.01333,3,1
0.495,0.011,0.017,0.0115,0.0165,0.016,0.0165,0.0165,0.016,0.015,0.0045,0.005,0.004,0.0005,0,0.017,0.0165,0.003,10062.005693633333,38705.199033,3,0
0.027,0.021,0.0165,0.02,0.0195,0.038,0.0195,0.0195,0.0195,0.016,0.0105,0.0085,0.0045,0.0005,0,0.0245,0.0195,0.0145,10073.21920735,1091.7514999999999,3,0
0.056,0.0975,0.104,0.152,0.0465,0.039,0.046,0.053,0.0295,0.0215,0.022,0.0185,0.0165,0.0005,0,0.0855,0.039,0.002,10073.917573,2821.0078309999976,3,0
0.9805,0.9895,0.9945,0.9845,0.985,0.985,0.985,0.985,0.985,0.985,0.996,0.996,0.995,0.9995,0,0.9945,0.985,0.9995,10075.842836366668,803.1550000000001,3,1
0.09,0.0385,0.0285,0.0255,0.025,0.015,0.023,0.021,0.0205,0.0365,0.02,0.0045,0.006,0.0095,0,0.0725,0.0215,0.0115,10076.3144158,17978.808247,3,0
0.255,0.0195,0.0195,0.0195,0.0195,0.1885,0.0155,0.0155,0.0155,0.0145,0.0145,0.004,0.0005,0.0005,0,0.019,0.0155,0.0005,10072.420353783333,1254.911,3,0
0.255,0.385,0.415,0.4,0.42,0.45,0.49,0.49,0.535,0.455,0.515,0.79,0.775,0.645,3,0.38,0.49,0.7,10071.857023666667,7603.222246999999,3,0
0.255,0.0195,0.0145,0.0195,0.0195,0.0255,0.016,0.0155,0.0085,0.006,0.006,0.0025,0.0005,0.0005,0,0.019,0.016,0.0005,10071.313710749999,1802.3564000000001,3,0
0.5,0.9785,0.985,0.9805,0.9855,0.985,0.9835,0.9935,0.972,0.9955,0.9905,0.997,0.997,0.997,0,0.978,0.983,0.9985,10076.7974289,253.034616,3,1
0.4995,0.02,0.0195,0.0195,0.0195,0.026,0.0145,0.0145,0.0125,0.015,0.005,0.005,0.0005,0.0005,0,0.02,0.0225,0.0005,10076.823807833334,2083.580675,3,0
0.975,0.98,0.984,0.9835,0.989,0.989,0.9935,0.995,0.995,0.995,0.995,0.996,0.9985,0.9995,0,0.98,0.994,0.9985,10068.43977105,1834.6116580000003,3,1
0.0465,0.0485,0.048,0.0295,0.0245,0.0215,0.0375,0.0165,0.0165,0.0165,0.015,0.0035,0.0035,0.004,0,0.05,0.0175,0.0035,10073.731926966666,4099.105421,3,0
0.0245,0.015,0.015,0.016,0.0155,0.016,0.0155,0.0155,0.0155,0.0155,0.011,0.0085,0.005,0.0035,0,0.015,0.0155,0.005,10070.209237033332,13247.510699000002,3,0
0.06,0.0425,0.035,0.0625,0.039,0.02,0.011,0.017,0.014,0.0165,0.0155,0.015,0.005,0.003,0,0.0445,0.0185,0.0045,10069.954144416666,20095.099966000005,3,0
0.515,0.165,0.09,0.08,0.075,0.075,0.075,0.024,0.0205,0.0425,0.0195,0.0195,0.015,0.006,1,0.165,0.0265,0.015,10068.813438383333,1375.7940720000001,3,0
0.5,0.016,0.0155,0.0155,0.0335,0.0145,0.0145,0.0015,0.0015,0.0015,0.0005,0.0005,0.0005,0.0005,3,0.0195,0.0015,0.0005,10073.835956316667,848.0409999999999,3,0
0.5,0.015,0.012,0.009,0.013,0.0065,0.0065,0.0035,0.0005,0.0005,0.0005,0.0005,0.0005,0.0005,1,0.0155,0.0045,0.0005,10073.123927483333,1013.664628,3,0
0.97,0.98,0.985,0.98,0.985,0.994,0.9935,0.993,0.984,0.984,0.985,0.996,0.999,0.999,0,0.975,0.993,0.999,10076.226575366667,4947.915763,3,1
0.5,0.97,0.9825,0.9715,0.972,0.9735,0.9735,0.9835,0.9865,0.9975,0.996,0.9975,0.9995,0.9995,0,0.97,0.993,0.9995,10061.065931133335,2215.4246000000003,3,1
0.02,0.016,0.0155,0.019,0.238,0.0215,0.183,0.015,0.0155,0.015,0.014,0.01,0.0005,0.0005,0,0.0195,0.015,0.0005,10065.342673583333,1418.98,3,0
0.0195,0.0145,0.015,0.0185,0.019,0.0275,0.0185,0.019,0.0095,0.001,0.001,0.001,0.0005,0.0005,0,0.0195,0.0175,0.0005,10064.2617918,2714.7819999999997,3,0
0.9805,0.9845,0.974,0.97,0.985,0.986,0.977,0.977,0.9785,0.9785,0.9985,0.9995,0.997,0.9995,0,0.985,0.985,0.9995,10076.26855685,1558.866166,3,1
0.5,0.021,0.0205,0.0205,0.016,0.0175,0.0165,0.0165,0.0155,0.0055,0.0005,0.0005,0.0005,0.0005,1,0.0215,0.016,0.0005,10074.859064183334,2337.037725,3,0
0.5,0.275,0.245,0.32,0.195,0.16,0.225,0.24,0.2,0.05,0.0355,0.025,0.002,0.0005,1,0.27,0.25,0.018,10075.363749516666,9501.096332000003,3,0
0.08,0.255,0.05,0.25,0.035,0.036,0.038,0.0305,0.025,0.019,0.0145,0.01,0.0025,0.0005,0,0.07,0.025,0.0005,10064.064092116667,981.1222,3,0
0.255,0.02,0.02,0.0195,0.0195,0.0195,0.0155,0.0155,0.0155,0.014,0.002,0.004,0.002,0.001,0,0.02,0.0155,0.001,10064.641348316665,1355.081,3,0
0.13,0.1,0.08,0.1,0.115,0.34,0.07,0.0505,0.0435,0.0275,0.018,0.021,0.0085,0.0015,0,0.12,0.047,0.0085,10073.8410165,5019.817271,3,0
0.0155,0.015,0.015,0.019,0.0195,0.037,0.0195,0.0155,0.0145,0.0015,0.0005,0.0005,0.0005,0.0005,0,0.015,0.0195,0.0005,10073.084279283334,1025.83,3,0
0.984,0.985,0.9845,0.9895,0.9895,0.9805,0.968,0.9805,0.9805,0.985,0.996,0.9985,0.9995,0.9995,0,0.984,0.9805,0.9995,10075.745063833334,1257.504,3,1
0.105,0.075,0.095,0.075,0.055,0.085,0.038,0.025,0.025,0.023,0.0105,0.009,0.0035,0.0005,0,0.075,0.0295,0.002,10076.484975366668,14177.572868,3,0
0.49,0.0155,0.3445,0.0195,0.0155,0.0355,0.0155,0.0155,0.0115,0.011,0.0095,0.002,0.0005,0.0005,0,0.0155,0.0155,0.0005,10073.517264333332,900.69,3,0
0.49,0.225,0.18,0.34,0.22,0.36,0.155,0.23,0.15,0.08,0.14,0.13,0.0335,0.0005,0,0.24,0.23,0.0225,10073.111767016668,2810.0179160000002,3,0
0.5,0.9845,0.9845,0.9805,0.9805,0.9725,0.9805,0.994,0.984,0.9995,0.997,0.9995,0.9995,0.9995,0,0.9845,0.9805,0.998,10076.050564283332,2665.782644,3,1
0.5,0.365,0.265,0.295,0.3,0.26,0.19,0.27,0.16,0.115,0.145,0.12,0.025,0.0005,1,0.385,0.25,0.022,10076.816109783333,2910.2784360000005,3,0
0.5,0.0155,0.0225,0.0195,0.0195,0.0265,0.0195,0.0025,0.002,0.001,0.001,0.0005,0.0005,0.0005,1,0.0155,0.015,0.0005,10075.159091133333,597.111,3,0
0.84,0.78,0.66,0.7,0.6,0.66,0.68,0.66,0.66,0.76,0.685,0.635,0.86,0.9955,0,0.835,0.675,0.9605,10069.838980216668,3347.8557880000003,3,1
0.0165,0.016,0.0155,0.0065,0.0175,0.016,0.0165,0.0165,0.0165,0.019,0.0015,0.0015,0.0005,0.0005,0,0.0165,0.0235,0.0005,10075.87572305,1355.0849999999998,3,0
0.135,0.165,0.26,0.245,0.31,0.29,0.28,0.295,0.355,0.225,0.325,0.375,0.125,0.005,0,0.13,0.29,0.0335,10072.740427499999,4124.734465,3,0
0.023,0.019,0.017,0.021,0.0195,0.0195,0.0145,0.015,0.005,0.0105,0.0085,0.0005,0.0005,0.0005,0,0.021,0.0145,0.0005,10071.668031633333,703.66,3,0
0.045,0.031,0.0275,0.0385,0.0555,0.0505,0.057,0.055,0.034,0.035,0.032,0.011,0.0045,0.001,0,0.036,0.0525,0.004,10069.043974850001,3554.90962,3,0
0.045,0.052,0.04,0.033,0.0195,0.019,0.016,0.0155,0.015,0.022,0.0145,0.011,0.003,0.0005,0,0.087,0.0155,0.003,10068.810344683332,2007.992076,3,0
0.985,0.9845,0.9845,0.9805,0.9805,0.9805,0.9865,0.9845,0.985,0.9785,0.989,0.9975,0.9975,0.998,0,0.9845,0.9845,0.998,10076.072035383335,2384.805,3,1
0.18,0.245,0.21,0.15,0.075,0.07,0.04,0.0355,0.051,0.027,0.022,0.011,0.006,0.004,0,0.26,0.031,0.003,10076.750633333333,4363.103985,3,0
0.49,0.225,0.22,0.245,0.235,0.055,0.055,0.055,0.055,0.055,0.055,0.055,0.0115,0.0005,0,0.225,0.055,0.0115,9256.790828,3353.2551499999995,3,0
0.5,0.54,0.45,0.57,0.54,0.42,0.345,0.255,0.175,0.175,0.135,0.13,0.035,0.01,3,0.56,0.335,0.06,10076.455404366667,20285.373637000008,3,0
0.5,0.0265,0.022,0.0235,0.0215,0.021,0.017,0.0065,0.017,0.017,0.0115,0.002,0.001,0.0005,1,0.0315,0.0065,0.001,10072.520614949999,3206.6112000000003,3,0
0.49,0.14,0.175,0.11,0.105,0.175,0.195,0.26,0.335,0.26,0.285,0.23,0.12,0.007,0,0.14,0.215,0.05,10065.441728866666,7760.859337000001,3,0
0.49,0.022,0.017,0.0225,0.021,0.02,0.0195,0.349,0.015,0.029,0.0145,0.0065,0.0025,0.0005,0,0.028,0.0195,0.0025,10063.2149618,805.97,3,0
0.495,0.017,0.013,0.014,0.015,0.015,0.015,0.0045,0.0035,0.0025,0.002,0.0025,0.0005,0.0005,0,0.027,0.005,0.0005,10076.722111899999,1779.2799999999997,3,0
0.505,0.655,0.45,0.3,0.45,0.345,0.13,0.12,0.04,0.024,0.0085,0.017,0.003,0.0155,5,0.6,0.12,0.0095,10076.1911647,5622.150497000001,3,0
0.5,0.011,0.0105,0.0105,0.0145,0.0105,0.0115,0.002,0.002,0.002,0.0015,0.0015,0.0005,0.0005,1,0.0115,0.004,0.0005,10076.20463835,2914.9750000000004,3,0
0.385,0.4,0.48,0.029,0.0305,0.023,0.021,0.027,0.0425,0.025,0.0295,0.0235,0.005,0.0125,0,0.4,0.021,0.005,10070.546192433334,11591.50526799999,3,0
0.49,0.395,0.48,0.3455,0.0295,0.0365,0.0275,0.021,0.0195,0.0195,0.0165,0.0055,0.004,0.0015,0,0.395,0.025,0.0015,10069.95017865,6688.87,3,0
0.5,0.035,0.051,0.0425,0.0165,0.017,0.017,0.016,0.0065,0.017,0.0105,0.0005,0.0005,0.0005,1,0.04,0.0165,0.0005,10075.297650833332,2951.1833489999995,3,0
0.5,0.775,0.875,0.86,0.82,0.895,0.9,0.85,0.73,0.815,0.665,0.81,0.9,0.915,0,0.75,0.91,0.875,10073.254334133333,6796.638767000004,3,1
0.5,0.545,0.475,0.435,0.63,0.575,0.575,0.605,0.615,0.345,0.25,0.1,0.011,0.0045,9,0.545,0.575,0.0055,10075.029027333334,39218.707176,3,0
0.505,0.97,0.965,0.9655,0.979,0.9705,0.971,0.973,0.9775,0.991,0.9985,0.9905,0.998,0.9995,0,0.965,0.972,0.9995,10063.690933983333,1721.8392999999999,3,1
0.485,0.465,0.465,0.4,0.49,0.0195,0.019,0.0195,0.015,0.011,0.015,0.009,0.002,0.001,0,0.465,0.0195,0.0015,10073.612825483335,1812.7183329999998,3,0
0.49,0.485,0.465,0.41,0.49,0.385,0.4,0.45,0.475,0.305,0.24,0.125,0.014,0.003,2,0.485,0.42,0.003,10072.959217816668,11168.204536000007,3,0
0.49,0.485,0.465,0.405,0.49,0.0195,0.0195,0.0195,0.0155,0.003,0.0035,0.0025,0.0005,0.0005,0,0.485,0.019,0.0005,10072.548981850001,5398.0599999999995,3,0
0.49,0.255,0.255,0.4,0.405,0.4,0.465,0.0215,0.015,0.02,0.0145,0.0195,0.0055,0.005,0,0.36,0.02,0.0015,10062.427722116667,6550.272698999999,3,0
0.48,0.365,0.365,0.405,0.405,0.4,0.48,0.0205,0.0055,0.0165,0.0105,0.005,0.0005,0.0005,0,0.325,0.021,0.0005,10061.675127216668,2969.651175,3,0
0.505,0.945,0.935,0.935,0.925,0.93,0.975,0.9895,0.9935,0.9885,0.9865,0.985,0.996,0.9995,0,0.945,0.9885,0.9975,10075.689894599998,11164.428704000002,3,1
0.495,0.035,0.035,0.033,0.0315,0.0315,0.0325,0.0195,0.019,0.0165,0.0085,0.0055,0.0005,0.0005,0,0.035,0.02,0.0005,10076.48021295,2940.5584999999996,3,0
0.49,0.13,0.25,0.255,0.11,0.07,0.405,0.065,0.021,0.02,0.0205,0.0055,0.0005,0.0005,0,0.155,0.065,0.0005,10071.042438583334,0.0,3,0
0.055,0.11,0.255,0.135,0.135,0.13,0.435,0.0365,0.399,0.0205,0.011,0.002,0.0035,0.001,0,0.125,0.05,0.0025,10070.410994733333,0.0,3,0
0.555,0.9675,0.9725,0.97,0.97,0.97,0.9695,0.9675,0.98,0.9995,0.9995,0.9995,0.9995,0.9995,0,0.6505,0.97,0.9995,10076.914582216667,0.0,3,1
0.32,0.37,0.295,0.49,0.34,0.185,0.145,0.105,0.215,0.135,0.095,0.07,0.0105,0.002,2,0.345,0.135,0.0055,10075.446844783333,0.0,3,0
0.975,0.972,0.972,0.6855,0.9735,0.9735,0.977,0.9775,0.9805,0.9855,0.987,0.9925,0.9995,0.9995,0,0.972,0.9775,0.9995,10074.478128066667,0.0,3,1
0.845,0.885,0.86,0.875,0.885,0.895,0.89,0.835,0.835,0.9,0.961,0.9875,0.9905,0.998,0,0.875,0.865,0.9915,10072.83390205,0.0,3,1
0.03,0.0515,0.03,0.2535,0.028,0.027,0.0265,0.0265,0.0225,0.01,0.0035,0.003,0.0055,0.0005,0,0.0415,0.0265,0.0005,10072.753661716668,0.0,3,0
0.495,0.425,0.27,0.25,0.48,0.43,0.405,0.425,0.48,0.465,0.295,0.365,0.305,0.07,10,0.445,0.41,0.24,10064.33599355,0.0,3,0
0.49,0.165,0.215,0.22,0.37,0.33,0.33,0.43,0.415,0.47,0.011,0.0035,0.001,0.0005,0,0.185,0.33,0.001,10063.885470716667,0.0,3,0
0.5,0.915,0.875,0.91,0.885,0.915,0.905,0.915,0.915,0.855,0.86,0.955,0.998,0.996,0,0.91,0.92,0.998,10074.055356316667,0.0,3,1
0.495,0.065,0.035,0.035,0.0305,0.0315,0.0285,0.0275,0.027,0.023,0.023,0.0015,0.002,0.0005,0,0.065,0.028,0.0005,10073.227324450001,0.0,3,0
0.495,0.405,0.43,0.43,0.255,0.38,0.435,0.425,0.405,0.47,0.41,0.425,0.006,0.002,0,0.415,0.425,0.0055,10068.222610016666,0.0,3,0
0.495,0.43,0.43,0.48,0.185,0.345,0.425,0.415,0.405,0.455,0.395,0.006,0.004,0.001,0,0.455,0.415,0.004,10071.342016616667,0.0,3,0
0.9785,0.967,0.967,0.9685,0.9675,0.973,0.972,0.9735,0.9895,0.9935,0.995,0.995,0.995,0.9985,0,0.971,0.966,0.9995,10075.1454971,0.0,3,1
0.535,0.555,0.615,0.585,0.35,0.34,0.325,0.325,0.225,0.225,0.095,0.06,0.0155,0.006,1,0.635,0.325,0.0105,10075.805799783333,0.0,3,0
0.0305,0.044,0.039,0.0395,0.036,0.0265,0.026,0.0265,0.022,0.0225,0.0195,0.0025,0.0005,0.0005,0,0.044,0.0365,0.0005,10075.571200583334,0.0,3,0
0.505,0.45,0.425,0.395,0.26,0.26,0.25,0.265,0.245,0.255,0.265,0.265,0.6,0.0535,5,0.375,0.23,0.685,10069.536130116667,0.0,3,0
0.465,0.0405,0.035,0.0295,0.031,0.2535,0.032,0.0105,0.026,0.026,0.017,0.002,0.0005,0.0005,0,0.0555,0.02,0.0005,10070.167565066666,0.0,3,0
0.0235,0.0255,0.024,0.025,0.0265,0.0195,0.019,0.02,0.0035,0.007,0.0015,0.0015,0.001,0.0005,0,0.023,0.019,0.001,10073.515489516667,0.0,3,0
0.175,0.1,0.13,0.08,0.14,0.125,0.09,0.1,0.065,0.031,0.0305,0.0655,0.033,0.008,2,0.18,0.165,0.026,10076.646248416666,0.0,3,0
0.037,0.03,0.029,0.024,0.0285,0.0365,0.0255,0.026,0.0255,0.025,0.019,0.019,0.012,0.004,2,0.0485,0.026,0.0135,10076.346905033333,0.0,3,0
0.5,0.905,0.945,0.935,0.95,0.955,0.926,0.9315,0.9245,0.9515,0.9485,0.9865,0.99,0.996,2,0.86,0.9375,0.9905,10076.443764316668,0.0,3,1
0.445,0.0445,0.064,0.0505,0.0505,0.042,0.028,0.029,0.0265,0.027,0.0305,0.0045,0.0005,0.0005,0,0.0395,0.0275,0.002,10072.230662583333,0.0,3,0
0.495,0.08,0.47,0.08,0.05,0.475,0.075,0.4815,0.0725,0.053,0.0555,0.0215,0.007,0.002,0,0.11,0.065,0.004,10063.952568866667,0.0,3,0
0.495,0.08,0.47,0.125,0.1,0.46,0.05,0.4695,0.0355,0.02,0.3295,0.0105,0.003,0.0005,0,0.07,0.045,0.001,10063.383089583334,0.0,3,0
0.525,0.0345,0.0245,0.0195,0.0305,0.07,0.0345,0.045,0.035,0.0305,0.0375,0.0055,0.0005,0.0005,3,0.035,0.0315,0.0005,10071.428921416666,0.0,3,0
0.49,0.425,0.455,0.475,0.46,0.505,0.4,0.49,0.42,0.24,0.185,0.14,0.05,0.0035,16,0.43,0.37,0.05,10070.829653483332,0.0,3,0
0.56,0.975,0.9775,0.9775,0.974,0.9805,0.977,0.9805,0.978,0.9745,0.97,0.996,0.9995,0.9995,0,0.9755,0.9805,0.9995,10076.177352083332,13604.317424,3,1
0.505,0.255,0.255,0.5,0.43,0.585,0.615,0.555,0.355,0.315,0.23,0.12,0.045,0.0055,15,0.245,0.615,0.045,10075.869026166667,0.0,3,0
0.485,0.0345,0.0215,0.02,0.02,0.02,0.02,0.02,0.015,0.0015,0.003,0.0005,0.0035,0.0005,0,0.305,0.02,0.0005,10069.381947783335,4936.0742709999995,3,0
0.49,0.535,0.4,0.4,0.455,0.44,0.44,0.37,0.425,0.42,0.435,0.515,0.735,0.988,9,0.42,0.36,0.775,10068.929437283334,0.0,3,1
0.49,0.0395,0.016,0.0155,0.0155,0.0155,0.0155,0.0155,0.0155,0.0155,0.004,0.0005,0.0005,0.0005,0,0.23,0.0155,0.0005,10068.280674133333,0.0,3,0
0.505,0.795,0.805,0.845,0.595,0.5,0.95,0.95,0.9555,0.9545,0.9535,0.972,0.9935,0.9995,0,0.785,0.96,0.99,10076.1318816,0.0,3,1
0.5,0.0345,0.015,0.02,0.0195,0.0215,0.02,0.0375,0.035,0.0315,0.022,0.0035,0.0005,0.0005,1,0.0345,0.0485,0.0005,10076.62457545,0.0,3,0
0.49,0.135,0.445,0.435,0.0495,0.04,0.04,0.045,0.034,0.3995,0.029,0.0015,0.003,0.0005,0,0.215,0.045,0.003,10070.06504405,0.0,3,0
0.49,0.1,0.065,0.05,0.08,0.055,0.0445,0.078,0.1995,0.1335,0.1215,0.0325,0.042,0.0005,0,0.065,0.138,0.0175,10069.553774033333,0.0,3,0
0.5,0.95,0.96,0.9755,0.98,0.9675,0.97,0.972,0.975,0.9755,0.998,0.99,0.9995,0.9995,2,0.945,0.9695,0.9995,10076.213115633333,0.0,3,1
0.5,0.135,0.09,0.075,0.07,0.065,0.075,0.33,0.28,0.175,0.155,0.04,0.0215,0.0005,1,0.11,0.09,0.0125,10076.044162400001,0.0,3,0
0.9865,0.9945,0.993,0.994,0.9675,0.967,0.981,0.977,0.982,0.99,0.9995,0.9995,0.9995,0.9995,0,0.9945,0.975,0.9995,10076.03771305,0.0,3,1
0.205,0.165,0.17,0.255,0.21,0.18,0.17,0.185,0.255,0.39,0.735,0.52,0.645,0.0155,6,0.175,0.2,0.735,10075.436493766667,0.0,3,0
0.0205,0.0395,0.028,0.0265,0.489,0.4675,0.095,0.085,0.081,0.0475,0.0215,0.0005,0.0005,0.0005,0,0.038,0.085,0.0005,10073.720284083334,0.0,3,0
0.016,0.0165,0.0185,0.0135,0.0135,0.006,0.0045,0.0035,0.0025,0.0025,0.0015,0.0015,0.0005,0.0005,0,0.017,0.004,0.0005,10073.923728516667,0.0,3,0
0.0175,0.0105,0.025,0.0435,0.493,0.27,0.0045,0.0045,0.0045,0.0045,0.0075,0.001,0.005,0.0005,0,0.0105,0.0045,0.0015,10073.095583083334,3408.1986450000004,3,0
0.265,0.315,0.31,0.34,0.36,0.29,0.495,0.4,0.405,0.36,0.215,0.11,0.011,0.0035,6,0.31,0.36,0.0155,10068.756558333333,0.0,3,0
0.02,0.017,0.0195,0.006,0.0225,0.0155,0.0135,0.0135,0.0045,0.0045,0.0015,0.0005,0.0035,0.0005,0,0.0175,0.0135,0.001,10068.150470216668,0.0,3,0
0.02,0.0175,0.017,0.0245,0.0245,0.025,0.0265,0.0085,0.011,0.0045,0.002,0.0085,0.002,0.0005,0,0.017,0.01,0.002,10069.973773766666,0.0,3,0
0.56,0.42,0.51,0.405,0.425,0.595,0.505,0.445,0.475,0.59,0.755,0.895,0.9855,0.9985,16,0.455,0.49,0.977,10075.948092866667,0.0,3,1
0.5,0.0155,0.0195,0.0255,0.02,0.0175,0.0185,0.0185,0.027,0.0215,0.013,0.0095,0.0025,0.0025,1,0.06,0.0145,0.0025,8745.784227166667,0.0,3,0
0.5,0.016,0.0195,0.0195,0.019,0.0165,0.016,0.0165,0.016,0.0045,0.0035,0.0005,0.0005,0.0005,1,0.03,0.015,0.0005,8745.896111716665,12162.748215,3,0
0.5,0.013,0.012,0.0075,0.006,0.002,0.0015,0.0085,0.003,0.003,0.0035,0.0015,0.002,0.0005,1,0.0135,0.006,0.0005,8745.891789366666,0.0,3,0
0.5,0.44,0.47,0.425,0.455,0.42,0.39,0.625,0.465,0.445,0.525,0.66,0.88,0.996,14,0.4,0.535,0.9705,10057.575668416666,0.0,3,1
0.5,0.985,0.9845,0.9805,0.983,0.9845,0.9815,0.9835,0.9955,0.9775,0.9925,0.9995,0.9995,0.9995,0,0.985,0.9815,0.998,10065.931456666667,0.0,3,1
0.02,0.016,0.016,0.02,0.0175,0.0055,0.014,0.0125,0.155,0.0525,0.0015,0.0005,0.0005,0.0005,0,0.016,0.0125,0.0005,10043.869595983333,0.0,3,0
0.225,0.195,0.175,0.195,0.17,0.185,0.185,0.075,0.07,0.1,0.07,0.023,0.0045,0.002,0,0.22,0.115,0.004,10053.847469866665,6055.3275539999995,3,0
0.5,0.965,0.9595,0.957,0.959,0.9645,0.9685,0.9685,0.9715,0.984,0.985,0.9905,0.9995,0.9995,0,0.965,0.9125,0.9995,10009.080392516666,0.0,3,1
0.5,0.12,0.12,0.115,0.145,0.225,0.135,0.105,0.1,0.075,0.0845,0.1195,0.014,0.0005,5,0.145,0.12,0.013,10016.15994815,0.0,3,0
0.49,0.035,0.0355,0.0375,0.036,0.473,0.0345,0.024,0.0045,0.021,0.0105,0.01,0.0025,0.0005,0,0.035,0.3515,0.0005,10008.392242900001,0.0,3,0
0.49,0.045,0.045,0.0265,0.0145,0.016,0.2665,0.0325,0.0115,0.012,0.011,0.0015,0.001,0.0005,0,0.045,0.0375,0.001,10007.118073816668,0.0,3,0
0.49,0.385,0.37,0.05,0.05,0.0495,0.175,0.1605,0.017,0.02,0.012,0.0185,0.005,0.0005,0,0.41,0.4415,0.0045,10007.8547706,0.0,3,0
0.495,0.23,0.355,0.485,0.395,0.47,0.355,0.435,0.45,0.43,0.1,0.075,0.0135,0.0005,6,0.22,0.35,0.011,10012.666137366667,0.0,3,0
0.495,0.024,0.3455,0.4345,0.023,0.0155,0.0205,0.011,0.011,0.025,0.008,0.016,0.0005,0.0005,0,0.0245,0.0175,0.0005,10012.056836733333,0.0,3,0
0.5,0.92,0.92,0.93,0.91,0.925,0.935,0.955,0.9495,0.952,0.97,0.9845,0.993,0.9995,0,0.915,0.94,0.9945,10016.609668483334,0.0,3,1
0.5,0.0255,0.038,0.036,0.021,0.0205,0.0205,0.0205,0.0235,0.027,0.0005,0.0105,0.005,0.0005,1,0.026,0.0205,0.006,10016.605450566665,0.0,3,0
0.495,0.405,0.4,0.415,0.4,0.4,0.4,0.405,0.11,0.115,0.095,0.0205,0.006,0.0005,0,0.405,0.175,0.0065,10010.91599285,0.0,3,0
0.495,0.405,0.4,0.405,0.245,0.4,0.155,0.405,0.13,0.195,0.185,0.0305,0.0055,0.0005,0,0.405,0.14,0.0055,10010.558166083332,7252.40531,3,0
0.5,0.523,0.963,0.9635,0.963,0.9635,0.965,0.9655,0.9805,0.978,0.9785,0.996,0.995,0.9995,0,0.5045,0.9655,0.998,10016.2951164,0.0,3,1
0.5,0.41,0.135,0.135,0.105,0.155,0.095,0.085,0.08,0.105,0.075,0.03,0.011,0.0005,1,0.41,0.085,0.0105,10016.39940925,0.0,3,0
0.495,0.0135,0.0135,0.3295,0.02,0.02,0.0205,0.0645,0.0205,0.017,0.0145,0.0035,0.0115,0.0005,0,0.0135,0.0195,0.0025,10011.346974583334,0.0,3,0
0.495,0.29,0.305,0.385,0.23,0.25,0.245,0.185,0.205,0.21,0.295,0.4,0.39,0.245,4,0.28,0.22,0.315,10010.73645715,0.0,3,0
0.495,0.014,0.014,0.2285,0.0205,0.02,0.0205,0.22,0.0185,0.0035,0.0015,0.0005,0.0005,0.0005,0,0.014,0.02,0.0005,10010.173846133333,0.0,3,0
0.5,0.815,0.79,0.79,0.715,0.74,0.725,0.75,0.695,0.735,0.815,0.945,0.9745,0.996,2,0.815,0.7,0.9785,10017.02320585,0.0,3,1
0.5,0.0225,0.017,0.399,0.02,0.02,0.0185,0.0465,0.0155,0.0125,0.0005,0.0005,0.0035,0.0005,1,0.022,0.0195,0.0005,10016.924406483333,0.0,3,0
0.08,0.08,0.0265,0.0345,0.0295,0.0295,0.042,0.0325,0.031,0.3635,0.024,0.011,0.0045,0.0005,0,0.08,0.038,0.0005,10011.070878083332,0.0,3,0
0.04,0.035,0.091,0.0495,0.0455,0.0395,0.0245,0.023,0.021,0.0975,0.02,0.0085,0.0005,0.0005,0,0.0395,0.0235,0.003,10010.557180150001,0.0,3,0
0.9735,0.976,0.9815,0.981,0.981,0.98,0.98,0.9805,0.9805,0.982,0.9855,0.9845,0.9905,0.9995,0,0.976,0.9795,0.998,10016.371880883333,0.0,3,1
0.055,0.045,0.125,0.075,0.06,0.045,0.0275,0.0255,0.024,0.0325,0.0205,0.013,0.0025,0.0005,0,0.05,0.0265,0.002,10015.98350265,0.0,3,0
0.025,0.026,0.023,0.3455,0.016,0.081,0.016,0.02,0.0165,0.016,0.009,0.0085,0.0015,0.0005,0,0.0235,0.016,0.001,9975.584896066666,0.0,3,0
0.145,0.15,0.1,0.14,0.235,0.145,0.135,0.12,0.0445,0.02,0.0145,0.024,0.009,0.0045,0,0.12,0.115,0.008,9974.19764305,0.0,3,0
0.982,0.9845,0.9845,0.994,0.994,0.995,0.995,0.9975,0.9975,0.9975,0.998,0.9985,0.99,0.9995,0,0.9815,0.9965,0.9995,10014.551147733333,0.0,3,1
0.49,0.41,0.37,0.505,0.695,0.595,0.515,0.5,0.335,0.29,0.24,0.2,0.115,0.022,12,0.425,0.475,0.085,10016.810769133333,0.0,3,0
0.015,0.018,0.015,0.016,0.012,0.011,0.007,0.005,0.004,0.0035,0.003,0.002,0.0005,0.0005,0,0.018,0.0055,0.0005,10016.880290016667,0.0,3,0
0.5,0.04,0.0305,0.03,0.032,0.041,0.025,0.022,0.0205,0.0095,0.0065,0.005,0.002,0.0005,1,0.055,0.0215,0.0005,10017.0874885,0.0,3,0
0.5,0.032,0.0335,0.0225,0.027,0.0225,0.0255,0.0145,0.012,0.0105,0.0115,0.008,0.005,0.002,1,0.135,0.0195,0.0075,10016.06846875,0.0,3,0
0.0145,0.015,0.0175,0.036,0.019,0.019,0.0195,0.3745,0.0155,0.0155,0.011,0.0065,0.0005,0.0005,0,0.0085,0.016,0.0005,10015.216577266667,0.0,3,0
0.22,0.245,0.17,0.355,0.245,0.135,0.06,0.075,0.07,0.06,0.08,0.06,0.045,0.0085,0,0.22,0.065,0.2945,10014.710780916668,0.0,3,0
0.22,0.205,0.29,0.345,0.25,0.325,0.405,0.41,0.415,0.395,0.245,0.15,0.065,0.0115,2,0.23,0.4,0.0455,10014.575022133333,0.0,3,0
0.675,0.63,0.8,0.72,0.695,0.84,0.93,0.94,0.92,0.93,0.91,0.94,0.959,0.9985,0,0.69,0.915,0.9675,10015.648865166668,0.0,3,1
0.009,0.0135,0.018,0.0325,0.02,0.019,0.019,0.029,0.019,0.0195,0.0005,0.0005,0.0005,0.0005,0,0.014,0.018,0.0005,10016.374263116666,0.0,3,0
0.145,0.075,0.115,0.38,0.05,0.08,0.055,0.028,0.0215,0.06,0.02,0.0175,0.0015,0.004,0,0.065,0.055,0.0015,10070.832611383334,0.0,3,0
0.04,0.069,0.048,0.133,0.0455,0.03,0.028,0.034,0.039,0.0615,0.021,0.0175,0.0015,0.0005,0,0.0665,0.0255,0.0005,10070.5284357,0.0,3,0
0.977,0.983,0.98,0.9575,0.9805,0.981,0.9805,0.981,0.9825,0.9745,0.986,0.995,0.993,0.9995,0,0.984,0.9805,0.9995,10076.8965418,0.0,3,1
0.12,0.235,0.155,0.14,0.2,0.1,0.095,0.16,0.22,0.23,0.08,0.0335,0.012,0.0005,0,0.25,0.08,0.009,10076.924786133333,0.0,3,0
0.1,0.175,0.12,0.345,0.12,0.09,0.04,0.063,0.0425,0.0255,0.011,0.0085,0.003,0.0005,0,0.09,0.0535,0.0005,10072.2153612,0.0,3,0
0.28,0.26,0.29,0.41,0.295,0.315,0.33,0.37,0.42,0.42,0.355,0.315,0.4,0.986,5,0.295,0.345,0.43,10072.014416333333,0.0,3,1
0.9865,0.988,0.9885,0.988,0.9895,0.99,0.9875,0.9865,0.987,0.9955,0.9985,0.999,0.9995,0.9995,0,0.988,0.9905,0.9995,10077.130519816668,0.0,3,1
0.87,0.775,0.88,0.93,0.885,0.895,0.95,0.915,0.925,0.9595,0.969,0.9855,0.9975,0.9965,0,0.885,0.93,0.999,10076.65291,0.0,3,1
0.02,0.015,0.019,0.042,0.0145,0.017,0.0195,0.0185,0.0185,0.0185,0.011,0.01,0.0005,0.0005,0,0.015,0.0185,0.0005,10075.924716033333,0.0,3,0
0.09,0.075,0.02,0.0785,0.0185,0.016,0.0145,0.016,0.016,0.0145,0.0065,0.0015,0.0005,0.0005,0,0.075,0.013,0.0005,10069.013512616666,3590.211366,3,0
0.09,0.08,0.02,0.0245,0.016,0.016,0.0155,0.0195,0.0195,0.0195,0.0175,0.0115,0.0005,0.0005,0,0.08,0.015,0.0005,10068.876029783334,3268.4739,3,0
0.5,0.07,0.051,0.3495,0.056,0.0475,0.0325,0.031,0.032,0.023,0.02,0.0195,0.014,0.004,1,0.065,0.037,0.012,10075.404755666666,0.0,3,0
0.5,0.935,0.967,0.9165,0.97,0.9815,0.9835,0.9835,0.984,0.985,0.9855,0.9905,0.9995,0.9995,0,0.925,0.9835,0.9995,10075.795214200001,0.0,3,1
0.5,0.9825,0.9805,0.962,0.981,0.9785,0.989,0.9805,0.989,0.981,0.982,0.9865,0.9995,0.9995,0,0.9845,0.989,0.9995,10072.761372516667,7506.450795,3,1
0.5,0.029,0.0155,0.037,0.019,0.014,0.0165,0.0115,0.01,0.029,0.01,0.0035,0.0005,0.0005,1,0.0215,0.0115,0.0005,10076.451280516667,15751.228327,3,0
0.495,0.0125,0.015,0.1275,0.011,0.011,0.008,0.008,0.0075,0.0185,0.017,0.0155,0.0015,0.0005,0,0.0095,0.008,0.0005,10074.033952666667,2751.2314,3,0
0.495,0.1,0.065,0.045,0.0285,0.0225,0.035,0.0305,0.024,0.022,0.021,0.02,0.0105,0.001,0,0.075,0.0385,0.0015,10073.890580500001,10073.858922,3,0
0.5,0.925,0.9865,0.9885,0.9745,0.974,0.984,0.9605,0.9705,0.971,0.9855,0.9945,0.9985,0.9995,4,0.63,0.9855,0.997,10077.154967116667,17610.85926,3,1
0.5,0.87,0.96,0.963,0.9635,0.9685,0.9435,0.8185,0.9625,0.9645,0.981,0.986,0.9965,0.996,2,0.885,0.9625,0.9905,10077.049173683334,33588.656004,3,1
0.5,0.18,0.38,0.3,0.175,0.185,0.085,0.0265,0.088,0.085,0.0595,0.027,0.027,0.0015,1,0.22,0.055,0.022,10076.6615993,18433.672918,3,0
0.475,0.37,0.015,0.339,0.015,0.0205,0.0155,0.0155,0.016,0.0165,0.011,0.0145,0.0005,0.004,0,0.42,0.0155,0.0005,10075.336652033333,1825.182032,3,0
0.49,0.4,0.225,0.41,0.33,0.34,0.405,0.32,0.425,0.435,0.48,0.545,0.645,0.9645,5,0.435,0.435,0.61,10074.93236135,4558.172962,3,1
0.025,0.017,0.016,0.262,0.0165,0.0165,0.0155,0.0205,0.0165,0.0165,0.0165,0.0175,0.0045,0.0005,2,0.0165,0.0165,0.0025,10062.324903033334,26707.333208,3,0
0.205,0.18,0.23,0.44,0.35,0.355,0.36,0.325,0.25,0.11,0.41,0.365,0.195,0.6585,3,0.21,0.37,0.09,10061.825517916666,19587.037395,3,1
0.06,0.085,0.05,0.0295,0.0155,0.0085,0.0235,0.023,0.0345,0.018,0.02,0.0145,0.0085,0.002,0,0.06,0.02,0.0065,9348.361198233333,30160.979884,3,0
0.26,0.355,0.205,0.175,0.0285,0.0345,0.0575,0.025,0.062,0.0365,0.089,0.0345,0.018,0.0085,2,0.27,0.0355,0.016,9352.226554816667,61829.794645,3,0
0.02,0.0205,0.0235,0.025,0.0245,0.016,0.0185,0.0165,0.0135,0.0125,0.0195,0.005,0.0075,0.0005,0,0.0095,0.016,0.0045,9349.474099699999,43455.612714,3,0
0.5,0.51,0.06,0.055,0.0295,0.03,0.076,0.06,0.015,0.022,0.0105,0.0185,0.006,0.0005,3,0.055,0.089,0.013,10076.035010133333,11616.750444,3,0
0.51,0.945,0.9795,0.9275,0.9725,0.9865,0.987,0.977,0.977,0.9775,0.989,0.972,0.992,0.9995,0,0.945,0.9795,0.9995,10076.408204116666,7815.247185,3,1
0.49,0.43,0.05,0.339,0.0365,0.035,0.061,0.044,0.024,0.02,0.0055,0.0275,0.005,0.0005,0,0.475,0.072,0.015,10065.827189833333,880.741176,3,0
0.49,0.44,0.3,0.42,0.34,0.355,0.255,0.265,0.405,0.535,0.72,0.665,0.265,0.965,9,0.46,0.225,0.39,10066.174686133334,51407.825946,3,1
0.49,0.435,0.13,0.42,0.345,0.08,0.09,0.09,0.19,0.205,0.06,0.0285,0.0155,0.0045,0,0.355,0.105,0.0045,10071.392255616667,1306.028454,3,0
0.48,0.455,0.195,0.435,0.355,0.285,0.255,0.195,0.066,0.05,0.052,0.0815,0.018,0.035,6,0.41,0.22,0.3865,10071.668364983334,27076.852878,3,0
0.5,0.305,0.21,0.505,0.14,0.085,0.09,0.11,0.23,0.24,0.065,0.0395,0.0085,0.0015,5,0.325,0.11,0.0045,10076.459575633335,7661.219756,3,0
0.5,0.96,0.9855,0.9805,0.9805,0.974,0.9745,0.9755,0.9765,0.9865,0.991,0.9955,0.9985,0.9995,0,0.96,0.9745,0.824,10076.59689995,29546.294542,3,1
0.5,0.0285,0.028,0.361,0.031,0.016,0.0095,0.006,0.006,0.0075,0.0055,0.005,0.0005,0.0005,1,0.0285,0.006,0.0005,10076.360068516666,5869.231425,3,0
0.495,0.44,0.395,0.43,0.3,0.435,0.32,0.355,0.385,0.44,0.32,0.265,0.415,0.955,5,0.49,0.34,0.305,10072.542583583334,7467.025138,3,1
0.495,0.43,0.39,0.435,0.0175,0.0165,0.0165,0.0065,0.0065,0.009,0.006,0.0055,0.0035,0.0005,0,0.485,0.0065,0.0005,10071.927531066667,1485.949656,3,0
0.5,0.95,0.96,0.945,0.93,0.895,0.88,0.86,0.89,0.94,0.981,0.9775,0.993,0.9995,0,0.95,0.85,0.9985,10077.112448283333,15883.404481,3,1
0.5,0.045,0.045,0.06,0.0365,0.0335,0.013,0.017,0.007,0.0235,0.021,0.0115,0.0005,0.0005,1,0.065,0.0195,0.001,10076.369551833333,107170.471169,3,0
0.285,0.27,0.27,0.185,0.255,0.285,0.325,0.37,0.405,0.445,0.46,0.355,0.195,0.0765,4,0.255,0.355,0.17,10070.575175150001,13849.883606,3,1
0.495,0.0225,0.0215,0.2605,0.009,0.0055,0.0055,0.007,0.007,0.0235,0.0065,0.0515,0.005,0.0005,0,0.024,0.0075,0.001,10070.90980665,2380.182281,3,0
0.033,0.039,0.025,0.0235,0.0335,0.029,0.025,0.0335,0.0165,0.0125,0.0055,0.025,0.0125,0.001,0,0.0425,0.0315,0.0055,10076.422509733333,6704.510429,3,0
0.5,0.9765,0.978,0.9775,0.9785,0.9785,0.9785,0.9775,0.9775,0.978,0.9835,0.9835,0.9925,0.9995,0,0.975,0.9775,0.983,10076.360205500001,22077.176763,3,1
0.0105,0.007,0.0055,0.0055,0.005,0.0045,0.0045,0.0045,0.005,0.0045,0.0045,0.0045,0.004,0.002,0,0.007,0.0045,0.0005,10073.279190683334,3839.71325,3,0
0.265,0.265,0.285,0.215,0.315,0.42,0.365,0.365,0.335,0.38,0.215,0.14,0.31,0.983,1,0.265,0.37,0.155,10072.664468500001,16937.18398,3,1
0.02,0.008,0.007,0.011,0.019,0.2575,0.0175,0.0115,0.019,0.0855,0.005,0.0035,0.0005,0.0005,0,0.008,0.0135,0.0005,10072.037546983334,1654.640696,3,0
0.63,0.565,0.515,0.57,0.555,0.655,0.615,0.575,0.46,0.545,0.25,0.14,0.32,0.9875,10,0.56,0.575,0.16,10077.084098616668,20207.29509,3,1
0.02,0.008,0.017,0.0325,0.014,0.0295,0.019,0.012,0.02,0.028,0.004,0.0035,0.0005,0.0005,0,0.008,0.016,0.0005,10076.423677283334,3918.489147,3,0
0.265,0.27,0.275,0.165,0.305,0.335,0.37,0.395,0.415,0.405,0.175,0.425,0.115,0.01,2,0.27,0.385,0.04,10072.557709483333,11552.52448,3,0
0.055,0.055,0.2885,0.3195,0.0265,0.175,0.024,0.2,0.0165,0.0085,0.0075,0.0045,0.009,0.01,0,0.05,0.023,0.0085,10072.2091615,6179.104969,3,0
0.655,0.71,0.56,0.615,0.53,0.565,0.61,0.63,0.63,0.53,0.195,0.455,0.13,0.0075,11,0.665,0.6,0.0405,10077.080248749999,4733.036823,3,0
0.013,0.007,0.0065,0.006,0.006,0.0065,0.0105,0.0195,0.009,0.008,0.0085,0.009,0.0005,0.0005,0,0.007,0.009,0.0005,10076.694302683334,8183.64425,3,0
0.02,0.008,0.0085,0.0105,0.0105,0.0105,0.003,0.003,0.003,0.0125,0.0055,0.0055,0.0105,0.0005,0,0.008,0.003,0.013,10070.14708975,6817.391164,3,0
0.225,0.235,0.245,0.395,0.19,0.17,0.115,0.15,0.17,0.14,0.135,0.06,0.0155,0.008,0,0.23,0.14,0.0055,10069.6573509,5033.239159,3,0
0.98,0.9815,0.9795,0.9665,0.9885,0.9885,0.9885,0.9895,0.9905,0.975,0.9925,0.993,0.995,0.9995,0,0.9815,0.9885,0.9955,10074.757047449999,71565.377765,3,1
0.44,0.435,0.45,0.475,0.26,0.215,0.145,0.185,0.17,0.165,0.145,0.06,0.0075,0.003,0,0.435,0.17,0.006,10074.85674005,18298.66925,3,0
0.02,0.0185,0.014,0.0295,0.0165,0.0175,0.0195,0.01,0.0055,0.0055,0.0055,0.005,0.005,0.0005,0,0.011,0.0175,0.0005,10074.679434316668,3127.06055,3,0
0.5,0.06,0.03,0.043,0.048,0.0255,0.023,0.011,0.019,0.022,0.007,0.0055,0.0025,0.0005,1,0.08,0.021,0.004,10076.586682283332,6813.735067,3,0
0.5,0.08,0.065,0.055,0.05,0.085,0.045,0.075,0.06,0.0385,0.024,0.0225,0.006,0.0225,1,0.06,0.08,0.016,10076.752476366668,40502.163118,3,0
0.5,0.015,0.0195,0.396,0.013,0.013,0.0025,0.003,0.0035,0.003,0.003,0.0025,0.0005,0.0005,1,0.0085,0.0025,0.0045,10069.109468166665,8724.977305,3,0
0.495,0.245,0.26,0.465,0.33,0.34,0.37,0.385,0.42,0.435,0.675,0.765,0.795,0.17,8,0.255,0.35,0.845,10069.83793235,22972.773188,3,0
0.5,0.03,0.0275,0.3995,0.014,0.0135,0.007,0.0055,0.0055,0.0045,0.004,0.0115,0.0035,0.0005,1,0.0335,0.007,0.004,10069.37766055,1817.9555,3,0
0.5,0.085,0.065,0.08,0.045,0.045,0.034,0.027,0.0215,0.012,0.0205,0.0165,0.003,0.003,1,0.08,0.033,0.003,10076.638663599999,848.2244,3,0
0.5,0.185,0.195,0.195,0.185,0.18,0.045,0.04,0.0175,0.013,0.0215,0.021,0.006,0.0015,1,0.21,0.045,0.006,10076.51931365,1717.025188,3,0
0.5,0.48,0.4,0.155,0.3,0.33,0.35,0.37,0.39,0.41,0.53,0.365,0.885,0.996,10,0.25,0.365,0.93,10072.249346816667,15149.004519,3,1
0.5,0.461,0.407,0.338,0.0075,0.0075,0.0075,0.0075,0.0075,0.0085,0.016,0.001,0.0005,0.0005,1,0.0075,0.0085,0.0005,10072.68913515,12422.215864,3,0
0.5,0.118,0.053,0.0475,0.0295,0.0245,0.023,0.0225,0.0105,0.006,0.0055,0.0005,0.0005,0.0005,1,0.0505,0.022,0.0005,10076.38696595,8896.125644,3,0
0.49,0.875,0.655,0.69,0.735,0.68,0.735,0.755,0.585,0.525,0.655,0.39,0.885,0.9955,5,0.795,0.765,0.945,10075.9094989,9844.074113,3,1
0.455,0.365,0.0155,0.36,0.0105,0.0085,0.0075,0.008,0.006,0.004,0.0035,0.0085,0.002,0.0005,0,0.425,0.0075,0.0015,10072.3206641,16247.119917,3,0
0.495,0.38,0.28,0.475,0.265,0.255,0.315,0.345,0.375,0.405,0.475,0.385,0.65,0.96,7,0.425,0.325,0.49,10071.809702533334,24683.869904,3,1
0.5,0.9705,0.992,0.976,0.987,0.994,0.994,0.994,0.994,0.994,0.994,0.9965,0.9995,0.9995,0,0.96,0.994,0.9995,10076.898631266668,7633.812515,3,1
0.5,0.55,0.735,0.925,0.665,0.765,0.755,0.68,0.765,0.755,0.635,0.45,0.68,0.94,6,0.55,0.77,0.69,10077.207376183333,38038.274883,3,1
0.5,0.034,0.0195,0.0885,0.013,0.0075,0.008,0.008,0.008,0.005,0.002,0.002,0.0005,0.0005,3,0.05,0.008,0.0005,10077.0756604,5958.843761,3,0
0.037,0.0385,0.013,0.341,0.018,0.2555,0.008,0.004,0.0025,0.0025,0.0025,0.003,0.0005,0.0005,0,0.038,0.004,0.001,10070.062528466666,17937.691143,3,0
0.115,0.125,0.175,0.165,0.275,0.445,0.245,0.29,0.325,0.245,0.29,0.28,0.045,0.0055,0,0.12,0.255,0.05,10069.491504283333,15177.896293,3,0
0.0235,0.022,0.0225,0.036,0.028,0.0995,0.026,0.024,0.0125,0.011,0.0085,0.002,0.0005,0.0005,0,0.0225,0.026,0.0005,10076.480674916667,3405.688213,3,0
0.865,0.85,0.935,0.925,0.9745,0.97,0.983,0.9735,0.9755,0.9745,0.979,0.9875,0.9815,0.9945,0,0.855,0.9825,0.982,10077.20112065,11970.166423,3,1
0.04,0.021,0.03,0.348,0.012,0.0115,0.0105,0.335,0.004,0.004,0.003,0.0035,0.0015,0.0005,0,0.042,0.0105,0.0005,10072.570037033332,3316.967076,3,0
0.12,0.145,0.12,0.1,0.17,0.215,0.32,0.425,0.235,0.34,0.335,0.235,0.295,0.047,2,0.13,0.36,0.315,10071.942171316668,11139.452198,3,0
0.981,0.981,0.981,0.9795,0.9915,0.9855,0.981,0.983,0.994,0.994,0.994,0.998,0.9995,0.9995,0,0.981,0.991,0.9995,10077.0016388,16710.260906,3,1
0.405,0.45,0.39,0.35,0.535,0.67,0.825,0.9585,0.7285,0.8435,0.8715,0.8195,0.955,0.9935,1,0.45,0.905,0.9775,10076.7628637,24335.060233,3,1
0.21,0.235,0.285,0.405,0.315,0.345,0.355,0.265,0.095,0.405,0.174,0.1075,0.032,0.027,0,0.13,0.33,0.0375,10072.618441616667,13395.745055,3,0
0.06,0.115,0.09,0.465,0.075,0.07,0.03,0.012,0.0075,0.004,0.004,0.004,0.0205,0.002,0,0.475,0.022,0.0045,10072.787407033333,23568.679886,3,0
0.0275,0.0225,0.022,0.473,0.021,0.0105,0.007,0.0075,0.009,0.369,0.008,0.0065,0.002,0.001,0,0.475,0.007,0.0015,10072.085040566666,19661.262269,3,0
0.14,0.08,0.08,0.095,0.034,0.038,0.0385,0.068,0.1725,0.204,0.098,0.102,0.0215,0.005,2,0.145,0.045,0.0165,10077.009714333333,19025.320384,3,0
0.9805,0.9785,0.979,0.9785,0.984,0.984,0.9785,0.984,0.989,0.992,0.994,0.996,0.9995,0.9995,0,0.96,0.9815,0.9995,10076.91914215,8641.33,3,1
0.5,0.9685,0.9885,0.988,0.988,0.988,0.988,0.988,0.9885,0.9935,0.994,0.995,0.998,0.9995,0,0.9685,0.9885,0.9995,10076.716285566667,10384.102152,3,1
0.5,0.065,0.016,0.012,0.012,0.0115,0.012,0.014,0.0205,0.0115,0.01,0.046,0.0065,0.0005,1,0.075,0.0175,0.001,10076.612878816666,27397.741649,3,0
0.495,0.49,0.245,0.38,0.26,0.285,0.245,0.27,0.425,0.48,0.32,0.3,0.6,0.925,11,0.49,0.255,0.75,10075.524955766667,20473.226419,3,1
0.495,0.49,0.08,0.35,0.06,0.06,0.0335,0.0175,0.014,0.0475,0.147,0.3425,0.02,0.009,2,0.49,0.019,0.0085,10075.287762183334,8576.262087,3,0
0.5,0.0165,0.016,0.009,0.0035,0.003,0.0025,0.009,0.0015,0.0015,0.0015,0.0015,0.0025,0.001,1,0.0245,0.01,0.0025,10075.8500029,121176.689141,3,0
0.5,0.14,0.135,0.06,0.0395,0.035,0.0275,0.0225,0.021,0.0205,0.019,0.03,0.0215,0.0055,1,0.115,0.0225,0.028,10076.085435183333,35752.830558,3,0
0.5,0.039,0.089,0.0475,0.0695,0.0265,0.0225,0.0315,0.0425,0.0075,0.0115,0.0085,0.0105,0.003,1,0.065,0.0365,0.015,10076.327743383334,36857.532713,3,0
0.465,0.075,0.055,0.355,0.05,0.09,0.065,0.04,0.0275,0.0295,0.016,0.003,0.0025,0.001,0,0.48,0.05,0.0005,10069.560172566667,48187.739781,3,0
0.455,0.11,0.105,0.345,0.045,0.04,0.038,0.03,0.0135,0.011,0.011,0.023,0.054,0.0445,2,0.475,0.0295,0.575,10068.95791065,71254.645773,3,0
0.5,0.9875,0.9825,0.98,0.97,0.978,0.985,0.9845,0.9845,0.9925,0.994,0.995,0.999,0.9995,0,0.945,0.985,0.999,10076.6800453,33624.614714,3,1
0.495,0.34,0.365,0.315,0.22,0.135,0.13,0.165,0.06,0.04,0.05,0.165,0.815,0.955,3,0.345,0.13,0.9505,10076.33847905,29312.218966,3,1
0.024,0.023,0.0215,0.349,0.011,0.0215,0.0215,0.0215,0.0215,0.0215,0.0035,0.003,0.0005,0.0005,0,0.022,0.022,0.0005,10074.201354416668,27430.346924,3,0
0.195,0.22,0.21,0.375,0.265,0.275,0.275,0.255,0.275,0.34,0.235,0.325,0.675,0.983,7,0.215,0.275,0.89,10073.682509866667,8104.740702,3,1
0.029,0.026,0.0275,0.349,0.0225,0.0205,0.0205,0.0205,0.0195,0.018,0.006,0.0055,0.0005,0.0005,0,0.027,0.0205,0.0005,10073.1919368,8387.368526,3,0
0.175,0.16,0.225,0.155,0.165,0.11,0.07,0.055,0.0295,0.0275,0.0215,0.018,0.003,0.0065,0,0.17,0.07,0.0025,10076.39690305,6464.423952,3,0
0.976,0.977,0.988,0.9785,0.9855,0.9805,0.9755,0.9785,0.979,0.9785,0.993,0.986,0.9985,0.999,0,0.978,0.9785,0.9995,10076.288609183333,75804.773638,3,1
0.495,0.15,0.15,0.35,0.365,0.18,0.12,0.15,0.16,0.205,0.135,0.07,0.075,0.0075,0,0.135,0.1,0.075,10075.6639567,12658.688424,3,0
0.455,0.07,0.055,0.3425,0.3555,0.0255,0.038,0.0205,0.015,0.011,0.011,0.0035,0.0025,0.0005,0,0.065,0.0355,0.001,10075.101456916665,18160.615129,3,0
0.52,0.89,0.885,0.885,0.915,0.885,0.93,0.935,0.945,0.92,0.94,0.967,0.969,0.9985,2,0.895,0.94,0.9725,10076.474722516667,43986.625775,3,1
0.5,0.13,0.08,0.065,0.08,0.045,0.05,0.04,0.03,0.026,0.005,0.0145,0.0015,0.0015,1,0.165,0.04,0.001,10076.83410135,20144.782201,3,0
0.0255,0.0265,0.021,0.08,0.0215,0.0095,0.013,0.005,0.006,0.002,0.002,0.0025,0.003,0.0015,0,0.0305,0.0055,0.0025,10072.354015483334,5197.561783,3,0
0.175,0.2,0.205,0.225,0.22,0.23,0.26,0.3,0.255,0.345,0.405,0.485,0.65,0.935,5,0.18,0.23,0.665,10071.787861533334,4196.767459,3,1
0.9865,0.9715,0.973,0.9565,0.9725,0.984,0.984,0.972,0.9795,0.9915,0.997,0.998,0.9995,0.999,0,0.964,0.985,0.9995,10076.844487016668,21136.031662,3,1
0.37,0.5,0.79,0.79,0.81,0.855,0.85,0.755,0.9,0.855,0.865,0.85,0.955,0.9895,3,0.445,0.885,0.97,10076.9565721,30958.645501,3,1
0.0225,0.029,0.051,0.057,0.031,0.0295,0.027,0.022,0.022,0.0205,0.014,0.002,0.002,0.0005,0,0.029,0.027,0.0015,10076.917088216667,16406.518294,3,0
0.5,0.495,0.095,0.13,0.23,0.225,0.26,0.305,0.33,0.325,0.44,0.455,0.49,0.0245,5,0.495,0.275,0.36,10074.708712133333,12903.830636,3,0
0.495,0.495,0.0135,0.015,0.0305,0.027,0.0245,0.024,0.0275,0.01,0.015,0.0025,0.0005,0.0005,0,0.495,0.024,0.0015,10074.3344211,9322.103421,3,0
0.48,0.0395,0.0085,0.012,0.0135,0.0135,0.013,0.0115,0.013,0.0025,0.002,0.0025,0.0005,0.0005,0,0.0395,0.0115,0.0005,10076.709156733334,16924.872479,3,0
0.5,0.34,0.07,0.1065,0.346,0.271,0.3115,0.2935,0.2705,0.1905,0.2705,0.133,0.051,0.0015,3,0.46,0.254,0.02,10076.782809683333,19231.980659,3,0
0.023,0.0115,0.011,0.46,0.267,0.1635,0.0255,0.046,0.0285,0.0245,0.0235,0.0145,0.0075,0.006,0,0.0115,0.024,0.003,10073.249937533334,13289.922949,3,0
0.055,0.055,0.0385,0.45,0.0215,0.349,0.027,0.0215,0.01,0.022,0.012,0.002,0.0015,0.0015,0,0.07,0.0155,0.0015,10072.52548085,10016.044246,3,0
0.977,0.9885,0.9815,0.648,0.423,0.7465,0.952,0.9265,0.9445,0.974,0.9755,0.97,0.9955,0.996,4,0.9885,0.9635,0.995,10076.5398425,43782.747869,3,1
0.195,0.255,0.15,0.45,0.0235,0.0505,0.0735,0.0315,0.03,0.0265,0.024,0.0035,0.0025,0.001,0,0.24,0.05,0.0025,10076.658863516666,15711.348474,3,0
0.465,0.0275,0.027,0.349,0.036,0.142,0.188,0.2325,0.0625,0.132,0.073,0.036,0.027,0.0075,0,0.028,0.297,0.3405,10070.377524000001,15521.411457,3,0
0.47,0.24,0.24,0.415,0.195,0.06,0.35,0.0455,0.099,0.061,0.0455,0.055,0.0245,0.0015,0,0.235,0.0275,0.028,10069.97176855,6070.15058,3,0
0.465,0.0215,0.0195,0.349,0.0205,0.0075,0.0055,0.011,0.0095,0.006,0.004,0.003,0.0005,0.0005,0,0.022,0.0105,0.0005,10069.452500433334,28807.037097,3,0
0.5,0.55,0.42,0.525,0.325,0.085,0.061,0.064,0.1455,0.079,0.055,0.085,0.023,0.0005,9,0.55,0.037,0.02,10076.432219283333,19185.405714,3,0
0.475,0.045,0.0165,0.345,0.021,0.012,0.038,0.0205,0.01,0.01,0.0025,0.0015,0.0005,0.0005,0,0.04,0.022,0.0005,10076.488191699998,5884.99,3,0
0.5,0.37,0.27,0.145,0.19,0.0535,0.0225,0.024,0.0265,0.033,0.024,0.009,0.021,0.004,1,0.33,0.0215,0.003,10076.060187366667,41162.881687,3,0
0.5,0.075,0.037,0.035,0.022,0.0295,0.0575,0.0375,0.037,0.066,0.072,0.101,0.5035,0.9995,2,0.085,0.035,0.688,10076.723009566665,66158.291476,3,1
0.5,0.008,0.0195,0.02,0.0185,0.008,0.022,0.0925,0.0335,0.0255,0.029,0.0035,0.003,0.0005,1,0.0195,0.022,0.0005,10076.395541366666,31831.211828,3,0
0.0305,0.48,0.0245,0.349,0.022,0.009,0.0315,0.229,0.492,0.5285,0.0295,0.093,0.032,0.0045,4,0.028,0.0695,0.329,10071.499566016666,14720.037534,3,0
0.037,0.4735,0.041,0.35,0.0275,0.025,0.019,0.014,0.0075,0.008,0.008,0.0045,0.0025,0.0005,0,0.036,0.008,0.0005,10070.75265105,13337.293285,3,0
0.9,0.575,0.915,0.895,0.96,0.958,0.834,0.3635,0.1325,0.4535,0.7435,0.507,0.738,0.9705,8,0.895,0.6525,0.687,10076.523222316666,10595.511858,3,1
0.48,0.485,0.56,0.565,0.535,0.485,0.22,0.028,0.051,0.037,0.062,0.0295,0.0245,0.0025,16,0.5,0.09,0.0145,10076.394659649999,27559.648959,3,0
0.46,0.49,0.09,0.45,0.05,0.0575,0.076,0.0485,0.1495,0.33,0.239,0.307,0.116,0.203,2,0.49,0.071,0.405,10070.935770749998,7408.525161,3,0
0.46,0.49,0.095,0.045,0.06,0.075,0.06,0.05,0.018,0.0075,0.007,0.006,0.0065,0.0005,0,0.47,0.05,0.0025,10070.3587696,45083.667141,3,0
0.11,0.2,0.145,0.48,0.11,0.085,0.053,0.048,0.0275,0.021,0.0075,0.004,0.002,0.0005,0,0.21,0.042,0.0035,10076.919547966665,64209.223417,3,0
0.05,0.05,0.0255,0.0165,0.014,0.012,0.0085,0.0085,0.0085,0.0025,0.002,0.002,0.002,0.0005,0,0.05,0.0085,0.007,10076.953134266667,106377.153708,3,0
0.1,0.075,0.04,0.055,0.0365,0.038,0.0315,0.016,0.0115,0.011,0.0055,0.003,0.014,0.002,0,0.085,0.0225,0.0025,10071.433649766666,112922.88371,3,0
0.022,0.0195,0.0165,0.165,0.019,0.0115,0.0205,0.006,0.0075,0.008,0.0055,0.0025,0.0005,0.0005,0,0.02,0.0075,0.0005,10071.190386216667,9490.197483,3,0
0.275,0.285,0.22,0.185,0.145,0.14,0.185,0.165,0.12,0.115,0.0265,0.0035,0.016,0.002,0,0.29,0.19,0.016,10071.652169250001,13763.268625,3,0
0.9785,0.978,0.846,0.9395,0.891,0.905,0.928,0.9165,0.9145,0.945,0.7345,0.277,0.0445,0.957,2,0.976,0.9185,0.117,10076.61840225,117428.650825,3,1
0.64,0.585,0.26,0.41,0.25,0.275,0.275,0.22,0.14,0.155,0.033,0.016,0.0025,0.0155,3,0.625,0.26,0.0005,10076.805551366668,29569.526255,3,0
0.485,0.235,0.2,0.265,0.42,0.345,0.26,0.27,0.355,0.36,0.385,0.295,0.026,0.0005,0,0.22,0.245,0.056,10071.210902483332,34519.527376,3,0
0.495,0.026,0.014,0.009,0.0075,0.0075,0.007,0.0085,0.003,0.0025,0.003,0.003,0.001,0.0005,0,0.025,0.0125,0.001,10070.5881947,106294.278666,3,0
0.755,0.0315,0.023,0.0155,0.0225,0.0225,0.008,0.007,0.007,0.008,0.007,0.005,0.001,0.001,1,0.025,0.0075,0.001,10075.768625183333,7389.231276,3,0
0.76,0.948,0.9705,0.938,0.755,0.8935,0.7815,0.8415,0.854,0.866,0.873,0.8205,0.2645,0.039,1,0.9575,0.7285,0.1165,10076.042963283333,58043.598645,3,0
0.5,0.9705,0.976,0.961,0.97,0.9475,0.893,0.8435,0.8155,0.892,0.884,0.9395,0.9735,0.967,0,0.97,0.917,0.979,9656.500267283333,53669.97538,3,1
0.5,0.175,0.075,0.036,0.0175,0.012,0.0225,0.0235,0.0075,0.019,0.006,0.0055,0.0005,0.0005,1,0.23,0.0225,0.0005,9743.6492053,7648.836475,3,0
0.43,0.0195,0.0345,0.0375,0.033,0.1375,0.0835,0.0715,0.184,0.101,0.0965,0.049,0.0275,0.026,0,0.03,0.07,0.0115,9610.710655133333,34384.499377,3,0
0.495,0.24,0.095,0.105,0.09,0.0285,0.025,0.2725,0.0065,0.018,0.0185,0.004,0.0025,0.002,0,0.25,0.3015,0.002,9609.6630032,12114.826329,3,0
0.495,0.016,0.019,0.017,0.0185,0.024,0.017,0.4055,0.0175,0.0025,0.003,0.003,0.0005,0.0005,0,0.029,0.48,0.0005,9608.657949433335,8255.186969,3,0
0.275,0.245,0.255,0.45,0.305,0.22,0.185,0.135,0.068,0.4705,0.0205,0.028,0.006,0.002,0,0.26,0.215,0.005,10064.5678422,11649.687629,3,0
0.0215,0.023,0.0215,0.015,0.0055,0.0055,0.006,0.0075,0.0075,0.0075,0.006,0.0015,0.001,0.0005,0,0.022,0.0075,0.0005,10064.461048483332,4875.500591,3,0
0.9,0.92,0.93,0.91,0.79,0.635,0.61,0.52,0.315,0.28,0.16,0.2215,0.031,0.015,3,0.925,0.645,0.066,10065.271574383334,60070.733385,3,0
0.03,0.042,0.0345,0.033,0.019,0.019,0.0185,0.008,0.0065,0.0065,0.0065,0.0025,0.002,0.0005,0,0.0345,0.0085,0.0005,10065.242357833335,4335.61175,3,0
0.48,0.07,0.065,0.065,0.0345,0.0595,0.121,0.2305,0.267,0.3865,0.3805,0.207,0.4035,0.9585,3,0.07,0.213,0.514,10065.062731816666,33221.778176,3,1
0.5,0.08,0.075,0.085,0.07,0.045,0.012,0.0155,0.019,0.0125,0.007,0.006,0.0025,0.0015,1,0.085,0.006,0.0025,10064.963729483334,4347.976089,3,0
0.545,0.9715,0.9945,0.995,0.9795,0.976,0.9895,0.9775,0.991,0.978,0.9465,0.955,0.912,0.9905,0,0.9715,0.987,0.819,10068.409479466667,40754.318623,3,1
0.5,0.25,0.245,0.27,0.25,0.155,0.036,0.0245,0.021,0.0085,0.024,0.0235,0.0025,0.002,3,0.27,0.018,0.002,10068.362369550001,29406.186357,3,0
0.5,0.0155,0.444,0.0155,0.02,0.0125,0.0125,0.007,0.005,0.0035,0.0005,0.0005,0.001,0.001,1,0.5,0.0095,0.001,10065.95403915,10528.611978,3,0
0.5,0.2,0.46,0.14,0.12,0.11,0.38,0.012,0.013,0.0115,0.0055,0.0015,0.0005,0.0005,1,0.51,0.023,0.0005,10065.910414983335,5409.05316,3,0
0.5,0.0055,0.4465,0.0175,0.022,0.0215,0.024,0.022,0.015,0.0135,0.031,0.092,0.0895,0.0285,5,0.5,0.0215,0.072,10065.82071745,50416.84727,3,0
0.495,0.0175,0.017,0.004,0.003,0.003,0.003,0.003,0.003,0.0155,0.006,0.0055,0.015,0.2755,2,0.0165,0.003,0.027,10061.120781633334,12209.954318,3,0
0.495,0.245,0.265,0.27,0.295,0.315,0.335,0.3,0.12,0.045,0.0205,0.0195,0.008,0.006,0,0.24,0.285,0.008,10060.91063395,20359.415055,3,0
0.545,0.995,0.995,0.983,0.983,0.986,0.9835,0.98,0.9845,0.9865,0.9855,0.994,0.983,0.969,0,0.995,0.9845,0.9695,10066.075777733333,7852.210045,3,1
0.5,0.46,0.515,0.51,0.57,0.605,0.57,0.41,0.155,0.0485,0.012,0.007,0.004,0.0005,11,0.45,0.42,0.004,10066.0110603,4079.024452,3,0
0.47,0.006,0.006,0.006,0.0165,0.0185,0.006,0.022,0.006,0.004,0.003,0.0025,0.0005,0.0005,0,0.006,0.006,0.0005,10061.8493554,7584.59275,3,0
0.495,0.27,0.275,0.3,0.3,0.32,0.3,0.285,0.335,0.44,0.25,0.22,0.0555,0.003,0,0.265,0.33,0.0035,10067.009606616666,15902.052829,3,0
0.495,0.022,0.018,0.0225,0.0185,0.0185,0.0185,0.0065,0.008,0.0205,0.0165,0.0035,0.002,0.0005,0,0.0225,0.019,0.0005,10066.932902466668,76795.850444,3,0
0.5,0.915,0.805,0.9,0.945,0.93,0.96,0.97,0.971,0.955,0.7455,0.7545,0.918,0.014,3,0.925,0.9555,0.7385,10067.669602483333,14695.650701,3,0
0.5,0.032,0.0225,0.039,0.028,0.0255,0.026,0.0245,0.022,0.023,0.0065,0.0065,0.0025,0.0005,1,0.0365,0.0245,0.0025,10067.633506883334,6137.065856,3,0
0.038,0.043,0.0425,0.049,0.139,0.0585,0.0425,0.04,0.026,0.023,0.021,0.0205,0.21,0.0215,0,0.045,0.0335,0.132,10070.788280166666,17311.572073,3,0
0.1,0.08,0.085,0.065,0.03,0.035,0.034,0.026,0.036,0.0395,0.0125,0.0085,0.003,0.002,0,0.08,0.0455,0.003,10070.760926916668,6316.93757,3,0
0.98,0.9945,0.9945,0.9855,0.9885,0.9875,0.9945,0.9845,0.9845,0.9845,0.984,0.984,0.981,0.9955,0,0.9945,0.9845,0.985,10073.000913416667,23278.83849,3,1
0.35,0.285,0.27,0.215,0.08,0.15,0.205,0.165,0.205,0.215,0.09,0.029,0.004,0.002,0,0.285,0.215,0.0035,10072.948838583334,22266.34723,3,0
0.02,0.0155,0.0155,0.031,0.02,0.02,0.0205,0.016,0.018,0.018,0.002,0.002,0.0025,0.0005,0,0.005,0.02,0.0025,10069.03631915,5769.992749,3,0
0.255,0.275,0.305,0.31,0.31,0.295,0.185,0.295,0.355,0.335,0.4,0.46,0.285,0.0025,6,0.275,0.29,0.335,10069.006912783334,12954.391508,3,0
0.021,0.005,0.005,0.028,0.02,0.013,0.012,0.0075,0.0145,0.0085,0.0045,0.0045,0.002,0.0005,0,0.0055,0.017,0.002,10068.877323916668,7237.437444,3,0
0.8,0.795,0.835,0.815,0.83,0.775,0.59,0.79,0.86,0.82,0.905,0.963,0.966,0.5515,0,0.81,0.765,0.993,10069.5142454,70716.195423,3,1
0.0255,0.0235,0.0225,0.03,0.022,0.021,0.021,0.019,0.008,0.006,0.006,0.005,0.0015,0.0005,0,0.0255,0.0215,0.001,10069.430549716666,9985.949033,3,0
0.075,0.0365,0.0425,0.0545,0.0345,0.03,0.028,0.0305,0.0775,0.025,0.008,0.011,0.002,0.002,0,0.0365,0.031,0.002,10070.202063233333,10341.090861,3,0
0.055,0.12,0.095,0.08,0.06,0.06,0.055,0.05,0.0225,0.028,0.0235,0.007,0.0025,0.0005,0,0.125,0.045,0.0025,10070.178725450001,4081.56547,3,0
0.971,0.9785,0.978,0.572,0.988,0.994,0.9935,0.9935,0.9845,0.9855,0.9945,0.98,0.998,0.998,0,0.978,0.9935,0.998,10072.718507783335,6926.099698,3,1
0.075,0.17,0.125,0.1,0.07,0.06,0.0385,0.0365,0.0245,0.0275,0.0195,0.011,0.002,0.0025,0,0.17,0.0365,0.002,10072.688942316667,9871.01177,3,0
0.984,0.995,0.995,0.9945,0.9875,0.9835,0.985,0.98,0.9835,0.984,0.9845,0.995,0.9955,0.9995,0,0.9945,0.9805,0.9965,10070.248637499999,16056.464494,3,1
0.24,0.265,0.41,0.36,0.26,0.21,0.22,0.19,0.205,0.13,0.0675,0.085,0.0205,0.002,0,0.24,0.215,0.005,10070.212661533333,36473.311946,3,0
0.0175,0.0055,0.0155,0.0265,0.0145,0.011,0.011,0.0105,0.0065,0.0065,0.0065,0.0025,0.0015,0.0025,0,0.0065,0.0105,0.0005,10070.033957983334,74929.876962,3,0
0.25,0.265,0.29,0.31,0.32,0.335,0.375,0.395,0.4,0.385,0.35,0.455,0.61,0.28,4,0.25,0.38,0.495,10069.9633192,21286.147431,3,1
0.016,0.0065,0.0075,0.0075,0.017,0.0165,0.0185,0.0175,0.0185,0.016,0.0075,0.002,0.0005,0.0005,0,0.0065,0.018,0.0005,10069.933411683334,9087.045744,3,0
0.5,0.63,0.505,0.355,0.74,0.705,0.6,0.54,0.625,0.615,0.555,0.525,0.33,0.93,18,0.7,0.59,0.35,10068.896523366666,23591.491901,3,1
0.5,0.0195,0.0055,0.018,0.012,0.0105,0.0125,0.0125,0.0065,0.0055,0.006,0.003,0.002,0.0005,1,0.0215,0.0125,0.002,10068.79049725,24226.06,3,0
0.495,0.215,0.27,0.185,0.2,0.22,0.285,0.34,0.32,0.345,0.395,0.43,0.635,0.065,4,0.19,0.3,0.645,10068.475101983333,31335.67379,3,0
0.495,0.0245,0.0125,0.0215,0.0115,0.0155,0.02,0.02,0.0185,0.0175,0.005,0.005,0.0045,0.0025,0,0.0265,0.02,0.0045,10068.390532266667,17861.282195,3,0
0.5,0.0175,0.4765,0.0145,0.0175,0.021,0.023,0.023,0.019,0.011,0.001,0.001,0.001,0.001,1,0.03,0.023,0.001,10073.509523766666,14134.728979,3,0
0.5,0.5,0.5,0.565,0.42,0.56,0.59,0.63,0.5,0.815,0.84,0.9995,0.999,0.9995,4,0.5,0.615,0.9995,10073.4547688,13661.935887,3,1
0.5,0.019,0.0015,0.0095,0.0085,0.0185,0.0205,0.0215,0.005,0.004,0.0065,0.0065,0.0065,0.0065,1,0.03,0.021,0.005,10073.459034616668,15630.046945,3,0
0.5,0.88,0.9535,0.874,0.812,0.834,0.9515,0.9405,0.9365,0.9535,0.9835,0.9915,0.992,0.996,0,0.86,0.9395,0.995,10069.318447316668,41453.218835,3,1
0.5,0.025,0.0325,0.0345,0.022,0.021,0.0115,0.0115,0.01,0.006,0.006,0.001,0.001,0.0005,1,0.0255,0.011,0.001,10069.208287833335,7687.552685,3,0
0.0315,0.039,0.0395,0.0775,0.0525,0.125,0.179,0.142,0.0585,0.046,0.038,0.0335,0.003,0.0005,0,0.041,0.153,0.003,10067.736903100002,3592.880557,3,0
0.125,0.12,0.105,0.04,0.0605,0.0265,0.0215,0.0225,0.0175,0.021,0.02,0.017,0.003,0.0005,0,0.105,0.0235,0.003,10067.595597383333,4260.826,3,0
0.983,0.982,0.97,0.948,0.991,0.976,0.9545,0.9785,0.978,0.979,0.9815,0.994,0.999,0.9995,0,0.9815,0.972,0.999,10072.4211592,7569.359573,3,1
0.21,0.175,0.16,0.0505,0.073,0.0275,0.022,0.0225,0.022,0.0215,0.02,0.017,0.003,0.0005,0,0.16,0.0235,0.002,10072.373410816666,3567.162835,3,0
0.02,0.005,0.005,0.006,0.0045,0.004,0.0025,0.003,0.003,0.0055,0.002,0.0015,0.001,0.0005,0,0.005,0.0025,0.001,10069.390621866665,9278.30925,3,0
0.24,0.295,0.295,0.3,0.31,0.28,0.29,0.205,0.11,0.09,0.25,0.145,0.0295,0.003,0,0.285,0.26,0.007,10069.363881233332,38815.657066,3,0
0.021,0.021,0.021,0.0165,0.0075,0.0075,0.0055,0.0045,0.005,0.0025,0.0025,0.003,0.001,0.0005,0,0.021,0.0045,0.001,10069.318084333332,2758.159666,3,0
0.85,0.88,0.915,0.905,0.91,0.76,0.785,0.615,0.455,0.475,0.78,0.67,0.605,0.915,14,0.89,0.735,0.64,10070.314608916668,45559.734105,3,1
0.027,0.026,0.0275,0.035,0.036,0.0215,0.0065,0.0055,0.0055,0.006,0.0055,0.005,0.0015,0.001,0,0.0275,0.006,0.0015,10070.2920632,3565.676895,3,0
0.495,0.085,0.095,0.08,0.075,0.07,0.08,0.175,0.125,0.26,0.375,0.425,0.13,0.1035,2,0.08,0.205,0.12,10067.73525345,43338.210032,3,0
0.495,0.06,0.0415,0.046,0.0425,0.03,0.042,0.014,0.0055,0.0045,0.005,0.0005,0.0005,0.0005,0,0.065,0.0075,0.0005,10067.615365650001,12407.611877,3,0
0.5,0.9645,0.9675,0.9565,0.973,0.972,0.961,0.956,0.965,0.9365,0.908,0.9255,0.996,0.9985,0,0.965,0.937,0.99,10072.359698666667,27855.264947,3,1
0.505,0.08,0.045,0.055,0.055,0.037,0.0415,0.021,0.019,0.0195,0.0075,0.001,0.001,0.001,1,0.085,0.021,0.001,10072.325005583332,9150.968823,3,0
0.024,0.0285,0.031,0.04,0.023,0.0235,0.0225,0.0225,0.0285,0.0235,0.015,0.0305,0.015,0.0025,0,0.0265,0.0225,0.0035,10063.5444238,46316.758637,3,0
0.185,0.145,0.11,0.115,0.105,0.08,0.075,0.075,0.023,0.013,0.0085,0.0065,0.0005,0.001,0,0.165,0.075,0.0005,10063.4061667,7795.591893,3,0
0.9845,0.9835,0.983,0.971,0.9925,0.995,0.983,0.9805,0.986,0.991,0.9945,0.9835,0.997,0.9955,0,0.9835,0.982,0.996,10075.608634983333,24982.175409,3,1
0.335,0.235,0.17,0.195,0.15,0.115,0.115,0.105,0.026,0.021,0.0175,0.0035,0.001,0.0005,0,0.3,0.105,0.001,10075.579055516666,23905.122105,3,0
0.02,0.0155,0.0155,0.0265,0.0165,0.004,0.004,0.004,0.004,0.0025,0.0005,0.0005,0.0005,0.0005,0,0.02,0.004,0.0005,10075.583268499999,4274.515625,3,0
0.25,0.215,0.22,0.27,0.315,0.325,0.37,0.425,0.415,0.46,0.225,0.315,0.235,0.0045,4,0.185,0.385,0.13,10069.712458483333,20382.800214,3,0
0.023,0.027,0.0245,0.029,0.018,0.0155,0.018,0.018,0.018,0.0135,0.01,0.0015,0.0005,0.0005,0,0.0315,0.018,0.0005,10069.66992235,5922.8009,3,0
0.9,0.935,0.9575,0.9115,0.9035,0.923,0.949,0.9475,0.953,0.952,0.765,0.858,0.9255,0.822,0,0.95,0.949,0.8285,10070.345236016667,39762.670222,3,1
0.04,0.07,0.055,0.04,0.0225,0.022,0.005,0.005,0.005,0.005,0.0055,0.002,0.0005,0.0005,0,0.095,0.005,0.0005,10070.283599049999,7383.865444,3,0
0.95,0.9645,0.9835,0.9855,0.9855,0.986,0.973,0.9735,0.991,0.998,0.998,0.998,0.9875,0.9965,0,0.9495,0.973,0.996,10070.278914566667,12967.293239,3,1
0.07,0.075,0.135,0.17,0.125,0.075,0.0375,0.026,0.0045,0.0045,0.005,0.005,0.0015,0.0005,0,0.07,0.0275,0.0015,10070.274666366666,2658.969718,3,0
0.0235,0.0225,0.017,0.023,0.003,0.003,0.004,0.004,0.004,0.004,0.003,0.003,0.003,0.0005,0,0.0235,0.004,0.0035,10067.2615544,15761.82064,3,0
0.205,0.21,0.26,0.26,0.295,0.305,0.285,0.265,0.28,0.235,0.2,0.195,0.003,0.001,0,0.205,0.245,0.0035,10067.15242715,7090.763779,3,0
0.505,0.005,0.0025,0.005,0.003,0.0055,0.004,0.0025,0.002,0.0015,0.0015,0.0015,0.001,0.0005,1,0.029,0.0035,0.0005,10063.491899816667,15562.361393,3,0
0.505,0.14,0.12,0.25,0.26,0.225,0.11,0.0335,0.021,0.0165,0.028,0.0055,0.0025,0.002,1,0.18,0.08,0.002,10063.457733783334,19422.633226,3,0
0.505,0.0285,0.0275,0.0085,0.004,0.001,0.001,0.0095,0.0025,0.011,0.0035,0.001,0.0005,0.003,1,0.072,0.013,0.0005,10063.361662566665,21978.896516,3,0
0.475,0.022,0.0105,0.0155,0.0105,0.0105,0.0075,0.0025,0.015,0.015,0.0045,0.002,0.0005,0.0025,0,0.0345,0.0025,0.0025,10068.052907366666,5811.968902,3,0
0.475,0.21,0.22,0.22,0.285,0.31,0.34,0.345,0.31,0.27,0.195,0.16,0.0325,0.0035,0,0.2,0.315,0.0115,10068.0199452,31051.518863,3,0
0.5,0.9845,0.9845,0.9755,0.985,0.9845,0.996,0.9955,0.996,0.996,0.996,0.9995,0.9995,0.996,0,0.9745,0.995,0.996,10069.853047733333,6444.331876,3,1
0.515,0.42,0.405,0.385,0.595,0.64,0.625,0.555,0.415,0.315,0.215,0.18,0.055,0.004,13,0.49,0.5,0.012,10069.824587183333,47734.9585,3,0
0.515,0.015,0.015,0.0155,0.0105,0.0105,0.0055,0.0045,0.005,0.0025,0.0005,0.0005,0.0005,0.0005,1,0.0295,0.0035,0.0005,10069.68932805,4396.367,3,0
0.18,0.18,0.185,0.2,0.205,0.215,0.075,0.095,0.075,0.09,0.115,0.16,0.0055,0.003,0,0.14,0.07,0.003,10068.49189375,8778.812748,3,0
0.04,0.037,0.0345,0.0305,0.026,0.025,0.047,0.031,0.026,0.0165,0.015,0.015,0.0015,0.0005,0,0.0355,0.045,0.0015,10068.462088866665,30499.440889,3,0
0.87,0.875,0.87,0.855,0.875,0.895,0.974,0.977,0.985,0.9825,0.995,0.997,0.998,0.9995,0,0.875,0.9755,0.998,10069.154179583333,15876.66352,3,1
0.045,0.055,0.05,0.04,0.0275,0.026,0.0555,0.0355,0.032,0.0185,0.013,0.012,0.0005,0.0005,0,0.055,0.054,0.0005,10069.121578666667,7243.85833,3,0
0.09,0.095,0.09,0.08,0.095,0.09,0.085,0.075,0.01,0.017,0.0085,0.005,0.0015,0.003,0,0.075,0.065,0.005,10068.976268883333,10224.663709,3,0
0.08,0.08,0.08,0.075,0.055,0.05,0.0395,0.036,0.108,0.0495,0.0365,0.0255,0.0025,0.0015,0,0.075,0.0485,0.002,10068.944021866666,5015.417371,3,0
0.975,0.9815,0.9825,0.9685,0.9655,0.9665,0.9835,0.984,0.9845,0.9845,0.996,0.998,0.9995,0.9995,0,0.981,0.9715,0.9995,10069.653996433333,8365.141332,3,1
0.295,0.265,0.26,0.26,0.19,0.47,0.15,0.145,0.375,0.245,0.175,0.175,0.007,0.0035,0,0.27,0.155,0.0075,10069.546634733333,47717.230768,3,0
0.505,0.995,0.9855,0.986,0.9865,0.988,0.9885,0.9885,0.9895,0.9885,0.995,0.9985,0.9995,0.9995,0,0.995,0.989,0.9995,10059.2930725,5912.014125,3,1
0.505,0.59,0.455,0.495,0.47,0.49,0.4,0.32,0.345,0.35,0.785,0.575,0.54,0.415,23,0.52,0.45,0.51,10059.2222242,14666.08077,3,0
0.505,0.026,0.0205,0.4,0.02,0.027,0.022,0.0215,0.015,0.0045,0.0015,0.0015,0.0005,0.0005,1,0.0245,0.0155,0.0005,10059.2264774,10331.323833,3,0
0.495,0.21,0.255,0.235,0.275,0.27,0.3,0.31,0.355,0.385,0.185,0.35,0.43,0.585,5,0.21,0.285,0.53,10058.929252633334,13043.123125,3,1
0.495,0.0325,0.0235,0.4095,0.022,0.028,0.029,0.024,0.017,0.005,0.005,0.005,0.001,0.0005,0,0.029,0.021,0.0005,10058.781231916666,7686.556542,3,0
0.83,0.72,0.785,0.77,0.72,0.79,0.765,0.79,0.76,0.71,0.73,0.83,0.9955,0.9985,2,0.83,0.785,0.997,10069.759953133333,30263.838094,3,1
0.07,0.04,0.0375,0.04,0.023,0.0305,0.022,0.027,0.022,0.0175,0.006,0.0015,0.001,0.001,0,0.07,0.0275,0.001,10069.717694133335,15768.355336,3,0
0.105,0.145,0.135,0.14,0.165,0.13,0.16,0.145,0.175,0.23,0.22,0.15,0.0085,0.0035,0,0.095,0.14,0.003,10069.2267914,32752.790968,3,0
0.13,0.095,0.095,0.08,0.065,0.065,0.055,0.06,0.045,0.0365,0.02,0.0125,0.015,0.0035,0,0.145,0.06,0.008,10069.190135,15979.956395,3,0
0.495,0.041,0.031,0.1075,0.0535,0.057,0.043,0.048,0.031,0.033,0.035,0.031,0.007,0.003,0,0.4895,0.0445,0.004,10069.26152555,11412.078104,3,0
0.495,0.17,0.155,0.17,0.08,0.065,0.055,0.055,0.04,0.0535,0.0185,0.0155,0.0045,0.004,0,0.17,0.045,0.005,10069.222938983332,1871.235,3,0
0.505,0.96,0.9745,0.5515,0.973,0.9545,0.9755,0.98,0.993,0.9835,0.983,0.985,0.997,0.999,0,0.96,0.9755,0.997,10069.537601933333,16758.454274,3,1
0.505,0.44,0.28,0.49,0.14,0.105,0.065,0.415,0.0355,0.038,0.0255,0.016,0.0015,0.0015,1,0.44,0.045,0.0015,10069.512022183333,9861.991758,3,0
0.5,0.035,0.0125,0.0115,0.017,0.004,0.004,0.005,0.005,0.0015,0.0005,0.0005,0.0005,0.0005,1,0.035,0.005,0.0005,10069.454495033333,7880.953,3,0
0.17,0.065,0.145,0.11,0.18,0.25,0.26,0.29,0.375,0.36,0.41,0.42,0.45,0.71,3,0.07,0.23,0.715,10066.8010091,15469.191841,3,1
0.045,0.115,0.07,0.08,0.0245,0.0225,0.022,0.029,0.0145,0.0125,0.0055,0.002,0.0005,0.0005,0,0.125,0.0315,0.0005,10066.700513816668,4607.653,3,0
0.87,0.955,0.88,0.92,0.86,0.75,0.85,0.81,0.865,0.895,0.905,0.92,0.9805,0.9965,2,0.95,0.86,0.914,10071.943710666666,65360.984187,3,1
0.06,0.285,0.095,0.145,0.035,0.023,0.0225,0.0315,0.015,0.0055,0.0115,0.0035,0.0005,0.0005,0,0.275,0.475,0.002,10071.894876216666,10845.900001,3,0
0.505,0.09,0.25,0.075,0.075,0.017,0.009,0.0105,0.005,0.003,0.002,0.0025,0.0025,0.0025,1,0.055,0.0125,0.0025,10077.418699366668,14975.512878,3,0
0.505,0.125,0.12,0.19,0.09,0.22,0.455,0.275,0.33,0.21,0.17,0.115,0.0215,0.0025,3,0.47,0.265,0.004,10072.402513683333,193852.193307,3,0
0.495,0.009,0.005,0.005,0.0055,0.0055,0.0055,0.0015,0.0015,0.0015,0.0005,0.0005,0.0005,0.0005,0,0.0295,0.0055,0.0005,10071.253140783334,4133.17,3,0
0.495,0.075,0.0245,0.0325,0.0265,0.023,0.027,0.0525,0.016,0.0245,0.005,0.004,0.003,0.0025,0,0.05,0.0285,0.0025,10068.110460416667,12735.255062,3,0
0.495,0.095,0.2,0.21,0.185,0.205,0.11,0.058,0.0495,0.029,0.014,0.014,0.005,0.003,0,0.125,0.1,0.0025,10067.978402050001,17201.88808,3,0
0.505,0.978,0.9875,0.994,0.9935,0.987,0.9845,0.981,0.984,0.9845,0.9845,0.9845,0.996,0.996,0,0.9795,0.9835,0.9965,10077.986876949999,12911.485276,3,1
0.505,0.16,0.43,0.56,0.4,0.35,0.185,0.075,0.07,0.03,0.0155,0.0055,0.003,0.0015,3,0.215,0.16,0.0015,10077.969901483333,13362.897792,3,0
0.49,0.0355,0.023,0.029,0.0055,0.0055,0.0035,0.0035,0.003,0.003,0.003,0.003,0.0005,0.0005,0,0.035,0.0035,0.0005,10066.1035279,5283.7098,3,0
0.49,0.2,0.215,0.26,0.16,0.12,0.175,0.215,0.305,0.275,0.37,0.43,0.415,0.135,6,0.17,0.2,0.515,10066.071555933333,3352.202828,3,0
0.505,0.98,0.9875,0.98,0.9895,0.98,0.985,0.985,0.985,0.985,0.985,0.999,0.999,0.9985,0,0.9755,0.985,0.9985,10069.63351535,23423.091317,3,1
0.5,0.67,0.695,0.81,0.94,0.9555,0.957,0.9485,0.895,0.7555,0.8805,0.925,0.9905,0.9985,0,0.58,0.959,0.997,10067.654163700001,30476.442605,3,1
0.495,0.0395,0.02,0.0435,0.17,0.2155,0.118,0.0675,0.0275,0.017,0.0035,0.0035,0.003,0.0005,0,0.0345,0.084,0.0025,10067.618282450001,39702.6419,3,0
0.495,0.16,0.165,0.09,0.075,0.0435,0.0225,0.0305,0.0205,0.019,0.01,0.0265,0.0025,0.003,0,0.14,0.021,0.0025,10069.41272555,18972.397632,3,0
0.495,0.04,0.04,0.055,0.065,0.095,0.2,0.24,0.235,0.22,0.105,0.023,0.022,0.003,0,0.045,0.215,0.022,10069.371317833335,13339.344332,3,0
0.5,0.925,0.92,0.955,0.9665,0.9635,0.985,0.976,0.995,0.984,0.9965,0.9965,0.995,0.9815,0,0.94,0.9855,0.9975,10069.718648749998,22395.763683,3,1
0.495,0.06,0.065,0.11,0.105,0.155,0.565,0.64,0.505,0.34,0.125,0.035,0.02,0.003,4,0.08,0.68,0.007,10069.722917800002,49731.862595,3,0
0.04,0.033,0.006,0.027,0.026,0.025,0.015,0.0225,0.0015,0.002,0.0015,0.002,0.0005,0.0005,0,0.0345,0.0075,0.0005,10067.96497415,2234.832,3,0
0.105,0.13,0.235,0.25,0.26,0.28,0.3,0.265,0.04,0.036,0.0485,0.048,0.1015,0.0565,2,0.125,0.27,0.346,10067.942341716667,22570.887955,3,0
0.973,0.9835,0.995,0.995,0.9945,0.9945,0.9945,0.995,0.9945,0.9945,0.9965,0.9965,0.999,0.9995,0,0.976,0.994,0.9985,10068.478096016666,9654.215045,3,1
0.18,0.205,0.465,0.48,0.52,0.73,0.745,0.88,0.9915,0.9785,0.9825,0.9895,0.9785,0.9965,5,0.2,0.85,0.9765,10068.446153533332,44490.745976,3,1
0.9755,0.9935,0.9925,0.993,0.9955,0.9955,0.987,0.995,0.994,0.993,0.9965,0.9995,0.9995,0.9995,0,0.9935,0.989,0.9995,10072.138342583332,18328.01,3,1
0.58,0.63,0.71,0.72,0.92,0.956,0.9575,0.976,0.978,0.9765,0.983,0.984,0.9995,0.9995,0,0.61,0.973,0.9995,10072.161748699998,4166.627757,3,1
0.0215,0.0195,0.017,0.019,0.0255,0.029,0.027,0.0645,0.054,0.076,0.7155,0.752,0.3605,0.0025,4,0.02,0.043,0.3465,10072.1129143,20985.643279,3,0
0.25,0.22,0.19,0.18,0.07,0.044,0.0395,0.0235,0.0215,0.0235,0.0025,0.0025,0.0005,0.003,0,0.24,0.0265,0.0005,10069.208194216666,14388.289329,3,0
0.029,0.027,0.024,0.024,0.0525,0.0605,0.0555,0.131,0.136,0.2005,0.21,0.197,0.522,0.4025,2,0.027,0.106,0.588,10069.128147550002,23151.143697,3,1
0.89,0.895,0.84,0.875,0.925,0.95,0.9855,0.986,0.987,0.9795,0.9875,0.999,0.999,0.999,0,0.9,0.9895,0.999,10070.143658433333,8291.427691,3,1
0.04,0.0335,0.021,0.022,0.022,0.022,0.0685,0.0545,0.051,0.208,0.32,0.148,0.977,0.9985,1,0.035,0.0995,0.9845,10070.221004983332,32175.378827,3,1
0.04,0.035,0.0375,0.03,0.0245,0.0215,0.0055,0.016,0.0205,0.0205,0.005,0.0025,0.002,0.0005,0,0.0345,0.0065,0.002,10069.442265599999,6803.292776,3,0
0.125,0.12,0.08,0.085,0.11,0.13,0.315,0.315,0.345,0.33,0.23,0.35,0.0025,0.002,0,0.13,0.335,0.0025,10069.309764033333,18901.826587,3,0
0.027,0.026,0.02,0.4645,0.0105,0.0125,0.0075,0.007,0.007,0.007,0.0055,0.0055,0.0005,0.0005,0,0.027,0.009,0.0005,10069.830167533333,4590.45365,3,0
0.21,0.22,0.245,0.5,0.175,0.22,0.275,0.33,0.38,0.42,0.29,0.09,0.021,0.004,10,0.2,0.275,0.02,10069.804728383335,11360.142677,3,0
0.975,0.9845,0.986,0.588,0.9865,0.9935,0.994,0.9925,0.985,0.9805,0.9805,0.999,0.9995,0.9995,0,0.9805,0.993,0.9995,10078.6117804,7160.986,3,1
0.395,0.385,0.415,0.5,0.265,0.32,0.39,0.49,0.91,0.89,0.955,0.9745,0.9945,0.9995,7,0.35,0.41,0.9985,10078.556648316668,16988.669281,3,1
0.025,0.019,0.0155,0.463,0.0085,0.0085,0.003,0.003,0.003,0.0025,0.0025,0.0025,0.001,0.001,0,0.019,0.003,0.001,10078.517683783333,8125.3617,3,0
0.5,0.026,0.025,0.0235,0.026,0.021,0.02,0.0155,0.007,0.0205,0.0115,0.017,0.07,0.031,1,0.04,0.016,0.005,10074.075275716667,58486.768514,3,0
0.5,0.05,0.05,0.0365,0.0335,0.0345,0.027,0.011,0.0065,0.003,0.003,0.0035,0.0025,0.001,1,0.075,0.021,0.001,10074.029833466666,16478.266862,3,0
0.955,0.985,0.984,0.774,0.9845,0.9845,0.9925,0.9925,0.9955,0.9955,0.999,0.999,0.999,0.9995,0,0.96,0.9925,0.9995,10069.64160695,3337.043,3,1
0.5,0.49,0.355,0.49,0.38,0.385,0.26,0.295,0.395,0.49,0.9425,0.9565,0.971,0.9995,10,0.5,0.21,0.997,10069.564457016668,7954.719708,3,1
0.045,0.0255,0.02,0.2295,0.009,0.007,0.0055,0.005,0.003,0.0025,0.0025,0.0015,0.001,0.001,0,0.045,0.0055,0.001,10069.53434215,37727.100949,3,0
0.495,0.17,0.235,0.55,0.22,0.22,0.275,0.22,0.145,0.065,0.036,0.0055,0.002,0.0005,4,0.495,0.28,0.002,10069.080248333334,6900.8671,3,0
0.495,0.04,0.0295,0.231,0.0225,0.022,0.0105,0.013,0.0065,0.0065,0.004,0.0075,0.0315,0.038,0,0.495,0.012,0.0315,10068.99965985,6572.495,3,0
0.955,0.9665,0.9715,0.52,0.974,0.5195,0.9895,0.983,0.9865,0.994,0.995,0.9955,0.999,0.9995,0,0.9645,0.9825,0.9995,10070.487852633332,10468.1602,3,1
0.05,0.06,0.045,0.48,0.0305,0.4805,0.0245,0.0225,0.018,0.012,0.0025,0.0095,0.0595,0.0035,0,0.06,0.023,0.0035,10070.420636383333,25697.678808,3,0
0.04,0.033,0.0285,0.48,0.026,0.4805,0.011,0.011,0.0165,0.0055,0.003,0.003,0.001,0.0005,0,0.034,0.015,0.001,10069.902425083334,7693.428725,3,0
0.1,0.13,0.105,0.48,0.105,0.48,0.06,0.06,0.017,0.032,0.035,0.043,0.7155,0.7595,11,0.12,0.075,0.4085,10069.872517183334,9802.563633,3,1
0.5,0.026,0.0255,0.007,0.007,0.007,0.007,0.007,0.0075,0.0065,0.0035,0.0015,0.0005,0.0005,1,0.0185,0.007,0.0005,10070.21291285,5457.476375,3,0
0.5,0.21,0.22,0.515,0.23,0.52,0.235,0.52,0.315,0.315,0.15,0.19,0.285,0.875,18,0.205,0.255,0.53,10070.170435466665,6682.085802,3,1
0.9645,0.982,0.982,0.962,0.985,0.9605,0.99,0.9645,0.993,0.984,0.995,0.9995,0.9995,0.9995,0,0.982,0.985,0.9995,10078.4274746,2962.6232,3,1
0.5,0.625,0.65,0.515,0.685,0.515,0.685,0.755,0.84,0.865,0.76,0.885,0.9655,0.9975,2,0.62,0.725,0.9775,10078.395276466666,29424.666381,3,1
0.045,0.0255,0.0175,0.48,0.0195,0.4795,0.0105,0.4765,0.0145,0.017,0.007,0.001,0.001,0.0005,0,0.0255,0.0155,0.0005,10070.39234985,15225.091,3,0
0.5,0.685,0.635,0.5,0.67,0.5,0.74,0.5,0.71,0.86,0.905,0.94,0.895,0.9985,4,0.585,0.86,0.959,10070.317771266667,21437.551673,3,1
0.45,0.02,0.0155,0.0195,0.0195,0.0195,0.0125,0.016,0.013,0.016,0.015,0.0025,0.0015,0.0005,0,0.0205,0.0155,0.0005,10070.228753333333,3361.3841,3,0
0.45,0.11,0.115,0.52,0.1,0.05,0.05,0.4805,0.036,0.48,0.0065,0.003,0.003,0.0005,8,0.125,0.03,0.003,10069.744300866667,9035.514479,3,0
0.45,0.0375,0.029,0.0255,0.0255,0.0355,0.0245,0.4795,0.0185,0.4795,0.0125,0.013,0.002,0.0005,0,0.0335,0.0295,0.002,10069.6987207,5604.411,3,0
0.045,0.031,0.0285,0.0395,0.0245,0.034,0.0205,0.0195,0.017,0.0065,0.012,0.014,0.0005,0.0005,0,0.045,0.012,0.0005,10070.3656952,7647.44,3,0
0.115,0.135,0.125,0.105,0.085,0.07,0.085,0.085,0.07,0.065,0.029,0.0265,0.015,0.0035,0,0.12,0.09,0.0045,10070.309149350001,8372.776723,3,0
0.9765,0.9775,0.984,0.9875,0.9845,0.9835,0.986,0.985,0.9885,0.9795,0.985,0.985,0.999,0.9995,0,0.977,0.9845,0.999,10070.635040666668,3212.0416,3,1
0.17,0.21,0.18,0.17,0.115,0.48,0.1,0.095,0.08,0.07,0.022,0.0245,0.0105,0.0035,0,0.19,0.115,0.0105,10070.576495883333,15380.064205,3,0
0.0165,0.0165,0.019,0.475,0.006,0.005,0.005,0.0205,0.0065,0.021,0.009,0.0015,0.001,0.0005,0,0.018,0.0195,0.0005,10045.549379483333,3051.348499,3,0
0.245,0.27,0.295,0.29,0.31,0.345,0.405,0.42,0.44,0.475,0.5,0.565,0.755,0.975,3,0.265,0.48,0.81,10045.48534455,18671.160445,3,1
0.0195,0.021,0.0185,0.02,0.017,0.016,0.0085,0.0075,0.008,0.004,0.0025,0.0015,0.001,0.0005,0,0.0215,0.0075,0.0015,10045.392800116668,3033.307,3,0
0.67,0.635,0.67,0.72,0.72,0.74,0.69,0.72,0.82,0.82,0.885,0.845,0.89,0.9925,0,0.68,0.71,0.935,10057.838621583332,21692.724902,3,1
0.02,0.0225,0.0225,0.027,0.0105,0.0105,0.016,0.023,0.0175,0.022,0.0035,0.0015,0.001,0.0005,0,0.0235,0.0215,0.0015,10057.752406349999,46542.555032,3,0
0.15,0.18,0.175,0.2,0.2,0.205,0.23,0.18,0.225,0.2,0.115,0.105,0.024,0.0045,0,0.16,0.2,0.006,10070.4009408,12402.462961,3,0
0.045,0.036,0.0255,0.024,0.0215,0.0175,0.021,0.017,0.018,0.0225,0.0025,0.0025,0.002,0.001,0,0.04,0.021,0.0015,10070.296418816666,30890.216,3,0
0.971,0.963,0.9665,0.9425,0.97,0.9735,0.9735,0.9795,0.984,0.5235,0.9775,0.978,0.995,0.999,0,0.9665,0.9765,0.999,10076.737872283333,7044.30911,3,1
0.15,0.095,0.09,0.07,0.055,0.045,0.025,0.028,0.02,0.03,0.028,0.0035,0.002,0.002,0,0.125,0.0275,0.0015,10076.746337983333,22461.1174,3,0
0.5,0.018,0.017,0.0135,0.0065,0.0065,0.007,0.003,0.003,0.0015,0.0015,0.0015,0.0015,0.001,1,0.0175,0.007,0.0015,10067.840716166666,4878.2789,3,0
0.5,0.64,0.445,0.4,0.27,0.255,0.185,0.135,0.135,0.023,0.033,0.0245,0.0235,0.0035,3,0.68,0.205,0.005,10067.214862716668,55670.558796,3,0
0.5,0.0175,0.0145,0.0185,0.0165,0.0085,0.017,0.0065,0.0055,0.0015,0.0015,0.0015,0.0015,0.001,1,0.0165,0.008,0.0015,10067.195131583334,7246.558765,3,0
0.5,0.97,0.971,0.9505,0.974,0.973,0.977,0.993,0.994,0.9935,0.996,0.985,0.999,0.999,0,0.9715,0.9885,0.999,10070.631440616668,3009.2759,3,1
0.5,0.14,0.12,0.095,0.065,0.045,0.032,0.0255,0.0205,0.036,0.0065,0.006,0.001,0.001,3,0.14,0.031,0.001,10070.581342416666,5021.64,3,0
0.5,0.0295,0.0285,0.0355,0.0235,0.0175,0.0135,0.013,0.015,0.0235,0.006,0.015,0.0005,0.0005,1,0.028,0.0125,0.0005,10070.153647583333,9139.616112,3,0
0.5,0.17,0.16,0.13,0.125,0.095,0.095,0.085,0.0265,0.0405,0.0215,0.021,0.0545,0.0025,3,0.165,0.095,0.0165,10070.088915850001,15704.381522,3,0
0.5,0.0205,0.0045,0.0045,0.0045,0.0045,0.004,0.0045,0.0045,0.005,0.0025,0.0025,0.0015,0.0005,1,0.02,0.004,0.001,10069.5310513,7023.831909,3,0
0.5,0.23,0.24,0.3,0.27,0.265,0.3,0.275,0.265,0.265,0.155,0.315,0.0325,0.002,1,0.23,0.26,0.04,10069.463746733332,5569.064099,3,0
0.5,0.0105,0.0105,0.012,0.027,0.0205,0.0075,0.009,0.0105,0.0045,0.0045,0.0045,0.0005,0.0005,1,0.014,0.0095,0.0005,10069.40012715,25765.2937,3,0
0.5,0.765,0.77,0.49,0.78,0.755,0.78,0.76,0.775,0.79,0.7,0.915,0.945,0.996,4,0.78,0.72,0.965,10069.8034438,16631.796466,3,1
0.5,0.02,0.028,0.0175,0.0335,0.0185,0.019,0.0165,0.011,0.0165,0.0105,0.009,0.0005,0.0005,1,0.022,0.0205,0.0005,10069.772378433332,2742.871366,3,0
0.5,0.5,0.075,0.06,0.075,0.05,0.055,0.05,0.0315,0.0285,0.023,0.019,0.004,0.0035,3,0.5,0.045,0.004,10063.6944795,9333.550468,3,0
0.5,0.5,0.09,0.225,0.09,0.23,0.06,0.045,0.0255,0.03,0.009,0.005,0.0025,0.0005,1,0.5,0.05,0.001,10063.6650704,11987.61915,3,0
0.5,0.505,0.972,0.555,0.974,0.976,0.977,0.9775,0.979,0.969,0.983,0.983,0.9945,0.999,2,0.52,0.977,0.9985,10068.205328450002,8612.381529,3,1
0.5,0.5,0.14,0.515,0.105,0.11,0.075,0.065,0.029,0.4845,0.0085,0.005,0.0015,0.0005,9,0.5,0.065,0.0015,10068.17441905,11913.13995,3,0
0.05,0.06,0.0235,0.019,0.0155,0.014,0.007,0.006,0.005,0.005,0.005,0.0035,0.0025,0.001,0,0.095,0.007,0.0025,10070.024564583333,16383.672621,3,0
0.12,0.115,0.17,0.505,0.18,0.2,0.165,0.16,0.125,0.105,0.022,0.019,0.0025,0.0015,2,0.08,0.16,0.0035,10069.956514883332,20517.148633,3,0
0.984,0.9835,0.984,0.5205,0.9885,0.9875,0.993,0.9885,0.9885,0.9875,0.9985,0.9985,0.9995,0.9995,0,0.983,0.9935,0.9995,10070.544199533333,10470.34,3,1
0.41,0.365,0.515,0.515,0.57,0.66,0.555,0.585,0.515,0.52,0.335,0.315,0.21,0.056,10,0.235,0.575,0.21,10070.539964433332,10776.088785,3,0
0.01,0.008,0.0085,0.0105,0.011,0.0195,0.012,0.0065,0.014,0.009,0.0005,0.0005,0.0005,0.0005,0,0.008,0.0065,0.0005,10070.497004183333,4561.23125,3,0
0.19,0.23,0.245,0.2,0.15,0.095,0.11,0.095,0.11,0.07,0.1,0.115,0.095,0.0095,4,0.21,0.115,0.09,10070.97409935,13073.858345,3,0
0.04,0.0245,0.023,0.0275,0.0285,0.0335,0.0295,0.029,0.015,0.014,0.0085,0.001,0.001,0.001,0,0.028,0.0275,0.001,10070.965636949999,9527.8358,3,0
0.85,0.795,0.76,0.485,0.94,0.968,0.976,0.978,0.9765,0.9745,0.977,0.9795,0.994,0.9975,2,0.83,0.973,0.9965,10071.164234883332,6632.49385,3,1
0.045,0.0285,0.025,0.016,0.033,0.069,0.0335,0.022,0.026,0.0145,0.007,0.0015,0.0015,0.0005,0,0.04,0.03,0.0015,10071.12594035,8099.68065,3,0
0.07,0.065,0.11,0.135,0.145,0.075,0.045,0.025,0.025,0.019,0.0115,0.005,0.0025,0.001,4,0.065,0.04,0.0025,10055.4028089,15795.232579,3,0
0.09,0.1,0.07,0.05,0.0255,0.0445,0.0505,0.066,0.059,0.0475,0.028,0.02,0.0065,0.001,0,0.105,0.0475,0.0015,10055.375419383334,20562.04645,3,0
0.986,0.9945,0.9945,0.986,0.9855,0.986,0.9815,0.981,0.9925,0.9815,0.961,0.987,0.9995,0.999,0,0.993,0.9815,0.9995,10065.4379637,12277.766746,3,1
0.305,0.315,0.22,0.515,0.095,0.175,0.22,0.29,0.26,0.23,0.205,0.195,0.035,0.019,8,0.315,0.2,0.0245,10065.316201766665,65653.741324,3,0
0.021,0.0215,0.008,0.0105,0.0035,0.0085,0.0075,0.007,0.004,0.004,0.004,0.0015,0.0015,0.0005,0,0.022,0.0075,0.001,10070.773027316667,17569.637616,3,0
0.21,0.225,0.25,0.255,0.215,0.23,0.175,0.25,0.395,0.445,0.45,0.4,0.545,0.95,9,0.21,0.215,0.65,10070.732562583335,17866.916636,3,1
0.0195,0.018,0.01,0.01,0.0235,0.009,0.0095,0.0095,0.0085,0.0035,0.004,0.0015,0.001,0.0005,0,0.0185,0.0095,0.001,10070.707423549999,20669.926671,3,0
0.7,0.715,0.8,0.81,0.73,0.715,0.565,0.73,0.895,0.955,0.945,0.914,0.975,0.997,2,0.67,0.64,0.9825,10071.070208266667,29645.959212,3,1
0.0275,0.024,0.0155,0.015,0.0295,0.0105,0.0075,0.0075,0.0075,0.0145,0.0025,0.0025,0.0005,0.0005,0,0.035,0.0075,0.0005,10071.043724516667,7189.14,3,0
0.07,0.09,0.065,0.045,0.05,0.073,0.0755,0.1255,0.043,0.012,0.009,0.005,0.003,0.001,0,0.075,0.0285,0.001,8734.73724635,10110.248592,3,0
0.05,0.0295,0.0285,0.021,0.0185,0.0305,0.021,0.004,0.004,0.0035,0.003,0.003,0.0015,0.001,0,0.0325,0.0205,0.0015,8734.685569233334,5302.087166,3,0
0.9815,0.977,0.974,0.9725,0.969,0.9855,0.9775,0.984,0.98,0.9845,0.999,0.98,0.9985,0.9995,0,0.981,0.9845,0.9985,8742.951049266667,20984.325953,3,1
0.78,0.68,0.77,0.825,0.805,0.52,0.735,0.565,0.765,0.895,0.9655,0.967,0.994,0.997,2,0.725,0.865,0.996,8734.997553866668,21086.8351,3,1
0.5,0.575,0.655,0.505,0.445,0.4,0.415,0.44,0.655,0.595,0.76,0.35,0.995,0.9995,6,0.565,0.445,0.9985,9482.915016666666,16151.541018,3,1
0.5,0.185,0.315,0.25,0.22,0.08,0.165,0.0295,0.0325,0.019,0.0245,0.0195,0.016,0.001,1,0.235,0.0205,0.0035,9482.84234245,26567.390819,3,0
0.5,0.021,0.021,0.0235,0.013,0.0085,0.0105,0.015,0.008,0.0065,0.0115,0.0015,0.001,0.001,1,0.0215,0.0105,0.0015,9482.769416666668,15537.69158,3,0
0.5,0.15,0.17,0.15,0.255,0.275,0.25,0.28,0.61,0.365,0.31,0.525,0.515,0.07,11,0.14,0.265,0.325,10070.952685583332,4288.533464,3,0
0.5,0.05,0.0385,0.042,0.0245,0.02,0.0125,0.011,0.2445,0.0075,0.0075,0.0065,0.0005,0.0005,1,0.05,0.0125,0.0005,10070.934725816665,11136.281111,3,0
0.5,0.96,0.955,0.9715,0.8885,0.9015,0.9635,0.9655,0.52,0.9625,0.826,0.984,0.9925,0.9975,0,0.95,0.962,0.9965,10071.13397835,17283.785,3,1
0.5,0.155,0.115,0.12,0.04,0.0205,0.021,0.02,0.02,0.012,0.012,0.0075,0.0005,0.0005,1,0.165,0.02,0.0005,10071.15931435,4168.963283,3,0
0.04,0.0145,0.009,0.0095,0.0095,0.012,0.017,0.0135,0.012,0.012,0.0145,0.009,0.0065,0.001,0,0.018,0.019,0.0035,10070.837265083333,8710.000499,3,0
0.2,0.23,0.23,0.23,0.225,0.255,0.15,0.145,0.175,0.145,0.04,0.1185,0.01,0.015,0,0.225,0.115,0.004,10070.817300083332,14651.657446,3,0
0.96,0.993,0.9925,0.9925,0.9935,0.988,0.977,0.9705,0.9865,0.987,0.9855,0.9925,0.99,0.999,0,0.984,0.9705,0.9985,10078.68327585,19010.167144,3,1
0.5,0.565,0.54,0.56,0.465,0.49,0.215,0.25,0.255,0.195,0.08,0.165,0.007,0.006,9,0.52,0.165,0.0255,10078.649206766666,22960.183954,3,0
0.03,0.0215,0.026,0.0315,0.025,0.0275,0.0155,0.0155,0.0095,0.0025,0.0025,0.0005,0.0005,0.001,0,0.021,0.0155,0.0005,10078.630521149998,20903.75763,3,0
0.715,0.79,0.74,0.82,0.785,0.78,0.74,0.755,0.43,0.63,0.6,0.79,0.275,0.9,8,0.785,0.775,0.095,10027.558136516665,66519.446476,3,1
0.04,0.0235,0.016,0.0245,0.019,0.019,0.014,0.0135,0.012,0.0075,0.001,0.0005,0.0005,0.0005,0,0.04,0.024,0.0005,10027.537037733333,6138.21308,3,0
0.1,0.05,0.065,0.06,0.06,0.06,0.065,0.055,0.175,0.09,0.065,0.035,0.1325,0.0185,2,0.065,0.055,0.163,10027.359735083333,7885.87888,3,0
0.105,0.13,0.07,0.085,0.085,0.07,0.05,0.045,0.021,0.0145,0.009,0.0075,0.0005,0.001,0,0.125,0.065,0.0005,10027.368163266667,5393.576862,3,0
0.07,0.085,0.07,0.07,0.05,0.045,0.0315,0.03,0.0625,0.0385,0.1725,0.074,0.023,0.003,0,0.08,0.037,0.023,10071.263749566666,12635.809139,3,0
0.032,0.0235,0.0235,0.48,0.0235,0.0225,0.0225,0.0225,0.0225,0.0085,0.0065,0.0005,0.0005,0.0005,0,0.024,0.022,0.0005,10071.195119533333,14442.189833,3,0
0.96,0.964,0.9675,0.9645,0.9725,0.976,0.9865,0.983,0.986,0.9875,0.9645,0.981,0.9935,0.997,0,0.9575,0.9865,0.9965,10071.468895033333,12921.75212,3,1
0.235,0.15,0.155,0.19,0.08,0.13,0.095,0.085,0.04,0.0385,0.0075,0.016,0.0005,0.001,0,0.155,0.095,0.0015,10071.460464566666,142859.178,3,0
0.39,0.265,0.225,0.51,0.135,0.135,0.09,0.09,0.065,0.055,0.02,0.014,0.001,0.001,6,0.5,0.105,0.001,10071.46713745,107205.878325,3,0
0.88,0.835,0.835,0.505,0.8,0.82,0.82,0.875,0.865,0.85,0.865,0.82,0.3,0.97,4,0.5,0.865,0.305,10071.471376633333,24496.561091,3,1
0.0245,0.0215,0.021,0.0125,0.0095,0.017,0.022,0.009,0.009,0.003,0.003,0.0015,0.0005,0.0005,0,0.478,0.021,0.0005,10071.4247739,16150.492075,3,0
0.195,0.215,0.215,0.23,0.265,0.3,0.3,0.345,0.38,0.445,0.64,0.595,0.68,0.415,2,0.21,0.31,0.74,8654.0575572,25731.099597,3,0
0.032,0.032,0.0235,0.0305,0.0225,0.0225,0.023,0.022,0.009,0.009,0.0015,0.0005,0.0005,0.0005,0,0.046,0.023,0.0005,8654.092236783334,7294.057453,3,0
0.17,0.175,0.13,0.15,0.2,0.25,0.245,0.245,0.335,0.29,0.3,0.395,0.475,0.91,9,0.165,0.25,0.5,10094.363913766667,15981.929529,3,1
0.08,0.075,0.115,0.085,0.05,0.0235,0.0235,0.0215,0.0185,0.0225,0.0085,0.0025,0.0025,0.001,0,0.08,0.0265,0.001,10094.333997799999,27688.293727,3,0
0.5,0.945,0.9885,0.9595,0.985,0.9835,0.977,0.985,0.9775,0.9775,0.9915,0.9785,0.982,0.999,0,0.945,0.9855,0.9795,10112.90840645,10048.449383,3,1
0.5,0.77,0.89,0.86,0.86,0.785,0.855,0.865,0.91,0.93,0.945,0.935,0.9465,0.939,0,0.795,0.845,0.959,10112.886606283333,30257.564828,3,1
0.5,0.445,0.18,0.275,0.295,0.395,0.475,0.255,0.435,0.08,0.0555,0.0515,0.055,0.054,3,0.415,0.265,0.0475,9396.889638266666,58433.052461,3,0
0.5,0.014,0.021,0.0145,0.0135,0.01,0.0025,0.0025,0.0025,0.0025,0.001,0.001,0.0015,0.0005,1,0.0275,0.02,0.0015,9396.89949755,9237.982435,3,0
0.5,0.08,0.0255,0.0275,0.0325,0.028,0.0285,0.0255,0.02,0.021,0.003,0.0005,0.0015,0.001,1,0.07,0.0305,0.0015,9396.881212166665,23822.044935,3,0
0.09,0.085,0.075,0.445,0.055,0.055,0.0375,0.0345,0.029,0.031,0.0215,0.02,0.0015,0.001,0,0.085,0.025,0.0005,10069.788439383332,5310.465,3,0
0.1,0.105,0.125,0.45,0.135,0.115,0.155,0.125,0.09,0.0335,0.036,0.0175,0.008,0.0045,0,0.1,0.14,0.007,10069.737006916666,3692.07659,3,0
0.955,0.9845,0.982,0.971,0.977,0.9745,0.9875,0.988,0.988,0.988,0.988,0.9915,0.984,0.9995,0,0.97,0.988,0.9955,10072.196214233332,7574.545862,3,1
0.365,0.385,0.455,0.475,0.465,0.42,0.52,0.42,0.31,0.2,0.205,0.19,0.019,0.0025,8,0.37,0.475,0.028,10072.165769516667,13609.714392,3,0
0.976,0.981,0.9805,0.9745,0.9765,0.977,0.988,0.9795,0.992,0.9815,0.992,0.9925,0.999,0.9995,0,0.9805,0.988,0.9995,10070.689956233335,13341.049248,3,1
0.545,0.545,0.525,0.32,0.645,0.685,0.675,0.62,0.775,0.7,0.555,0.55,0.775,0.16,9,0.535,0.63,0.75,10070.65501175,128109.393228,3,0
0.05,0.034,0.0295,0.48,0.0375,0.0375,0.03,0.0265,0.0255,0.008,0.007,0.001,0.001,0.0005,0,0.033,0.027,0.0005,10070.607989316666,10188.818818,3,0
0.175,0.185,0.185,0.45,0.17,0.165,0.175,0.195,0.15,0.2,0.315,0.36,0.22,0.84,1,0.185,0.195,0.185,10070.291278749999,26300.351344,3,1
0.05,0.045,0.037,0.45,0.044,0.044,0.038,0.0295,0.034,0.025,0.0225,0.0225,0.001,0.0005,0,0.04,0.025,0.001,10070.308146883333,14370.183,3,0
0.495,0.815,0.755,0.77,0.765,0.77,0.77,0.895,0.885,0.9,0.935,0.9415,0.9595,0.9775,1,0.835,0.855,0.985,10070.260178933333,11782.378034,3,1
0.5,0.09,0.06,0.06,0.041,0.037,0.034,0.0505,0.033,0.023,0.0305,0.025,0.001,0.001,1,0.105,0.045,0.001,10070.239250033334,7751.559,3,0
0.5,0.1,0.13,0.12,0.15,0.135,0.135,0.075,0.085,0.075,0.04,0.0425,0.042,0.0235,1,0.09,0.095,0.06,10070.04090905,1757.925099,3,0
0.5,0.09,0.075,0.07,0.065,0.065,0.06,0.07,0.06,0.06,0.0355,0.016,0.003,0.001,1,0.095,0.06,0.001,10070.036697783333,5431.8475,3,0
0.05,0.027,0.032,0.03,0.0605,0.0565,0.0545,0.058,0.049,0.0305,0.0215,0.0045,0.001,0.001,0,0.034,0.0515,0.003,10070.508677083333,83557.044823,3,0
0.145,0.155,0.14,0.14,0.095,0.085,0.085,0.085,0.095,0.135,0.09,0.08,0.055,0.0235,4,0.165,0.105,0.445,10070.415127049999,3851.3088,3,0
0.955,0.983,0.9795,0.975,0.974,0.978,0.98,0.982,0.988,0.9915,0.992,0.9925,0.9995,0.976,0,0.974,0.9835,0.999,10070.762669783335,10030.325266,3,1
0.455,0.445,0.305,0.31,0.17,0.165,0.155,0.15,0.155,0.22,0.125,0.105,0.06,0.0035,4,0.47,0.185,0.4855,10070.72881925,18554.096717,3,0
0.05,0.028,0.0205,0.0285,0.022,0.022,0.022,0.012,0.0075,0.0075,0.0075,0.0075,0.001,0.0005,2,0.0325,0.012,0.001,10070.704056049999,21770.167802,3,0
0.5,0.795,0.79,0.51,0.72,0.63,0.59,0.57,0.595,0.645,0.725,0.835,0.84,0.9705,0,0.74,0.605,0.855,10070.836331116667,23654.021802,3,1
0.5,0.11,0.09,0.49,0.0335,0.0275,0.024,0.0235,0.023,0.0185,0.009,0.0015,0.0015,0.002,7,0.09,0.024,0.002,10070.832081133332,8903.302833,3,0
0.495,0.105,0.115,0.48,0.15,0.195,0.225,0.24,0.245,0.21,0.195,0.14,0.15,0.0335,8,0.125,0.225,0.18,10070.466091333334,16802.551233,3,0
0.495,0.085,0.08,0.515,0.05,0.033,0.0275,0.026,0.0245,0.0195,0.012,0.003,0.001,0.001,8,0.07,0.027,0.001,10070.43276845,13999.393877,3,0
0.075,0.06,0.017,0.0205,0.02,0.4945,0.02,0.02,0.012,0.0305,0.019,0.0185,0.0095,0.0005,0,0.065,0.02,0.001,10070.6222858,3747.349675,3,0
0.125,0.14,0.175,0.5,0.195,0.495,0.225,0.225,0.19,0.19,0.195,0.165,0.315,0.08,8,0.135,0.22,0.36,10070.596640700001,4846.861278,3,0
0.96,0.958,0.9805,0.51,0.977,0.5,0.977,0.977,0.977,0.9785,0.9925,0.986,0.9995,0.9995,2,0.9565,0.978,0.9995,10072.875941433333,9902.922,3,1
0.32,0.345,0.345,0.5,0.675,0.5,0.495,0.39,0.27,0.25,0.24,0.2,0.36,0.09,20,0.335,0.45,0.39,10070.940777400001,11687.893979,3,0
0.5,0.023,0.018,0.0365,0.0355,0.027,0.0055,0.003,0.0035,0.0035,0.001,0.001,0.001,0.0005,3,0.035,0.003,0.001,10070.769983333334,24082.962247,3,0
0.5,0.5,0.505,0.355,0.455,0.415,0.405,0.445,0.59,0.89,0.82,0.905,0.9995,0.9995,4,0.5,0.355,0.9995,10070.7174,23627.595839,3,1
0.5,0.065,0.045,0.038,0.0385,0.0205,0.0045,0.0035,0.0035,0.0025,0.0025,0.001,0.001,0.0005,1,0.505,0.003,0.001,10070.713166666666,17736.060708,3,0
0.075,0.135,0.165,0.5,0.07,0.046,0.0345,0.046,0.0475,0.056,0.035,0.0495,0.023,0.0185,10,0.12,0.0345,0.019,10069.71600735,4296.47194,3,0
0.12,0.075,0.065,0.455,0.12,0.13,0.155,0.115,0.055,0.035,0.013,0.032,0.0015,0.0005,6,0.08,0.135,0.0035,10069.68321545,5040.011,3,0
0.55,0.545,0.93,0.5,0.979,0.9765,0.9775,0.967,0.9815,0.9715,0.99,0.9685,0.9995,0.9995,0,0.545,0.978,0.9995,10076.05981285,7172.9734,3,1
0.5,0.5,0.16,0.5,0.405,0.45,0.505,0.4,0.21,0.11,0.0165,0.031,0.014,0.0025,11,0.5,0.45,0.005,10076.02610745,7868.998024,3,0
0.465,0.47,0.0215,0.5,0.0265,0.0255,0.024,0.0345,0.023,0.0245,0.0025,0.0005,0.001,0.0005,10,0.47,0.0235,0.001,10076.000697233334,16753.27099,3,0
0.5,0.64,0.645,0.5,0.325,0.305,0.635,0.66,0.75,0.645,0.525,0.34,0.26,0.0235,15,0.655,0.69,0.05,10070.930858666667,8648.099789,3,0
0.5,0.06,0.05,0.5,0.0255,0.024,0.0295,0.0275,0.0255,0.4965,0.0035,0.0025,0.0005,0.001,11,0.065,0.0295,0.0005,10070.90971675,6614.569244,3,0
0.495,0.15,0.15,0.5,0.19,0.205,0.19,0.19,0.175,0.22,0.325,0.47,0.725,0.9705,9,0.145,0.17,0.84,10070.6816826,10229.162534,3,1
0.495,0.055,0.05,0.5,0.0275,0.026,0.037,0.034,0.024,0.0355,0.012,0.015,0.0005,0.0005,4,0.065,0.042,0.0005,10070.6556379,6666.394499,3,0
0.875,0.895,0.905,0.915,0.92,0.775,0.775,0.785,0.94,0.9655,0.9895,0.985,0.978,0.998,0,0.89,0.76,0.978,10078.651093733333,11485.663012,3,1
0.175,0.18,0.21,0.2,0.185,0.06,0.04,0.0245,0.085,0.0875,0.074,0.029,0.001,0.001,0,0.18,0.0455,0.001,10078.627688066666,18365.744824,3,0
0.05,0.04,0.0345,0.035,0.033,0.0665,0.0605,0.0615,0.026,0.0235,0.0165,0.0025,0.0015,0.0005,0,0.05,0.0605,0.0015,10071.01476295,2852.134302,3,0
0.15,0.16,0.17,0.17,0.175,0.115,0.105,0.09,0.205,0.23,0.285,0.19,0.065,0.004,0,0.155,0.09,0.044,10070.962040666667,9324.319,3,0
0.5,0.05,0.039,0.049,0.0305,0.031,0.0305,0.075,0.0605,0.045,0.02,0.0015,0.0015,0.002,1,0.065,0.0945,0.0015,10071.024121783334,9564.012899,3,0
0.5,0.155,0.17,0.18,0.195,0.19,0.19,0.115,0.085,0.08,0.235,0.275,0.425,0.0275,1,0.15,0.105,0.465,10070.991581650002,2999.609511,3,0
0.5,0.037,0.0305,0.039,0.029,0.028,0.027,0.0225,0.0225,0.003,0.0025,0.0025,0.002,0.0005,1,0.04,0.0235,0.0025,10070.94668865,13590.697745,3,0
0.495,0.66,0.66,0.67,0.69,0.68,0.68,0.365,0.325,0.32,0.695,0.765,0.905,0.975,3,0.615,0.35,0.91,10071.373405883332,29139.912562,3,1
0.5,0.075,0.065,0.05,0.045,0.0405,0.035,0.0235,0.0225,0.0225,0.0175,0.0175,0.0015,0.0005,1,0.06,0.0245,0.001,10071.335032966666,12781.809999,3,0
0.5,0.82,0.85,0.82,0.84,0.845,0.875,0.875,0.84,0.575,0.56,0.675,0.9705,0.9975,4,0.83,0.885,0.975,10076.717852416668,9590.37104,3,1
0.5,0.12,0.12,0.1,0.07,0.06,0.07,0.055,0.04,0.023,0.0195,0.0025,0.001,0.0015,1,0.14,0.05,0.001,10076.674354416667,14431.374343,3,0
0.5,0.06,0.05,0.065,0.047,0.044,0.041,0.0435,0.0435,0.1345,0.1175,0.0685,0.0175,0.0005,1,0.06,0.04,0.001,10070.85130645,7430.308332,3,0
0.5,0.13,0.15,0.13,0.13,0.145,0.14,0.145,0.11,0.036,0.0275,0.0225,0.051,0.0215,1,0.13,0.14,0.451,10070.832384416666,17443.247625,3,0
0.48,0.0345,0.0295,0.0395,0.0265,0.0325,0.0255,0.025,0.0235,0.023,0.026,0.0495,0.0225,0.003,0,0.036,0.025,0.009,10070.000828366667,6349.855562,3,0
0.48,0.16,0.185,0.18,0.205,0.22,0.225,0.22,0.255,0.25,0.12,0.06,0.025,0.0425,0,0.16,0.23,0.0755,10069.971829816666,3072.645152,3,0
0.5,0.9725,0.975,0.97,0.987,0.9725,0.987,0.987,0.9875,0.9875,0.977,0.984,0.999,0.999,0,0.972,0.987,0.999,10078.809785916666,24311.843957,3,1
0.5,0.485,0.545,0.51,0.545,0.58,0.465,0.46,0.505,0.485,0.18,0.065,0.0135,0.0405,31,0.495,0.465,0.0025,10078.7855285,72102.396996,3,0
0.5,0.033,0.04,0.044,0.0295,0.0415,0.0235,0.0235,0.023,0.023,0.0175,0.0025,0.0015,0.0025,1,0.037,0.024,0.0015,10078.7257404,13691.995976,3,0
0.15,0.175,0.16,0.18,0.205,0.205,0.215,0.25,0.28,0.305,0.365,0.365,0.034,0.003,0,0.165,0.215,0.0025,10070.941462249999,10053.489238,3,0
0.05,0.075,0.05,0.05,0.055,0.05,0.045,0.036,0.0235,0.0245,0.023,0.029,0.0225,0.0015,0,0.08,0.036,0.001,10070.903130966668,1536.888,3,0
0.205,0.245,0.16,0.2,0.195,0.155,0.145,0.14,0.05,0.06,0.034,0.04,0.0075,0.0015,0,0.265,0.115,0.002,10071.288611516668,31124.576766,3,0
0.64,0.715,0.625,0.71,0.735,0.705,0.73,0.795,0.755,0.83,0.865,0.87,0.32,0.0035,1,0.725,0.715,0.225,10071.3177302,24643.296448,3,0
0.495,0.145,0.155,0.065,0.065,0.0625,0.033,0.02,0.0395,0.0045,0.0025,0.0025,0.002,0.002,0,0.105,0.0225,0.002,10070.231252283333,12250.560352,3,0
0.495,0.37,0.325,0.41,0.315,0.185,0.215,0.15,0.09,0.08,0.05,0.02,0.0035,0.054,2,0.705,0.14,0.0035,10070.197257583333,76374.85028,3,0
0.495,0.017,0.0285,0.0125,0.013,0.013,0.013,0.0035,0.0035,0.0025,0.0025,0.0025,0.0025,0.0025,0,0.045,0.0035,0.0025,10070.157268716666,5903.527999,3,0
0.71,0.77,0.925,0.915,0.935,0.93,0.965,0.974,0.982,0.9705,0.988,0.971,0.997,0.998,0,0.75,0.965,0.997,10071.11411985,1749.421226,3,1
0.08,0.1,0.235,0.21,0.165,0.13,0.18,0.105,0.075,0.06,0.018,0.02,0.005,0.002,0,0.09,0.14,0.0025,10071.037431366665,17878.65201,3,0
0.09,0.065,0.03,0.039,0.028,0.0285,0.0245,0.024,0.0225,0.0285,0.0225,0.031,0.005,0.0005,0,0.075,0.0245,0.003,10070.824869233333,12687.907665,3,0
0.1,0.115,0.175,0.18,0.19,0.19,0.22,0.225,0.27,0.31,0.325,0.41,0.45,0.495,8,0.105,0.225,0.5,10070.784262416668,4447.941067,3,1
0.5,0.9735,0.976,0.9675,0.9765,0.9765,0.9765,0.9875,0.9895,0.995,0.995,0.9985,0.998,0.9995,0,0.97,0.9765,0.999,10071.182734083333,16465.401164,3,1
0.495,0.545,0.615,0.62,0.88,0.85,0.875,0.865,0.94,0.925,0.949,0.958,0.995,0.9975,1,0.48,0.855,0.997,10071.107362183333,8438.105706,3,1
0.495,0.0265,0.024,0.0325,0.023,0.023,0.023,0.0125,0.0105,0.008,0.003,0.0005,0.0005,0.009,0,0.031,0.023,0.0005,10070.987136516665,28258.732332,3,0
0.495,0.165,0.155,0.17,0.07,0.09,0.07,0.09,0.065,0.055,0.044,0.035,0.015,0.0125,0,0.165,0.09,0.0605,10070.945334033333,6651.377499,3,0
0.495,0.095,0.1,0.1,0.245,0.16,0.145,0.09,0.115,0.05,0.04,0.0565,0.0035,0.0005,0,0.08,0.1,0.0035,10070.9145851,14599.534084,3,0
0.605,0.59,0.545,0.74,0.79,0.775,0.95,0.956,0.96,0.959,0.9695,0.9705,0.9995,0.998,4,0.605,0.96,0.9995,10071.168361666667,24890.943646,3,1
0.05,0.0435,0.0355,0.0855,0.078,0.0545,0.211,0.1475,0.125,0.0585,0.077,0.026,0.013,0.0025,0,0.0425,0.222,0.002,10071.13085675,47135.054066,3,0
0.12,0.115,0.135,0.075,0.065,0.065,0.026,0.025,0.0235,0.0235,0.023,0.0195,0.008,0.0025,0,0.115,0.025,0.0025,10070.945523416665,4425.684942,3,0
0.08,0.075,0.065,0.105,0.12,0.105,0.215,0.215,0.245,0.225,0.335,0.315,0.36,0.945,5,0.08,0.22,0.46,10070.941284116667,4877.186368,3,0
0.1,0.105,0.115,0.105,0.125,0.06,0.045,0.049,0.0235,0.023,0.0225,0.0225,0.0085,0.002,0,0.08,0.05,0.006,10068.518673866667,13781.734601,3,0
0.085,0.075,0.07,0.075,0.065,0.105,0.125,0.11,0.24,0.265,0.295,0.26,0.52,0.6,7,0.105,0.11,0.49,10068.482711266666,4469.316801,3,1
0.9685,0.9655,0.9535,0.9405,0.937,0.972,0.9755,0.975,0.9765,0.9765,0.9975,0.9975,0.999,0.9995,0,0.9715,0.975,0.999,10068.68758415,4157.735888,3,1
0.305,0.255,0.235,0.25,0.21,0.38,0.44,0.405,0.78,0.79,0.805,0.735,0.9605,0.997,1,0.34,0.405,0.968,10068.668651366666,7795.0309,3,1
0.495,0.05,0.085,0.115,0.13,0.135,0.115,0.055,0.047,0.036,0.0225,0.0225,0.017,0.0025,0,0.055,0.05,0.002,10069.710915233332,8529.529581,3,0
0.495,0.175,0.195,0.145,0.165,0.16,0.175,0.225,0.255,0.275,0.09,0.12,0.095,0.006,0,0.17,0.21,0.415,10069.685090066667,3838.086,3,0
0.495,0.16,0.095,0.085,0.055,0.045,0.0635,0.102,0.105,0.115,0.3065,0.3355,0.3975,0.1155,2,0.15,0.1205,0.64,10069.6765791,9906.278829,3,0
0.5,0.9765,0.973,0.922,0.9645,0.958,0.968,0.975,0.976,0.9765,0.9945,0.9975,0.9985,0.9995,0,0.9765,0.9805,0.9995,10076.179357083334,4939.492099,3,1
0.5,0.21,0.08,0.07,0.0445,0.035,0.0475,0.0835,0.07,0.064,0.3405,0.2105,0.071,0.0005,3,0.22,0.1185,0.157,10076.140018466665,17182.99962,3,0
0.06,0.07,0.13,0.08,0.15,0.225,0.235,0.255,0.21,0.115,0.085,0.05,0.018,0.003,0,0.06,0.215,0.0705,10071.117381666667,18529.522054,3,0
0.135,0.115,0.06,0.11,0.05,0.0265,0.0265,0.0255,0.0285,0.0415,0.033,0.035,0.2235,0.0145,2,0.13,0.028,0.4955,10071.079124566666,10654.613801,3,0
0.21,0.14,0.055,0.13,0.0305,0.0245,0.0235,0.023,0.0245,0.027,0.0235,0.024,0.032,0.002,0,0.2,0.0245,0.0205,10075.039242333332,27172.024125,3,0
0.96,0.9475,0.892,0.9365,0.8905,0.728,0.761,0.747,0.8345,0.9555,0.971,0.9775,0.994,0.9995,0,0.945,0.8045,0.994,10075.010149866666,15515.063375,3,1
0.07,0.07,0.045,0.07,0.13,0.07,0.11,0.24,0.225,0.28,0.185,0.075,0.0255,0.003,2,0.07,0.17,0.0085,10068.736319666667,3858.572348,3,0
0.11,0.11,0.155,0.145,0.065,0.095,0.0455,0.0275,0.027,0.0275,0.028,0.027,0.022,0.0025,2,0.115,0.0265,0.06,10068.702243583333,3471.682203,3,0
0.9745,0.974,0.9815,0.9565,0.9625,0.9755,0.9745,0.88,0.9575,0.8995,0.978,0.976,0.996,0.9995,2,0.974,0.965,0.997,10069.018913766666,15525.476445,3,1
0.42,0.385,0.54,0.45,0.205,0.31,0.16,0.043,0.039,0.039,0.0625,0.085,0.0875,0.0025,6,0.39,0.075,0.066,10069.0146556,18304.52005,3,0
0.028,0.025,0.033,0.0355,0.0235,0.024,0.0235,0.0035,0.0035,0.0025,0.002,0.001,0.0005,0.001,2,0.026,0.0035,0.0005,10068.997570583333,18205.037036,3,0
0.5,0.07,0.095,0.105,0.036,0.0145,0.0145,0.0105,0.011,0.0265,0.0035,0.003,0.0025,0.002,3,0.5,0.0115,0.002,10067.4685427,18324.224868,3,0
0.5,0.245,0.49,0.5,0.435,0.4,0.25,0.345,0.465,0.655,0.575,0.405,0.465,0.9995,12,0.23,0.275,0.41,10067.472801433332,7022.407611,3,1
0.5,0.9815,0.9765,0.961,0.9775,0.976,0.976,0.977,0.973,0.95,0.9555,0.941,0.9495,0.9995,0,0.9795,0.977,0.997,10071.187231883332,5650.097435,3,1
0.5,0.595,0.355,0.455,0.545,0.36,0.25,0.3,0.085,0.03,0.057,0.0405,0.029,0.0005,9,0.545,0.34,0.0045,10071.15704605,27757.332445,3,0
0.5,0.0465,0.024,0.0395,0.0275,0.0235,0.0225,0.0225,0.008,0.0155,0.0235,0.0005,0.0005,0.0005,3,0.0385,0.0225,0.0285,10071.123043416668,29060.262565,3,0
0.495,0.11,0.18,0.17,0.15,0.215,0.25,0.24,0.27,0.165,0.26,0.125,0.49,0.96,7,0.13,0.21,0.355,10070.886226966666,9879.606277,3,1
0.495,0.075,0.036,0.0415,0.0535,0.0305,0.0255,0.0255,0.0225,0.0225,0.0295,0.0015,0.0005,0.0005,4,0.065,0.0275,0.0005,10070.8030517,2429.5145,3,0
0.495,0.115,0.14,0.115,0.185,0.16,0.15,0.22,0.24,0.235,0.325,0.205,0.495,0.0255,2,0.145,0.18,0.485,10070.509895516667,6322.716162,3,0
0.495,0.075,0.065,0.07,0.0415,0.0385,0.0525,0.031,0.027,0.0255,0.0225,0.0025,0.002,0.002,2,0.055,0.043,0.002,10070.484694416666,2852.299,3,0
0.5,0.93,0.91,0.955,0.88,0.92,0.945,0.905,0.905,0.935,0.84,0.61,0.595,0.545,4,0.9,0.93,0.485,10070.86274165,4122.647102,3,1
0.5,0.285,0.22,0.275,0.115,0.15,0.18,0.07,0.041,0.0345,0.0125,0.0215,0.002,0.0005,1,0.215,0.115,0.002,10070.826122033333,16373.677,3,0
0.06,0.065,0.07,0.06,0.105,0.065,0.11,0.5,0.08,0.125,0.125,0.11,0.445,0.69,5,0.06,0.12,0.5,10070.688063783333,17032.660855,3,1
0.125,0.125,0.105,0.12,0.095,0.12,0.055,0.06,0.095,0.037,0.0215,0.0155,0.007,0.007,0,0.125,0.06,0.007,10070.654246099999,16046.145432,3,0
0.97,0.972,0.97,0.957,0.9655,0.9765,0.9675,0.9525,0.976,0.9735,0.977,0.979,0.9575,0.983,0,0.9705,0.9685,0.5115,10071.002892283333,66719.344752,3,1
0.495,0.46,0.415,0.45,0.35,0.44,0.235,0.305,0.295,0.14,0.091,0.05,0.006,0.0005,2,0.455,0.24,0.0035,10070.963011966667,32274.043916,3,0
0.05,0.0355,0.0305,0.0435,0.0265,0.028,0.023,0.033,0.013,0.0025,0.0005,0.0005,0.0005,0.0005,2,0.0365,0.009,0.0015,10070.967247916667,8243.454316,3,0
0.155,0.165,0.17,0.16,0.16,0.175,0.16,0.16,0.095,0.16,0.14,0.025,0.02,0.0005,0,0.155,0.18,0.015,10310.7566848,13972.757213,3,0
0.0355,0.0275,0.0295,0.0255,0.0285,0.025,0.0225,0.022,0.022,0.0125,0.0175,0.0015,0.0015,0.0005,0,0.031,0.0235,0.0015,10310.707118116667,2633.2481,3,0
0.72,0.67,0.685,0.655,0.565,0.63,0.5,0.66,0.4,0.48,0.505,0.24,0.163,0.0045,7,0.675,0.615,0.0835,10078.587356166665,53403.383813,3,0
0.095,0.06,0.065,0.052,0.0315,0.0365,0.0215,0.027,0.019,0.029,0.0225,0.0225,0.006,0.0005,4,0.07,0.0265,0.006,10078.563984766666,4748.3278,3,0
0.72,0.895,0.695,0.705,0.61,0.605,0.575,0.645,0.535,0.655,0.315,0.38,0.56,0.01,9,0.815,0.59,0.265,10071.01330505,49910.353685,3,0
0.57,0.805,0.52,0.53,0.42,0.405,0.36,0.425,0.31,0.415,0.105,0.115,0.105,0.0025,11,0.675,0.38,0.0035,10070.974919583334,64651.822779,3,0
0.043,0.0215,0.051,0.052,0.0545,0.065,0.0755,0.0775,0.0595,0.0595,0.0845,0.0275,0.027,0.0005,0,0.0325,0.0585,0.0245,10310.857221533333,3939.878785,3,0
0.14,0.17,0.145,0.14,0.14,0.13,0.1,0.09,0.095,0.07,0.0265,0.039,0.0125,0.0005,0,0.16,0.13,0.0115,10310.819267416666,3815.093015,3,0
0.5205,0.9765,0.981,0.521,0.986,0.9815,0.957,0.974,0.9605,0.974,0.9745,0.986,0.985,0.997,0,0.9775,0.976,0.99,10075.0275325,22359.075932,3,1
0.5,0.485,0.385,0.66,0.305,0.255,0.21,0.215,0.15,0.14,0.115,0.07,0.003,0.003,13,0.515,0.25,0.003,10075.079931966668,7706.409763,3,0
0.5,0.035,0.0275,0.0775,0.0245,0.024,0.023,0.023,0.008,0.0025,0.0025,0.001,0.001,0.0005,1,0.0405,0.023,0.001,10075.003834233334,5098.922416,3,0
0.5,0.0265,0.0265,0.0555,0.0235,0.023,0.0225,0.022,0.0225,0.008,0.0075,0.003,0.0005,0.0005,1,0.036,0.0225,0.0005,10310.883256833333,2688.845027,3,0
0.5,0.165,0.145,0.185,0.14,0.15,0.105,0.105,0.09,0.045,0.083,0.023,0.0105,0.0005,1,0.155,0.14,0.4565,10310.910613316666,5900.1189,3,0
0.5,0.15,0.17,0.185,0.205,0.15,0.22,0.21,0.25,0.215,0.225,0.1,0.26,0.0005,7,0.12,0.22,0.24,10309.476534216667,17795.383769,3,0
0.5,0.055,0.0375,0.032,0.0285,0.0445,0.023,0.022,0.021,0.024,0.0205,0.02,0.0005,0.0005,3,0.07,0.0215,0.0005,10309.480781116667,13278.950714,3,0
0.5,0.87,0.835,0.8,0.785,0.935,0.775,0.695,0.61,0.695,0.525,0.58,0.7,0.655,6,0.905,0.705,0.67,10069.609544716666,28958.798404,3,1
0.5,0.2,0.12,0.095,0.065,0.165,0.0315,0.0235,0.021,0.0275,0.0195,0.0235,0.0005,0.0005,1,0.25,0.023,0.0005,10069.554402816666,9972.707,3,0
0.5,0.05,0.035,0.0275,0.006,0.0065,0.0105,0.0085,0.0045,0.0045,0.0005,0.0005,0.001,0.0005,1,0.065,0.011,0.0005,10071.886415966666,23388.525359,3,0
0.5,0.815,0.535,0.405,0.36,0.285,0.585,0.12,0.0325,0.025,0.023,0.0125,0.005,0.0045,7,0.865,0.265,0.0045,10071.855646483333,35417.869808,3,0
0.5,0.0275,0.043,0.0515,0.048,0.0475,0.024,0.057,0.058,0.055,0.027,0.03,0.012,0.005,1,0.03,0.017,0.0285,10071.851397583332,41234.112729,3,0
0.1,0.0365,0.0145,0.039,0.046,0.0355,0.041,0.0255,0.047,0.043,0.04,0.061,0.023,0.019,0,0.05,0.024,0.023,10310.5648359,12945.256374,3,0
0.09,0.15,0.17,0.15,0.14,0.16,0.135,0.19,0.085,0.0665,0.0245,0.0225,0.01,0.001,0,0.125,0.205,0.01,10310.531417116666,16728.226687,3,0
0.9635,0.9815,0.9825,0.972,0.9805,0.5245,0.99,0.9905,0.989,0.989,0.984,0.946,0.996,0.9995,0,0.9755,0.9905,0.996,10070.976812300001,7756.420809,3,1
0.345,0.62,0.755,0.59,0.515,0.55,0.445,0.725,0.3,0.185,0.135,0.09,0.024,0.0035,14,0.5,0.665,0.024,10070.943012666667,15909.148164,3,0
0.12,0.105,0.07,0.0305,0.0125,0.038,0.04,0.035,0.0355,0.018,0.0405,0.056,0.0235,0.0035,0,0.105,0.0455,0.004,10070.982674566667,9439.374498,3,0
0.08,0.085,0.11,0.16,0.185,0.155,0.145,0.165,0.13,0.225,0.055,0.0305,0.0085,0.0055,0,0.085,0.14,0.0085,10070.9496289,4523.084207,3,0
0.0405,0.0495,0.079,0.192,0.274,0.134,0.0805,0.079,0.0415,0.088,0.0215,0.0215,0.0015,0.0005,0,0.0525,0.072,0.001,10070.953873033333,56469.478685,3,0
0.615,0.64,0.77,0.9,0.94,0.895,0.86,0.89,0.885,0.965,0.821,0.743,0.959,0.9915,0,0.635,0.855,0.9545,10071.150494900001,34561.903047,3,1
0.0405,0.0485,0.077,0.1875,0.274,0.134,0.0825,0.08,0.0425,0.08,0.01,0.016,0.0025,0.0005,2,0.0525,0.0665,0.0015,10071.146260799998,6411.163,3,0
0.495,0.085,0.11,0.1,0.07,0.021,0.017,0.0285,0.033,0.023,0.015,0.016,0.0195,0.0215,0,0.085,0.0235,0.018,10056.823349999999,4118.086,3,0
0.5,0.1,0.075,0.085,0.11,0.175,0.19,0.175,0.145,0.19,0.155,0.23,0.029,0.0195,1,0.095,0.195,0.06,10056.785733333332,4760.246942,3,0
0.5,0.925,0.885,0.89,0.93,0.965,0.9655,0.974,0.962,0.9645,0.976,0.975,0.964,0.996,2,0.925,0.965,0.942,10057.629165533332,39424.922683,3,1
0.5,0.22,0.15,0.17,0.225,0.56,0.56,0.415,0.27,0.36,0.235,0.365,0.03,0.0035,7,0.21,0.5,0.06,10057.610903866667,21234.368753,3,0
0.045,0.045,0.012,0.0135,0.018,0.015,0.014,0.003,0.003,0.003,0.003,0.0035,0.007,0.002,0,0.045,0.004,0.007,10069.457783333333,4463.663735,3,0
0.145,0.15,0.18,0.19,0.18,0.195,0.225,0.13,0.14,0.21,0.29,0.24,0.33,0.0825,0,0.145,0.185,0.07,10069.417383333332,13775.096877,3,1
0.9815,0.973,0.9875,0.983,0.987,0.986,0.9775,0.987,0.993,0.997,0.9975,0.999,0.999,0.9995,0,0.9805,0.977,0.9995,10069.727713266668,37032.274539,3,1
0.57,0.545,0.76,0.74,0.655,0.645,0.815,0.96,0.966,0.946,0.9345,0.955,0.99,0.999,4,0.525,0.915,0.996,10069.576002766667,16926.654451,3,1
0.045,0.023,0.0535,0.0415,0.024,0.019,0.0305,0.2085,0.175,0.076,0.02,0.0345,0.0095,0.003,0,0.0205,0.1175,0.0045,10069.567284383334,36539.700532,3,0
0.5,0.5,0.27,0.225,0.48,0.485,0.43,0.42,0.34,0.5,0.59,0.9985,0.9995,0.9995,2,0.5,0.42,0.9995,9156.287038116667,5821.672465,3,1
0.5,0.285,0.13,0.215,0.3,0.325,0.11,0.075,0.118,0.099,0.015,0.0185,0.0605,0.111,5,0.455,0.075,0.057,9156.282786416667,57873.63549,3,0
0.055,0.0475,0.0485,0.045,0.035,0.0765,0.1345,0.189,0.2165,0.2205,0.096,0.1715,0.358,0.236,2,0.0475,0.111,0.2985,10071.132849116666,6700.670299,3,0
0.13,0.145,0.145,0.15,0.145,0.095,0.046,0.0375,0.0225,0.0195,0.0255,0.01,0.005,0.005,0,0.145,0.057,0.005,10071.08545255,14658.917,3,0
0.975,0.972,0.9715,0.971,0.969,0.961,0.9445,0.9275,0.885,0.929,0.985,0.984,0.9915,0.996,0,0.9705,0.953,0.994,10131.378135033334,65422.177104,3,1
0.49,0.52,0.505,0.56,0.48,0.33,0.15,0.1,0.06,0.0595,0.1275,0.049,0.0035,0.0005,12,0.5,0.18,0.004,10131.351420199999,16083.534197,3,0
0.035,0.0335,0.03,0.0495,0.041,0.031,0.024,0.0045,0.0105,0.0025,0.0015,0.001,0.0005,0.0005,2,0.0335,0.027,0.001,10131.3387037,21609.981289,3,0
0.5,0.655,0.72,0.71,0.715,0.76,0.74,0.47,0.28,0.17,0.0565,0.109,0.682,0.008,9,0.615,0.62,0.1305,10131.195661316666,21161.962446,3,0
0.5,0.0545,0.052,0.0555,0.042,0.0595,0.038,0.02,0.024,0.02,0.0035,0.003,0.003,0.0025,1,0.0455,0.0305,0.0025,10131.172178816667,5971.882755,3,0
0.5,0.1,0.085,0.085,0.08,0.06,0.075,0.155,0.25,0.265,0.25,0.365,0.27,0.81,6,0.115,0.12,0.325,10070.921998900001,13212.789835,3,1
0.495,0.085,0.105,0.105,0.085,0.12,0.075,0.035,0.026,0.019,0.0145,0.009,0.006,0.0005,0,0.07,0.045,0.0005,10070.890601633333,7871.328044,3,0
0.495,0.1,0.185,0.155,0.13,0.145,0.15,0.135,0.155,0.26,0.335,0.27,0.089,0.1405,2,0.115,0.145,0.2125,10070.886601866667,44767.394055,3,0
0.5,0.075,0.0325,0.04,0.0565,0.0505,0.037,0.035,0.05,0.0165,0.006,0.006,0.0035,0.0035,3,0.08,0.0375,0.0035,10070.8781483,12143.058332,3,0
0.5,0.93,0.86,0.905,0.965,0.962,0.9565,0.959,0.9625,0.9275,0.8735,0.7235,0.6015,0.9685,4,0.935,0.9685,0.7635,10138.567618366667,23058.489438,3,1
0.5,0.27,0.12,0.15,0.22,0.165,0.135,0.15,0.15,0.0365,0.0265,0.008,0.002,0.0005,3,0.295,0.165,0.002,10138.522245833334,7258.018607,3,0
0.9705,0.97,0.9715,0.9695,0.938,0.9735,0.982,0.9815,0.982,0.982,0.9815,0.992,0.9905,0.995,0,0.969,0.9815,0.9775,10130.089553916665,13906.764899,3,1
0.58,0.535,0.525,0.46,0.145,0.265,0.305,0.275,0.255,0.32,0.21,0.055,0.0035,0.0005,5,0.515,0.295,0.0025,10130.011876366665,11393.264326,3,0
0.06,0.055,0.045,0.0425,0.023,0.025,0.02,0.0195,0.0195,0.003,0.0035,0.0005,0.0005,0.0005,0,0.05,0.0195,0.0005,10130.007657766666,12147.276153,3,0
0.15,0.17,0.175,0.195,0.135,0.2,0.235,0.245,0.26,0.28,0.31,0.14,0.482,0.003,2,0.18,0.245,0.0185,10069.789321316666,2985.725036,3,0
0.055,0.0495,0.0365,0.028,0.022,0.0095,0.0095,0.009,0.008,0.007,0.0205,0.012,0.011,0.006,2,0.045,0.0095,0.0085,10069.7562044,18451.228,3,0
0.5,0.12,0.11,0.135,0.16,0.165,0.24,0.245,0.275,0.305,0.335,0.27,0.275,0.82,6,0.11,0.25,0.545,10067.442674349999,7809.755784,3,0
0.495,0.14,0.16,0.155,0.135,0.13,0.0355,0.0595,0.0605,0.051,0.0325,0.046,0.01,0.0025,6,0.5,0.051,0.008,10067.410465583333,25442.114662,3,0
0.495,0.84,0.885,0.86,0.83,0.845,0.57,0.76,0.83,0.795,0.84,0.935,0.585,0.04,8,0.85,0.67,0.435,10128.22427665,11493.399884,3,0
0.495,0.14,0.175,0.14,0.085,0.066,0.0295,0.0275,0.0205,0.0205,0.0175,0.0165,0.005,0.0005,2,0.16,0.027,0.0025,10128.255699116668,12984.883325,3,0
0.495,0.075,0.05,0.0345,0.0625,0.0155,0.0255,0.0245,0.012,0.0055,0.002,0.001,0.002,0.0025,4,0.5,0.0225,0.002,10128.7148962,5798.5018,3,0
0.49,0.965,0.82,0.77,0.771,0.582,0.437,0.107,0.1685,0.074,0.058,0.0185,0.0055,0.0015,6,0.79,0.1675,0.005,10128.595367966665,36842.737566,3,0
0.495,0.0305,0.0375,0.0285,0.0325,0.023,0.0345,0.042,0.014,0.01,0.004,0.0035,0.0025,0.002,4,0.505,0.0465,0.0025,10128.636188100001,16981.148703,3,0
0.495,0.085,0.06,0.07,0.065,0.075,0.065,0.1,0.235,0.125,0.09,0.09,0.025,0.0705,0,0.075,0.085,0.022,10070.96705785,9452.147792,3,0
0.5,0.105,0.115,0.105,0.1,0.1,0.075,0.058,0.029,0.0125,0.008,0.0185,0.003,0.0025,1,0.1,0.065,0.0025,10070.922851983334,6706.989623,3,0
0.5,0.9605,0.967,0.965,0.9695,0.9695,0.9715,0.97,0.9435,0.9765,0.9825,0.9825,0.994,0.9955,2,0.9585,0.9705,0.9945,10131.272801883333,16121.815333,3,1
0.5,0.41,0.475,0.38,0.38,0.355,0.29,0.19,0.055,0.07,0.024,0.0215,0.0045,0.002,1,0.41,0.24,0.007,10131.243603133333,22487.5825,3,0
0.495,0.0325,0.0305,0.0295,0.028,0.024,0.0235,0.024,0.018,0.0235,0.0045,0.0055,0.0035,0.0005,10,0.029,0.0225,0.0035,10070.481894433333,21693.031443,3,0
0.5,0.14,0.16,0.175,0.165,0.17,0.21,0.21,0.245,0.285,0.24,0.36,0.48,0.06,7,0.155,0.21,0.57,10070.425184116666,11524.699208,3,1
0.5,0.075,0.085,0.085,0.08,0.07,0.0335,0.044,0.0165,0.0285,0.003,0.003,0.003,0.0005,7,0.085,0.0285,0.0025,10070.39126175,2244.588004,3,0
0.5,0.68,0.71,0.765,0.815,0.805,0.715,0.78,0.725,0.63,0.36,0.52,0.495,0.09,9,0.69,0.74,0.545,10070.597295399999,30292.689764,3,1
0.5,0.075,0.085,0.085,0.08,0.07,0.0415,0.044,0.0315,0.026,0.022,0.0195,0.004,0.0005,7,0.08,0.0415,0.0025,10070.567099616666,17184.553073,3,0
0.76,0.875,0.935,0.93,0.93,0.94,0.9565,0.965,0.9565,0.967,0.959,0.967,0.955,0.9875,0,0.845,0.9545,0.974,10070.8611559,20922.402599,3,1
0.11,0.165,0.25,0.23,0.2,0.195,0.19,0.215,0.13,0.175,0.055,0.0295,0.0075,0.0005,6,0.14,0.175,0.0055,10070.82308265,15949.901246,3,0
0.07,0.04,0.0395,0.0385,0.025,0.0305,0.0245,0.0215,0.0295,0.026,0.004,0.0095,0.023,0.0065,12,0.05,0.022,0.0225,10070.540565166668,5008.389583,3,0
0.115,0.15,0.18,0.155,0.175,0.2,0.225,0.225,0.24,0.26,0.23,0.145,0.0445,0.0275,6,0.14,0.215,0.034,10070.503448016667,3936.225031,3,0
0.5,0.05,0.04,0.031,0.0285,0.5035,0.0175,0.0255,0.024,0.016,0.022,0.0145,0.0025,0.0025,11,0.055,0.0255,0.0025,10070.35301875,3155.672571,3,0
0.5,0.135,0.165,0.185,0.2,0.5,0.195,0.22,0.225,0.23,0.275,0.26,0.48,0.13,11,0.125,0.215,0.565,10070.323950916667,2658.772667,3,0
0.5,0.9645,0.9775,0.9815,0.9755,0.5,0.975,0.97,0.9745,0.98,0.9805,0.9805,0.976,0.9995,0,0.961,0.97,0.975,10070.517745966667,3417.958,3,1
0.5,0.535,0.65,0.73,0.85,0.5,0.87,0.895,0.94,0.951,0.9415,0.9625,0.9695,0.9825,4,0.49,0.905,0.9855,10070.443360966667,4427.314513,3,1
0.5,0.065,0.045,0.06,0.11,0.5,0.095,0.065,0.065,0.055,0.0355,0.033,0.009,0.0005,7,0.06,0.095,0.008,10070.4603471,30917.115082,3,0
0.155,0.165,0.17,0.17,0.155,0.12,0.085,0.5,0.045,0.036,0.037,0.017,0.03,0.014,6,0.165,0.5,0.0305,10070.764801000001,2820.793044,3,0
0.05,0.031,0.035,0.037,0.0455,0.059,0.0785,0.5005,0.1095,0.0835,0.069,0.0755,0.033,0.012,6,0.0335,0.501,0.03,10070.699824916666,4818.303265,3,0
0.795,0.795,0.825,0.88,0.94,0.9605,0.967,0.501,0.978,0.9755,0.977,0.98,0.9745,0.99,0,0.765,0.501,0.9745,10071.092678283334,10157.063,3,1
0.13,0.125,0.125,0.15,0.17,0.22,0.28,0.615,0.385,0.31,0.3,0.35,0.135,0.034,4,0.115,0.31,0.11,10071.088434083333,1012.003315,3,0
0.5,0.09,0.085,0.09,0.09,0.11,0.16,0.185,0.24,0.62,0.29,0.37,0.515,0.9,10,0.095,0.185,0.59,10063.343430083334,13544.437772,3,1
0.5,0.055,0.06,0.06,0.055,0.07,0.075,0.1,0.14,0.5,0.2,0.19,0.165,0.03,5,0.065,0.105,0.2,10063.3861795,2350.485755,3,0
0.5,0.895,0.895,0.925,0.925,0.963,0.9685,0.9695,0.9755,0.5055,0.981,0.6095,0.999,0.9995,0,0.9,0.969,0.9995,10063.781145833334,5017.483,3,1
0.5,0.215,0.18,0.21,0.2,0.225,0.3,0.35,0.51,0.5,0.67,0.62,0.745,0.9295,6,0.23,0.355,0.795,10063.743973533334,7346.059801,3,1
0.495,0.038,0.023,0.0255,0.0335,0.0205,0.0185,0.011,0.0135,0.022,0.0145,0.005,0.003,0.0005,6,0.036,0.017,0.002,10065.301774233334,3596.295716,3,0
0.5,0.16,0.165,0.18,0.175,0.19,0.21,0.235,0.27,0.205,0.12,0.095,0.041,0.0115,3,0.155,0.22,0.026,10065.281434550001,4884.459105,3,0
0.5,0.055,0.07,0.0335,0.0255,0.02,0.032,0.02,0.017,0.043,0.0265,0.0565,0.007,0.0025,5,0.07,0.017,0.006,10065.277191933334,21213.559212,3,0
0.5,0.54,0.64,0.51,0.45,0.535,0.465,0.63,0.805,0.905,0.964,0.961,0.99,0.9945,10,0.64,0.52,0.9905,10076.024266333332,2929.023,3,1
0.5,0.06,0.06,0.045,0.04,0.0425,0.0325,0.0175,0.0145,0.042,0.0395,0.02,0.0065,0.002,1,0.085,0.0255,0.0055,10076.041226383333,4702.927807,3,0
0.5,0.195,0.135,0.185,0.095,0.045,0.065,0.042,0.0405,0.027,0.078,0.076,0.0525,0.0095,3,0.215,0.06,0.0235,10070.986651183333,22821.246467,3,0
0.5,0.285,0.315,0.175,0.32,0.355,0.225,0.25,0.09,0.0285,0.008,0.0255,0.0295,0.002,1,0.31,0.205,0.002,10070.943377716667,21254.095467,3,0
0.5,0.0275,0.003,0.0035,0.0035,0.0035,0.0035,0.0025,0.0025,0.0025,0.0015,0.0015,0.0025,0.0005,1,0.031,0.003,0.0025,10070.926381383333,8875.729,3,0
0.5,0.73,0.785,0.73,0.83,0.71,0.605,0.76,0.755,0.89,0.97,0.9795,0.994,0.995,0,0.63,0.69,0.9925,10071.070652133332,8991.775689,3,1
0.5,0.12,0.115,0.065,0.085,0.0485,0.0305,0.0375,0.025,0.0145,0.0125,0.0415,0.0115,0.0055,1,0.085,0.034,0.01,10071.011871283332,10913.713993,3,0
0.495,0.115,0.115,0.135,0.095,0.14,0.2,0.145,0.165,0.085,0.028,0.037,0.011,0.0045,0,0.15,0.18,0.0075,10070.8071572,14771.0561,3,0
0.495,0.075,0.075,0.07,0.085,0.045,0.0305,0.0405,0.024,0.0275,0.045,0.083,0.0895,0.0175,2,0.05,0.038,0.0355,10070.794434016667,7716.831094,3,0
0.5,0.425,0.51,0.62,0.73,0.525,0.655,0.46,0.345,0.47,0.47,0.79,0.9865,0.9975,14,0.41,0.545,0.988,10070.293764816666,25468.568689,3,1
0.5,0.5,0.988,0.975,0.9825,0.9905,0.9915,0.9915,0.983,0.983,0.9955,0.9895,0.9915,0.9995,0,0.96,0.9915,0.9915,10070.268052716665,7963.025,3,1
0.5,0.5,0.0355,0.024,0.015,0.0165,0.0285,0.0255,0.021,0.024,0.025,0.0045,0.0045,0.0025,3,0.05,0.0205,0.004,10070.03251445,17869.8075,3,0
0.5,0.145,0.155,0.16,0.17,0.19,0.215,0.2,0.185,0.25,0.3,0.385,0.2,0.0245,1,0.145,0.21,0.15,10069.987775416666,16004.265984,3,0
0.495,0.964,0.9865,0.985,0.9875,0.9805,0.989,0.992,0.9915,0.9775,0.99,0.9955,0.9985,0.9995,1,0.9675,0.989,0.9985,10070.847629716667,27491.592448,3,1
0.5,0.555,0.605,0.595,0.665,0.785,0.84,0.725,0.8,0.72,0.695,0.79,0.9,0.989,4,0.515,0.8,0.97,10070.860403916666,40392.544982,3,1
0.5,0.075,0.065,0.05,0.065,0.095,0.085,0.04,0.045,0.0345,0.017,0.0035,0.0015,0.0025,1,0.05,0.06,0.0005,10070.783877383334,181942.445763,3,0
0.5,0.175,0.16,0.145,0.145,0.11,0.095,0.15,0.115,0.17,0.2,0.165,0.115,0.008,1,0.18,0.115,0.0355,10070.483239966667,19500.373006,3,0
0.5,0.0335,0.0395,0.045,0.0525,0.074,0.0785,0.0435,0.05,0.026,0.03,0.0145,0.0245,0.0235,1,0.03,0.0695,0.0235,10070.449897533334,4123.115878,3,0
0.5,0.044,0.04,0.04,0.035,0.0345,0.02,0.0155,0.0125,0.0125,0.019,0.0175,0.003,0.0025,1,0.0435,0.018,0.003,10070.597911183335,1872.993,3,0
0.5,0.16,0.14,0.15,0.155,0.155,0.19,0.215,0.23,0.25,0.305,0.305,0.285,0.535,6,0.16,0.195,0.525,10070.611442566667,5702.331981,3,1
0.495,0.84,0.825,0.87,0.89,0.87,0.925,0.9585,0.982,0.978,0.982,0.9695,0.9905,0.995,1,0.84,0.95,0.992,10070.913075566667,16236.201988,3,1
0.5,0.13,0.12,0.155,0.16,0.12,0.17,0.255,0.275,0.14,0.085,0.055,0.011,0.0215,1,0.13,0.215,0.0095,10070.879778716666,1334.3744,3,0
0.5,0.06,0.066,0.0905,0.0855,0.0675,0.057,0.0575,0.0375,0.021,0.011,0.0095,0.0025,0.003,1,0.05,0.056,0.0025,10070.762825349999,1825.3604,3,0
0.495,0.14,0.11,0.095,0.095,0.12,0.12,0.115,0.155,0.205,0.26,0.19,0.145,0.0145,2,0.135,0.12,0.055,10070.737373466667,1313.964573,3,0
0.5,0.9665,0.967,0.9625,0.9675,0.9775,0.98,0.9785,0.982,0.9905,0.9945,0.996,0.9985,0.9995,2,0.9665,0.9805,0.9985,10074.74752575,5241.731324,3,1
0.5,0.525,0.415,0.305,0.315,0.415,0.43,0.435,0.51,0.64,0.75,0.585,0.63,0.68,12,0.515,0.43,0.535,10074.720467216666,13134.981914,3,0
0.5,0.045,0.0325,0.0295,0.039,0.0315,0.041,0.02,0.02,0.019,0.0135,0.0025,0.0115,0.0025,3,0.045,0.0195,0.008,10072.83333335,22822.306527,3,0
0.5,0.66,0.585,0.56,0.365,0.185,0.355,0.41,0.405,0.435,0.44,0.68,0.835,0.98,12,0.67,0.375,0.72,10070.5301127,17047.243905,3,1
0.5,0.07,0.04,0.0355,0.0295,0.0255,0.0245,0.0195,0.022,0.0255,0.0165,0.0155,0.003,0.0025,3,0.085,0.018,0.0025,10070.519835066667,4741.232993,3,0
0.5,0.15,0.145,0.145,0.1,0.045,0.095,0.115,0.12,0.13,0.13,0.23,0.27,0.2575,1,0.145,0.1,0.1,10070.177938666666,4264.160552,3,1
0.5,0.06,0.085,0.085,0.13,0.195,0.13,0.11,0.105,0.085,0.07,0.02,0.027,0.006,1,0.07,0.125,0.026,10070.215573783333,18225.928134,3,0
0.5,0.09,0.105,0.1,0.13,0.155,0.225,0.24,0.245,0.205,0.24,0.21,0.135,0.0085,1,0.065,0.2,0.04,10058.660262583335,4908.743852,3,0
0.5,0.1,0.1,0.09,0.05,0.045,0.029,0.028,0.0225,0.018,0.0215,0.007,0.006,0.0055,1,0.115,0.0285,0.006,10058.632780049998,17154.48933,3,0
0.5,0.88,0.885,0.92,0.855,0.865,0.76,0.57,0.805,0.91,0.89,0.94,0.971,0.9995,0,0.925,0.825,0.9935,10059.038018233334,10104.006838,3,1
0.5,0.245,0.22,0.195,0.095,0.07,0.0345,0.0285,0.0225,0.021,0.016,0.014,0.4995,0.0065,3,0.365,0.037,0.01,10059.032796266667,21912.612976,3,0
0.5,0.05,0.0345,0.017,0.0125,0.0115,0.0055,0.011,0.0095,0.007,0.0005,0.001,0.001,0.001,1,0.075,0.0025,0.001,10069.433006283334,15059.123233,3,0
0.5,0.51,0.2,0.21,0.19,0.05,0.0455,0.0345,0.0295,0.014,0.0155,0.012,0.0135,0.0005,5,0.445,0.0345,0.0005,10069.4107284,25547.52175,3,0
0.5,0.19,0.08,0.18,0.325,0.175,0.155,0.15,0.255,0.215,0.165,0.43,0.31,0.9995,6,0.16,0.12,0.54,10069.371585366667,8233.000052,3,1
0.5,0.04,0.033,0.0465,0.0365,0.026,0.0305,0.039,0.0585,0.046,0.024,0.01,0.006,0.0025,1,0.044,0.0235,0.005,10071.001635083334,438976.212828,3,0
0.5,0.125,0.145,0.125,0.16,0.2,0.15,0.165,0.06,0.043,0.0385,0.061,0.0095,0.0035,1,0.125,0.165,0.0085,10070.974906316667,6490.75787,3,0
0.5,0.964,0.985,0.971,0.971,0.9845,0.973,0.982,0.9635,0.9535,0.9835,0.994,0.995,0.9995,0,0.9635,0.983,0.9945,10071.112159549999,5763.313678,3,1
0.5,0.54,0.665,0.45,0.465,0.55,0.29,0.31,0.095,0.055,0.055,0.095,0.032,0.0205,11,0.535,0.33,0.017,10071.068492666667,8160.542662,3,0
0.5,0.11,0.105,0.06,0.0295,0.0235,0.0195,0.0095,0.013,0.0215,0.0105,0.003,0.002,0.0005,1,0.095,0.019,0.0025,10071.049328483332,6084.372513,3,0
0.5,0.465,0.65,0.765,0.825,0.62,0.675,0.71,0.515,0.645,0.275,0.17,0.14,0.045,11,0.425,0.685,0.15,10070.744309866666,7294.223507,3,0
0.5,0.06,0.125,0.15,0.135,0.055,0.045,0.04,0.0155,0.027,0.0265,0.0035,0.002,0.002,1,0.065,0.035,0.002,10070.723146666665,13217.627,3,0
0.495,0.13,0.1,0.08,0.05,0.095,0.095,0.095,0.15,0.1,0.255,0.315,0.29,0.026,2,0.145,0.1,0.155,10070.40083705,30129.965158,3,0
0.5,0.055,0.075,0.105,0.095,0.09,0.085,0.085,0.0305,0.0415,0.0375,0.033,0.004,0.0045,1,0.055,0.085,0.0045,10070.364484233334,353.307332,3,0
0.075,0.105,0.145,0.15,0.155,0.14,0.135,0.2,0.215,0.24,0.28,0.355,0.265,0.033,0,0.12,0.15,0.11,10070.128404466666,2799.993128,3,0
0.11,0.037,0.0375,0.0375,0.0635,0.055,0.055,0.0395,0.028,0.017,0.017,0.022,0.02,0.0095,0,0.0755,0.055,0.0155,10070.083734716667,602.9955,3,0
0.955,0.64,0.731,0.624,0.7945,0.8855,0.907,0.7805,0.8545,0.866,0.793,0.919,0.7525,0.0765,5,0.6175,0.903,0.49,10072.438246416667,99035.269545,3,1
0.38,0.135,0.15,0.085,0.195,0.265,0.185,0.06,0.06,0.045,0.0125,0.0135,0.0025,0.0005,0,0.14,0.15,0.0025,10072.359371633333,22057.291895,3,0
0.5,0.88,0.735,0.245,0.24,0.19,0.38,0.52,0.52,0.215,0.235,0.19,0.0155,0.0215,7,0.865,0.395,0.0145,10071.072430083334,11139.735576,3,0
0.5,0.0325,0.022,0.0465,0.0465,0.0175,0.0265,0.025,0.014,0.0135,0.0125,0.01,0.0045,0.0075,1,0.034,0.0315,0.0045,10071.0373152,24591.993961,3,0
0.5,0.11,0.04,0.0675,0.049,0.015,0.0295,0.026,0.02,0.0145,0.012,0.0205,0.0025,0.0005,1,0.105,0.025,0.0005,10071.052538083333,10442.432872,3,0
0.5,0.06,0.0265,0.0365,0.043,0.027,0.0315,0.0305,0.031,0.0255,0.005,0.011,0.004,0.0035,3,0.055,0.031,0.0035,10070.861812666666,26689.023,3,0
0.5,0.09,0.04,0.042,0.043,0.027,0.0365,0.0365,0.035,0.03,0.0255,0.021,0.007,0.005,1,0.085,0.036,0.0055,10070.833695783334,11673.149333,3,0
0.5,0.745,0.69,0.75,0.45,0.14,0.12,0.085,0.205,0.25,0.265,0.018,0.012,0.0005,1,0.785,0.06,0.0095,10063.993982933334,16036.139751,3,0
0.5,0.0395,0.021,0.0215,0.02,0.0395,0.034,0.014,0.019,0.0285,0.0045,0.0045,0.0025,0.0005,1,0.04,0.0225,0.0015,10063.841698966666,237629.418666,3,0
0.065,0.06,0.037,0.0685,0.0815,0.0575,0.163,0.1705,0.1395,0.137,0.2285,0.3115,0.428,0.057,0,0.05,0.157,0.276,10069.603643150002,24864.960525,3,0
0.14,0.12,0.14,0.1,0.07,0.09,0.0725,0.0335,0.0345,0.0275,0.0285,0.027,0.0275,0.001,0,0.125,0.0395,0.0115,10069.50095155,11909.985333,3,0
0.955,0.947,0.9685,0.959,0.9485,0.967,0.2545,0.439,0.282,0.264,0.5755,0.696,0.8845,0.0535,3,0.957,0.3435,0.3565,10070.182682150002,28532.719512,3,0
0.32,0.26,0.33,0.19,0.12,0.15,0.0485,0.047,0.031,0.0125,0.015,0.0145,0.0145,0.0005,0,0.29,0.0315,0.0145,10070.120530516666,7625.23225,3,0
0.495,0.042,0.094,0.0955,0.0485,0.1105,0.0855,0.0585,0.824,0.7615,0.922,0.918,0.834,0.935,9,0.042,0.0635,0.4665,10065.733252783333,18012.501631,3,1
0.5,0.155,0.125,0.12,0.15,0.07,0.06,0.065,0.025,0.0235,0.003,0.0025,0.0015,0.002,1,0.155,0.065,0.0025,10065.666860616668,10161.991,3,0
0.495,0.04,0.0185,0.0175,0.019,0.013,0.0115,0.0115,0.072,0.027,0.0015,0.0025,0.0015,0.001,2,0.04,0.0105,0.0015,10065.565456400001,13587.0,3,0
0.5,0.66,0.43,0.425,0.515,0.255,0.25,0.265,0.076,0.0485,0.013,0.0145,0.0325,0.02,7,0.655,0.28,0.034,10075.263218116666,736.975107,3,0
0.5,0.06,0.024,0.019,0.027,0.0175,0.0125,0.0175,0.074,0.031,0.0275,0.005,0.005,0.0045,1,0.06,0.0125,0.005,10075.2120917,21126.36,3,0
0.495,0.16,0.08,0.032,0.0255,0.0315,0.017,0.019,0.006,0.0025,0.005,0.0035,0.0015,0.003,2,0.14,0.019,0.0015,10075.822466666667,41861.23545,3,0
0.495,0.42,0.32,0.37,0.375,0.41,0.635,0.7,0.795,0.7,0.685,0.565,0.775,0.9995,7,0.435,0.75,0.835,10075.741266666668,923.844197,3,1
0.495,0.015,0.011,0.0075,0.0025,0.004,0.0035,0.0035,0.0035,0.0215,0.008,0.006,0.0025,0.9995,3,0.015,0.0035,0.0195,10075.6127,111190.648746,3,1
0.155,0.17,0.165,0.195,0.18,0.195,0.23,0.17,0.17,0.175,0.0305,0.03,0.0045,0.003,0,0.175,0.19,0.0045,10066.765738799999,22236.36263,3,0
0.055,0.026,0.0415,0.0265,0.015,0.0125,0.0175,0.011,0.013,0.0115,0.0305,0.0305,0.004,0.0005,0,0.028,0.01,0.0035,10066.6683084,31121.232332,3,0
0.79,0.775,0.865,0.795,0.63,0.665,0.74,0.535,0.55,0.585,0.068,0.0435,0.028,0.003,9,0.755,0.63,0.0125,10068.005031283334,11771.405658,3,0
0.12,0.1,0.16,0.075,0.0335,0.0255,0.035,0.0175,0.011,0.009,0.051,0.0385,0.002,0.0025,0,0.095,0.023,0.002,10067.880137166667,12346.072996,3,0
0.5,0.045,0.0765,0.0495,0.0405,0.0465,0.0745,0.0975,0.0595,0.119,0.1005,0.059,0.033,0.0245,3,0.07,0.108,0.0315,10069.06891295,57323.917542,3,0
0.5,0.13,0.12,0.13,0.145,0.12,0.06,0.045,0.065,0.0185,0.0225,0.0115,0.499,0.0015,5,0.115,0.045,0.5,10069.000025316667,20538.491,3,0
0.5,0.981,0.976,0.9855,0.9835,0.988,0.9805,0.982,0.9885,0.988,0.994,0.9825,0.4995,0.4525,1,0.9715,0.971,0.4995,10071.883497216668,22871.758563,3,0
0.5,0.545,0.455,0.475,0.54,0.43,0.235,0.205,0.235,0.085,0.0405,0.032,0.0045,0.0045,9,0.425,0.185,0.0045,10071.80437505,12649.472,3,0
0.495,0.9555,0.947,0.971,0.9555,0.9595,0.9815,0.977,0.9565,0.976,0.987,0.9805,0.965,0.963,1,0.9555,0.981,0.965,10068.486894983333,6456.764896,3,1
0.5,0.835,0.765,0.84,0.76,0.82,0.87,0.85,0.685,0.715,0.74,0.635,0.575,0.465,11,0.855,0.85,0.655,10072.569850166667,40484.84747,3,0
0.5,0.38,0.265,0.385,0.25,0.3,0.305,0.235,0.065,0.055,0.0305,0.0155,0.016,0.002,1,0.405,0.265,0.016,10069.034262933334,7371.092555,3,0
0.495,0.16,0.185,0.165,0.19,0.195,0.215,0.24,0.215,0.23,0.265,0.19,0.06,0.0305,2,0.165,0.22,0.075,10067.514401183334,38293.965117,3,0
0.5,0.0425,0.0345,0.0385,0.024,0.023,0.0225,0.02,0.0125,0.013,0.0095,0.0115,0.0085,0.0005,1,0.041,0.0175,0.006,10067.448963066667,3887.375166,3,0
0.495,0.09,0.075,0.08,0.085,0.065,0.095,0.085,0.065,0.075,0.19,0.18,0.175,0.185,4,0.09,0.1,0.305,10069.133389116667,11919.12703,3,0
0.5,0.1,0.11,0.1,0.065,0.115,0.07,0.075,0.065,0.048,0.012,0.016,0.008,0.024,1,0.1,0.07,0.0095,10069.065048066666,599.994,3,0
0.5,0.915,0.94,0.94,0.89,0.95,0.92,0.9455,0.983,0.9765,0.937,0.9555,0.9945,0.987,0,0.915,0.937,0.988,10077.522598250001,4583.618249,3,1
0.5,0.235,0.25,0.22,0.13,0.23,0.135,0.13,0.115,0.055,0.012,0.017,0.01,0.029,1,0.235,0.125,0.01,10077.472421749999,2099.9955,3,0
0.5,0.0335,0.018,0.0195,0.023,0.0205,0.021,0.0135,0.0155,0.015,0.011,0.0115,0.011,0.03,1,0.0395,0.019,0.012,10069.548801983334,17.9985,3,0
0.145,0.155,0.175,0.18,0.195,0.18,0.195,0.21,0.21,0.24,0.29,0.31,0.0305,0.0335,0,0.15,0.2,0.0345,10069.4481072,4096.11395,3,0
0.5,0.9865,0.986,0.9885,0.9855,0.984,0.984,0.9905,0.9895,0.9895,0.9895,0.9955,0.9855,0.975,0,0.978,0.9875,0.975,10070.414874616667,21.5252,3,1
0.55,0.605,0.765,0.71,0.755,0.695,0.64,0.765,0.655,0.74,0.78,0.81,0.35,0.045,1,0.565,0.72,0.24,10070.276133383333,7903.28201,3,0
0.055,0.05,0.085,0.065,0.075,0.045,0.031,0.056,0.0285,0.0245,0.0185,0.014,0.02,0.021,0,0.055,0.052,0.02,10070.199269466666,0.0,3,0
0.5,0.17,0.13,0.1,0.045,0.065,0.055,0.0575,0.0775,0.044,0.0785,0.037,0.012,0.0115,1,0.17,0.062,0.0115,10057.24758505,37.03059,3,0
0.495,0.038,0.0655,0.08,0.123,0.102,0.101,0.075,0.0665,0.07,0.0355,0.0415,0.016,0.029,0,0.0395,0.0885,0.0305,10057.148026283334,31.122166,3,0
0.5,0.875,0.94,0.955,0.9795,0.979,0.9825,0.978,0.9805,0.984,0.985,0.988,0.9975,0.9975,0,0.86,0.98,0.9975,10064.538080566668,13.992,3,1
0.5,0.15,0.235,0.29,0.48,0.405,0.38,0.28,0.195,0.28,0.15,0.195,0.05,0.0295,1,0.14,0.32,0.0335,10064.443106516666,2088.562937,3,0
0.065,0.05,0.075,0.075,0.028,0.026,0.018,0.016,0.0155,0.0165,0.0115,0.0125,0.01,0.03,2,0.055,0.0125,0.009,10069.51640095,31.0,3,0
0.125,0.125,0.105,0.12,0.175,0.195,0.225,0.24,0.28,0.255,0.245,0.345,0.33,0.19,2,0.12,0.22,0.375,10069.4878511,14300.561892,3,1
0.945,0.9565,0.9385,0.9425,0.98,0.9815,0.986,0.987,0.987,0.9855,0.989,0.9885,0.99,0.9695,0,0.952,0.9875,0.991,10077.637504016666,14.0,3,1
0.305,0.32,0.23,0.22,0.41,0.48,0.595,0.6,0.63,0.475,0.35,0.525,0.675,0.205,10,0.295,0.545,0.43,10077.56566265,12571.242789,3,1
0.5,0.039,0.0285,0.0155,0.0145,0.0105,0.004,0.021,0.0025,0.01,0.003,0.0025,0.0005,0.0005,1,0.04,0.0045,0.0005,10077.490033333333,6630.652665,3,0
0.495,0.37,0.385,0.23,0.235,0.425,0.505,0.7135,0.69,0.6285,0.268,0.0915,0.11,0.0305,16,0.33,0.52,0.037,10077.390416666667,76030.529678,3,0
0.495,0.095,0.08,0.085,0.07,0.0295,0.025,0.012,0.014,0.0155,0.0175,0.0145,0.001,0.0005,2,0.12,0.0195,0.0005,10077.2646,1521.287833,3,0
0.495,0.0325,0.032,0.029,0.0305,0.0305,0.017,0.016,0.011,0.0115,0.0175,0.019,0.0025,0.01,2,0.0335,0.011,0.01,10069.610729583334,31.0,3,0
0.495,0.15,0.165,0.19,0.175,0.19,0.22,0.255,0.235,0.25,0.25,0.435,0.665,0.655,5,0.155,0.235,0.19,10069.472226816666,24661.449415,3,0
0.495,0.9835,0.9845,0.989,0.986,0.984,0.9885,0.987,0.9895,0.9995,0.9875,0.981,0.9975,0.995,1,0.983,0.989,0.995,10070.276772916666,14.0,3,1
0.495,0.605,0.63,0.69,0.635,0.735,0.78,0.865,0.932,0.961,0.981,0.9675,0.9705,0.995,1,0.605,0.86,0.9715,10070.211755116667,1738.263269,3,1
0.5,0.055,0.055,0.045,0.0455,0.0615,0.0515,0.0585,0.059,0.053,0.0365,0.0265,0.0025,0.029,1,0.055,0.0565,0.029,10070.078615083334,8.114225,3,0
0.645,0.665,0.735,0.8,0.85,0.805,0.815,0.915,0.93,0.959,0.982,0.982,0.9905,0.9995,0,0.695,0.78,0.9905,10069.7330988,1013.979,3,1
0.045,0.05,0.06,0.08,0.08,0.05,0.0555,0.101,0.0705,0.0855,0.0845,0.0515,0.03,0.0005,2,0.06,0.0375,0.0135,10069.372411316666,1867.347527,3,0
0.105,0.09,0.06,0.06,0.045,0.0565,0.052,0.0325,0.0205,0.0185,0.011,0.016,0.009,0.0005,2,0.08,0.048,0.01,10068.870101116667,198.0,3,0
0.08,0.085,0.125,0.115,0.13,0.115,0.115,0.18,0.18,0.235,0.31,0.395,0.61,0.0255,4,0.09,0.095,0.7,10068.71963675,31779.623556,3,0
0.07,0.045,0.0555,0.046,0.0395,0.021,0.022,0.019,0.0205,0.0155,0.011,0.0115,0.0025,0.0025,0,0.045,0.0165,0.0025,10069.807465849999,32.0,3,0
0.115,0.125,0.125,0.14,0.15,0.185,0.2,0.185,0.195,0.27,0.31,0.33,0.405,0.0315,0,0.12,0.21,0.325,10069.71352935,9059.0171,3,0
0.955,0.98,0.9825,0.982,0.984,0.985,0.987,0.989,0.969,0.9865,0.9895,0.9895,0.9975,0.9975,0,0.979,0.989,0.9975,10070.040716333335,0.0,3,1
0.425,0.475,0.475,0.47,0.55,0.665,0.715,0.595,0.61,0.845,0.87,0.945,0.995,0.995,3,0.455,0.67,0.995,10069.976894383335,7505.052075,3,1
0.96,0.9715,0.982,0.985,0.9845,0.9845,0.9865,0.9865,0.9885,0.989,0.9885,0.988,0.9735,0.9975,0,0.974,0.986,0.9975,10068.473614999999,0.0,3,1
0.48,0.405,0.495,0.48,0.475,0.47,0.58,0.665,0.73,0.64,0.625,0.905,0.9845,0.9905,3,0.435,0.635,0.993,10068.33679895,4644.050524,3,1
0.04,0.0285,0.037,0.0255,0.0245,0.023,0.0295,0.041,0.0285,0.0115,0.0155,0.0165,0.012,0.012,0,0.031,0.034,0.012,10068.268019533334,833.225786,3,0
0.175,0.19,0.195,0.21,0.195,0.235,0.21,0.185,0.17,0.225,0.26,0.075,0.0235,0.0095,0,0.195,0.185,0.0245,10067.756832533334,1688.394917,3,0
0.045,0.0205,0.0185,0.0215,0.0245,0.018,0.0195,0.0275,0.0225,0.0195,0.0175,0.0215,0.0115,0.029,2,0.021,0.0265,0.0125,10067.687044366667,34.991,3,0
0.5,0.17,0.205,0.2,0.23,0.24,0.225,0.28,0.205,0.215,0.18,0.24,0.195,0.031,1,0.125,0.25,0.155,10069.5174215,2020.59,3,0
0.5,0.055,0.023,0.0185,0.02,0.021,0.0195,0.016,0.0185,0.022,0.014,0.016,0.031,0.011,1,0.06,0.018,0.029,10069.448645183333,124.213,3,0
0.5,0.885,0.83,0.795,0.87,0.85,0.875,0.88,0.95,0.959,0.988,0.98,0.9905,0.9705,0,0.92,0.875,0.99,10070.244159133332,530.28,3,1
0.5,0.175,0.09,0.065,0.0655,0.0535,0.068,0.0365,0.0825,0.0715,0.056,0.0295,0.031,0.0315,3,0.215,0.045,0.5,10070.182381499999,2.096434,3,0
0.5,0.03,0.02,0.0275,0.0525,0.045,0.0285,0.0305,0.025,0.0215,0.0165,0.016,0.0295,0.0115,1,0.036,0.028,0.003,10068.8300794,12315.225118,3,0
0.5,0.145,0.195,0.165,0.11,0.105,0.125,0.125,0.175,0.12,0.25,0.215,0.33,0.025,1,0.13,0.125,0.43,10068.7795336,8416.751035,3,0
0.5,0.9645,0.981,0.9755,0.9535,0.9605,0.9805,0.982,0.984,0.984,0.9885,0.987,0.9695,0.97,0,0.9575,0.983,0.9975,10069.384410466668,133.0,3,1
0.5,0.415,0.595,0.39,0.23,0.21,0.23,0.195,0.295,0.18,0.375,0.305,0.38,0.035,11,0.365,0.215,0.485,10069.3233078,255.28,3,0
0.5,0.036,0.0515,0.0285,0.0215,0.0165,0.0155,0.0145,0.016,0.013,0.0135,0.0125,0.028,0.0305,1,0.035,0.015,0.0025,10069.290971683333,1150.070608,3,0
0.155,0.16,0.175,0.185,0.1,0.19,0.25,0.275,0.33,0.385,0.35,0.425,0.21,0.04,2,0.17,0.245,0.14,10069.147307233334,3450.273666,3,0
0.07,0.045,0.0295,0.027,0.071,0.033,0.0155,0.0195,0.0175,0.016,0.006,0.0055,0.005,0.0305,0,0.043,0.016,0.0045,10069.05658765,132.991,3,0
0.73,0.79,0.765,0.795,0.93,0.77,0.64,0.635,0.76,0.78,0.855,0.795,0.9695,0.971,0,0.77,0.655,0.9705,10069.824058283333,2454.18,3,1
0.08,0.09,0.075,0.065,0.14,0.05,0.0215,0.022,0.0225,0.0125,0.005,0.005,0.0315,0.031,0,0.09,0.021,0.0315,10069.75474335,505.4945,3,0
0.5,0.07,0.065,0.05,0.047,0.058,0.0265,0.0185,0.0165,0.017,0.016,0.0165,0.0055,0.005,1,0.07,0.02,0.005,10077.105783333333,3755.08,3,0
0.5,0.0485,0.0435,0.026,0.027,0.0205,0.0185,0.017,0.0175,0.017,0.016,0.0165,0.017,0.0165,1,0.05,0.017,0.0165,10076.872566666667,3207.543555,3,0
0.76,0.605,0.57,0.655,0.615,0.67,0.815,0.56,0.37,0.265,0.4,0.415,0.415,0.5,10,0.7,0.685,0.38,10070.527235349999,31653.0,3,1
0.085,0.035,0.0445,0.049,0.0345,0.033,0.0505,0.0235,0.0145,0.0135,0.011,0.0055,0.003,0.0025,0,0.075,0.0245,0.003,10070.4314215,133.0,3,0
0.08,0.115,0.125,0.095,0.105,0.09,0.05,0.115,0.205,0.275,0.13,0.095,0.038,0.03,0,0.09,0.095,0.031,10069.9462264,105080.621,3,0
0.115,0.085,0.06,0.075,0.065,0.055,0.0995,0.046,0.0195,0.0165,0.016,0.0205,0.0315,0.0295,2,0.095,0.078,0.031,10069.813708833333,283.0,3,0
0.05,0.03,0.032,0.057,0.066,0.053,0.047,0.049,0.0245,0.039,0.0655,0.0485,0.032,0.0305,0,0.033,0.0625,0.0315,10069.758565533333,405.400815,3,0
0.155,0.16,0.165,0.1,0.115,0.115,0.1,0.12,0.185,0.075,0.044,0.0235,0.037,0.0365,2,0.155,0.075,0.037,10069.664021183333,4234.621,3,0
0.95,0.976,0.978,0.926,0.9455,0.9625,0.965,0.9785,0.9845,0.9695,0.962,0.974,0.969,0.9695,0,0.9735,0.9605,0.969,10077.642829766666,133.0,3,1
0.485,0.49,0.46,0.205,0.215,0.245,0.185,0.225,0.345,0.11,0.047,0.026,0.03,0.03,2,0.475,0.14,0.03,10077.592016833334,667.68,3,0
0.055,0.044,0.034,0.016,0.0225,0.0225,0.021,0.0215,0.023,0.0155,0.022,0.0195,0.031,0.003,0,0.0385,0.022,0.003,10077.497083266668,372.983,3,0
0.5,0.685,0.64,0.68,0.66,0.335,0.395,0.385,0.33,0.435,0.54,0.27,0.057,0.029,9,0.695,0.4,0.038,10070.381678366666,2213.309566,3,0
0.5,0.06,0.04,0.0585,0.039,0.022,0.02,0.0195,0.018,0.0175,0.0155,0.0135,0.03,0.0305,1,0.05,0.018,0.0305,10070.297130766667,255.0,3,0
0.5,0.145,0.175,0.155,0.15,0.175,0.235,0.265,0.28,0.315,0.285,0.34,0.29,0.033,1,0.155,0.24,0.23,10069.584842816666,27086.712954,3,0
0.5,0.05,0.0465,0.045,0.053,0.0205,0.0215,0.0195,0.0185,0.015,0.017,0.0135,0.029,0.0305,1,0.05,0.023,0.0305,10069.488696233333,255.0,3,0
0.5,0.875,0.84,0.855,0.83,0.855,0.84,0.505,0.625,0.685,0.6,0.79,0.9185,0.957,2,0.905,0.745,0.7875,10073.0551753,9450.580448,3,1
0.5,0.155,0.09,0.095,0.065,0.08,0.055,0.0205,0.022,0.018,0.014,0.0135,0.03,0.0295,1,0.19,0.031,0.0305,10072.909065833333,255.0,3,0
0.5,0.065,0.095,0.09,0.095,0.095,0.09,0.25,0.22,0.195,0.275,0.165,0.061,0.0415,1,0.055,0.16,0.1905,10068.38678775,2817.986582,3,0
0.5,0.1,0.095,0.09,0.065,0.075,0.075,0.025,0.026,0.023,0.0185,0.0175,0.031,0.0295,1,0.12,0.04,0.0275,10068.322265766667,523.9792,3,0
0.055,0.0265,0.019,0.028,0.0215,0.025,0.026,0.024,0.019,0.061,0.036,0.0205,0.031,0.024,2,0.03,0.0245,0.0295,10068.72673345,738.109268,3,0
0.17,0.19,0.195,0.185,0.2,0.205,0.195,0.21,0.22,0.08,0.085,0.085,0.037,0.034,2,0.185,0.215,0.035,10068.674522483334,412.991,3,0
0.065,0.065,0.07,0.0345,0.018,0.0245,0.0205,0.019,0.0195,0.016,0.013,0.01,0.009,0.0095,2,0.065,0.02,0.0095,10068.494604066665,12676.332331,3,0
0.71,0.8,0.85,0.745,0.695,0.685,0.69,0.695,0.735,0.285,0.335,0.36,0.195,0.9,6,0.79,0.73,0.22,10069.517491333334,12047.45155,3,1
0.1,0.11,0.12,0.06,0.031,0.0355,0.0285,0.0295,0.025,0.0185,0.0165,0.013,0.0125,0.0125,0,0.11,0.032,0.0125,10069.417909633334,322.994,3,0
0.5,0.13,0.155,0.1,0.085,0.12,0.16,0.185,0.17,0.185,0.295,0.37,0.495,0.935,4,0.11,0.155,0.49,10067.538511766666,5022.475155,3,1
0.5,0.06,0.065,0.075,0.08,0.055,0.0255,0.025,0.031,0.0235,0.0115,0.014,0.002,0.0025,1,0.06,0.0285,0.0025,10067.339608466666,200.0,3,0
0.925,0.91,0.925,0.9545,0.974,0.9655,0.9665,0.957,0.9645,0.9655,0.952,0.91,0.493,0.9625,4,0.92,0.959,0.5005,10074.903113600001,77.996,3,1
0.27,0.23,0.185,0.275,0.32,0.195,0.1,0.08,0.075,0.055,0.0235,0.0145,0.035,0.0325,0,0.25,0.105,0.035,10074.836899583333,11210.93,3,0
0.045,0.0435,0.031,0.0365,0.0495,0.0175,0.02,0.0175,0.017,0.0175,0.0185,0.0155,0.037,0.034,0,0.0515,0.023,0.1375,10068.2666415,4414.200647,3,0
0.12,0.125,0.145,0.15,0.165,0.195,0.2,0.175,0.125,0.125,0.11,0.065,0.039,0.011,2,0.12,0.19,0.047,10068.17195475,1419.463108,3,0
0.97,0.9715,0.98,0.9815,0.9825,0.9875,0.987,0.985,0.9885,0.9855,0.9945,0.9865,0.9635,0.963,2,0.967,0.9865,0.959,10075.055134166667,218.122997,3,1
0.51,0.51,0.575,0.545,0.575,0.725,0.705,0.585,0.485,0.465,0.445,0.395,0.135,0.034,15,0.47,0.625,0.09,10074.996632066666,7174.0,3,0
0.045,0.045,0.053,0.045,0.044,0.047,0.0395,0.028,0.0135,0.0145,0.007,0.0145,0.0395,0.035,0,0.045,0.027,0.0395,10074.931985516665,1145.978839,3,0
0.5,0.24,0.495,0.265,0.255,0.15,0.335,0.19,0.07,0.02,0.018,0.0015,0.0015,0.001,1,0.245,0.295,0.001,10076.152250000001,24652.864062,3,0
0.5,0.18,0.495,0.14,0.125,0.1,0.035,0.042,0.063,0.0345,0.0355,0.0115,0.002,0.051,1,0.215,0.035,0.0025,10076.090666666665,16018.235286,3,0
0.5,0.0325,0.0395,0.044,0.032,0.034,0.0245,0.0125,0.016,0.0175,0.0055,0.0185,0.002,0.0025,1,0.0375,0.0145,0.0015,10068.18166615,183.996,3,0
0.5,0.155,0.175,0.165,0.195,0.205,0.235,0.24,0.285,0.335,0.365,0.37,0.295,0.06,9,0.16,0.24,0.52,10068.107872066666,4171.5,3,0
0.5,0.065,0.0325,0.032,0.042,0.0325,0.0265,0.0325,0.02,0.019,0.0055,0.0175,0.002,0.0025,3,0.06,0.043,0.0015,10067.987502416667,383.9865,3,0
0.5,0.78,0.71,0.5,0.785,0.75,0.795,0.925,0.905,0.875,0.905,0.9,0.9595,0.9645,0,0.75,0.9,0.9655,10074.92415125,3546.992281,3,1
0.5,0.11,0.065,0.5,0.07,0.06,0.0495,0.0655,0.041,0.0245,0.007,0.019,0.003,0.003,7,0.09,0.0755,0.003,10074.819377966667,160.0,3,0
0.5,0.135,0.175,0.195,0.22,0.19,0.21,0.23,0.175,0.115,0.175,0.28,0.55,0.93,8,0.135,0.225,0.425,10067.8550438,12500.117775,3,1
0.5,0.055,0.0405,0.033,0.027,0.036,0.0295,0.0275,0.026,0.0225,0.024,0.0175,0.0025,0.036,3,0.06,0.0295,0.003,10067.741307133334,271.984,3,0
0.5,0.91,0.865,0.875,0.85,0.895,0.925,0.905,0.9705,0.981,0.9765,0.9775,0.964,0.964,0,0.92,0.905,0.964,10077.795242633332,7.964,3,1
0.5,0.22,0.14,0.14,0.075,0.095,0.115,0.075,0.09,0.135,0.045,0.0205,0.0435,0.0425,3,0.225,0.075,0.0435,10074.837848033332,4193.933,3,0
0.5,0.03,0.021,0.025,0.04,0.047,0.0325,0.017,0.02,0.0115,0.014,0.0125,0.0365,0.037,3,0.03,0.038,0.037,10067.437868716666,1441.47746,3,0
0.5,0.155,0.165,0.155,0.155,0.12,0.145,0.165,0.195,0.16,0.27,0.365,0.355,0.505,4,0.15,0.135,0.135,10067.3436939,4850.926605,3,0
0.5,0.981,0.981,0.9815,0.9785,0.9785,0.9795,0.983,0.986,0.982,0.9885,0.995,0.9975,0.9995,0,0.981,0.9785,0.997,10074.367158666666,7.982,3,1
0.5,0.67,0.71,0.665,0.57,0.42,0.49,0.565,0.615,0.525,0.75,0.885,0.88,0.365,13,0.68,0.7,0.69,10074.29428005,28446.667065,3,1
0.5,0.075,0.07,0.055,0.039,0.0315,0.03,0.0325,0.022,0.0175,0.0185,0.0155,0.032,0.0005,3,0.08,0.0285,0.0315,10074.215402616666,10337.501,3,0
0.5,0.17,0.155,0.145,0.145,0.16,0.2,0.255,0.27,0.24,0.245,0.295,0.1,0.046,1,0.17,0.215,0.095,10068.014291833333,12568.52,3,0
0.5,0.0465,0.0445,0.055,0.0475,0.038,0.0275,0.018,0.0205,0.021,0.018,0.015,0.0355,0.0355,5,0.0445,0.027,0.0355,10067.916813983333,11.0854,3,0
0.5,0.895,0.92,0.94,0.9445,0.927,0.9135,0.8725,0.904,0.9505,0.96,0.962,0.9645,0.9645,2,0.88,0.924,0.964,10077.499603683333,0.0,3,1
0.5,0.18,0.17,0.21,0.195,0.15,0.1,0.04,0.035,0.042,0.0415,0.0315,0.025,0.036,1,0.17,0.1,0.025,10077.481666,298.07593,3,0
0.5,0.05,0.04,0.0325,0.0185,0.017,0.016,0.02,0.023,0.015,0.018,0.013,0.5,0.0355,13,0.045,0.0205,0.0355,10066.824366666668,0.0,3,0
0.5,0.135,0.145,0.165,0.19,0.205,0.205,0.205,0.185,0.13,0.11,0.19,0.525,0.04,5,0.12,0.2,0.105,10066.760066666668,15246.843217,3,0
0.5,0.964,0.9705,0.977,0.9815,0.986,0.985,0.9835,0.9865,0.9845,0.984,0.9885,0.5,0.9645,0,0.955,0.985,0.9645,10077.902402483334,500.0,3,1
0.5,0.345,0.37,0.41,0.475,0.585,0.535,0.47,0.37,0.235,0.18,0.255,0.5,0.033,19,0.31,0.485,0.09,10077.778495600001,3723.465816,3,0
0.5,0.033,0.0245,0.02,0.0175,0.018,0.016,0.0155,0.0145,0.0135,0.015,0.0155,0.0025,0.0015,1,0.035,0.015,0.0015,10068.210016666668,220.298949,3,0
0.5,0.175,0.2,0.205,0.215,0.2,0.155,0.09,0.145,0.205,0.27,0.395,0.5,0.5,6,0.17,0.14,0.5,10068.138166666668,4689.8,3,0
0.5,0.06,0.07,0.06,0.06,0.07,0.069,0.105,0.056,0.0245,0.0145,0.0125,0.5,0.5,4,0.05,0.0795,0.5,10067.943933333334,452.00214,3,0
0.5,0.77,0.83,0.845,0.875,0.92,0.9625,0.9825,0.97,0.9695,0.9705,0.959,0.5,0.5,0,0.74,0.9685,0.5,10074.955366766666,139.708978,3,1
0.5,0.09,0.12,0.105,0.105,0.13,0.125,0.24,0.135,0.05,0.0325,0.015,0.5,0.5,4,0.085,0.145,0.5,10074.78889865,3932.0,3,0
0.5,0.0355,0.024,0.0295,0.024,0.0215,0.018,0.018,0.017,0.016,0.016,0.0165,0.0355,0.225,1,0.034,0.018,0.035,10068.550816666666,5127.278497,3,0
0.5,0.165,0.185,0.195,0.22,0.215,0.235,0.23,0.125,0.055,0.115,0.215,0.265,0.5,4,0.165,0.22,0.265,10068.451416666667,33645.81373,3,0
0.5,0.875,0.885,0.885,0.92,0.95,0.958,0.97,0.984,0.9855,0.987,0.9855,0.985,0.985,0,0.865,0.9735,0.985,10075.022662183334,3294.0,3,1
0.5,0.175,0.155,0.135,0.15,0.175,0.15,0.19,0.26,0.41,0.215,0.065,0.0365,0.5,6,0.175,0.18,0.0345,10074.92805905,3936.52,3,0
0.94,0.95,0.9695,0.951,0.9715,0.9795,0.9825,0.984,0.9885,0.9885,0.983,0.9835,0.975,0.9645,0,0.94,0.9865,0.975,10077.106380516667,0.0,3,1
0.335,0.325,0.46,0.485,0.425,0.435,0.445,0.555,0.56,0.63,0.9,0.977,0.9655,0.9395,15,0.3,0.515,0.964,10076.988949483335,2237.005,3,1
0.485,0.037,0.027,0.0225,0.019,0.069,0.021,0.017,0.014,0.014,0.0195,0.02,0.0355,0.0355,4,0.0415,0.019,0.0365,10068.437750000001,1964.93375,3,0
0.465,0.15,0.165,0.185,0.16,0.21,0.195,0.195,0.185,0.155,0.07,0.034,0.03,0.03,0,0.15,0.2,0.029,10068.331750000001,12.0,3,0
0.465,0.045,0.055,0.06,0.09,0.115,0.05,0.0515,0.0495,0.0575,0.05,0.025,0.036,0.037,8,0.05,0.052,0.0365,10068.166733333333,768.955887,3,0
0.5,0.69,0.75,0.785,0.91,0.88,0.93,0.945,0.96,0.974,0.976,0.98,0.985,0.985,0,0.675,0.94,0.985,10075.01826245,3315.78,3,1
0.5,0.07,0.09,0.1,0.17,0.215,0.1,0.1,0.095,0.09,0.121,0.0585,0.048,0.042,1,0.08,0.095,0.0445,10074.953691883333,5198.475874,3,0
0.5,0.125,0.115,0.135,0.165,0.245,0.25,0.29,0.155,0.24,0.195,0.2,0.17,0.031,5,0.13,0.235,0.21,9824.2791032,15835.9,3,0
0.5,0.225,0.205,0.225,0.295,0.4,0.435,0.505,0.335,0.48,0.475,0.545,0.735,0.9725,14,0.22,0.415,0.815,9823.998559033333,5761.018413,3,1
0.5,0.175,0.19,0.18,0.16,0.125,0.095,0.085,0.105,0.045,0.0375,0.0315,0.0145,0.01,3,0.185,0.115,0.01,9874.3934317,6161.8,3,0
0.5,0.16,0.155,0.165,0.195,0.175,0.165,0.12,0.225,0.18,0.165,0.12,0.0255,0.01,1,0.165,0.195,0.024,9874.397679966667,13193.53,3,0
0.5,0.91,0.925,0.935,0.915,0.9,0.9,0.92,0.9675,0.9755,0.9765,0.9845,0.994,0.998,0,0.92,0.935,0.998,9675.337854066665,20220.72729,3,1
0.5,0.95,0.97,0.9675,0.9505,0.961,0.9565,0.968,0.979,0.9845,0.9855,0.986,0.9865,0.9975,0,0.96,0.9605,0.9865,9675.499427933333,3637.3754,3,1
0.5,0.962,0.958,0.9725,0.974,0.9565,0.924,0.9695,0.98,0.9785,0.9775,0.985,0.9855,0.979,0,0.5,0.959,0.9855,10206.669038099999,5313.993636,3,1
0.5,0.775,0.81,0.85,0.89,0.74,0.565,0.725,0.885,0.875,0.86,0.935,0.93,0.78,4,0.5,0.645,0.91,10206.756712983333,10500.423738,3,1
0.5,0.35,0.38,0.38,0.37,0.21,0.27,0.175,0.07,0.06,0.0685,0.045,0.0165,0.008,5,0.34,0.27,0.016,10279.613432216667,5071.386923,3,0
0.5,0.56,0.585,0.63,0.64,0.725,0.575,0.605,0.545,0.395,0.49,0.62,0.095,0.0785,11,0.54,0.515,0.046,10144.984051733334,148150.93716,3,0
0.49,0.22,0.22,0.215,0.3,0.085,0.085,0.07,0.07,0.065,0.065,0.05,0.0605,0.0005,0,0.215,0.09,0.056,9256.921923466667,3085.322747,4,0
0.51,0.215,0.215,0.26,0.235,0.24,0.24,0.26,0.265,0.285,0.235,0.27,0.3,0.83,2,0.215,0.235,0.295,9256.688293333335,469.292333,5,1
0.5,0.765,0.75,0.785,0.82,0.865,0.635,0.7,0.56,0.255,0.495,0.58,0.19,0.032,5,0.74,0.565,0.155,10139.311901949999,813.039407,5,0
0.475,0.06,0.07,0.105,0.105,0.105,0.036,0.0375,0.0555,0.0335,0.071,0.0615,0.154,0.449,0,0.06,0.029,0.102,9041.065948616666,3380.199487,6,0
0.475,0.495,0.485,0.485,0.5,0.5,0.495,0.49,0.49,0.49,0.49,0.475,0.37,0.029,16,0.5,0.49,0.0305,9041.035327149999,1447.430195,6,0
